seed,tau,top1,train_acc,val_acc,n_bench_train,n_gen_train
0,0.21052631578947364,4.054313888888889,0.8199999928474426,0.6052631735801697,153,100
1,0.21705620824687713,4.416313888888889,0.7599999904632568,0.6085684895515442,153,100
2,0.2131578947368421,4.6364777777777775,0.8224999904632568,0.6065789461135864,153,100
3,0.19345388465863794,4.22291388888889,0.5822499990463257,0.5967246890068054,153,100
4,0.17222994740505962,4.113358333333334,0.8012499809265137,0.5861362814903259,153,100
