complex,tau_conf,tau_ref2015,delta_conf_minus_ref,ss_class,length_bucket
peppcf_8AYZ_B_247_254,0.7894736842105264,-0.9999999999999999,1.7894736842105263,UNUSUAL,short
peppc_4C37_I,0.8105263157894737,-0.6,1.4105263157894736,UNUSUAL,very_long
peppc_6E4Y_P,0.7473684210526316,-0.6,1.3473684210526315,HELIX,long
peppc_4LD3_B,0.8526315789473685,-0.39999999999999997,1.2526315789473685,UNUSUAL,long
peppc_4FDD_B,0.5368421052631579,-0.6,1.1368421052631579,HELIX,very_long
peppc_6YN1_J,0.7052631578947369,-0.39999999999999997,1.105263157894737,SHEET,very_long
peppcf_5N1Q_C_160_167,0.7052631578947369,-0.39999999999999997,1.105263157894737,UNUSUAL,short
peppc_5KGN_C,0.6842105263157895,-0.39999999999999997,1.0842105263157895,UNUSUAL,medium
peppcf_5C9Z_A_32_39,0.8736842105263158,-0.19999999999999998,1.0736842105263158,SHEET,short
peppcf_3ORV_B_86_93,0.6736842105263158,-0.39999999999999997,1.0736842105263158,UNUSUAL,short
peppcf_2V68_D_218_225,0.6631578947368422,-0.39999999999999997,1.063157894736842,HELIX,short
peppcf_1EGM_A_148_160,0.6631578947368422,-0.39999999999999997,1.063157894736842,HELIX,long
peppc_2XPX_B,0.6631578947368422,-0.39999999999999997,1.063157894736842,HELIX,very_long
peppcf_5AEU_B_23_35,0.8315789473684211,-0.19999999999999998,1.0315789473684212,HELIX,long
peppc_1PYU_C,0.6210526315789474,-0.39999999999999997,1.0210526315789474,SHEET,very_long
peppcf_5YRT_C_497_504,0.38947368421052636,-0.6,0.9894736842105263,UNUSUAL,short
peppc_3FN0_P,0.5789473684210527,-0.39999999999999997,0.9789473684210526,UNUSUAL,medium
peppc_4J2J_D,0.768421052631579,-0.19999999999999998,0.968421052631579,SHEET,long
peppcf_5CEI_B_62_73,0.5473684210526316,-0.39999999999999997,0.9473684210526316,HELIX,medium
peppc_7SA3_I,0.3263157894736842,-0.6,0.9263157894736842,HELIX,very_long
