complex_name,protein_description,peptide_description,source
propedia_2w0p_C,/home/igem/unknown_software/datasets/propedia_formatted/propedia_2w0p_C/propedia_2w0p_C_protein_pocket.pdb,/home/igem/unknown_software/datasets/propedia_formatted/propedia_2w0p_C/propedia_2w0p_C_peptide.pdb,propedia
propedia_2mc0_B,/home/igem/unknown_software/datasets/propedia_formatted/propedia_2mc0_B/propedia_2mc0_B_protein_pocket.pdb,/home/igem/unknown_software/datasets/propedia_formatted/propedia_2mc0_B/propedia_2mc0_B_peptide.pdb,propedia_long
propedia_4omc_H,/home/igem/unknown_software/datasets/propedia_formatted/propedia_4omc_H/propedia_4omc_H_protein_pocket.pdb,/home/igem/unknown_software/datasets/propedia_formatted/propedia_4omc_H/propedia_4omc_H_peptide.pdb,propedia
propedia_2jet_A,/home/igem/unknown_software/datasets/propedia_formatted/propedia_2jet_A/propedia_2jet_A_protein_pocket.pdb,/home/igem/unknown_software/datasets/propedia_formatted/propedia_2jet_A/propedia_2jet_A_peptide.pdb,propedia
propedia_4h2v_C,/home/igem/unknown_software/datasets/propedia_formatted/propedia_4h2v_C/propedia_4h2v_C_protein_pocket.pdb,/home/igem/unknown_software/datasets/propedia_formatted/propedia_4h2v_C/propedia_4h2v_C_peptide.pdb,propedia_long
propedia_1ocr_K,/home/igem/unknown_software/datasets/propedia_formatted/propedia_1ocr_K/propedia_1ocr_K_protein_pocket.pdb,/home/igem/unknown_software/datasets/propedia_formatted/propedia_1ocr_K/propedia_1ocr_K_peptide.pdb,propedia_long
propedia_3r6g_E,/home/igem/unknown_software/datasets/propedia_formatted/propedia_3r6g_E/propedia_3r6g_E_protein_pocket.pdb,/home/igem/unknown_software/datasets/propedia_formatted/propedia_3r6g_E/propedia_3r6g_E_peptide.pdb,propedia
propedia_3riy_C,/home/igem/unknown_software/datasets/propedia_formatted/propedia_3riy_C/propedia_3riy_C_protein_pocket.pdb,/home/igem/unknown_software/datasets/propedia_formatted/propedia_3riy_C/propedia_3riy_C_peptide.pdb,propedia
propedia_6gqn_C,/home/igem/unknown_software/datasets/propedia_formatted/propedia_6gqn_C/propedia_6gqn_C_protein_pocket.pdb,/home/igem/unknown_software/datasets/propedia_formatted/propedia_6gqn_C/propedia_6gqn_C_peptide.pdb,propedia_long
propedia_2jcc_C,/home/igem/unknown_software/datasets/propedia_formatted/propedia_2jcc_C/propedia_2jcc_C_protein_pocket.pdb,/home/igem/unknown_software/datasets/propedia_formatted/propedia_2jcc_C/propedia_2jcc_C_peptide.pdb,propedia
propedia_4mvi_B,/home/igem/unknown_software/datasets/propedia_formatted/propedia_4mvi_B/propedia_4mvi_B_protein_pocket.pdb,/home/igem/unknown_software/datasets/propedia_formatted/propedia_4mvi_B/propedia_4mvi_B_peptide.pdb,propedia_long
propedia_2eq8_C,/home/igem/unknown_software/datasets/propedia_formatted/propedia_2eq8_C/propedia_2eq8_C_protein_pocket.pdb,/home/igem/unknown_software/datasets/propedia_formatted/propedia_2eq8_C/propedia_2eq8_C_peptide.pdb,propedia_long
propedia_1mt8_P,/home/igem/unknown_software/datasets/propedia_formatted/propedia_1mt8_P/propedia_1mt8_P_protein_pocket.pdb,/home/igem/unknown_software/datasets/propedia_formatted/propedia_1mt8_P/propedia_1mt8_P_peptide.pdb,propedia
propedia_1u8k_C,/home/igem/unknown_software/datasets/propedia_formatted/propedia_1u8k_C/propedia_1u8k_C_protein_pocket.pdb,/home/igem/unknown_software/datasets/propedia_formatted/propedia_1u8k_C/propedia_1u8k_C_peptide.pdb,propedia
propedia_4qj8_E,/home/igem/unknown_software/datasets/propedia_formatted/propedia_4qj8_E/propedia_4qj8_E_protein_pocket.pdb,/home/igem/unknown_software/datasets/propedia_formatted/propedia_4qj8_E/propedia_4qj8_E_peptide.pdb,propedia
propedia_1qjb_Q,/home/igem/unknown_software/datasets/propedia_formatted/propedia_1qjb_Q/propedia_1qjb_Q_protein_pocket.pdb,/home/igem/unknown_software/datasets/propedia_formatted/propedia_1qjb_Q/propedia_1qjb_Q_peptide.pdb,propedia
propedia_3c8b_B,/home/igem/unknown_software/datasets/propedia_formatted/propedia_3c8b_B/propedia_3c8b_B_protein_pocket.pdb,/home/igem/unknown_software/datasets/propedia_formatted/propedia_3c8b_B/propedia_3c8b_B_peptide.pdb,propedia
propedia_4cy2_C,/home/igem/unknown_software/datasets/propedia_formatted/propedia_4cy2_C/propedia_4cy2_C_protein_pocket.pdb,/home/igem/unknown_software/datasets/propedia_formatted/propedia_4cy2_C/propedia_4cy2_C_peptide.pdb,propedia
propedia_5aum_C,/home/igem/unknown_software/datasets/propedia_formatted/propedia_5aum_C/propedia_5aum_C_protein_pocket.pdb,/home/igem/unknown_software/datasets/propedia_formatted/propedia_5aum_C/propedia_5aum_C_peptide.pdb,propedia
propedia_2xyi_B,/home/igem/unknown_software/datasets/propedia_formatted/propedia_2xyi_B/propedia_2xyi_B_protein_pocket.pdb,/home/igem/unknown_software/datasets/propedia_formatted/propedia_2xyi_B/propedia_2xyi_B_peptide.pdb,propedia_long
propedia_3qzs_C,/home/igem/unknown_software/datasets/propedia_formatted/propedia_3qzs_C/propedia_3qzs_C_protein_pocket.pdb,/home/igem/unknown_software/datasets/propedia_formatted/propedia_3qzs_C/propedia_3qzs_C_peptide.pdb,propedia
propedia_1agb_C,/home/igem/unknown_software/datasets/propedia_formatted/propedia_1agb_C/propedia_1agb_C_protein_pocket.pdb,/home/igem/unknown_software/datasets/propedia_formatted/propedia_1agb_C/propedia_1agb_C_peptide.pdb,propedia
propedia_3bh8_C,/home/igem/unknown_software/datasets/propedia_formatted/propedia_3bh8_C/propedia_3bh8_C_protein_pocket.pdb,/home/igem/unknown_software/datasets/propedia_formatted/propedia_3bh8_C/propedia_3bh8_C_peptide.pdb,propedia
propedia_1n0x_P,/home/igem/unknown_software/datasets/propedia_formatted/propedia_1n0x_P/propedia_1n0x_P_protein_pocket.pdb,/home/igem/unknown_software/datasets/propedia_formatted/propedia_1n0x_P/propedia_1n0x_P_peptide.pdb,propedia_long
propedia_3cc5_C,/home/igem/unknown_software/datasets/propedia_formatted/propedia_3cc5_C/propedia_3cc5_C_protein_pocket.pdb,/home/igem/unknown_software/datasets/propedia_formatted/propedia_3cc5_C/propedia_3cc5_C_peptide.pdb,propedia
propedia_3dpc_C,/home/igem/unknown_software/datasets/propedia_formatted/propedia_3dpc_C/propedia_3dpc_C_protein_pocket.pdb,/home/igem/unknown_software/datasets/propedia_formatted/propedia_3dpc_C/propedia_3dpc_C_peptide.pdb,propedia
propedia_4un2_B,/home/igem/unknown_software/datasets/propedia_formatted/propedia_4un2_B/propedia_4un2_B_protein_pocket.pdb,/home/igem/unknown_software/datasets/propedia_formatted/propedia_4un2_B/propedia_4un2_B_peptide.pdb,propedia_long
propedia_4jg0_P,/home/igem/unknown_software/datasets/propedia_formatted/propedia_4jg0_P/propedia_4jg0_P_protein_pocket.pdb,/home/igem/unknown_software/datasets/propedia_formatted/propedia_4jg0_P/propedia_4jg0_P_peptide.pdb,propedia
propedia_4mli_B,/home/igem/unknown_software/datasets/propedia_formatted/propedia_4mli_B/propedia_4mli_B_protein_pocket.pdb,/home/igem/unknown_software/datasets/propedia_formatted/propedia_4mli_B/propedia_4mli_B_peptide.pdb,propedia
propedia_3mqp_B,/home/igem/unknown_software/datasets/propedia_formatted/propedia_3mqp_B/propedia_3mqp_B_protein_pocket.pdb,/home/igem/unknown_software/datasets/propedia_formatted/propedia_3mqp_B/propedia_3mqp_B_peptide.pdb,propedia_long
propedia_2a25_B,/home/igem/unknown_software/datasets/propedia_formatted/propedia_2a25_B/propedia_2a25_B_protein_pocket.pdb,/home/igem/unknown_software/datasets/propedia_formatted/propedia_2a25_B/propedia_2a25_B_peptide.pdb,propedia
propedia_2co0_B,/home/igem/unknown_software/datasets/propedia_formatted/propedia_2co0_B/propedia_2co0_B_protein_pocket.pdb,/home/igem/unknown_software/datasets/propedia_formatted/propedia_2co0_B/propedia_2co0_B_peptide.pdb,propedia
propedia_2rmc_B,/home/igem/unknown_software/datasets/propedia_formatted/propedia_2rmc_B/propedia_2rmc_B_protein_pocket.pdb,/home/igem/unknown_software/datasets/propedia_formatted/propedia_2rmc_B/propedia_2rmc_B_peptide.pdb,propedia
propedia_2g30_P,/home/igem/unknown_software/datasets/propedia_formatted/propedia_2g30_P/propedia_2g30_P_protein_pocket.pdb,/home/igem/unknown_software/datasets/propedia_formatted/propedia_2g30_P/propedia_2g30_P_peptide.pdb,propedia_long
propedia_3zg6_F,/home/igem/unknown_software/datasets/propedia_formatted/propedia_3zg6_F/propedia_3zg6_F_protein_pocket.pdb,/home/igem/unknown_software/datasets/propedia_formatted/propedia_3zg6_F/propedia_3zg6_F_peptide.pdb,propedia
propedia_3zke_B,/home/igem/unknown_software/datasets/propedia_formatted/propedia_3zke_B/propedia_3zke_B_protein_pocket.pdb,/home/igem/unknown_software/datasets/propedia_formatted/propedia_3zke_B/propedia_3zke_B_peptide.pdb,propedia
propedia_4x2h_C,/home/igem/unknown_software/datasets/propedia_formatted/propedia_4x2h_C/propedia_4x2h_C_protein_pocket.pdb,/home/igem/unknown_software/datasets/propedia_formatted/propedia_4x2h_C/propedia_4x2h_C_peptide.pdb,propedia
propedia_1lp9_C,/home/igem/unknown_software/datasets/propedia_formatted/propedia_1lp9_C/propedia_1lp9_C_protein_pocket.pdb,/home/igem/unknown_software/datasets/propedia_formatted/propedia_1lp9_C/propedia_1lp9_C_peptide.pdb,propedia
propedia_2cnk_I,/home/igem/unknown_software/datasets/propedia_formatted/propedia_2cnk_I/propedia_2cnk_I_protein_pocket.pdb,/home/igem/unknown_software/datasets/propedia_formatted/propedia_2cnk_I/propedia_2cnk_I_peptide.pdb,propedia
propedia_3tvj_I,/home/igem/unknown_software/datasets/propedia_formatted/propedia_3tvj_I/propedia_3tvj_I_protein_pocket.pdb,/home/igem/unknown_software/datasets/propedia_formatted/propedia_3tvj_I/propedia_3tvj_I_peptide.pdb,propedia_long
propedia_2zi2_I,/home/igem/unknown_software/datasets/propedia_formatted/propedia_2zi2_I/propedia_2zi2_I_protein_pocket.pdb,/home/igem/unknown_software/datasets/propedia_formatted/propedia_2zi2_I/propedia_2zi2_I_peptide.pdb,propedia
propedia_2fx8_P,/home/igem/unknown_software/datasets/propedia_formatted/propedia_2fx8_P/propedia_2fx8_P_protein_pocket.pdb,/home/igem/unknown_software/datasets/propedia_formatted/propedia_2fx8_P/propedia_2fx8_P_peptide.pdb,propedia
propedia_1h9i_I,/home/igem/unknown_software/datasets/propedia_formatted/propedia_1h9i_I/propedia_1h9i_I_protein_pocket.pdb,/home/igem/unknown_software/datasets/propedia_formatted/propedia_1h9i_I/propedia_1h9i_I_peptide.pdb,propedia_long
propedia_3eqy_C,/home/igem/unknown_software/datasets/propedia_formatted/propedia_3eqy_C/propedia_3eqy_C_protein_pocket.pdb,/home/igem/unknown_software/datasets/propedia_formatted/propedia_3eqy_C/propedia_3eqy_C_peptide.pdb,propedia
propedia_4cfq_Q,/home/igem/unknown_software/datasets/propedia_formatted/propedia_4cfq_Q/propedia_4cfq_Q_protein_pocket.pdb,/home/igem/unknown_software/datasets/propedia_formatted/propedia_4cfq_Q/propedia_4cfq_Q_peptide.pdb,propedia_long
propedia_3ifo_P,/home/igem/unknown_software/datasets/propedia_formatted/propedia_3ifo_P/propedia_3ifo_P_protein_pocket.pdb,/home/igem/unknown_software/datasets/propedia_formatted/propedia_3ifo_P/propedia_3ifo_P_peptide.pdb,propedia
propedia_4oz1_C,/home/igem/unknown_software/datasets/propedia_formatted/propedia_4oz1_C/propedia_4oz1_C_protein_pocket.pdb,/home/igem/unknown_software/datasets/propedia_formatted/propedia_4oz1_C/propedia_4oz1_C_peptide.pdb,propedia
propedia_4qxu_K,/home/igem/unknown_software/datasets/propedia_formatted/propedia_4qxu_K/propedia_4qxu_K_protein_pocket.pdb,/home/igem/unknown_software/datasets/propedia_formatted/propedia_4qxu_K/propedia_4qxu_K_peptide.pdb,propedia
propedia_2g1t_E,/home/igem/unknown_software/datasets/propedia_formatted/propedia_2g1t_E/propedia_2g1t_E_protein_pocket.pdb,/home/igem/unknown_software/datasets/propedia_formatted/propedia_2g1t_E/propedia_2g1t_E_peptide.pdb,propedia
propedia_2h1p_P,/home/igem/unknown_software/datasets/propedia_formatted/propedia_2h1p_P/propedia_2h1p_P_protein_pocket.pdb,/home/igem/unknown_software/datasets/propedia_formatted/propedia_2h1p_P/propedia_2h1p_P_peptide.pdb,propedia
propedia_4bd6_C,/home/igem/unknown_software/datasets/propedia_formatted/propedia_4bd6_C/propedia_4bd6_C_protein_pocket.pdb,/home/igem/unknown_software/datasets/propedia_formatted/propedia_4bd6_C/propedia_4bd6_C_peptide.pdb,propedia_long
propedia_4x1q_P,/home/igem/unknown_software/datasets/propedia_formatted/propedia_4x1q_P/propedia_4x1q_P_protein_pocket.pdb,/home/igem/unknown_software/datasets/propedia_formatted/propedia_4x1q_P/propedia_4x1q_P_peptide.pdb,propedia
propedia_1mwa_P,/home/igem/unknown_software/datasets/propedia_formatted/propedia_1mwa_P/propedia_1mwa_P_protein_pocket.pdb,/home/igem/unknown_software/datasets/propedia_formatted/propedia_1mwa_P/propedia_1mwa_P_peptide.pdb,propedia
propedia_4e67_B,/home/igem/unknown_software/datasets/propedia_formatted/propedia_4e67_B/propedia_4e67_B_protein_pocket.pdb,/home/igem/unknown_software/datasets/propedia_formatted/propedia_4e67_B/propedia_4e67_B_peptide.pdb,propedia
propedia_2pq4_B,/home/igem/unknown_software/datasets/propedia_formatted/propedia_2pq4_B/propedia_2pq4_B_protein_pocket.pdb,/home/igem/unknown_software/datasets/propedia_formatted/propedia_2pq4_B/propedia_2pq4_B_peptide.pdb,propedia_long
propedia_1h26_E,/home/igem/unknown_software/datasets/propedia_formatted/propedia_1h26_E/propedia_1h26_E_protein_pocket.pdb,/home/igem/unknown_software/datasets/propedia_formatted/propedia_1h26_E/propedia_1h26_E_peptide.pdb,propedia
propedia_5lcq_B,/home/igem/unknown_software/datasets/propedia_formatted/propedia_5lcq_B/propedia_5lcq_B_protein_pocket.pdb,/home/igem/unknown_software/datasets/propedia_formatted/propedia_5lcq_B/propedia_5lcq_B_peptide.pdb,propedia_long
propedia_1xxv_C,/home/igem/unknown_software/datasets/propedia_formatted/propedia_1xxv_C/propedia_1xxv_C_protein_pocket.pdb,/home/igem/unknown_software/datasets/propedia_formatted/propedia_1xxv_C/propedia_1xxv_C_peptide.pdb,propedia
propedia_3mod_P,/home/igem/unknown_software/datasets/propedia_formatted/propedia_3mod_P/propedia_3mod_P_protein_pocket.pdb,/home/igem/unknown_software/datasets/propedia_formatted/propedia_3mod_P/propedia_3mod_P_peptide.pdb,propedia
propedia_5mvw_C,/home/igem/unknown_software/datasets/propedia_formatted/propedia_5mvw_C/propedia_5mvw_C_protein_pocket.pdb,/home/igem/unknown_software/datasets/propedia_formatted/propedia_5mvw_C/propedia_5mvw_C_peptide.pdb,propedia_long
propedia_4aa2_P,/home/igem/unknown_software/datasets/propedia_formatted/propedia_4aa2_P/propedia_4aa2_P_protein_pocket.pdb,/home/igem/unknown_software/datasets/propedia_formatted/propedia_4aa2_P/propedia_4aa2_P_peptide.pdb,propedia
propedia_6hy7_B,/home/igem/unknown_software/datasets/propedia_formatted/propedia_6hy7_B/propedia_6hy7_B_protein_pocket.pdb,/home/igem/unknown_software/datasets/propedia_formatted/propedia_6hy7_B/propedia_6hy7_B_peptide.pdb,propedia_long
propedia_5jzu_B,/home/igem/unknown_software/datasets/propedia_formatted/propedia_5jzu_B/propedia_5jzu_B_protein_pocket.pdb,/home/igem/unknown_software/datasets/propedia_formatted/propedia_5jzu_B/propedia_5jzu_B_peptide.pdb,propedia_long
propedia_3l3q_B,/home/igem/unknown_software/datasets/propedia_formatted/propedia_3l3q_B/propedia_3l3q_B_protein_pocket.pdb,/home/igem/unknown_software/datasets/propedia_formatted/propedia_3l3q_B/propedia_3l3q_B_peptide.pdb,propedia
propedia_3mqs_D,/home/igem/unknown_software/datasets/propedia_formatted/propedia_3mqs_D/propedia_3mqs_D_protein_pocket.pdb,/home/igem/unknown_software/datasets/propedia_formatted/propedia_3mqs_D/propedia_3mqs_D_peptide.pdb,propedia
propedia_4dvf_C,/home/igem/unknown_software/datasets/propedia_formatted/propedia_4dvf_C/propedia_4dvf_C_protein_pocket.pdb,/home/igem/unknown_software/datasets/propedia_formatted/propedia_4dvf_C/propedia_4dvf_C_peptide.pdb,propedia
propedia_6b05_B,/home/igem/unknown_software/datasets/propedia_formatted/propedia_6b05_B/propedia_6b05_B_protein_pocket.pdb,/home/igem/unknown_software/datasets/propedia_formatted/propedia_6b05_B/propedia_6b05_B_peptide.pdb,propedia_long
propedia_5c08_C,/home/igem/unknown_software/datasets/propedia_formatted/propedia_5c08_C/propedia_5c08_C_protein_pocket.pdb,/home/igem/unknown_software/datasets/propedia_formatted/propedia_5c08_C/propedia_5c08_C_peptide.pdb,propedia
propedia_2h6f_P,/home/igem/unknown_software/datasets/propedia_formatted/propedia_2h6f_P/propedia_2h6f_P_protein_pocket.pdb,/home/igem/unknown_software/datasets/propedia_formatted/propedia_2h6f_P/propedia_2h6f_P_peptide.pdb,propedia
propedia_5gk9_B,/home/igem/unknown_software/datasets/propedia_formatted/propedia_5gk9_B/propedia_5gk9_B_protein_pocket.pdb,/home/igem/unknown_software/datasets/propedia_formatted/propedia_5gk9_B/propedia_5gk9_B_peptide.pdb,propedia_long
propedia_3mk8_B,/home/igem/unknown_software/datasets/propedia_formatted/propedia_3mk8_B/propedia_3mk8_B_protein_pocket.pdb,/home/igem/unknown_software/datasets/propedia_formatted/propedia_3mk8_B/propedia_3mk8_B_peptide.pdb,propedia_long
propedia_2w65_E,/home/igem/unknown_software/datasets/propedia_formatted/propedia_2w65_E/propedia_2w65_E_protein_pocket.pdb,/home/igem/unknown_software/datasets/propedia_formatted/propedia_2w65_E/propedia_2w65_E_peptide.pdb,propedia
propedia_1j2x_B,/home/igem/unknown_software/datasets/propedia_formatted/propedia_1j2x_B/propedia_1j2x_B_protein_pocket.pdb,/home/igem/unknown_software/datasets/propedia_formatted/propedia_1j2x_B/propedia_1j2x_B_peptide.pdb,propedia_long
propedia_2l4k_B,/home/igem/unknown_software/datasets/propedia_formatted/propedia_2l4k_B/propedia_2l4k_B_protein_pocket.pdb,/home/igem/unknown_software/datasets/propedia_formatted/propedia_2l4k_B/propedia_2l4k_B_peptide.pdb,propedia
propedia_4twi_B,/home/igem/unknown_software/datasets/propedia_formatted/propedia_4twi_B/propedia_4twi_B_protein_pocket.pdb,/home/igem/unknown_software/datasets/propedia_formatted/propedia_4twi_B/propedia_4twi_B_peptide.pdb,propedia
propedia_6e5n_A,/home/igem/unknown_software/datasets/propedia_formatted/propedia_6e5n_A/propedia_6e5n_A_protein_pocket.pdb,/home/igem/unknown_software/datasets/propedia_formatted/propedia_6e5n_A/propedia_6e5n_A_peptide.pdb,propedia_long
propedia_4nmv_C,/home/igem/unknown_software/datasets/propedia_formatted/propedia_4nmv_C/propedia_4nmv_C_protein_pocket.pdb,/home/igem/unknown_software/datasets/propedia_formatted/propedia_4nmv_C/propedia_4nmv_C_peptide.pdb,propedia
propedia_5ly2_E,/home/igem/unknown_software/datasets/propedia_formatted/propedia_5ly2_E/propedia_5ly2_E_protein_pocket.pdb,/home/igem/unknown_software/datasets/propedia_formatted/propedia_5ly2_E/propedia_5ly2_E_peptide.pdb,propedia_long
propedia_1gct_A,/home/igem/unknown_software/datasets/propedia_formatted/propedia_1gct_A/propedia_1gct_A_protein_pocket.pdb,/home/igem/unknown_software/datasets/propedia_formatted/propedia_1gct_A/propedia_1gct_A_peptide.pdb,propedia
propedia_2hob_B,/home/igem/unknown_software/datasets/propedia_formatted/propedia_2hob_B/propedia_2hob_B_protein_pocket.pdb,/home/igem/unknown_software/datasets/propedia_formatted/propedia_2hob_B/propedia_2hob_B_peptide.pdb,propedia
propedia_3ifl_P,/home/igem/unknown_software/datasets/propedia_formatted/propedia_3ifl_P/propedia_3ifl_P_protein_pocket.pdb,/home/igem/unknown_software/datasets/propedia_formatted/propedia_3ifl_P/propedia_3ifl_P_peptide.pdb,propedia
propedia_5eiv_C,/home/igem/unknown_software/datasets/propedia_formatted/propedia_5eiv_C/propedia_5eiv_C_protein_pocket.pdb,/home/igem/unknown_software/datasets/propedia_formatted/propedia_5eiv_C/propedia_5eiv_C_peptide.pdb,propedia_long
propedia_1a7c_B,/home/igem/unknown_software/datasets/propedia_formatted/propedia_1a7c_B/propedia_1a7c_B_protein_pocket.pdb,/home/igem/unknown_software/datasets/propedia_formatted/propedia_1a7c_B/propedia_1a7c_B_peptide.pdb,propedia
propedia_2q6f_C,/home/igem/unknown_software/datasets/propedia_formatted/propedia_2q6f_C/propedia_2q6f_C_protein_pocket.pdb,/home/igem/unknown_software/datasets/propedia_formatted/propedia_2q6f_C/propedia_2q6f_C_peptide.pdb,propedia
propedia_1rjk_C,/home/igem/unknown_software/datasets/propedia_formatted/propedia_1rjk_C/propedia_1rjk_C_protein_pocket.pdb,/home/igem/unknown_software/datasets/propedia_formatted/propedia_1rjk_C/propedia_1rjk_C_peptide.pdb,propedia
propedia_3ava_X,/home/igem/unknown_software/datasets/propedia_formatted/propedia_3ava_X/propedia_3ava_X_protein_pocket.pdb,/home/igem/unknown_software/datasets/propedia_formatted/propedia_3ava_X/propedia_3ava_X_peptide.pdb,propedia
propedia_6och_B,/home/igem/unknown_software/datasets/propedia_formatted/propedia_6och_B/propedia_6och_B_protein_pocket.pdb,/home/igem/unknown_software/datasets/propedia_formatted/propedia_6och_B/propedia_6och_B_peptide.pdb,propedia_long
propedia_3u31_B,/home/igem/unknown_software/datasets/propedia_formatted/propedia_3u31_B/propedia_3u31_B_protein_pocket.pdb,/home/igem/unknown_software/datasets/propedia_formatted/propedia_3u31_B/propedia_3u31_B_peptide.pdb,propedia
propedia_2m41_A,/home/igem/unknown_software/datasets/propedia_formatted/propedia_2m41_A/propedia_2m41_A_protein_pocket.pdb,/home/igem/unknown_software/datasets/propedia_formatted/propedia_2m41_A/propedia_2m41_A_peptide.pdb,propedia_long
propedia_3p2z_B,/home/igem/unknown_software/datasets/propedia_formatted/propedia_3p2z_B/propedia_3p2z_B_protein_pocket.pdb,/home/igem/unknown_software/datasets/propedia_formatted/propedia_3p2z_B/propedia_3p2z_B_peptide.pdb,propedia
propedia_4pv8_E,/home/igem/unknown_software/datasets/propedia_formatted/propedia_4pv8_E/propedia_4pv8_E_protein_pocket.pdb,/home/igem/unknown_software/datasets/propedia_formatted/propedia_4pv8_E/propedia_4pv8_E_peptide.pdb,propedia
propedia_4jfz_P,/home/igem/unknown_software/datasets/propedia_formatted/propedia_4jfz_P/propedia_4jfz_P_protein_pocket.pdb,/home/igem/unknown_software/datasets/propedia_formatted/propedia_4jfz_P/propedia_4jfz_P_peptide.pdb,propedia
propedia_3odl_B,/home/igem/unknown_software/datasets/propedia_formatted/propedia_3odl_B/propedia_3odl_B_protein_pocket.pdb,/home/igem/unknown_software/datasets/propedia_formatted/propedia_3odl_B/propedia_3odl_B_peptide.pdb,propedia
propedia_4igk_C,/home/igem/unknown_software/datasets/propedia_formatted/propedia_4igk_C/propedia_4igk_C_protein_pocket.pdb,/home/igem/unknown_software/datasets/propedia_formatted/propedia_4igk_C/propedia_4igk_C_peptide.pdb,propedia
propedia_5z7g_C,/home/igem/unknown_software/datasets/propedia_formatted/propedia_5z7g_C/propedia_5z7g_C_protein_pocket.pdb,/home/igem/unknown_software/datasets/propedia_formatted/propedia_5z7g_C/propedia_5z7g_C_peptide.pdb,propedia_long
propedia_3wuw_C,/home/igem/unknown_software/datasets/propedia_formatted/propedia_3wuw_C/propedia_3wuw_C_protein_pocket.pdb,/home/igem/unknown_software/datasets/propedia_formatted/propedia_3wuw_C/propedia_3wuw_C_peptide.pdb,propedia
propedia_3g03_B,/home/igem/unknown_software/datasets/propedia_formatted/propedia_3g03_B/propedia_3g03_B_protein_pocket.pdb,/home/igem/unknown_software/datasets/propedia_formatted/propedia_3g03_B/propedia_3g03_B_peptide.pdb,propedia
propedia_4v0v_B,/home/igem/unknown_software/datasets/propedia_formatted/propedia_4v0v_B/propedia_4v0v_B_protein_pocket.pdb,/home/igem/unknown_software/datasets/propedia_formatted/propedia_4v0v_B/propedia_4v0v_B_peptide.pdb,propedia_long
propedia_1sm3_P,/home/igem/unknown_software/datasets/propedia_formatted/propedia_1sm3_P/propedia_1sm3_P_protein_pocket.pdb,/home/igem/unknown_software/datasets/propedia_formatted/propedia_1sm3_P/propedia_1sm3_P_peptide.pdb,propedia
propedia_4wvi_D,/home/igem/unknown_software/datasets/propedia_formatted/propedia_4wvi_D/propedia_4wvi_D_protein_pocket.pdb,/home/igem/unknown_software/datasets/propedia_formatted/propedia_4wvi_D/propedia_4wvi_D_peptide.pdb,propedia
propedia_4gw5_E,/home/igem/unknown_software/datasets/propedia_formatted/propedia_4gw5_E/propedia_4gw5_E_protein_pocket.pdb,/home/igem/unknown_software/datasets/propedia_formatted/propedia_4gw5_E/propedia_4gw5_E_peptide.pdb,propedia
propedia_6f4u_D,/home/igem/unknown_software/datasets/propedia_formatted/propedia_6f4u_D/propedia_6f4u_D_protein_pocket.pdb,/home/igem/unknown_software/datasets/propedia_formatted/propedia_6f4u_D/propedia_6f4u_D_peptide.pdb,propedia_long
propedia_1kj7_P,/home/igem/unknown_software/datasets/propedia_formatted/propedia_1kj7_P/propedia_1kj7_P_protein_pocket.pdb,/home/igem/unknown_software/datasets/propedia_formatted/propedia_1kj7_P/propedia_1kj7_P_peptide.pdb,propedia
propedia_4nny_C,/home/igem/unknown_software/datasets/propedia_formatted/propedia_4nny_C/propedia_4nny_C_protein_pocket.pdb,/home/igem/unknown_software/datasets/propedia_formatted/propedia_4nny_C/propedia_4nny_C_peptide.pdb,propedia
propedia_2wh0_Q,/home/igem/unknown_software/datasets/propedia_formatted/propedia_2wh0_Q/propedia_2wh0_Q_protein_pocket.pdb,/home/igem/unknown_software/datasets/propedia_formatted/propedia_2wh0_Q/propedia_2wh0_Q_peptide.pdb,propedia_long
propedia_4qu9_E,/home/igem/unknown_software/datasets/propedia_formatted/propedia_4qu9_E/propedia_4qu9_E_protein_pocket.pdb,/home/igem/unknown_software/datasets/propedia_formatted/propedia_4qu9_E/propedia_4qu9_E_peptide.pdb,propedia
propedia_4kg9_B,/home/igem/unknown_software/datasets/propedia_formatted/propedia_4kg9_B/propedia_4kg9_B_protein_pocket.pdb,/home/igem/unknown_software/datasets/propedia_formatted/propedia_4kg9_B/propedia_4kg9_B_peptide.pdb,propedia
propedia_3d0l_C,/home/igem/unknown_software/datasets/propedia_formatted/propedia_3d0l_C/propedia_3d0l_C_protein_pocket.pdb,/home/igem/unknown_software/datasets/propedia_formatted/propedia_3d0l_C/propedia_3d0l_C_peptide.pdb,propedia
propedia_2zok_I,/home/igem/unknown_software/datasets/propedia_formatted/propedia_2zok_I/propedia_2zok_I_protein_pocket.pdb,/home/igem/unknown_software/datasets/propedia_formatted/propedia_2zok_I/propedia_2zok_I_peptide.pdb,propedia
propedia_1tjh_P,/home/igem/unknown_software/datasets/propedia_formatted/propedia_1tjh_P/propedia_1tjh_P_protein_pocket.pdb,/home/igem/unknown_software/datasets/propedia_formatted/propedia_1tjh_P/propedia_1tjh_P_peptide.pdb,propedia
propedia_1w72_C,/home/igem/unknown_software/datasets/propedia_formatted/propedia_1w72_C/propedia_1w72_C_protein_pocket.pdb,/home/igem/unknown_software/datasets/propedia_formatted/propedia_1w72_C/propedia_1w72_C_peptide.pdb,propedia
propedia_3oqy_a,/home/igem/unknown_software/datasets/propedia_formatted/propedia_3oqy_a/propedia_3oqy_a_protein_pocket.pdb,/home/igem/unknown_software/datasets/propedia_formatted/propedia_3oqy_a/propedia_3oqy_a_peptide.pdb,propedia_long
propedia_1jd5_B,/home/igem/unknown_software/datasets/propedia_formatted/propedia_1jd5_B/propedia_1jd5_B_protein_pocket.pdb,/home/igem/unknown_software/datasets/propedia_formatted/propedia_1jd5_B/propedia_1jd5_B_peptide.pdb,propedia
propedia_1qnh_C,/home/igem/unknown_software/datasets/propedia_formatted/propedia_1qnh_C/propedia_1qnh_C_protein_pocket.pdb,/home/igem/unknown_software/datasets/propedia_formatted/propedia_1qnh_C/propedia_1qnh_C_peptide.pdb,propedia
propedia_4nmv_C,/home/igem/unknown_software/datasets/propedia_formatted/propedia_4nmv_C/propedia_4nmv_C_protein_pocket.pdb,/home/igem/unknown_software/datasets/propedia_formatted/propedia_4nmv_C/propedia_4nmv_C_peptide.pdb,propedia
propedia_4hix_A,/home/igem/unknown_software/datasets/propedia_formatted/propedia_4hix_A/propedia_4hix_A_protein_pocket.pdb,/home/igem/unknown_software/datasets/propedia_formatted/propedia_4hix_A/propedia_4hix_A_peptide.pdb,propedia
propedia_5v6m_P,/home/igem/unknown_software/datasets/propedia_formatted/propedia_5v6m_P/propedia_5v6m_P_protein_pocket.pdb,/home/igem/unknown_software/datasets/propedia_formatted/propedia_5v6m_P/propedia_5v6m_P_peptide.pdb,propedia_long
propedia_2joa_B,/home/igem/unknown_software/datasets/propedia_formatted/propedia_2joa_B/propedia_2joa_B_protein_pocket.pdb,/home/igem/unknown_software/datasets/propedia_formatted/propedia_2joa_B/propedia_2joa_B_peptide.pdb,propedia
propedia_4d0t_P,/home/igem/unknown_software/datasets/propedia_formatted/propedia_4d0t_P/propedia_4d0t_P_protein_pocket.pdb,/home/igem/unknown_software/datasets/propedia_formatted/propedia_4d0t_P/propedia_4d0t_P_peptide.pdb,propedia
propedia_1gha_E,/home/igem/unknown_software/datasets/propedia_formatted/propedia_1gha_E/propedia_1gha_E_protein_pocket.pdb,/home/igem/unknown_software/datasets/propedia_formatted/propedia_1gha_E/propedia_1gha_E_peptide.pdb,propedia
propedia_5ctt_B,/home/igem/unknown_software/datasets/propedia_formatted/propedia_5ctt_B/propedia_5ctt_B_protein_pocket.pdb,/home/igem/unknown_software/datasets/propedia_formatted/propedia_5ctt_B/propedia_5ctt_B_peptide.pdb,propedia_long
propedia_4chg_G,/home/igem/unknown_software/datasets/propedia_formatted/propedia_4chg_G/propedia_4chg_G_protein_pocket.pdb,/home/igem/unknown_software/datasets/propedia_formatted/propedia_4chg_G/propedia_4chg_G_peptide.pdb,propedia_long
propedia_2ri7_P,/home/igem/unknown_software/datasets/propedia_formatted/propedia_2ri7_P/propedia_2ri7_P_protein_pocket.pdb,/home/igem/unknown_software/datasets/propedia_formatted/propedia_2ri7_P/propedia_2ri7_P_peptide.pdb,propedia
propedia_6ath_C,/home/igem/unknown_software/datasets/propedia_formatted/propedia_6ath_C/propedia_6ath_C_protein_pocket.pdb,/home/igem/unknown_software/datasets/propedia_formatted/propedia_6ath_C/propedia_6ath_C_peptide.pdb,propedia_long
propedia_1eg4_P,/home/igem/unknown_software/datasets/propedia_formatted/propedia_1eg4_P/propedia_1eg4_P_protein_pocket.pdb,/home/igem/unknown_software/datasets/propedia_formatted/propedia_1eg4_P/propedia_1eg4_P_peptide.pdb,propedia_long
propedia_3fhv_C,/home/igem/unknown_software/datasets/propedia_formatted/propedia_3fhv_C/propedia_3fhv_C_protein_pocket.pdb,/home/igem/unknown_software/datasets/propedia_formatted/propedia_3fhv_C/propedia_3fhv_C_peptide.pdb,propedia
propedia_5kzp_A,/home/igem/unknown_software/datasets/propedia_formatted/propedia_5kzp_A/propedia_5kzp_A_protein_pocket.pdb,/home/igem/unknown_software/datasets/propedia_formatted/propedia_5kzp_A/propedia_5kzp_A_peptide.pdb,propedia_long
propedia_2fx8_P,/home/igem/unknown_software/datasets/propedia_formatted/propedia_2fx8_P/propedia_2fx8_P_protein_pocket.pdb,/home/igem/unknown_software/datasets/propedia_formatted/propedia_2fx8_P/propedia_2fx8_P_peptide.pdb,propedia
propedia_2mrk_B,/home/igem/unknown_software/datasets/propedia_formatted/propedia_2mrk_B/propedia_2mrk_B_protein_pocket.pdb,/home/igem/unknown_software/datasets/propedia_formatted/propedia_2mrk_B/propedia_2mrk_B_peptide.pdb,propedia
propedia_1mw4_B,/home/igem/unknown_software/datasets/propedia_formatted/propedia_1mw4_B/propedia_1mw4_B_protein_pocket.pdb,/home/igem/unknown_software/datasets/propedia_formatted/propedia_1mw4_B/propedia_1mw4_B_peptide.pdb,propedia
propedia_1uhb_P,/home/igem/unknown_software/datasets/propedia_formatted/propedia_1uhb_P/propedia_1uhb_P_protein_pocket.pdb,/home/igem/unknown_software/datasets/propedia_formatted/propedia_1uhb_P/propedia_1uhb_P_peptide.pdb,propedia
propedia_3wnf_C,/home/igem/unknown_software/datasets/propedia_formatted/propedia_3wnf_C/propedia_3wnf_C_protein_pocket.pdb,/home/igem/unknown_software/datasets/propedia_formatted/propedia_3wnf_C/propedia_3wnf_C_peptide.pdb,propedia
propedia_1q94_C,/home/igem/unknown_software/datasets/propedia_formatted/propedia_1q94_C/propedia_1q94_C_protein_pocket.pdb,/home/igem/unknown_software/datasets/propedia_formatted/propedia_1q94_C/propedia_1q94_C_peptide.pdb,propedia
propedia_3kee_E,/home/igem/unknown_software/datasets/propedia_formatted/propedia_3kee_E/propedia_3kee_E_protein_pocket.pdb,/home/igem/unknown_software/datasets/propedia_formatted/propedia_3kee_E/propedia_3kee_E_peptide.pdb,propedia
propedia_4jof_C,/home/igem/unknown_software/datasets/propedia_formatted/propedia_4jof_C/propedia_4jof_C_protein_pocket.pdb,/home/igem/unknown_software/datasets/propedia_formatted/propedia_4jof_C/propedia_4jof_C_peptide.pdb,propedia
propedia_4os1_B,/home/igem/unknown_software/datasets/propedia_formatted/propedia_4os1_B/propedia_4os1_B_protein_pocket.pdb,/home/igem/unknown_software/datasets/propedia_formatted/propedia_4os1_B/propedia_4os1_B_peptide.pdb,propedia_long
propedia_3rdv_E,/home/igem/unknown_software/datasets/propedia_formatted/propedia_3rdv_E/propedia_3rdv_E_protein_pocket.pdb,/home/igem/unknown_software/datasets/propedia_formatted/propedia_3rdv_E/propedia_3rdv_E_peptide.pdb,propedia
propedia_2nxm_P,/home/igem/unknown_software/datasets/propedia_formatted/propedia_2nxm_P/propedia_2nxm_P_protein_pocket.pdb,/home/igem/unknown_software/datasets/propedia_formatted/propedia_2nxm_P/propedia_2nxm_P_peptide.pdb,propedia
propedia_1uk4_G,/home/igem/unknown_software/datasets/propedia_formatted/propedia_1uk4_G/propedia_1uk4_G_protein_pocket.pdb,/home/igem/unknown_software/datasets/propedia_formatted/propedia_1uk4_G/propedia_1uk4_G_peptide.pdb,propedia
propedia_4cic_Q,/home/igem/unknown_software/datasets/propedia_formatted/propedia_4cic_Q/propedia_4cic_Q_protein_pocket.pdb,/home/igem/unknown_software/datasets/propedia_formatted/propedia_4cic_Q/propedia_4cic_Q_peptide.pdb,propedia
propedia_2zgx_I,/home/igem/unknown_software/datasets/propedia_formatted/propedia_2zgx_I/propedia_2zgx_I_protein_pocket.pdb,/home/igem/unknown_software/datasets/propedia_formatted/propedia_2zgx_I/propedia_2zgx_I_peptide.pdb,propedia
propedia_5wwo_C,/home/igem/unknown_software/datasets/propedia_formatted/propedia_5wwo_C/propedia_5wwo_C_protein_pocket.pdb,/home/igem/unknown_software/datasets/propedia_formatted/propedia_5wwo_C/propedia_5wwo_C_peptide.pdb,propedia_long
propedia_1lp9_C,/home/igem/unknown_software/datasets/propedia_formatted/propedia_1lp9_C/propedia_1lp9_C_protein_pocket.pdb,/home/igem/unknown_software/datasets/propedia_formatted/propedia_1lp9_C/propedia_1lp9_C_peptide.pdb,propedia
propedia_3zio_B,/home/igem/unknown_software/datasets/propedia_formatted/propedia_3zio_B/propedia_3zio_B_protein_pocket.pdb,/home/igem/unknown_software/datasets/propedia_formatted/propedia_3zio_B/propedia_3zio_B_peptide.pdb,propedia
propedia_4obk_C,/home/igem/unknown_software/datasets/propedia_formatted/propedia_4obk_C/propedia_4obk_C_protein_pocket.pdb,/home/igem/unknown_software/datasets/propedia_formatted/propedia_4obk_C/propedia_4obk_C_peptide.pdb,propedia
propedia_2hkf_P,/home/igem/unknown_software/datasets/propedia_formatted/propedia_2hkf_P/propedia_2hkf_P_protein_pocket.pdb,/home/igem/unknown_software/datasets/propedia_formatted/propedia_2hkf_P/propedia_2hkf_P_peptide.pdb,propedia
propedia_2q6w_C,/home/igem/unknown_software/datasets/propedia_formatted/propedia_2q6w_C/propedia_2q6w_C_protein_pocket.pdb,/home/igem/unknown_software/datasets/propedia_formatted/propedia_2q6w_C/propedia_2q6w_C_peptide.pdb,propedia
propedia_3ggw_E,/home/igem/unknown_software/datasets/propedia_formatted/propedia_3ggw_E/propedia_3ggw_E_protein_pocket.pdb,/home/igem/unknown_software/datasets/propedia_formatted/propedia_3ggw_E/propedia_3ggw_E_peptide.pdb,propedia
propedia_4nm3_B,/home/igem/unknown_software/datasets/propedia_formatted/propedia_4nm3_B/propedia_4nm3_B_protein_pocket.pdb,/home/igem/unknown_software/datasets/propedia_formatted/propedia_4nm3_B/propedia_4nm3_B_peptide.pdb,propedia_long
propedia_2wv4_C,/home/igem/unknown_software/datasets/propedia_formatted/propedia_2wv4_C/propedia_2wv4_C_protein_pocket.pdb,/home/igem/unknown_software/datasets/propedia_formatted/propedia_2wv4_C/propedia_2wv4_C_peptide.pdb,propedia
propedia_1apw_I,/home/igem/unknown_software/datasets/propedia_formatted/propedia_1apw_I/propedia_1apw_I_protein_pocket.pdb,/home/igem/unknown_software/datasets/propedia_formatted/propedia_1apw_I/propedia_1apw_I_peptide.pdb,propedia
propedia_4qty_F,/home/igem/unknown_software/datasets/propedia_formatted/propedia_4qty_F/propedia_4qty_F_protein_pocket.pdb,/home/igem/unknown_software/datasets/propedia_formatted/propedia_4qty_F/propedia_4qty_F_peptide.pdb,propedia
propedia_4b4n_B,/home/igem/unknown_software/datasets/propedia_formatted/propedia_4b4n_B/propedia_4b4n_B_protein_pocket.pdb,/home/igem/unknown_software/datasets/propedia_formatted/propedia_4b4n_B/propedia_4b4n_B_peptide.pdb,propedia_long
propedia_3zip_B,/home/igem/unknown_software/datasets/propedia_formatted/propedia_3zip_B/propedia_3zip_B_protein_pocket.pdb,/home/igem/unknown_software/datasets/propedia_formatted/propedia_3zip_B/propedia_3zip_B_peptide.pdb,propedia
propedia_4wj5_C,/home/igem/unknown_software/datasets/propedia_formatted/propedia_4wj5_C/propedia_4wj5_C_protein_pocket.pdb,/home/igem/unknown_software/datasets/propedia_formatted/propedia_4wj5_C/propedia_4wj5_C_peptide.pdb,propedia
propedia_3p1q_P,/home/igem/unknown_software/datasets/propedia_formatted/propedia_3p1q_P/propedia_3p1q_P_protein_pocket.pdb,/home/igem/unknown_software/datasets/propedia_formatted/propedia_3p1q_P/propedia_3p1q_P_peptide.pdb,propedia
propedia_2jd5_C,/home/igem/unknown_software/datasets/propedia_formatted/propedia_2jd5_C/propedia_2jd5_C_protein_pocket.pdb,/home/igem/unknown_software/datasets/propedia_formatted/propedia_2jd5_C/propedia_2jd5_C_peptide.pdb,propedia
propedia_3mv7_C,/home/igem/unknown_software/datasets/propedia_formatted/propedia_3mv7_C/propedia_3mv7_C_protein_pocket.pdb,/home/igem/unknown_software/datasets/propedia_formatted/propedia_3mv7_C/propedia_3mv7_C_peptide.pdb,propedia
propedia_6b9m_D,/home/igem/unknown_software/datasets/propedia_formatted/propedia_6b9m_D/propedia_6b9m_D_protein_pocket.pdb,/home/igem/unknown_software/datasets/propedia_formatted/propedia_6b9m_D/propedia_6b9m_D_peptide.pdb,propedia_long
propedia_2jzi_B,/home/igem/unknown_software/datasets/propedia_formatted/propedia_2jzi_B/propedia_2jzi_B_protein_pocket.pdb,/home/igem/unknown_software/datasets/propedia_formatted/propedia_2jzi_B/propedia_2jzi_B_peptide.pdb,propedia_long
propedia_1ce1_P,/home/igem/unknown_software/datasets/propedia_formatted/propedia_1ce1_P/propedia_1ce1_P_protein_pocket.pdb,/home/igem/unknown_software/datasets/propedia_formatted/propedia_1ce1_P/propedia_1ce1_P_peptide.pdb,propedia
propedia_1rmh_C,/home/igem/unknown_software/datasets/propedia_formatted/propedia_1rmh_C/propedia_1rmh_C_protein_pocket.pdb,/home/igem/unknown_software/datasets/propedia_formatted/propedia_1rmh_C/propedia_1rmh_C_peptide.pdb,propedia
propedia_2c2o_C,/home/igem/unknown_software/datasets/propedia_formatted/propedia_2c2o_C/propedia_2c2o_C_protein_pocket.pdb,/home/igem/unknown_software/datasets/propedia_formatted/propedia_2c2o_C/propedia_2c2o_C_peptide.pdb,propedia
propedia_5vax_E,/home/igem/unknown_software/datasets/propedia_formatted/propedia_5vax_E/propedia_5vax_E_protein_pocket.pdb,/home/igem/unknown_software/datasets/propedia_formatted/propedia_5vax_E/propedia_5vax_E_peptide.pdb,propedia_long
propedia_3q4a_C,/home/igem/unknown_software/datasets/propedia_formatted/propedia_3q4a_C/propedia_3q4a_C_protein_pocket.pdb,/home/igem/unknown_software/datasets/propedia_formatted/propedia_3q4a_C/propedia_3q4a_C_peptide.pdb,propedia
propedia_3b7v_C,/home/igem/unknown_software/datasets/propedia_formatted/propedia_3b7v_C/propedia_3b7v_C_protein_pocket.pdb,/home/igem/unknown_software/datasets/propedia_formatted/propedia_3b7v_C/propedia_3b7v_C_peptide.pdb,propedia
propedia_1lyb_I,/home/igem/unknown_software/datasets/propedia_formatted/propedia_1lyb_I/propedia_1lyb_I_protein_pocket.pdb,/home/igem/unknown_software/datasets/propedia_formatted/propedia_1lyb_I/propedia_1lyb_I_peptide.pdb,propedia
propedia_4g8g_C,/home/igem/unknown_software/datasets/propedia_formatted/propedia_4g8g_C/propedia_4g8g_C_protein_pocket.pdb,/home/igem/unknown_software/datasets/propedia_formatted/propedia_4g8g_C/propedia_4g8g_C_peptide.pdb,propedia
propedia_4g6a_A,/home/igem/unknown_software/datasets/propedia_formatted/propedia_4g6a_A/propedia_4g6a_A_protein_pocket.pdb,/home/igem/unknown_software/datasets/propedia_formatted/propedia_4g6a_A/propedia_4g6a_A_peptide.pdb,propedia
propedia_3eqy_C,/home/igem/unknown_software/datasets/propedia_formatted/propedia_3eqy_C/propedia_3eqy_C_protein_pocket.pdb,/home/igem/unknown_software/datasets/propedia_formatted/propedia_3eqy_C/propedia_3eqy_C_peptide.pdb,propedia
propedia_4wk2_C,/home/igem/unknown_software/datasets/propedia_formatted/propedia_4wk2_C/propedia_4wk2_C_protein_pocket.pdb,/home/igem/unknown_software/datasets/propedia_formatted/propedia_4wk2_C/propedia_4wk2_C_peptide.pdb,propedia
propedia_3u3w_P,/home/igem/unknown_software/datasets/propedia_formatted/propedia_3u3w_P/propedia_3u3w_P_protein_pocket.pdb,/home/igem/unknown_software/datasets/propedia_formatted/propedia_3u3w_P/propedia_3u3w_P_peptide.pdb,propedia
propedia_1tet_P,/home/igem/unknown_software/datasets/propedia_formatted/propedia_1tet_P/propedia_1tet_P_protein_pocket.pdb,/home/igem/unknown_software/datasets/propedia_formatted/propedia_1tet_P/propedia_1tet_P_peptide.pdb,propedia
propedia_4xhv_B,/home/igem/unknown_software/datasets/propedia_formatted/propedia_4xhv_B/propedia_4xhv_B_protein_pocket.pdb,/home/igem/unknown_software/datasets/propedia_formatted/propedia_4xhv_B/propedia_4xhv_B_peptide.pdb,propedia
propedia_6k06_A,/home/igem/unknown_software/datasets/propedia_formatted/propedia_6k06_A/propedia_6k06_A_protein_pocket.pdb,/home/igem/unknown_software/datasets/propedia_formatted/propedia_6k06_A/propedia_6k06_A_peptide.pdb,propedia_long
propedia_1e4x_P,/home/igem/unknown_software/datasets/propedia_formatted/propedia_1e4x_P/propedia_1e4x_P_protein_pocket.pdb,/home/igem/unknown_software/datasets/propedia_formatted/propedia_1e4x_P/propedia_1e4x_P_peptide.pdb,propedia
propedia_2cjy_I,/home/igem/unknown_software/datasets/propedia_formatted/propedia_2cjy_I/propedia_2cjy_I_protein_pocket.pdb,/home/igem/unknown_software/datasets/propedia_formatted/propedia_2cjy_I/propedia_2cjy_I_peptide.pdb,propedia
propedia_2way_B,/home/igem/unknown_software/datasets/propedia_formatted/propedia_2way_B/propedia_2way_B_protein_pocket.pdb,/home/igem/unknown_software/datasets/propedia_formatted/propedia_2way_B/propedia_2way_B_peptide.pdb,propedia_long
propedia_3dtx_C,/home/igem/unknown_software/datasets/propedia_formatted/propedia_3dtx_C/propedia_3dtx_C_protein_pocket.pdb,/home/igem/unknown_software/datasets/propedia_formatted/propedia_3dtx_C/propedia_3dtx_C_peptide.pdb,propedia
propedia_1u8g_I,/home/igem/unknown_software/datasets/propedia_formatted/propedia_1u8g_I/propedia_1u8g_I_protein_pocket.pdb,/home/igem/unknown_software/datasets/propedia_formatted/propedia_1u8g_I/propedia_1u8g_I_peptide.pdb,propedia
propedia_4n7g_B,/home/igem/unknown_software/datasets/propedia_formatted/propedia_4n7g_B/propedia_4n7g_B_protein_pocket.pdb,/home/igem/unknown_software/datasets/propedia_formatted/propedia_4n7g_B/propedia_4n7g_B_peptide.pdb,propedia
propedia_4h0h_D,/home/igem/unknown_software/datasets/propedia_formatted/propedia_4h0h_D/propedia_4h0h_D_protein_pocket.pdb,/home/igem/unknown_software/datasets/propedia_formatted/propedia_4h0h_D/propedia_4h0h_D_peptide.pdb,propedia
propedia_2v17_A,/home/igem/unknown_software/datasets/propedia_formatted/propedia_2v17_A/propedia_2v17_A_protein_pocket.pdb,/home/igem/unknown_software/datasets/propedia_formatted/propedia_2v17_A/propedia_2v17_A_peptide.pdb,propedia
propedia_4odn_B,/home/igem/unknown_software/datasets/propedia_formatted/propedia_4odn_B/propedia_4odn_B_protein_pocket.pdb,/home/igem/unknown_software/datasets/propedia_formatted/propedia_4odn_B/propedia_4odn_B_peptide.pdb,propedia_long
propedia_5j6z_A,/home/igem/unknown_software/datasets/propedia_formatted/propedia_5j6z_A/propedia_5j6z_A_protein_pocket.pdb,/home/igem/unknown_software/datasets/propedia_formatted/propedia_5j6z_A/propedia_5j6z_A_peptide.pdb,propedia_long
propedia_2ypl_C,/home/igem/unknown_software/datasets/propedia_formatted/propedia_2ypl_C/propedia_2ypl_C_protein_pocket.pdb,/home/igem/unknown_software/datasets/propedia_formatted/propedia_2ypl_C/propedia_2ypl_C_peptide.pdb,propedia
propedia_2wwz_C,/home/igem/unknown_software/datasets/propedia_formatted/propedia_2wwz_C/propedia_2wwz_C_protein_pocket.pdb,/home/igem/unknown_software/datasets/propedia_formatted/propedia_2wwz_C/propedia_2wwz_C_peptide.pdb,propedia_long
propedia_2x4r_C,/home/igem/unknown_software/datasets/propedia_formatted/propedia_2x4r_C/propedia_2x4r_C_protein_pocket.pdb,/home/igem/unknown_software/datasets/propedia_formatted/propedia_2x4r_C/propedia_2x4r_C_peptide.pdb,propedia
propedia_4j8r_I,/home/igem/unknown_software/datasets/propedia_formatted/propedia_4j8r_I/propedia_4j8r_I_protein_pocket.pdb,/home/igem/unknown_software/datasets/propedia_formatted/propedia_4j8r_I/propedia_4j8r_I_peptide.pdb,propedia
propedia_4pd1_C,/home/igem/unknown_software/datasets/propedia_formatted/propedia_4pd1_C/propedia_4pd1_C_protein_pocket.pdb,/home/igem/unknown_software/datasets/propedia_formatted/propedia_4pd1_C/propedia_4pd1_C_peptide.pdb,propedia
propedia_3d49_I,/home/igem/unknown_software/datasets/propedia_formatted/propedia_3d49_I/propedia_3d49_I_protein_pocket.pdb,/home/igem/unknown_software/datasets/propedia_formatted/propedia_3d49_I/propedia_3d49_I_peptide.pdb,propedia
propedia_2oq6_C,/home/igem/unknown_software/datasets/propedia_formatted/propedia_2oq6_C/propedia_2oq6_C_protein_pocket.pdb,/home/igem/unknown_software/datasets/propedia_formatted/propedia_2oq6_C/propedia_2oq6_C_peptide.pdb,propedia
propedia_6lnm_B,/home/igem/unknown_software/datasets/propedia_formatted/propedia_6lnm_B/propedia_6lnm_B_protein_pocket.pdb,/home/igem/unknown_software/datasets/propedia_formatted/propedia_6lnm_B/propedia_6lnm_B_peptide.pdb,propedia_long
propedia_4hy9_C,/home/igem/unknown_software/datasets/propedia_formatted/propedia_4hy9_C/propedia_4hy9_C_protein_pocket.pdb,/home/igem/unknown_software/datasets/propedia_formatted/propedia_4hy9_C/propedia_4hy9_C_peptide.pdb,propedia
propedia_1jou_A,/home/igem/unknown_software/datasets/propedia_formatted/propedia_1jou_A/propedia_1jou_A_protein_pocket.pdb,/home/igem/unknown_software/datasets/propedia_formatted/propedia_1jou_A/propedia_1jou_A_peptide.pdb,propedia_long
propedia_6op8_B,/home/igem/unknown_software/datasets/propedia_formatted/propedia_6op8_B/propedia_6op8_B_protein_pocket.pdb,/home/igem/unknown_software/datasets/propedia_formatted/propedia_6op8_B/propedia_6op8_B_peptide.pdb,propedia_long
propedia_1t29_B,/home/igem/unknown_software/datasets/propedia_formatted/propedia_1t29_B/propedia_1t29_B_protein_pocket.pdb,/home/igem/unknown_software/datasets/propedia_formatted/propedia_1t29_B/propedia_1t29_B_peptide.pdb,propedia
propedia_1fyn_B,/home/igem/unknown_software/datasets/propedia_formatted/propedia_1fyn_B/propedia_1fyn_B_protein_pocket.pdb,/home/igem/unknown_software/datasets/propedia_formatted/propedia_1fyn_B/propedia_1fyn_B_peptide.pdb,propedia
propedia_4d0z_X,/home/igem/unknown_software/datasets/propedia_formatted/propedia_4d0z_X/propedia_4d0z_X_protein_pocket.pdb,/home/igem/unknown_software/datasets/propedia_formatted/propedia_4d0z_X/propedia_4d0z_X_peptide.pdb,propedia
propedia_1nm6_B,/home/igem/unknown_software/datasets/propedia_formatted/propedia_1nm6_B/propedia_1nm6_B_protein_pocket.pdb,/home/igem/unknown_software/datasets/propedia_formatted/propedia_1nm6_B/propedia_1nm6_B_peptide.pdb,propedia
propedia_1q4k_D,/home/igem/unknown_software/datasets/propedia_formatted/propedia_1q4k_D/propedia_1q4k_D_protein_pocket.pdb,/home/igem/unknown_software/datasets/propedia_formatted/propedia_1q4k_D/propedia_1q4k_D_peptide.pdb,propedia
propedia_4dow_C,/home/igem/unknown_software/datasets/propedia_formatted/propedia_4dow_C/propedia_4dow_C_protein_pocket.pdb,/home/igem/unknown_software/datasets/propedia_formatted/propedia_4dow_C/propedia_4dow_C_peptide.pdb,propedia
propedia_3fqw_C,/home/igem/unknown_software/datasets/propedia_formatted/propedia_3fqw_C/propedia_3fqw_C_protein_pocket.pdb,/home/igem/unknown_software/datasets/propedia_formatted/propedia_3fqw_C/propedia_3fqw_C_peptide.pdb,propedia
propedia_1tps_B,/home/igem/unknown_software/datasets/propedia_formatted/propedia_1tps_B/propedia_1tps_B_protein_pocket.pdb,/home/igem/unknown_software/datasets/propedia_formatted/propedia_1tps_B/propedia_1tps_B_peptide.pdb,propedia
propedia_2rmb_B,/home/igem/unknown_software/datasets/propedia_formatted/propedia_2rmb_B/propedia_2rmb_B_protein_pocket.pdb,/home/igem/unknown_software/datasets/propedia_formatted/propedia_2rmb_B/propedia_2rmb_B_peptide.pdb,propedia
propedia_1ofs_B,/home/igem/unknown_software/datasets/propedia_formatted/propedia_1ofs_B/propedia_1ofs_B_protein_pocket.pdb,/home/igem/unknown_software/datasets/propedia_formatted/propedia_1ofs_B/propedia_1ofs_B_peptide.pdb,propedia_long
propedia_1u8g_I,/home/igem/unknown_software/datasets/propedia_formatted/propedia_1u8g_I/propedia_1u8g_I_protein_pocket.pdb,/home/igem/unknown_software/datasets/propedia_formatted/propedia_1u8g_I/propedia_1u8g_I_peptide.pdb,propedia
propedia_3s6p_E,/home/igem/unknown_software/datasets/propedia_formatted/propedia_3s6p_E/propedia_3s6p_E_protein_pocket.pdb,/home/igem/unknown_software/datasets/propedia_formatted/propedia_3s6p_E/propedia_3s6p_E_peptide.pdb,propedia_long
propedia_3plu_C,/home/igem/unknown_software/datasets/propedia_formatted/propedia_3plu_C/propedia_3plu_C_protein_pocket.pdb,/home/igem/unknown_software/datasets/propedia_formatted/propedia_3plu_C/propedia_3plu_C_peptide.pdb,propedia_long
propedia_4jwc_C,/home/igem/unknown_software/datasets/propedia_formatted/propedia_4jwc_C/propedia_4jwc_C_protein_pocket.pdb,/home/igem/unknown_software/datasets/propedia_formatted/propedia_4jwc_C/propedia_4jwc_C_peptide.pdb,propedia
propedia_5ou9_C,/home/igem/unknown_software/datasets/propedia_formatted/propedia_5ou9_C/propedia_5ou9_C_protein_pocket.pdb,/home/igem/unknown_software/datasets/propedia_formatted/propedia_5ou9_C/propedia_5ou9_C_peptide.pdb,propedia_long
propedia_1kl3_E,/home/igem/unknown_software/datasets/propedia_formatted/propedia_1kl3_E/propedia_1kl3_E_protein_pocket.pdb,/home/igem/unknown_software/datasets/propedia_formatted/propedia_1kl3_E/propedia_1kl3_E_peptide.pdb,propedia
propedia_4g9f_C,/home/igem/unknown_software/datasets/propedia_formatted/propedia_4g9f_C/propedia_4g9f_C_protein_pocket.pdb,/home/igem/unknown_software/datasets/propedia_formatted/propedia_4g9f_C/propedia_4g9f_C_peptide.pdb,propedia
propedia_3c03_B,/home/igem/unknown_software/datasets/propedia_formatted/propedia_3c03_B/propedia_3c03_B_protein_pocket.pdb,/home/igem/unknown_software/datasets/propedia_formatted/propedia_3c03_B/propedia_3c03_B_peptide.pdb,propedia_long
propedia_5yi8_B,/home/igem/unknown_software/datasets/propedia_formatted/propedia_5yi8_B/propedia_5yi8_B_protein_pocket.pdb,/home/igem/unknown_software/datasets/propedia_formatted/propedia_5yi8_B/propedia_5yi8_B_peptide.pdb,propedia_long
propedia_1bd2_C,/home/igem/unknown_software/datasets/propedia_formatted/propedia_1bd2_C/propedia_1bd2_C_protein_pocket.pdb,/home/igem/unknown_software/datasets/propedia_formatted/propedia_1bd2_C/propedia_1bd2_C_peptide.pdb,propedia
propedia_1bt6_C,/home/igem/unknown_software/datasets/propedia_formatted/propedia_1bt6_C/propedia_1bt6_C_protein_pocket.pdb,/home/igem/unknown_software/datasets/propedia_formatted/propedia_1bt6_C/propedia_1bt6_C_peptide.pdb,propedia
propedia_5j3t_C,/home/igem/unknown_software/datasets/propedia_formatted/propedia_5j3t_C/propedia_5j3t_C_protein_pocket.pdb,/home/igem/unknown_software/datasets/propedia_formatted/propedia_5j3t_C/propedia_5j3t_C_peptide.pdb,propedia_long
propedia_3rc5_B,/home/igem/unknown_software/datasets/propedia_formatted/propedia_3rc5_B/propedia_3rc5_B_protein_pocket.pdb,/home/igem/unknown_software/datasets/propedia_formatted/propedia_3rc5_B/propedia_3rc5_B_peptide.pdb,propedia
propedia_3bw9_C,/home/igem/unknown_software/datasets/propedia_formatted/propedia_3bw9_C/propedia_3bw9_C_protein_pocket.pdb,/home/igem/unknown_software/datasets/propedia_formatted/propedia_3bw9_C/propedia_3bw9_C_peptide.pdb,propedia
propedia_2rma_B,/home/igem/unknown_software/datasets/propedia_formatted/propedia_2rma_B/propedia_2rma_B_protein_pocket.pdb,/home/igem/unknown_software/datasets/propedia_formatted/propedia_2rma_B/propedia_2rma_B_peptide.pdb,propedia
propedia_5mk0_B,/home/igem/unknown_software/datasets/propedia_formatted/propedia_5mk0_B/propedia_5mk0_B_protein_pocket.pdb,/home/igem/unknown_software/datasets/propedia_formatted/propedia_5mk0_B/propedia_5mk0_B_peptide.pdb,propedia_long
propedia_3d9k_Y,/home/igem/unknown_software/datasets/propedia_formatted/propedia_3d9k_Y/propedia_3d9k_Y_protein_pocket.pdb,/home/igem/unknown_software/datasets/propedia_formatted/propedia_3d9k_Y/propedia_3d9k_Y_peptide.pdb,propedia
propedia_3smk_P,/home/igem/unknown_software/datasets/propedia_formatted/propedia_3smk_P/propedia_3smk_P_protein_pocket.pdb,/home/igem/unknown_software/datasets/propedia_formatted/propedia_3smk_P/propedia_3smk_P_peptide.pdb,propedia
propedia_3glt_B,/home/igem/unknown_software/datasets/propedia_formatted/propedia_3glt_B/propedia_3glt_B_protein_pocket.pdb,/home/igem/unknown_software/datasets/propedia_formatted/propedia_3glt_B/propedia_3glt_B_peptide.pdb,propedia
propedia_6kzj_B,/home/igem/unknown_software/datasets/propedia_formatted/propedia_6kzj_B/propedia_6kzj_B_protein_pocket.pdb,/home/igem/unknown_software/datasets/propedia_formatted/propedia_6kzj_B/propedia_6kzj_B_peptide.pdb,propedia_long
propedia_1ype_I,/home/igem/unknown_software/datasets/propedia_formatted/propedia_1ype_I/propedia_1ype_I_protein_pocket.pdb,/home/igem/unknown_software/datasets/propedia_formatted/propedia_1ype_I/propedia_1ype_I_peptide.pdb,propedia
propedia_3rf3_C,/home/igem/unknown_software/datasets/propedia_formatted/propedia_3rf3_C/propedia_3rf3_C_protein_pocket.pdb,/home/igem/unknown_software/datasets/propedia_formatted/propedia_3rf3_C/propedia_3rf3_C_peptide.pdb,propedia_long
propedia_1aix_I,/home/igem/unknown_software/datasets/propedia_formatted/propedia_1aix_I/propedia_1aix_I_protein_pocket.pdb,/home/igem/unknown_software/datasets/propedia_formatted/propedia_1aix_I/propedia_1aix_I_peptide.pdb,propedia
propedia_4yz6_B,/home/igem/unknown_software/datasets/propedia_formatted/propedia_4yz6_B/propedia_4yz6_B_protein_pocket.pdb,/home/igem/unknown_software/datasets/propedia_formatted/propedia_4yz6_B/propedia_4yz6_B_peptide.pdb,propedia_long
propedia_5c0b_C,/home/igem/unknown_software/datasets/propedia_formatted/propedia_5c0b_C/propedia_5c0b_C_protein_pocket.pdb,/home/igem/unknown_software/datasets/propedia_formatted/propedia_5c0b_C/propedia_5c0b_C_peptide.pdb,propedia
propedia_3wn7_B,/home/igem/unknown_software/datasets/propedia_formatted/propedia_3wn7_B/propedia_3wn7_B_protein_pocket.pdb,/home/igem/unknown_software/datasets/propedia_formatted/propedia_3wn7_B/propedia_3wn7_B_peptide.pdb,propedia_long
propedia_1x8s_B,/home/igem/unknown_software/datasets/propedia_formatted/propedia_1x8s_B/propedia_1x8s_B_protein_pocket.pdb,/home/igem/unknown_software/datasets/propedia_formatted/propedia_1x8s_B/propedia_1x8s_B_peptide.pdb,propedia
propedia_6v4h_B,/home/igem/unknown_software/datasets/propedia_formatted/propedia_6v4h_B/propedia_6v4h_B_protein_pocket.pdb,/home/igem/unknown_software/datasets/propedia_formatted/propedia_6v4h_B/propedia_6v4h_B_peptide.pdb,propedia_long
propedia_6fy2_P,/home/igem/unknown_software/datasets/propedia_formatted/propedia_6fy2_P/propedia_6fy2_P_protein_pocket.pdb,/home/igem/unknown_software/datasets/propedia_formatted/propedia_6fy2_P/propedia_6fy2_P_peptide.pdb,propedia_long
propedia_1n51_B,/home/igem/unknown_software/datasets/propedia_formatted/propedia_1n51_B/propedia_1n51_B_protein_pocket.pdb,/home/igem/unknown_software/datasets/propedia_formatted/propedia_1n51_B/propedia_1n51_B_peptide.pdb,propedia
propedia_2pxy_P,/home/igem/unknown_software/datasets/propedia_formatted/propedia_2pxy_P/propedia_2pxy_P_protein_pocket.pdb,/home/igem/unknown_software/datasets/propedia_formatted/propedia_2pxy_P/propedia_2pxy_P_peptide.pdb,propedia
propedia_3pqz_L,/home/igem/unknown_software/datasets/propedia_formatted/propedia_3pqz_L/propedia_3pqz_L_protein_pocket.pdb,/home/igem/unknown_software/datasets/propedia_formatted/propedia_3pqz_L/propedia_3pqz_L_peptide.pdb,propedia
propedia_2vpe_B,/home/igem/unknown_software/datasets/propedia_formatted/propedia_2vpe_B/propedia_2vpe_B_protein_pocket.pdb,/home/igem/unknown_software/datasets/propedia_formatted/propedia_2vpe_B/propedia_2vpe_B_peptide.pdb,propedia_long
propedia_3mly_P,/home/igem/unknown_software/datasets/propedia_formatted/propedia_3mly_P/propedia_3mly_P_protein_pocket.pdb,/home/igem/unknown_software/datasets/propedia_formatted/propedia_3mly_P/propedia_3mly_P_peptide.pdb,propedia
propedia_4pbz_B,/home/igem/unknown_software/datasets/propedia_formatted/propedia_4pbz_B/propedia_4pbz_B_protein_pocket.pdb,/home/igem/unknown_software/datasets/propedia_formatted/propedia_4pbz_B/propedia_4pbz_B_peptide.pdb,propedia_long
propedia_3qj6_T,/home/igem/unknown_software/datasets/propedia_formatted/propedia_3qj6_T/propedia_3qj6_T_protein_pocket.pdb,/home/igem/unknown_software/datasets/propedia_formatted/propedia_3qj6_T/propedia_3qj6_T_peptide.pdb,propedia
propedia_1n4q_M,/home/igem/unknown_software/datasets/propedia_formatted/propedia_1n4q_M/propedia_1n4q_M_protein_pocket.pdb,/home/igem/unknown_software/datasets/propedia_formatted/propedia_1n4q_M/propedia_1n4q_M_peptide.pdb,propedia
propedia_2h4h_B,/home/igem/unknown_software/datasets/propedia_formatted/propedia_2h4h_B/propedia_2h4h_B_protein_pocket.pdb,/home/igem/unknown_software/datasets/propedia_formatted/propedia_2h4h_B/propedia_2h4h_B_peptide.pdb,propedia
propedia_3f02_C,/home/igem/unknown_software/datasets/propedia_formatted/propedia_3f02_C/propedia_3f02_C_protein_pocket.pdb,/home/igem/unknown_software/datasets/propedia_formatted/propedia_3f02_C/propedia_3f02_C_peptide.pdb,propedia_long
propedia_2dvr_P,/home/igem/unknown_software/datasets/propedia_formatted/propedia_2dvr_P/propedia_2dvr_P_protein_pocket.pdb,/home/igem/unknown_software/datasets/propedia_formatted/propedia_2dvr_P/propedia_2dvr_P_peptide.pdb,propedia
propedia_4jk5_B,/home/igem/unknown_software/datasets/propedia_formatted/propedia_4jk5_B/propedia_4jk5_B_protein_pocket.pdb,/home/igem/unknown_software/datasets/propedia_formatted/propedia_4jk5_B/propedia_4jk5_B_peptide.pdb,propedia_long
propedia_4wdi_C,/home/igem/unknown_software/datasets/propedia_formatted/propedia_4wdi_C/propedia_4wdi_C_protein_pocket.pdb,/home/igem/unknown_software/datasets/propedia_formatted/propedia_4wdi_C/propedia_4wdi_C_peptide.pdb,propedia
propedia_1jxp_C,/home/igem/unknown_software/datasets/propedia_formatted/propedia_1jxp_C/propedia_1jxp_C_protein_pocket.pdb,/home/igem/unknown_software/datasets/propedia_formatted/propedia_1jxp_C/propedia_1jxp_C_peptide.pdb,propedia
propedia_3buw_A,/home/igem/unknown_software/datasets/propedia_formatted/propedia_3buw_A/propedia_3buw_A_protein_pocket.pdb,/home/igem/unknown_software/datasets/propedia_formatted/propedia_3buw_A/propedia_3buw_A_peptide.pdb,propedia
propedia_4ztd_D,/home/igem/unknown_software/datasets/propedia_formatted/propedia_4ztd_D/propedia_4ztd_D_protein_pocket.pdb,/home/igem/unknown_software/datasets/propedia_formatted/propedia_4ztd_D/propedia_4ztd_D_peptide.pdb,propedia
propedia_4quu_B,/home/igem/unknown_software/datasets/propedia_formatted/propedia_4quu_B/propedia_4quu_B_protein_pocket.pdb,/home/igem/unknown_software/datasets/propedia_formatted/propedia_4quu_B/propedia_4quu_B_peptide.pdb,propedia
propedia_1pip_B,/home/igem/unknown_software/datasets/propedia_formatted/propedia_1pip_B/propedia_1pip_B_protein_pocket.pdb,/home/igem/unknown_software/datasets/propedia_formatted/propedia_1pip_B/propedia_1pip_B_peptide.pdb,propedia
propedia_2z6w_M,/home/igem/unknown_software/datasets/propedia_formatted/propedia_2z6w_M/propedia_2z6w_M_protein_pocket.pdb,/home/igem/unknown_software/datasets/propedia_formatted/propedia_2z6w_M/propedia_2z6w_M_peptide.pdb,propedia
propedia_2gs0_B,/home/igem/unknown_software/datasets/propedia_formatted/propedia_2gs0_B/propedia_2gs0_B_protein_pocket.pdb,/home/igem/unknown_software/datasets/propedia_formatted/propedia_2gs0_B/propedia_2gs0_B_peptide.pdb,propedia_long
propedia_3f9x_E,/home/igem/unknown_software/datasets/propedia_formatted/propedia_3f9x_E/propedia_3f9x_E_protein_pocket.pdb,/home/igem/unknown_software/datasets/propedia_formatted/propedia_3f9x_E/propedia_3f9x_E_peptide.pdb,propedia
propedia_3kj0_B,/home/igem/unknown_software/datasets/propedia_formatted/propedia_3kj0_B/propedia_3kj0_B_protein_pocket.pdb,/home/igem/unknown_software/datasets/propedia_formatted/propedia_3kj0_B/propedia_3kj0_B_peptide.pdb,propedia_long
propedia_3vxs_C,/home/igem/unknown_software/datasets/propedia_formatted/propedia_3vxs_C/propedia_3vxs_C_protein_pocket.pdb,/home/igem/unknown_software/datasets/propedia_formatted/propedia_3vxs_C/propedia_3vxs_C_peptide.pdb,propedia
propedia_1wkr_I,/home/igem/unknown_software/datasets/propedia_formatted/propedia_1wkr_I/propedia_1wkr_I_protein_pocket.pdb,/home/igem/unknown_software/datasets/propedia_formatted/propedia_1wkr_I/propedia_1wkr_I_peptide.pdb,propedia
propedia_1e79_I,/home/igem/unknown_software/datasets/propedia_formatted/propedia_1e79_I/propedia_1e79_I_protein_pocket.pdb,/home/igem/unknown_software/datasets/propedia_formatted/propedia_1e79_I/propedia_1e79_I_peptide.pdb,propedia_long
propedia_1vwc_P,/home/igem/unknown_software/datasets/propedia_formatted/propedia_1vwc_P/propedia_1vwc_P_protein_pocket.pdb,/home/igem/unknown_software/datasets/propedia_formatted/propedia_1vwc_P/propedia_1vwc_P_peptide.pdb,propedia
propedia_1ytv_M,/home/igem/unknown_software/datasets/propedia_formatted/propedia_1ytv_M/propedia_1ytv_M_protein_pocket.pdb,/home/igem/unknown_software/datasets/propedia_formatted/propedia_1ytv_M/propedia_1ytv_M_peptide.pdb,propedia
propedia_3egk_I,/home/igem/unknown_software/datasets/propedia_formatted/propedia_3egk_I/propedia_3egk_I_protein_pocket.pdb,/home/igem/unknown_software/datasets/propedia_formatted/propedia_3egk_I/propedia_3egk_I_peptide.pdb,propedia
propedia_2m0o_B,/home/igem/unknown_software/datasets/propedia_formatted/propedia_2m0o_B/propedia_2m0o_B_protein_pocket.pdb,/home/igem/unknown_software/datasets/propedia_formatted/propedia_2m0o_B/propedia_2m0o_B_peptide.pdb,propedia
propedia_6r2g_C,/home/igem/unknown_software/datasets/propedia_formatted/propedia_6r2g_C/propedia_6r2g_C_protein_pocket.pdb,/home/igem/unknown_software/datasets/propedia_formatted/propedia_6r2g_C/propedia_6r2g_C_peptide.pdb,propedia_long
propedia_3v52_P,/home/igem/unknown_software/datasets/propedia_formatted/propedia_3v52_P/propedia_3v52_P_protein_pocket.pdb,/home/igem/unknown_software/datasets/propedia_formatted/propedia_3v52_P/propedia_3v52_P_peptide.pdb,propedia
propedia_6bnh_B,/home/igem/unknown_software/datasets/propedia_formatted/propedia_6bnh_B/propedia_6bnh_B_protein_pocket.pdb,/home/igem/unknown_software/datasets/propedia_formatted/propedia_6bnh_B/propedia_6bnh_B_peptide.pdb,propedia_long
propedia_2bdx_B,/home/igem/unknown_software/datasets/propedia_formatted/propedia_2bdx_B/propedia_2bdx_B_protein_pocket.pdb,/home/igem/unknown_software/datasets/propedia_formatted/propedia_2bdx_B/propedia_2bdx_B_peptide.pdb,propedia
propedia_5jej_C,/home/igem/unknown_software/datasets/propedia_formatted/propedia_5jej_C/propedia_5jej_C_protein_pocket.pdb,/home/igem/unknown_software/datasets/propedia_formatted/propedia_5jej_C/propedia_5jej_C_peptide.pdb,propedia_long
propedia_4ou3_B,/home/igem/unknown_software/datasets/propedia_formatted/propedia_4ou3_B/propedia_4ou3_B_protein_pocket.pdb,/home/igem/unknown_software/datasets/propedia_formatted/propedia_4ou3_B/propedia_4ou3_B_peptide.pdb,propedia
propedia_2fts_P,/home/igem/unknown_software/datasets/propedia_formatted/propedia_2fts_P/propedia_2fts_P_protein_pocket.pdb,/home/igem/unknown_software/datasets/propedia_formatted/propedia_2fts_P/propedia_2fts_P_peptide.pdb,propedia_long
propedia_2k3w_B,/home/igem/unknown_software/datasets/propedia_formatted/propedia_2k3w_B/propedia_2k3w_B_protein_pocket.pdb,/home/igem/unknown_software/datasets/propedia_formatted/propedia_2k3w_B/propedia_2k3w_B_peptide.pdb,propedia
propedia_3hqm_C,/home/igem/unknown_software/datasets/propedia_formatted/propedia_3hqm_C/propedia_3hqm_C_protein_pocket.pdb,/home/igem/unknown_software/datasets/propedia_formatted/propedia_3hqm_C/propedia_3hqm_C_peptide.pdb,propedia
propedia_2zpk_P,/home/igem/unknown_software/datasets/propedia_formatted/propedia_2zpk_P/propedia_2zpk_P_protein_pocket.pdb,/home/igem/unknown_software/datasets/propedia_formatted/propedia_2zpk_P/propedia_2zpk_P_peptide.pdb,propedia
propedia_4xxd_C,/home/igem/unknown_software/datasets/propedia_formatted/propedia_4xxd_C/propedia_4xxd_C_protein_pocket.pdb,/home/igem/unknown_software/datasets/propedia_formatted/propedia_4xxd_C/propedia_4xxd_C_peptide.pdb,propedia
propedia_2ff4_E,/home/igem/unknown_software/datasets/propedia_formatted/propedia_2ff4_E/propedia_2ff4_E_protein_pocket.pdb,/home/igem/unknown_software/datasets/propedia_formatted/propedia_2ff4_E/propedia_2ff4_E_peptide.pdb,propedia
propedia_1mi5_C,/home/igem/unknown_software/datasets/propedia_formatted/propedia_1mi5_C/propedia_1mi5_C_protein_pocket.pdb,/home/igem/unknown_software/datasets/propedia_formatted/propedia_1mi5_C/propedia_1mi5_C_peptide.pdb,propedia
propedia_1oqp_B,/home/igem/unknown_software/datasets/propedia_formatted/propedia_1oqp_B/propedia_1oqp_B_protein_pocket.pdb,/home/igem/unknown_software/datasets/propedia_formatted/propedia_1oqp_B/propedia_1oqp_B_peptide.pdb,propedia_long
propedia_1waw_B,/home/igem/unknown_software/datasets/propedia_formatted/propedia_1waw_B/propedia_1waw_B_protein_pocket.pdb,/home/igem/unknown_software/datasets/propedia_formatted/propedia_1waw_B/propedia_1waw_B_peptide.pdb,propedia
propedia_1k22_I,/home/igem/unknown_software/datasets/propedia_formatted/propedia_1k22_I/propedia_1k22_I_protein_pocket.pdb,/home/igem/unknown_software/datasets/propedia_formatted/propedia_1k22_I/propedia_1k22_I_peptide.pdb,propedia
propedia_3bu6_B,/home/igem/unknown_software/datasets/propedia_formatted/propedia_3bu6_B/propedia_3bu6_B_protein_pocket.pdb,/home/igem/unknown_software/datasets/propedia_formatted/propedia_3bu6_B/propedia_3bu6_B_peptide.pdb,propedia_long
propedia_4okf_A,/home/igem/unknown_software/datasets/propedia_formatted/propedia_4okf_A/propedia_4okf_A_protein_pocket.pdb,/home/igem/unknown_software/datasets/propedia_formatted/propedia_4okf_A/propedia_4okf_A_peptide.pdb,propedia_long
propedia_1ld9_C,/home/igem/unknown_software/datasets/propedia_formatted/propedia_1ld9_C/propedia_1ld9_C_protein_pocket.pdb,/home/igem/unknown_software/datasets/propedia_formatted/propedia_1ld9_C/propedia_1ld9_C_peptide.pdb,propedia
propedia_6jjz_C,/home/igem/unknown_software/datasets/propedia_formatted/propedia_6jjz_C/propedia_6jjz_C_protein_pocket.pdb,/home/igem/unknown_software/datasets/propedia_formatted/propedia_6jjz_C/propedia_6jjz_C_peptide.pdb,propedia_long
propedia_4pk2_B,/home/igem/unknown_software/datasets/propedia_formatted/propedia_4pk2_B/propedia_4pk2_B_protein_pocket.pdb,/home/igem/unknown_software/datasets/propedia_formatted/propedia_4pk2_B/propedia_4pk2_B_peptide.pdb,propedia
propedia_2h1p_P,/home/igem/unknown_software/datasets/propedia_formatted/propedia_2h1p_P/propedia_2h1p_P_protein_pocket.pdb,/home/igem/unknown_software/datasets/propedia_formatted/propedia_2h1p_P/propedia_2h1p_P_peptide.pdb,propedia
propedia_3iqj_P,/home/igem/unknown_software/datasets/propedia_formatted/propedia_3iqj_P/propedia_3iqj_P_protein_pocket.pdb,/home/igem/unknown_software/datasets/propedia_formatted/propedia_3iqj_P/propedia_3iqj_P_peptide.pdb,propedia
propedia_3dda_B,/home/igem/unknown_software/datasets/propedia_formatted/propedia_3dda_B/propedia_3dda_B_protein_pocket.pdb,/home/igem/unknown_software/datasets/propedia_formatted/propedia_3dda_B/propedia_3dda_B_peptide.pdb,propedia
propedia_1b8q_B,/home/igem/unknown_software/datasets/propedia_formatted/propedia_1b8q_B/propedia_1b8q_B_protein_pocket.pdb,/home/igem/unknown_software/datasets/propedia_formatted/propedia_1b8q_B/propedia_1b8q_B_peptide.pdb,propedia
propedia_3gci_P,/home/igem/unknown_software/datasets/propedia_formatted/propedia_3gci_P/propedia_3gci_P_protein_pocket.pdb,/home/igem/unknown_software/datasets/propedia_formatted/propedia_3gci_P/propedia_3gci_P_peptide.pdb,propedia
propedia_1l6o_D,/home/igem/unknown_software/datasets/propedia_formatted/propedia_1l6o_D/propedia_1l6o_D_protein_pocket.pdb,/home/igem/unknown_software/datasets/propedia_formatted/propedia_1l6o_D/propedia_1l6o_D_peptide.pdb,propedia
propedia_2ypl_C,/home/igem/unknown_software/datasets/propedia_formatted/propedia_2ypl_C/propedia_2ypl_C_protein_pocket.pdb,/home/igem/unknown_software/datasets/propedia_formatted/propedia_2ypl_C/propedia_2ypl_C_peptide.pdb,propedia
propedia_4qul_F,/home/igem/unknown_software/datasets/propedia_formatted/propedia_4qul_F/propedia_4qul_F_protein_pocket.pdb,/home/igem/unknown_software/datasets/propedia_formatted/propedia_4qul_F/propedia_4qul_F_peptide.pdb,propedia
propedia_4qsy_B,/home/igem/unknown_software/datasets/propedia_formatted/propedia_4qsy_B/propedia_4qsy_B_protein_pocket.pdb,/home/igem/unknown_software/datasets/propedia_formatted/propedia_4qsy_B/propedia_4qsy_B_peptide.pdb,propedia
propedia_3i5r_B,/home/igem/unknown_software/datasets/propedia_formatted/propedia_3i5r_B/propedia_3i5r_B_protein_pocket.pdb,/home/igem/unknown_software/datasets/propedia_formatted/propedia_3i5r_B/propedia_3i5r_B_peptide.pdb,propedia
propedia_1ekb_A,/home/igem/unknown_software/datasets/propedia_formatted/propedia_1ekb_A/propedia_1ekb_A_protein_pocket.pdb,/home/igem/unknown_software/datasets/propedia_formatted/propedia_1ekb_A/propedia_1ekb_A_peptide.pdb,propedia
propedia_1cjf_C,/home/igem/unknown_software/datasets/propedia_formatted/propedia_1cjf_C/propedia_1cjf_C_protein_pocket.pdb,/home/igem/unknown_software/datasets/propedia_formatted/propedia_1cjf_C/propedia_1cjf_C_peptide.pdb,propedia_long
propedia_2wfj_B,/home/igem/unknown_software/datasets/propedia_formatted/propedia_2wfj_B/propedia_2wfj_B_protein_pocket.pdb,/home/igem/unknown_software/datasets/propedia_formatted/propedia_2wfj_B/propedia_2wfj_B_peptide.pdb,propedia
propedia_4wht_a,/home/igem/unknown_software/datasets/propedia_formatted/propedia_4wht_a/propedia_4wht_a_protein_pocket.pdb,/home/igem/unknown_software/datasets/propedia_formatted/propedia_4wht_a/propedia_4wht_a_peptide.pdb,propedia
propedia_4z68_E,/home/igem/unknown_software/datasets/propedia_formatted/propedia_4z68_E/propedia_4z68_E_protein_pocket.pdb,/home/igem/unknown_software/datasets/propedia_formatted/propedia_4z68_E/propedia_4z68_E_peptide.pdb,propedia
propedia_2co1_B,/home/igem/unknown_software/datasets/propedia_formatted/propedia_2co1_B/propedia_2co1_B_protein_pocket.pdb,/home/igem/unknown_software/datasets/propedia_formatted/propedia_2co1_B/propedia_2co1_B_peptide.pdb,propedia_long
propedia_3t6b_C,/home/igem/unknown_software/datasets/propedia_formatted/propedia_3t6b_C/propedia_3t6b_C_protein_pocket.pdb,/home/igem/unknown_software/datasets/propedia_formatted/propedia_3t6b_C/propedia_3t6b_C_peptide.pdb,propedia
propedia_1ou8_C,/home/igem/unknown_software/datasets/propedia_formatted/propedia_1ou8_C/propedia_1ou8_C_protein_pocket.pdb,/home/igem/unknown_software/datasets/propedia_formatted/propedia_1ou8_C/propedia_1ou8_C_peptide.pdb,propedia
propedia_1iak_P,/home/igem/unknown_software/datasets/propedia_formatted/propedia_1iak_P/propedia_1iak_P_protein_pocket.pdb,/home/igem/unknown_software/datasets/propedia_formatted/propedia_1iak_P/propedia_1iak_P_peptide.pdb,propedia_long
propedia_1nh0_I,/home/igem/unknown_software/datasets/propedia_formatted/propedia_1nh0_I/propedia_1nh0_I_protein_pocket.pdb,/home/igem/unknown_software/datasets/propedia_formatted/propedia_1nh0_I/propedia_1nh0_I_peptide.pdb,propedia
propedia_2oob_A,/home/igem/unknown_software/datasets/propedia_formatted/propedia_2oob_A/propedia_2oob_A_protein_pocket.pdb,/home/igem/unknown_software/datasets/propedia_formatted/propedia_2oob_A/propedia_2oob_A_peptide.pdb,propedia_long
propedia_2hal_I,/home/igem/unknown_software/datasets/propedia_formatted/propedia_2hal_I/propedia_2hal_I_protein_pocket.pdb,/home/igem/unknown_software/datasets/propedia_formatted/propedia_2hal_I/propedia_2hal_I_peptide.pdb,propedia
propedia_3uqp_B,/home/igem/unknown_software/datasets/propedia_formatted/propedia_3uqp_B/propedia_3uqp_B_protein_pocket.pdb,/home/igem/unknown_software/datasets/propedia_formatted/propedia_3uqp_B/propedia_3uqp_B_peptide.pdb,propedia
propedia_2ll6_B,/home/igem/unknown_software/datasets/propedia_formatted/propedia_2ll6_B/propedia_2ll6_B_protein_pocket.pdb,/home/igem/unknown_software/datasets/propedia_formatted/propedia_2ll6_B/propedia_2ll6_B_peptide.pdb,propedia_long
propedia_5vko_B,/home/igem/unknown_software/datasets/propedia_formatted/propedia_5vko_B/propedia_5vko_B_protein_pocket.pdb,/home/igem/unknown_software/datasets/propedia_formatted/propedia_5vko_B/propedia_5vko_B_peptide.pdb,propedia_long
propedia_2pxy_P,/home/igem/unknown_software/datasets/propedia_formatted/propedia_2pxy_P/propedia_2pxy_P_protein_pocket.pdb,/home/igem/unknown_software/datasets/propedia_formatted/propedia_2pxy_P/propedia_2pxy_P_peptide.pdb,propedia
propedia_1mt7_P,/home/igem/unknown_software/datasets/propedia_formatted/propedia_1mt7_P/propedia_1mt7_P_protein_pocket.pdb,/home/igem/unknown_software/datasets/propedia_formatted/propedia_1mt7_P/propedia_1mt7_P_peptide.pdb,propedia
propedia_2f53_C,/home/igem/unknown_software/datasets/propedia_formatted/propedia_2f53_C/propedia_2f53_C_protein_pocket.pdb,/home/igem/unknown_software/datasets/propedia_formatted/propedia_2f53_C/propedia_2f53_C_peptide.pdb,propedia
propedia_2vlj_C,/home/igem/unknown_software/datasets/propedia_formatted/propedia_2vlj_C/propedia_2vlj_C_protein_pocket.pdb,/home/igem/unknown_software/datasets/propedia_formatted/propedia_2vlj_C/propedia_2vlj_C_peptide.pdb,propedia
propedia_2xxn_B,/home/igem/unknown_software/datasets/propedia_formatted/propedia_2xxn_B/propedia_2xxn_B_protein_pocket.pdb,/home/igem/unknown_software/datasets/propedia_formatted/propedia_2xxn_B/propedia_2xxn_B_peptide.pdb,propedia_long
propedia_2aoi_C,/home/igem/unknown_software/datasets/propedia_formatted/propedia_2aoi_C/propedia_2aoi_C_protein_pocket.pdb,/home/igem/unknown_software/datasets/propedia_formatted/propedia_2aoi_C/propedia_2aoi_C_peptide.pdb,propedia
propedia_1umw_E,/home/igem/unknown_software/datasets/propedia_formatted/propedia_1umw_E/propedia_1umw_E_protein_pocket.pdb,/home/igem/unknown_software/datasets/propedia_formatted/propedia_1umw_E/propedia_1umw_E_peptide.pdb,propedia
propedia_3uzd_B,/home/igem/unknown_software/datasets/propedia_formatted/propedia_3uzd_B/propedia_3uzd_B_protein_pocket.pdb,/home/igem/unknown_software/datasets/propedia_formatted/propedia_3uzd_B/propedia_3uzd_B_peptide.pdb,propedia
propedia_3vgc_A,/home/igem/unknown_software/datasets/propedia_formatted/propedia_3vgc_A/propedia_3vgc_A_protein_pocket.pdb,/home/igem/unknown_software/datasets/propedia_formatted/propedia_3vgc_A/propedia_3vgc_A_peptide.pdb,propedia
propedia_2p8l_C,/home/igem/unknown_software/datasets/propedia_formatted/propedia_2p8l_C/propedia_2p8l_C_protein_pocket.pdb,/home/igem/unknown_software/datasets/propedia_formatted/propedia_2p8l_C/propedia_2p8l_C_peptide.pdb,propedia
propedia_5lef_C,/home/igem/unknown_software/datasets/propedia_formatted/propedia_5lef_C/propedia_5lef_C_protein_pocket.pdb,/home/igem/unknown_software/datasets/propedia_formatted/propedia_5lef_C/propedia_5lef_C_peptide.pdb,propedia_long
propedia_3eyf_E,/home/igem/unknown_software/datasets/propedia_formatted/propedia_3eyf_E/propedia_3eyf_E_protein_pocket.pdb,/home/igem/unknown_software/datasets/propedia_formatted/propedia_3eyf_E/propedia_3eyf_E_peptide.pdb,propedia
propedia_2cvy_B,/home/igem/unknown_software/datasets/propedia_formatted/propedia_2cvy_B/propedia_2cvy_B_protein_pocket.pdb,/home/igem/unknown_software/datasets/propedia_formatted/propedia_2cvy_B/propedia_2cvy_B_peptide.pdb,propedia
propedia_2ov2_I,/home/igem/unknown_software/datasets/propedia_formatted/propedia_2ov2_I/propedia_2ov2_I_protein_pocket.pdb,/home/igem/unknown_software/datasets/propedia_formatted/propedia_2ov2_I/propedia_2ov2_I_peptide.pdb,propedia_long
propedia_2uwe_C,/home/igem/unknown_software/datasets/propedia_formatted/propedia_2uwe_C/propedia_2uwe_C_protein_pocket.pdb,/home/igem/unknown_software/datasets/propedia_formatted/propedia_2uwe_C/propedia_2uwe_C_peptide.pdb,propedia
propedia_1hne_I,/home/igem/unknown_software/datasets/propedia_formatted/propedia_1hne_I/propedia_1hne_I_protein_pocket.pdb,/home/igem/unknown_software/datasets/propedia_formatted/propedia_1hne_I/propedia_1hne_I_peptide.pdb,propedia
propedia_4jff_C,/home/igem/unknown_software/datasets/propedia_formatted/propedia_4jff_C/propedia_4jff_C_protein_pocket.pdb,/home/igem/unknown_software/datasets/propedia_formatted/propedia_4jff_C/propedia_4jff_C_peptide.pdb,propedia
propedia_1d6e_D,/home/igem/unknown_software/datasets/propedia_formatted/propedia_1d6e_D/propedia_1d6e_D_protein_pocket.pdb,/home/igem/unknown_software/datasets/propedia_formatted/propedia_1d6e_D/propedia_1d6e_D_peptide.pdb,propedia
propedia_2er6_I,/home/igem/unknown_software/datasets/propedia_formatted/propedia_2er6_I/propedia_2er6_I_protein_pocket.pdb,/home/igem/unknown_software/datasets/propedia_formatted/propedia_2er6_I/propedia_2er6_I_peptide.pdb,propedia
propedia_4zii_C,/home/igem/unknown_software/datasets/propedia_formatted/propedia_4zii_C/propedia_4zii_C_protein_pocket.pdb,/home/igem/unknown_software/datasets/propedia_formatted/propedia_4zii_C/propedia_4zii_C_peptide.pdb,propedia_long
propedia_3rmm_I,/home/igem/unknown_software/datasets/propedia_formatted/propedia_3rmm_I/propedia_3rmm_I_protein_pocket.pdb,/home/igem/unknown_software/datasets/propedia_formatted/propedia_3rmm_I/propedia_3rmm_I_peptide.pdb,propedia
propedia_2co4_B,/home/igem/unknown_software/datasets/propedia_formatted/propedia_2co4_B/propedia_2co4_B_protein_pocket.pdb,/home/igem/unknown_software/datasets/propedia_formatted/propedia_2co4_B/propedia_2co4_B_peptide.pdb,propedia_long
propedia_1cwb_C,/home/igem/unknown_software/datasets/propedia_formatted/propedia_1cwb_C/propedia_1cwb_C_protein_pocket.pdb,/home/igem/unknown_software/datasets/propedia_formatted/propedia_1cwb_C/propedia_1cwb_C_peptide.pdb,propedia
propedia_5uum_C,/home/igem/unknown_software/datasets/propedia_formatted/propedia_5uum_C/propedia_5uum_C_protein_pocket.pdb,/home/igem/unknown_software/datasets/propedia_formatted/propedia_5uum_C/propedia_5uum_C_peptide.pdb,propedia_long
propedia_4obh_E,/home/igem/unknown_software/datasets/propedia_formatted/propedia_4obh_E/propedia_4obh_E_protein_pocket.pdb,/home/igem/unknown_software/datasets/propedia_formatted/propedia_4obh_E/propedia_4obh_E_peptide.pdb,propedia
propedia_1d7q_B,/home/igem/unknown_software/datasets/propedia_formatted/propedia_1d7q_B/propedia_1d7q_B_protein_pocket.pdb,/home/igem/unknown_software/datasets/propedia_formatted/propedia_1d7q_B/propedia_1d7q_B_peptide.pdb,propedia_long
propedia_2p0w_P,/home/igem/unknown_software/datasets/propedia_formatted/propedia_2p0w_P/propedia_2p0w_P_protein_pocket.pdb,/home/igem/unknown_software/datasets/propedia_formatted/propedia_2p0w_P/propedia_2p0w_P_peptide.pdb,propedia_long
propedia_2id4_C,/home/igem/unknown_software/datasets/propedia_formatted/propedia_2id4_C/propedia_2id4_C_protein_pocket.pdb,/home/igem/unknown_software/datasets/propedia_formatted/propedia_2id4_C/propedia_2id4_C_peptide.pdb,propedia
propedia_4jfx_P,/home/igem/unknown_software/datasets/propedia_formatted/propedia_4jfx_P/propedia_4jfx_P_protein_pocket.pdb,/home/igem/unknown_software/datasets/propedia_formatted/propedia_4jfx_P/propedia_4jfx_P_peptide.pdb,propedia
propedia_2l1l_A,/home/igem/unknown_software/datasets/propedia_formatted/propedia_2l1l_A/propedia_2l1l_A_protein_pocket.pdb,/home/igem/unknown_software/datasets/propedia_formatted/propedia_2l1l_A/propedia_2l1l_A_peptide.pdb,propedia_long
propedia_1rff_C,/home/igem/unknown_software/datasets/propedia_formatted/propedia_1rff_C/propedia_1rff_C_protein_pocket.pdb,/home/igem/unknown_software/datasets/propedia_formatted/propedia_1rff_C/propedia_1rff_C_peptide.pdb,propedia
propedia_4vgc_A,/home/igem/unknown_software/datasets/propedia_formatted/propedia_4vgc_A/propedia_4vgc_A_protein_pocket.pdb,/home/igem/unknown_software/datasets/propedia_formatted/propedia_4vgc_A/propedia_4vgc_A_peptide.pdb,propedia
propedia_6gec_L,/home/igem/unknown_software/datasets/propedia_formatted/propedia_6gec_L/propedia_6gec_L_protein_pocket.pdb,/home/igem/unknown_software/datasets/propedia_formatted/propedia_6gec_L/propedia_6gec_L_peptide.pdb,propedia_long
propedia_5c0c_C,/home/igem/unknown_software/datasets/propedia_formatted/propedia_5c0c_C/propedia_5c0c_C_protein_pocket.pdb,/home/igem/unknown_software/datasets/propedia_formatted/propedia_5c0c_C/propedia_5c0c_C_peptide.pdb,propedia
propedia_3svm_P,/home/igem/unknown_software/datasets/propedia_formatted/propedia_3svm_P/propedia_3svm_P_protein_pocket.pdb,/home/igem/unknown_software/datasets/propedia_formatted/propedia_3svm_P/propedia_3svm_P_peptide.pdb,propedia
propedia_4hx1_C,/home/igem/unknown_software/datasets/propedia_formatted/propedia_4hx1_C/propedia_4hx1_C_protein_pocket.pdb,/home/igem/unknown_software/datasets/propedia_formatted/propedia_4hx1_C/propedia_4hx1_C_peptide.pdb,propedia
propedia_1rxz_B,/home/igem/unknown_software/datasets/propedia_formatted/propedia_1rxz_B/propedia_1rxz_B_protein_pocket.pdb,/home/igem/unknown_software/datasets/propedia_formatted/propedia_1rxz_B/propedia_1rxz_B_peptide.pdb,propedia
propedia_1miz_A,/home/igem/unknown_software/datasets/propedia_formatted/propedia_1miz_A/propedia_1miz_A_protein_pocket.pdb,/home/igem/unknown_software/datasets/propedia_formatted/propedia_1miz_A/propedia_1miz_A_peptide.pdb,propedia
propedia_2od9_B,/home/igem/unknown_software/datasets/propedia_formatted/propedia_2od9_B/propedia_2od9_B_protein_pocket.pdb,/home/igem/unknown_software/datasets/propedia_formatted/propedia_2od9_B/propedia_2od9_B_peptide.pdb,propedia
propedia_2cjx_I,/home/igem/unknown_software/datasets/propedia_formatted/propedia_2cjx_I/propedia_2cjx_I_protein_pocket.pdb,/home/igem/unknown_software/datasets/propedia_formatted/propedia_2cjx_I/propedia_2cjx_I_peptide.pdb,propedia
propedia_1aou_P,/home/igem/unknown_software/datasets/propedia_formatted/propedia_1aou_P/propedia_1aou_P_protein_pocket.pdb,/home/igem/unknown_software/datasets/propedia_formatted/propedia_1aou_P/propedia_1aou_P_peptide.pdb,propedia
propedia_5gpi_A,/home/igem/unknown_software/datasets/propedia_formatted/propedia_5gpi_A/propedia_5gpi_A_protein_pocket.pdb,/home/igem/unknown_software/datasets/propedia_formatted/propedia_5gpi_A/propedia_5gpi_A_peptide.pdb,propedia_long
propedia_4zgm_B,/home/igem/unknown_software/datasets/propedia_formatted/propedia_4zgm_B/propedia_4zgm_B_protein_pocket.pdb,/home/igem/unknown_software/datasets/propedia_formatted/propedia_4zgm_B/propedia_4zgm_B_peptide.pdb,propedia_long
propedia_4mcz_C,/home/igem/unknown_software/datasets/propedia_formatted/propedia_4mcz_C/propedia_4mcz_C_protein_pocket.pdb,/home/igem/unknown_software/datasets/propedia_formatted/propedia_4mcz_C/propedia_4mcz_C_peptide.pdb,propedia_long
propedia_2eu0_B,/home/igem/unknown_software/datasets/propedia_formatted/propedia_2eu0_B/propedia_2eu0_B_protein_pocket.pdb,/home/igem/unknown_software/datasets/propedia_formatted/propedia_2eu0_B/propedia_2eu0_B_peptide.pdb,propedia
propedia_1p4n_B,/home/igem/unknown_software/datasets/propedia_formatted/propedia_1p4n_B/propedia_1p4n_B_protein_pocket.pdb,/home/igem/unknown_software/datasets/propedia_formatted/propedia_1p4n_B/propedia_1p4n_B_peptide.pdb,propedia
propedia_4rav_E,/home/igem/unknown_software/datasets/propedia_formatted/propedia_4rav_E/propedia_4rav_E_protein_pocket.pdb,/home/igem/unknown_software/datasets/propedia_formatted/propedia_4rav_E/propedia_4rav_E_peptide.pdb,propedia_long
propedia_3sha_I,/home/igem/unknown_software/datasets/propedia_formatted/propedia_3sha_I/propedia_3sha_I_protein_pocket.pdb,/home/igem/unknown_software/datasets/propedia_formatted/propedia_3sha_I/propedia_3sha_I_peptide.pdb,propedia
propedia_6ma3_B,/home/igem/unknown_software/datasets/propedia_formatted/propedia_6ma3_B/propedia_6ma3_B_protein_pocket.pdb,/home/igem/unknown_software/datasets/propedia_formatted/propedia_6ma3_B/propedia_6ma3_B_peptide.pdb,propedia_long
propedia_3v5h_C,/home/igem/unknown_software/datasets/propedia_formatted/propedia_3v5h_C/propedia_3v5h_C_protein_pocket.pdb,/home/igem/unknown_software/datasets/propedia_formatted/propedia_3v5h_C/propedia_3v5h_C_peptide.pdb,propedia
propedia_1d4t_B,/home/igem/unknown_software/datasets/propedia_formatted/propedia_1d4t_B/propedia_1d4t_B_protein_pocket.pdb,/home/igem/unknown_software/datasets/propedia_formatted/propedia_1d4t_B/propedia_1d4t_B_peptide.pdb,propedia
propedia_2h9n_B,/home/igem/unknown_software/datasets/propedia_formatted/propedia_2h9n_B/propedia_2h9n_B_protein_pocket.pdb,/home/igem/unknown_software/datasets/propedia_formatted/propedia_2h9n_B/propedia_2h9n_B_peptide.pdb,propedia
propedia_5tp1_P,/home/igem/unknown_software/datasets/propedia_formatted/propedia_5tp1_P/propedia_5tp1_P_protein_pocket.pdb,/home/igem/unknown_software/datasets/propedia_formatted/propedia_5tp1_P/propedia_5tp1_P_peptide.pdb,propedia_long
propedia_1n8o_A,/home/igem/unknown_software/datasets/propedia_formatted/propedia_1n8o_A/propedia_1n8o_A_protein_pocket.pdb,/home/igem/unknown_software/datasets/propedia_formatted/propedia_1n8o_A/propedia_1n8o_A_peptide.pdb,propedia
propedia_1p7v_B,/home/igem/unknown_software/datasets/propedia_formatted/propedia_1p7v_B/propedia_1p7v_B_protein_pocket.pdb,/home/igem/unknown_software/datasets/propedia_formatted/propedia_1p7v_B/propedia_1p7v_B_peptide.pdb,propedia
propedia_3idg_C,/home/igem/unknown_software/datasets/propedia_formatted/propedia_3idg_C/propedia_3idg_C_protein_pocket.pdb,/home/igem/unknown_software/datasets/propedia_formatted/propedia_3idg_C/propedia_3idg_C_peptide.pdb,propedia
propedia_4k38_C,/home/igem/unknown_software/datasets/propedia_formatted/propedia_4k38_C/propedia_4k38_C_protein_pocket.pdb,/home/igem/unknown_software/datasets/propedia_formatted/propedia_4k38_C/propedia_4k38_C_peptide.pdb,propedia
propedia_4gvc_B,/home/igem/unknown_software/datasets/propedia_formatted/propedia_4gvc_B/propedia_4gvc_B_protein_pocket.pdb,/home/igem/unknown_software/datasets/propedia_formatted/propedia_4gvc_B/propedia_4gvc_B_peptide.pdb,propedia
propedia_6hep_E,/home/igem/unknown_software/datasets/propedia_formatted/propedia_6hep_E/propedia_6hep_E_protein_pocket.pdb,/home/igem/unknown_software/datasets/propedia_formatted/propedia_6hep_E/propedia_6hep_E_peptide.pdb,propedia_long
propedia_2jmj_P,/home/igem/unknown_software/datasets/propedia_formatted/propedia_2jmj_P/propedia_2jmj_P_protein_pocket.pdb,/home/igem/unknown_software/datasets/propedia_formatted/propedia_2jmj_P/propedia_2jmj_P_peptide.pdb,propedia
propedia_4d07_B,/home/igem/unknown_software/datasets/propedia_formatted/propedia_4d07_B/propedia_4d07_B_protein_pocket.pdb,/home/igem/unknown_software/datasets/propedia_formatted/propedia_4d07_B/propedia_4d07_B_peptide.pdb,propedia
propedia_6j9m_A,/home/igem/unknown_software/datasets/propedia_formatted/propedia_6j9m_A/propedia_6j9m_A_protein_pocket.pdb,/home/igem/unknown_software/datasets/propedia_formatted/propedia_6j9m_A/propedia_6j9m_A_peptide.pdb,propedia_long
propedia_3meu_C,/home/igem/unknown_software/datasets/propedia_formatted/propedia_3meu_C/propedia_3meu_C_protein_pocket.pdb,/home/igem/unknown_software/datasets/propedia_formatted/propedia_3meu_C/propedia_3meu_C_peptide.pdb,propedia
propedia_3fea_L,/home/igem/unknown_software/datasets/propedia_formatted/propedia_3fea_L/propedia_3fea_L_protein_pocket.pdb,/home/igem/unknown_software/datasets/propedia_formatted/propedia_3fea_L/propedia_3fea_L_peptide.pdb,propedia
propedia_2nd0_B,/home/igem/unknown_software/datasets/propedia_formatted/propedia_2nd0_B/propedia_2nd0_B_protein_pocket.pdb,/home/igem/unknown_software/datasets/propedia_formatted/propedia_2nd0_B/propedia_2nd0_B_peptide.pdb,propedia_long
propedia_2c2o_C,/home/igem/unknown_software/datasets/propedia_formatted/propedia_2c2o_C/propedia_2c2o_C_protein_pocket.pdb,/home/igem/unknown_software/datasets/propedia_formatted/propedia_2c2o_C/propedia_2c2o_C_peptide.pdb,propedia
propedia_4jog_C,/home/igem/unknown_software/datasets/propedia_formatted/propedia_4jog_C/propedia_4jog_C_protein_pocket.pdb,/home/igem/unknown_software/datasets/propedia_formatted/propedia_4jog_C/propedia_4jog_C_peptide.pdb,propedia
propedia_4jo1_P,/home/igem/unknown_software/datasets/propedia_formatted/propedia_4jo1_P/propedia_4jo1_P_protein_pocket.pdb,/home/igem/unknown_software/datasets/propedia_formatted/propedia_4jo1_P/propedia_4jo1_P_peptide.pdb,propedia
propedia_1s7q_C,/home/igem/unknown_software/datasets/propedia_formatted/propedia_1s7q_C/propedia_1s7q_C_protein_pocket.pdb,/home/igem/unknown_software/datasets/propedia_formatted/propedia_1s7q_C/propedia_1s7q_C_peptide.pdb,propedia
propedia_3ukz_C,/home/igem/unknown_software/datasets/propedia_formatted/propedia_3ukz_C/propedia_3ukz_C_protein_pocket.pdb,/home/igem/unknown_software/datasets/propedia_formatted/propedia_3ukz_C/propedia_3ukz_C_peptide.pdb,propedia_long
propedia_1vac_P,/home/igem/unknown_software/datasets/propedia_formatted/propedia_1vac_P/propedia_1vac_P_protein_pocket.pdb,/home/igem/unknown_software/datasets/propedia_formatted/propedia_1vac_P/propedia_1vac_P_peptide.pdb,propedia
propedia_4qyo_Q,/home/igem/unknown_software/datasets/propedia_formatted/propedia_4qyo_Q/propedia_4qyo_Q_protein_pocket.pdb,/home/igem/unknown_software/datasets/propedia_formatted/propedia_4qyo_Q/propedia_4qyo_Q_peptide.pdb,propedia
propedia_1tjg_P,/home/igem/unknown_software/datasets/propedia_formatted/propedia_1tjg_P/propedia_1tjg_P_protein_pocket.pdb,/home/igem/unknown_software/datasets/propedia_formatted/propedia_1tjg_P/propedia_1tjg_P_peptide.pdb,propedia
propedia_4qh7_C,/home/igem/unknown_software/datasets/propedia_formatted/propedia_4qh7_C/propedia_4qh7_C_protein_pocket.pdb,/home/igem/unknown_software/datasets/propedia_formatted/propedia_4qh7_C/propedia_4qh7_C_peptide.pdb,propedia
propedia_3mod_P,/home/igem/unknown_software/datasets/propedia_formatted/propedia_3mod_P/propedia_3mod_P_protein_pocket.pdb,/home/igem/unknown_software/datasets/propedia_formatted/propedia_3mod_P/propedia_3mod_P_peptide.pdb,propedia
propedia_1b0g_C,/home/igem/unknown_software/datasets/propedia_formatted/propedia_1b0g_C/propedia_1b0g_C_protein_pocket.pdb,/home/igem/unknown_software/datasets/propedia_formatted/propedia_1b0g_C/propedia_1b0g_C_peptide.pdb,propedia
propedia_4h3b_B,/home/igem/unknown_software/datasets/propedia_formatted/propedia_4h3b_B/propedia_4h3b_B_protein_pocket.pdb,/home/igem/unknown_software/datasets/propedia_formatted/propedia_4h3b_B/propedia_4h3b_B_peptide.pdb,propedia
propedia_1f8h_B,/home/igem/unknown_software/datasets/propedia_formatted/propedia_1f8h_B/propedia_1f8h_B_protein_pocket.pdb,/home/igem/unknown_software/datasets/propedia_formatted/propedia_1f8h_B/propedia_1f8h_B_peptide.pdb,propedia
propedia_4y1d_D,/home/igem/unknown_software/datasets/propedia_formatted/propedia_4y1d_D/propedia_4y1d_D_protein_pocket.pdb,/home/igem/unknown_software/datasets/propedia_formatted/propedia_4y1d_D/propedia_4y1d_D_peptide.pdb,propedia
propedia_4bah_A,/home/igem/unknown_software/datasets/propedia_formatted/propedia_4bah_A/propedia_4bah_A_protein_pocket.pdb,/home/igem/unknown_software/datasets/propedia_formatted/propedia_4bah_A/propedia_4bah_A_peptide.pdb,propedia_long
propedia_3e88_C,/home/igem/unknown_software/datasets/propedia_formatted/propedia_3e88_C/propedia_3e88_C_protein_pocket.pdb,/home/igem/unknown_software/datasets/propedia_formatted/propedia_3e88_C/propedia_3e88_C_peptide.pdb,propedia
propedia_3fom_P,/home/igem/unknown_software/datasets/propedia_formatted/propedia_3fom_P/propedia_3fom_P_protein_pocket.pdb,/home/igem/unknown_software/datasets/propedia_formatted/propedia_3fom_P/propedia_3fom_P_peptide.pdb,propedia
propedia_1lb5_B,/home/igem/unknown_software/datasets/propedia_formatted/propedia_1lb5_B/propedia_1lb5_B_protein_pocket.pdb,/home/igem/unknown_software/datasets/propedia_formatted/propedia_1lb5_B/propedia_1lb5_B_peptide.pdb,propedia
propedia_3n84_G,/home/igem/unknown_software/datasets/propedia_formatted/propedia_3n84_G/propedia_3n84_G_protein_pocket.pdb,/home/igem/unknown_software/datasets/propedia_formatted/propedia_3n84_G/propedia_3n84_G_peptide.pdb,propedia
propedia_4mit_E,/home/igem/unknown_software/datasets/propedia_formatted/propedia_4mit_E/propedia_4mit_E_protein_pocket.pdb,/home/igem/unknown_software/datasets/propedia_formatted/propedia_4mit_E/propedia_4mit_E_peptide.pdb,propedia_long
propedia_1h24_E,/home/igem/unknown_software/datasets/propedia_formatted/propedia_1h24_E/propedia_1h24_E_protein_pocket.pdb,/home/igem/unknown_software/datasets/propedia_formatted/propedia_1h24_E/propedia_1h24_E_peptide.pdb,propedia
propedia_2kj4_B,/home/igem/unknown_software/datasets/propedia_formatted/propedia_2kj4_B/propedia_2kj4_B_protein_pocket.pdb,/home/igem/unknown_software/datasets/propedia_formatted/propedia_2kj4_B/propedia_2kj4_B_peptide.pdb,propedia_long
propedia_5di8_C,/home/igem/unknown_software/datasets/propedia_formatted/propedia_5di8_C/propedia_5di8_C_protein_pocket.pdb,/home/igem/unknown_software/datasets/propedia_formatted/propedia_5di8_C/propedia_5di8_C_peptide.pdb,propedia_long
propedia_2hmh_B,/home/igem/unknown_software/datasets/propedia_formatted/propedia_2hmh_B/propedia_2hmh_B_protein_pocket.pdb,/home/igem/unknown_software/datasets/propedia_formatted/propedia_2hmh_B/propedia_2hmh_B_peptide.pdb,propedia
propedia_5c0c_C,/home/igem/unknown_software/datasets/propedia_formatted/propedia_5c0c_C/propedia_5c0c_C_protein_pocket.pdb,/home/igem/unknown_software/datasets/propedia_formatted/propedia_5c0c_C/propedia_5c0c_C_peptide.pdb,propedia
propedia_1ypm_I,/home/igem/unknown_software/datasets/propedia_formatted/propedia_1ypm_I/propedia_1ypm_I_protein_pocket.pdb,/home/igem/unknown_software/datasets/propedia_formatted/propedia_1ypm_I/propedia_1ypm_I_peptide.pdb,propedia
propedia_3rl7_G,/home/igem/unknown_software/datasets/propedia_formatted/propedia_3rl7_G/propedia_3rl7_G_protein_pocket.pdb,/home/igem/unknown_software/datasets/propedia_formatted/propedia_3rl7_G/propedia_3rl7_G_peptide.pdb,propedia
propedia_4zto_P,/home/igem/unknown_software/datasets/propedia_formatted/propedia_4zto_P/propedia_4zto_P_protein_pocket.pdb,/home/igem/unknown_software/datasets/propedia_formatted/propedia_4zto_P/propedia_4zto_P_peptide.pdb,propedia
propedia_2cik_C,/home/igem/unknown_software/datasets/propedia_formatted/propedia_2cik_C/propedia_2cik_C_protein_pocket.pdb,/home/igem/unknown_software/datasets/propedia_formatted/propedia_2cik_C/propedia_2cik_C_peptide.pdb,propedia
propedia_3emy_B,/home/igem/unknown_software/datasets/propedia_formatted/propedia_3emy_B/propedia_3emy_B_protein_pocket.pdb,/home/igem/unknown_software/datasets/propedia_formatted/propedia_3emy_B/propedia_3emy_B_peptide.pdb,propedia
propedia_5wsv_B,/home/igem/unknown_software/datasets/propedia_formatted/propedia_5wsv_B/propedia_5wsv_B_protein_pocket.pdb,/home/igem/unknown_software/datasets/propedia_formatted/propedia_5wsv_B/propedia_5wsv_B_peptide.pdb,propedia_long
propedia_5agu_C,/home/igem/unknown_software/datasets/propedia_formatted/propedia_5agu_C/propedia_5agu_C_protein_pocket.pdb,/home/igem/unknown_software/datasets/propedia_formatted/propedia_5agu_C/propedia_5agu_C_peptide.pdb,propedia
propedia_3n9p_B,/home/igem/unknown_software/datasets/propedia_formatted/propedia_3n9p_B/propedia_3n9p_B_protein_pocket.pdb,/home/igem/unknown_software/datasets/propedia_formatted/propedia_3n9p_B/propedia_3n9p_B_peptide.pdb,propedia
propedia_3iux_B,/home/igem/unknown_software/datasets/propedia_formatted/propedia_3iux_B/propedia_3iux_B_protein_pocket.pdb,/home/igem/unknown_software/datasets/propedia_formatted/propedia_3iux_B/propedia_3iux_B_peptide.pdb,propedia_long
propedia_4dgy_A,/home/igem/unknown_software/datasets/propedia_formatted/propedia_4dgy_A/propedia_4dgy_A_protein_pocket.pdb,/home/igem/unknown_software/datasets/propedia_formatted/propedia_4dgy_A/propedia_4dgy_A_peptide.pdb,propedia
propedia_1lf8_E,/home/igem/unknown_software/datasets/propedia_formatted/propedia_1lf8_E/propedia_1lf8_E_protein_pocket.pdb,/home/igem/unknown_software/datasets/propedia_formatted/propedia_1lf8_E/propedia_1lf8_E_peptide.pdb,propedia
propedia_3lqj_Q,/home/igem/unknown_software/datasets/propedia_formatted/propedia_3lqj_Q/propedia_3lqj_Q_protein_pocket.pdb,/home/igem/unknown_software/datasets/propedia_formatted/propedia_3lqj_Q/propedia_3lqj_Q_peptide.pdb,propedia
propedia_3v4u_P,/home/igem/unknown_software/datasets/propedia_formatted/propedia_3v4u_P/propedia_3v4u_P_protein_pocket.pdb,/home/igem/unknown_software/datasets/propedia_formatted/propedia_3v4u_P/propedia_3v4u_P_peptide.pdb,propedia
propedia_2f53_C,/home/igem/unknown_software/datasets/propedia_formatted/propedia_2f53_C/propedia_2f53_C_protein_pocket.pdb,/home/igem/unknown_software/datasets/propedia_formatted/propedia_2f53_C/propedia_2f53_C_peptide.pdb,propedia
propedia_6blh_G,/home/igem/unknown_software/datasets/propedia_formatted/propedia_6blh_G/propedia_6blh_G_protein_pocket.pdb,/home/igem/unknown_software/datasets/propedia_formatted/propedia_6blh_G/propedia_6blh_G_peptide.pdb,propedia_long
propedia_1rst_P,/home/igem/unknown_software/datasets/propedia_formatted/propedia_1rst_P/propedia_1rst_P_protein_pocket.pdb,/home/igem/unknown_software/datasets/propedia_formatted/propedia_1rst_P/propedia_1rst_P_peptide.pdb,propedia
propedia_1ozs_B,/home/igem/unknown_software/datasets/propedia_formatted/propedia_1ozs_B/propedia_1ozs_B_protein_pocket.pdb,/home/igem/unknown_software/datasets/propedia_formatted/propedia_1ozs_B/propedia_1ozs_B_peptide.pdb,propedia_long
propedia_4dgb_B,/home/igem/unknown_software/datasets/propedia_formatted/propedia_4dgb_B/propedia_4dgb_B_protein_pocket.pdb,/home/igem/unknown_software/datasets/propedia_formatted/propedia_4dgb_B/propedia_4dgb_B_peptide.pdb,propedia
propedia_1nx0_C,/home/igem/unknown_software/datasets/propedia_formatted/propedia_1nx0_C/propedia_1nx0_C_protein_pocket.pdb,/home/igem/unknown_software/datasets/propedia_formatted/propedia_1nx0_C/propedia_1nx0_C_peptide.pdb,propedia
propedia_3kz0_C,/home/igem/unknown_software/datasets/propedia_formatted/propedia_3kz0_C/propedia_3kz0_C_protein_pocket.pdb,/home/igem/unknown_software/datasets/propedia_formatted/propedia_3kz0_C/propedia_3kz0_C_peptide.pdb,propedia_long
propedia_2eeo_A,/home/igem/unknown_software/datasets/propedia_formatted/propedia_2eeo_A/propedia_2eeo_A_protein_pocket.pdb,/home/igem/unknown_software/datasets/propedia_formatted/propedia_2eeo_A/propedia_2eeo_A_peptide.pdb,propedia_long
propedia_4yjl_G,/home/igem/unknown_software/datasets/propedia_formatted/propedia_4yjl_G/propedia_4yjl_G_protein_pocket.pdb,/home/igem/unknown_software/datasets/propedia_formatted/propedia_4yjl_G/propedia_4yjl_G_peptide.pdb,propedia_long
propedia_1er8_I,/home/igem/unknown_software/datasets/propedia_formatted/propedia_1er8_I/propedia_1er8_I_protein_pocket.pdb,/home/igem/unknown_software/datasets/propedia_formatted/propedia_1er8_I/propedia_1er8_I_peptide.pdb,propedia
propedia_2gns_P,/home/igem/unknown_software/datasets/propedia_formatted/propedia_2gns_P/propedia_2gns_P_protein_pocket.pdb,/home/igem/unknown_software/datasets/propedia_formatted/propedia_2gns_P/propedia_2gns_P_peptide.pdb,propedia
propedia_4wvs_B,/home/igem/unknown_software/datasets/propedia_formatted/propedia_4wvs_B/propedia_4wvs_B_protein_pocket.pdb,/home/igem/unknown_software/datasets/propedia_formatted/propedia_4wvs_B/propedia_4wvs_B_peptide.pdb,propedia
propedia_3maz_B,/home/igem/unknown_software/datasets/propedia_formatted/propedia_3maz_B/propedia_3maz_B_protein_pocket.pdb,/home/igem/unknown_software/datasets/propedia_formatted/propedia_3maz_B/propedia_3maz_B_peptide.pdb,propedia
propedia_4mzg_A,/home/igem/unknown_software/datasets/propedia_formatted/propedia_4mzg_A/propedia_4mzg_A_protein_pocket.pdb,/home/igem/unknown_software/datasets/propedia_formatted/propedia_4mzg_A/propedia_4mzg_A_peptide.pdb,propedia
propedia_1ybo_C,/home/igem/unknown_software/datasets/propedia_formatted/propedia_1ybo_C/propedia_1ybo_C_protein_pocket.pdb,/home/igem/unknown_software/datasets/propedia_formatted/propedia_1ybo_C/propedia_1ybo_C_peptide.pdb,propedia
propedia_6hcs_B,/home/igem/unknown_software/datasets/propedia_formatted/propedia_6hcs_B/propedia_6hcs_B_protein_pocket.pdb,/home/igem/unknown_software/datasets/propedia_formatted/propedia_6hcs_B/propedia_6hcs_B_peptide.pdb,propedia_long
propedia_2zsv_E,/home/igem/unknown_software/datasets/propedia_formatted/propedia_2zsv_E/propedia_2zsv_E_protein_pocket.pdb,/home/igem/unknown_software/datasets/propedia_formatted/propedia_2zsv_E/propedia_2zsv_E_peptide.pdb,propedia
propedia_1vr1_I,/home/igem/unknown_software/datasets/propedia_formatted/propedia_1vr1_I/propedia_1vr1_I_protein_pocket.pdb,/home/igem/unknown_software/datasets/propedia_formatted/propedia_1vr1_I/propedia_1vr1_I_peptide.pdb,propedia
propedia_4zuv_C,/home/igem/unknown_software/datasets/propedia_formatted/propedia_4zuv_C/propedia_4zuv_C_protein_pocket.pdb,/home/igem/unknown_software/datasets/propedia_formatted/propedia_4zuv_C/propedia_4zuv_C_peptide.pdb,propedia
propedia_3wdc_B,/home/igem/unknown_software/datasets/propedia_formatted/propedia_3wdc_B/propedia_3wdc_B_protein_pocket.pdb,/home/igem/unknown_software/datasets/propedia_formatted/propedia_3wdc_B/propedia_3wdc_B_peptide.pdb,propedia
propedia_3zil_B,/home/igem/unknown_software/datasets/propedia_formatted/propedia_3zil_B/propedia_3zil_B_protein_pocket.pdb,/home/igem/unknown_software/datasets/propedia_formatted/propedia_3zil_B/propedia_3zil_B_peptide.pdb,propedia
propedia_4tky_E,/home/igem/unknown_software/datasets/propedia_formatted/propedia_4tky_E/propedia_4tky_E_protein_pocket.pdb,/home/igem/unknown_software/datasets/propedia_formatted/propedia_4tky_E/propedia_4tky_E_peptide.pdb,propedia
propedia_3mgt_C,/home/igem/unknown_software/datasets/propedia_formatted/propedia_3mgt_C/propedia_3mgt_C_protein_pocket.pdb,/home/igem/unknown_software/datasets/propedia_formatted/propedia_3mgt_C/propedia_3mgt_C_peptide.pdb,propedia
propedia_5afw_B,/home/igem/unknown_software/datasets/propedia_formatted/propedia_5afw_B/propedia_5afw_B_protein_pocket.pdb,/home/igem/unknown_software/datasets/propedia_formatted/propedia_5afw_B/propedia_5afw_B_peptide.pdb,propedia
propedia_3mgt_C,/home/igem/unknown_software/datasets/propedia_formatted/propedia_3mgt_C/propedia_3mgt_C_protein_pocket.pdb,/home/igem/unknown_software/datasets/propedia_formatted/propedia_3mgt_C/propedia_3mgt_C_peptide.pdb,propedia
propedia_1sdz_B,/home/igem/unknown_software/datasets/propedia_formatted/propedia_1sdz_B/propedia_1sdz_B_protein_pocket.pdb,/home/igem/unknown_software/datasets/propedia_formatted/propedia_1sdz_B/propedia_1sdz_B_peptide.pdb,propedia
propedia_1elw_C,/home/igem/unknown_software/datasets/propedia_formatted/propedia_1elw_C/propedia_1elw_C_protein_pocket.pdb,/home/igem/unknown_software/datasets/propedia_formatted/propedia_1elw_C/propedia_1elw_C_peptide.pdb,propedia
propedia_1fgl_B,/home/igem/unknown_software/datasets/propedia_formatted/propedia_1fgl_B/propedia_1fgl_B_protein_pocket.pdb,/home/igem/unknown_software/datasets/propedia_formatted/propedia_1fgl_B/propedia_1fgl_B_peptide.pdb,propedia
propedia_1oo4_B,/home/igem/unknown_software/datasets/propedia_formatted/propedia_1oo4_B/propedia_1oo4_B_protein_pocket.pdb,/home/igem/unknown_software/datasets/propedia_formatted/propedia_1oo4_B/propedia_1oo4_B_peptide.pdb,propedia
propedia_2a4j_B,/home/igem/unknown_software/datasets/propedia_formatted/propedia_2a4j_B/propedia_2a4j_B_protein_pocket.pdb,/home/igem/unknown_software/datasets/propedia_formatted/propedia_2a4j_B/propedia_2a4j_B_peptide.pdb,propedia_long
propedia_2kzu_B,/home/igem/unknown_software/datasets/propedia_formatted/propedia_2kzu_B/propedia_2kzu_B_protein_pocket.pdb,/home/igem/unknown_software/datasets/propedia_formatted/propedia_2kzu_B/propedia_2kzu_B_peptide.pdb,propedia_long
propedia_3c2g_C,/home/igem/unknown_software/datasets/propedia_formatted/propedia_3c2g_C/propedia_3c2g_C_protein_pocket.pdb,/home/igem/unknown_software/datasets/propedia_formatted/propedia_3c2g_C/propedia_3c2g_C_peptide.pdb,propedia
propedia_4x3k_C,/home/igem/unknown_software/datasets/propedia_formatted/propedia_4x3k_C/propedia_4x3k_C_protein_pocket.pdb,/home/igem/unknown_software/datasets/propedia_formatted/propedia_4x3k_C/propedia_4x3k_C_peptide.pdb,propedia
propedia_2ght_C,/home/igem/unknown_software/datasets/propedia_formatted/propedia_2ght_C/propedia_2ght_C_protein_pocket.pdb,/home/igem/unknown_software/datasets/propedia_formatted/propedia_2ght_C/propedia_2ght_C_peptide.pdb,propedia
propedia_2mnj_A,/home/igem/unknown_software/datasets/propedia_formatted/propedia_2mnj_A/propedia_2mnj_A_protein_pocket.pdb,/home/igem/unknown_software/datasets/propedia_formatted/propedia_2mnj_A/propedia_2mnj_A_peptide.pdb,propedia_long
propedia_3h8d_E,/home/igem/unknown_software/datasets/propedia_formatted/propedia_3h8d_E/propedia_3h8d_E_protein_pocket.pdb,/home/igem/unknown_software/datasets/propedia_formatted/propedia_3h8d_E/propedia_3h8d_E_peptide.pdb,propedia_long
propedia_4x3i_B,/home/igem/unknown_software/datasets/propedia_formatted/propedia_4x3i_B/propedia_4x3i_B_protein_pocket.pdb,/home/igem/unknown_software/datasets/propedia_formatted/propedia_4x3i_B/propedia_4x3i_B_peptide.pdb,propedia
propedia_4b8y_B,/home/igem/unknown_software/datasets/propedia_formatted/propedia_4b8y_B/propedia_4b8y_B_protein_pocket.pdb,/home/igem/unknown_software/datasets/propedia_formatted/propedia_4b8y_B/propedia_4b8y_B_peptide.pdb,propedia
propedia_3rc0_P,/home/igem/unknown_software/datasets/propedia_formatted/propedia_3rc0_P/propedia_3rc0_P_protein_pocket.pdb,/home/igem/unknown_software/datasets/propedia_formatted/propedia_3rc0_P/propedia_3rc0_P_peptide.pdb,propedia
propedia_1a9e_C,/home/igem/unknown_software/datasets/propedia_formatted/propedia_1a9e_C/propedia_1a9e_C_protein_pocket.pdb,/home/igem/unknown_software/datasets/propedia_formatted/propedia_1a9e_C/propedia_1a9e_C_peptide.pdb,propedia
propedia_1awi_P,/home/igem/unknown_software/datasets/propedia_formatted/propedia_1awi_P/propedia_1awi_P_protein_pocket.pdb,/home/igem/unknown_software/datasets/propedia_formatted/propedia_1awi_P/propedia_1awi_P_peptide.pdb,propedia
propedia_2kff_B,/home/igem/unknown_software/datasets/propedia_formatted/propedia_2kff_B/propedia_2kff_B_protein_pocket.pdb,/home/igem/unknown_software/datasets/propedia_formatted/propedia_2kff_B/propedia_2kff_B_peptide.pdb,propedia
propedia_3zke_B,/home/igem/unknown_software/datasets/propedia_formatted/propedia_3zke_B/propedia_3zke_B_protein_pocket.pdb,/home/igem/unknown_software/datasets/propedia_formatted/propedia_3zke_B/propedia_3zke_B_peptide.pdb,propedia
propedia_4rxz_C,/home/igem/unknown_software/datasets/propedia_formatted/propedia_4rxz_C/propedia_4rxz_C_protein_pocket.pdb,/home/igem/unknown_software/datasets/propedia_formatted/propedia_4rxz_C/propedia_4rxz_C_peptide.pdb,propedia
propedia_3drj_B,/home/igem/unknown_software/datasets/propedia_formatted/propedia_3drj_B/propedia_3drj_B_protein_pocket.pdb,/home/igem/unknown_software/datasets/propedia_formatted/propedia_3drj_B/propedia_3drj_B_peptide.pdb,propedia
propedia_3vb4_E,/home/igem/unknown_software/datasets/propedia_formatted/propedia_3vb4_E/propedia_3vb4_E_protein_pocket.pdb,/home/igem/unknown_software/datasets/propedia_formatted/propedia_3vb4_E/propedia_3vb4_E_peptide.pdb,propedia
propedia_2y1n_B,/home/igem/unknown_software/datasets/propedia_formatted/propedia_2y1n_B/propedia_2y1n_B_protein_pocket.pdb,/home/igem/unknown_software/datasets/propedia_formatted/propedia_2y1n_B/propedia_2y1n_B_peptide.pdb,propedia
propedia_2pqr_C,/home/igem/unknown_software/datasets/propedia_formatted/propedia_2pqr_C/propedia_2pqr_C_protein_pocket.pdb,/home/igem/unknown_software/datasets/propedia_formatted/propedia_2pqr_C/propedia_2pqr_C_peptide.pdb,propedia_long
propedia_3tz1_B,/home/igem/unknown_software/datasets/propedia_formatted/propedia_3tz1_B/propedia_3tz1_B_protein_pocket.pdb,/home/igem/unknown_software/datasets/propedia_formatted/propedia_3tz1_B/propedia_3tz1_B_peptide.pdb,propedia_long
propedia_1tji_P,/home/igem/unknown_software/datasets/propedia_formatted/propedia_1tji_P/propedia_1tji_P_protein_pocket.pdb,/home/igem/unknown_software/datasets/propedia_formatted/propedia_1tji_P/propedia_1tji_P_peptide.pdb,propedia_long
propedia_1w72_C,/home/igem/unknown_software/datasets/propedia_formatted/propedia_1w72_C/propedia_1w72_C_protein_pocket.pdb,/home/igem/unknown_software/datasets/propedia_formatted/propedia_1w72_C/propedia_1w72_C_peptide.pdb,propedia
propedia_4x8p_B,/home/igem/unknown_software/datasets/propedia_formatted/propedia_4x8p_B/propedia_4x8p_B_protein_pocket.pdb,/home/igem/unknown_software/datasets/propedia_formatted/propedia_4x8p_B/propedia_4x8p_B_peptide.pdb,propedia
propedia_4hva_C,/home/igem/unknown_software/datasets/propedia_formatted/propedia_4hva_C/propedia_4hva_C_protein_pocket.pdb,/home/igem/unknown_software/datasets/propedia_formatted/propedia_4hva_C/propedia_4hva_C_peptide.pdb,propedia
propedia_3p1o_P,/home/igem/unknown_software/datasets/propedia_formatted/propedia_3p1o_P/propedia_3p1o_P_protein_pocket.pdb,/home/igem/unknown_software/datasets/propedia_formatted/propedia_3p1o_P/propedia_3p1o_P_peptide.pdb,propedia
propedia_1p12_I,/home/igem/unknown_software/datasets/propedia_formatted/propedia_1p12_I/propedia_1p12_I_protein_pocket.pdb,/home/igem/unknown_software/datasets/propedia_formatted/propedia_1p12_I/propedia_1p12_I_peptide.pdb,propedia
propedia_1cwf_C,/home/igem/unknown_software/datasets/propedia_formatted/propedia_1cwf_C/propedia_1cwf_C_protein_pocket.pdb,/home/igem/unknown_software/datasets/propedia_formatted/propedia_1cwf_C/propedia_1cwf_C_peptide.pdb,propedia
propedia_1leg_P,/home/igem/unknown_software/datasets/propedia_formatted/propedia_1leg_P/propedia_1leg_P_protein_pocket.pdb,/home/igem/unknown_software/datasets/propedia_formatted/propedia_1leg_P/propedia_1leg_P_peptide.pdb,propedia
propedia_2z3d_I,/home/igem/unknown_software/datasets/propedia_formatted/propedia_2z3d_I/propedia_2z3d_I_protein_pocket.pdb,/home/igem/unknown_software/datasets/propedia_formatted/propedia_2z3d_I/propedia_2z3d_I_peptide.pdb,propedia
propedia_4n8v_C,/home/igem/unknown_software/datasets/propedia_formatted/propedia_4n8v_C/propedia_4n8v_C_protein_pocket.pdb,/home/igem/unknown_software/datasets/propedia_formatted/propedia_4n8v_C/propedia_4n8v_C_peptide.pdb,propedia
propedia_4z80_C,/home/igem/unknown_software/datasets/propedia_formatted/propedia_4z80_C/propedia_4z80_C_protein_pocket.pdb,/home/igem/unknown_software/datasets/propedia_formatted/propedia_4z80_C/propedia_4z80_C_peptide.pdb,propedia_long
propedia_4z2o_P,/home/igem/unknown_software/datasets/propedia_formatted/propedia_4z2o_P/propedia_4z2o_P_protein_pocket.pdb,/home/igem/unknown_software/datasets/propedia_formatted/propedia_4z2o_P/propedia_4z2o_P_peptide.pdb,propedia
propedia_2rfx_C,/home/igem/unknown_software/datasets/propedia_formatted/propedia_2rfx_C/propedia_2rfx_C_protein_pocket.pdb,/home/igem/unknown_software/datasets/propedia_formatted/propedia_2rfx_C/propedia_2rfx_C_peptide.pdb,propedia
propedia_4uq2_E,/home/igem/unknown_software/datasets/propedia_formatted/propedia_4uq2_E/propedia_4uq2_E_protein_pocket.pdb,/home/igem/unknown_software/datasets/propedia_formatted/propedia_4uq2_E/propedia_4uq2_E_peptide.pdb,propedia
propedia_3idj_C,/home/igem/unknown_software/datasets/propedia_formatted/propedia_3idj_C/propedia_3idj_C_protein_pocket.pdb,/home/igem/unknown_software/datasets/propedia_formatted/propedia_3idj_C/propedia_3idj_C_peptide.pdb,propedia
propedia_2aka_L,/home/igem/unknown_software/datasets/propedia_formatted/propedia_2aka_L/propedia_2aka_L_protein_pocket.pdb,/home/igem/unknown_software/datasets/propedia_formatted/propedia_2aka_L/propedia_2aka_L_peptide.pdb,propedia
propedia_2p8o_A,/home/igem/unknown_software/datasets/propedia_formatted/propedia_2p8o_A/propedia_2p8o_A_protein_pocket.pdb,/home/igem/unknown_software/datasets/propedia_formatted/propedia_2p8o_A/propedia_2p8o_A_peptide.pdb,propedia
propedia_4mli_B,/home/igem/unknown_software/datasets/propedia_formatted/propedia_4mli_B/propedia_4mli_B_protein_pocket.pdb,/home/igem/unknown_software/datasets/propedia_formatted/propedia_4mli_B/propedia_4mli_B_peptide.pdb,propedia
propedia_4uqy_B,/home/igem/unknown_software/datasets/propedia_formatted/propedia_4uqy_B/propedia_4uqy_B_protein_pocket.pdb,/home/igem/unknown_software/datasets/propedia_formatted/propedia_4uqy_B/propedia_4uqy_B_peptide.pdb,propedia_long
propedia_1bt6_C,/home/igem/unknown_software/datasets/propedia_formatted/propedia_1bt6_C/propedia_1bt6_C_protein_pocket.pdb,/home/igem/unknown_software/datasets/propedia_formatted/propedia_1bt6_C/propedia_1bt6_C_peptide.pdb,propedia
propedia_4wjp_B,/home/igem/unknown_software/datasets/propedia_formatted/propedia_4wjp_B/propedia_4wjp_B_protein_pocket.pdb,/home/igem/unknown_software/datasets/propedia_formatted/propedia_4wjp_B/propedia_4wjp_B_peptide.pdb,propedia
propedia_1y98_B,/home/igem/unknown_software/datasets/propedia_formatted/propedia_1y98_B/propedia_1y98_B_protein_pocket.pdb,/home/igem/unknown_software/datasets/propedia_formatted/propedia_1y98_B/propedia_1y98_B_peptide.pdb,propedia
propedia_5c0a_C,/home/igem/unknown_software/datasets/propedia_formatted/propedia_5c0a_C/propedia_5c0a_C_protein_pocket.pdb,/home/igem/unknown_software/datasets/propedia_formatted/propedia_5c0a_C/propedia_5c0a_C_peptide.pdb,propedia
propedia_2bfx_C,/home/igem/unknown_software/datasets/propedia_formatted/propedia_2bfx_C/propedia_2bfx_C_protein_pocket.pdb,/home/igem/unknown_software/datasets/propedia_formatted/propedia_2bfx_C/propedia_2bfx_C_peptide.pdb,propedia_long
propedia_4joh_C,/home/igem/unknown_software/datasets/propedia_formatted/propedia_4joh_C/propedia_4joh_C_protein_pocket.pdb,/home/igem/unknown_software/datasets/propedia_formatted/propedia_4joh_C/propedia_4joh_C_peptide.pdb,propedia
propedia_4fl8_C,/home/igem/unknown_software/datasets/propedia_formatted/propedia_4fl8_C/propedia_4fl8_C_protein_pocket.pdb,/home/igem/unknown_software/datasets/propedia_formatted/propedia_4fl8_C/propedia_4fl8_C_peptide.pdb,propedia
propedia_5gsa_C,/home/igem/unknown_software/datasets/propedia_formatted/propedia_5gsa_C/propedia_5gsa_C_protein_pocket.pdb,/home/igem/unknown_software/datasets/propedia_formatted/propedia_5gsa_C/propedia_5gsa_C_peptide.pdb,propedia_long
propedia_4prp_C,/home/igem/unknown_software/datasets/propedia_formatted/propedia_4prp_C/propedia_4prp_C_protein_pocket.pdb,/home/igem/unknown_software/datasets/propedia_formatted/propedia_4prp_C/propedia_4prp_C_peptide.pdb,propedia
propedia_2c1n_C,/home/igem/unknown_software/datasets/propedia_formatted/propedia_2c1n_C/propedia_2c1n_C_protein_pocket.pdb,/home/igem/unknown_software/datasets/propedia_formatted/propedia_2c1n_C/propedia_2c1n_C_peptide.pdb,propedia
propedia_4j7b_C,/home/igem/unknown_software/datasets/propedia_formatted/propedia_4j7b_C/propedia_4j7b_C_protein_pocket.pdb,/home/igem/unknown_software/datasets/propedia_formatted/propedia_4j7b_C/propedia_4j7b_C_peptide.pdb,propedia_long
propedia_4x1h_C,/home/igem/unknown_software/datasets/propedia_formatted/propedia_4x1h_C/propedia_4x1h_C_protein_pocket.pdb,/home/igem/unknown_software/datasets/propedia_formatted/propedia_4x1h_C/propedia_4x1h_C_peptide.pdb,propedia
propedia_3fma_L,/home/igem/unknown_software/datasets/propedia_formatted/propedia_3fma_L/propedia_3fma_L_protein_pocket.pdb,/home/igem/unknown_software/datasets/propedia_formatted/propedia_3fma_L/propedia_3fma_L_peptide.pdb,propedia
propedia_5ky7_B,/home/igem/unknown_software/datasets/propedia_formatted/propedia_5ky7_B/propedia_5ky7_B_protein_pocket.pdb,/home/igem/unknown_software/datasets/propedia_formatted/propedia_5ky7_B/propedia_5ky7_B_peptide.pdb,propedia_long
propedia_4f7m_C,/home/igem/unknown_software/datasets/propedia_formatted/propedia_4f7m_C/propedia_4f7m_C_protein_pocket.pdb,/home/igem/unknown_software/datasets/propedia_formatted/propedia_4f7m_C/propedia_4f7m_C_peptide.pdb,propedia
propedia_1lew_B,/home/igem/unknown_software/datasets/propedia_formatted/propedia_1lew_B/propedia_1lew_B_protein_pocket.pdb,/home/igem/unknown_software/datasets/propedia_formatted/propedia_1lew_B/propedia_1lew_B_peptide.pdb,propedia
propedia_5xv8_A,/home/igem/unknown_software/datasets/propedia_formatted/propedia_5xv8_A/propedia_5xv8_A_protein_pocket.pdb,/home/igem/unknown_software/datasets/propedia_formatted/propedia_5xv8_A/propedia_5xv8_A_peptide.pdb,propedia_long
propedia_3zia_J,/home/igem/unknown_software/datasets/propedia_formatted/propedia_3zia_J/propedia_3zia_J_protein_pocket.pdb,/home/igem/unknown_software/datasets/propedia_formatted/propedia_3zia_J/propedia_3zia_J_peptide.pdb,propedia_long
propedia_4x1n_P,/home/igem/unknown_software/datasets/propedia_formatted/propedia_4x1n_P/propedia_4x1n_P_protein_pocket.pdb,/home/igem/unknown_software/datasets/propedia_formatted/propedia_4x1n_P/propedia_4x1n_P_peptide.pdb,propedia
propedia_3brh_C,/home/igem/unknown_software/datasets/propedia_formatted/propedia_3brh_C/propedia_3brh_C_protein_pocket.pdb,/home/igem/unknown_software/datasets/propedia_formatted/propedia_3brh_C/propedia_3brh_C_peptide.pdb,propedia
propedia_3unn_B,/home/igem/unknown_software/datasets/propedia_formatted/propedia_3unn_B/propedia_3unn_B_protein_pocket.pdb,/home/igem/unknown_software/datasets/propedia_formatted/propedia_3unn_B/propedia_3unn_B_peptide.pdb,propedia
propedia_4jqx_B,/home/igem/unknown_software/datasets/propedia_formatted/propedia_4jqx_B/propedia_4jqx_B_protein_pocket.pdb,/home/igem/unknown_software/datasets/propedia_formatted/propedia_4jqx_B/propedia_4jqx_B_peptide.pdb,propedia
propedia_1fph_F,/home/igem/unknown_software/datasets/propedia_formatted/propedia_1fph_F/propedia_1fph_F_protein_pocket.pdb,/home/igem/unknown_software/datasets/propedia_formatted/propedia_1fph_F/propedia_1fph_F_peptide.pdb,propedia
propedia_2bnr_C,/home/igem/unknown_software/datasets/propedia_formatted/propedia_2bnr_C/propedia_2bnr_C_protein_pocket.pdb,/home/igem/unknown_software/datasets/propedia_formatted/propedia_2bnr_C/propedia_2bnr_C_peptide.pdb,propedia
propedia_2jnw_B,/home/igem/unknown_software/datasets/propedia_formatted/propedia_2jnw_B/propedia_2jnw_B_protein_pocket.pdb,/home/igem/unknown_software/datasets/propedia_formatted/propedia_2jnw_B/propedia_2jnw_B_peptide.pdb,propedia
propedia_4mvk_B,/home/igem/unknown_software/datasets/propedia_formatted/propedia_4mvk_B/propedia_4mvk_B_protein_pocket.pdb,/home/igem/unknown_software/datasets/propedia_formatted/propedia_4mvk_B/propedia_4mvk_B_peptide.pdb,propedia
propedia_4ogq_E,/home/igem/unknown_software/datasets/propedia_formatted/propedia_4ogq_E/propedia_4ogq_E_protein_pocket.pdb,/home/igem/unknown_software/datasets/propedia_formatted/propedia_4ogq_E/propedia_4ogq_E_peptide.pdb,propedia_long
propedia_3w8j_C,/home/igem/unknown_software/datasets/propedia_formatted/propedia_3w8j_C/propedia_3w8j_C_protein_pocket.pdb,/home/igem/unknown_software/datasets/propedia_formatted/propedia_3w8j_C/propedia_3w8j_C_peptide.pdb,propedia
propedia_2mfq_B,/home/igem/unknown_software/datasets/propedia_formatted/propedia_2mfq_B/propedia_2mfq_B_protein_pocket.pdb,/home/igem/unknown_software/datasets/propedia_formatted/propedia_2mfq_B/propedia_2mfq_B_peptide.pdb,propedia_long
propedia_3u8t_I,/home/igem/unknown_software/datasets/propedia_formatted/propedia_3u8t_I/propedia_3u8t_I_protein_pocket.pdb,/home/igem/unknown_software/datasets/propedia_formatted/propedia_3u8t_I/propedia_3u8t_I_peptide.pdb,propedia
propedia_3u0t_E,/home/igem/unknown_software/datasets/propedia_formatted/propedia_3u0t_E/propedia_3u0t_E_protein_pocket.pdb,/home/igem/unknown_software/datasets/propedia_formatted/propedia_3u0t_E/propedia_3u0t_E_peptide.pdb,propedia
propedia_4xev_C,/home/igem/unknown_software/datasets/propedia_formatted/propedia_4xev_C/propedia_4xev_C_protein_pocket.pdb,/home/igem/unknown_software/datasets/propedia_formatted/propedia_4xev_C/propedia_4xev_C_peptide.pdb,propedia_long
propedia_2wo6_C,/home/igem/unknown_software/datasets/propedia_formatted/propedia_2wo6_C/propedia_2wo6_C_protein_pocket.pdb,/home/igem/unknown_software/datasets/propedia_formatted/propedia_2wo6_C/propedia_2wo6_C_peptide.pdb,propedia
propedia_4qx7_E,/home/igem/unknown_software/datasets/propedia_formatted/propedia_4qx7_E/propedia_4qx7_E_protein_pocket.pdb,/home/igem/unknown_software/datasets/propedia_formatted/propedia_4qx7_E/propedia_4qx7_E_peptide.pdb,propedia_long
propedia_1gyb_E,/home/igem/unknown_software/datasets/propedia_formatted/propedia_1gyb_E/propedia_1gyb_E_protein_pocket.pdb,/home/igem/unknown_software/datasets/propedia_formatted/propedia_1gyb_E/propedia_1gyb_E_peptide.pdb,propedia
propedia_4uq3_E,/home/igem/unknown_software/datasets/propedia_formatted/propedia_4uq3_E/propedia_4uq3_E_protein_pocket.pdb,/home/igem/unknown_software/datasets/propedia_formatted/propedia_4uq3_E/propedia_4uq3_E_peptide.pdb,propedia
propedia_4wvu_B,/home/igem/unknown_software/datasets/propedia_formatted/propedia_4wvu_B/propedia_4wvu_B_protein_pocket.pdb,/home/igem/unknown_software/datasets/propedia_formatted/propedia_4wvu_B/propedia_4wvu_B_peptide.pdb,propedia
propedia_1t1z_C,/home/igem/unknown_software/datasets/propedia_formatted/propedia_1t1z_C/propedia_1t1z_C_protein_pocket.pdb,/home/igem/unknown_software/datasets/propedia_formatted/propedia_1t1z_C/propedia_1t1z_C_peptide.pdb,propedia
propedia_6in9_C,/home/igem/unknown_software/datasets/propedia_formatted/propedia_6in9_C/propedia_6in9_C_protein_pocket.pdb,/home/igem/unknown_software/datasets/propedia_formatted/propedia_6in9_C/propedia_6in9_C_peptide.pdb,propedia_long
propedia_4gch_E,/home/igem/unknown_software/datasets/propedia_formatted/propedia_4gch_E/propedia_4gch_E_protein_pocket.pdb,/home/igem/unknown_software/datasets/propedia_formatted/propedia_4gch_E/propedia_4gch_E_peptide.pdb,propedia
propedia_2lbm_C,/home/igem/unknown_software/datasets/propedia_formatted/propedia_2lbm_C/propedia_2lbm_C_protein_pocket.pdb,/home/igem/unknown_software/datasets/propedia_formatted/propedia_2lbm_C/propedia_2lbm_C_peptide.pdb,propedia_long
propedia_2hdx_G,/home/igem/unknown_software/datasets/propedia_formatted/propedia_2hdx_G/propedia_2hdx_G_protein_pocket.pdb,/home/igem/unknown_software/datasets/propedia_formatted/propedia_2hdx_G/propedia_2hdx_G_peptide.pdb,propedia
propedia_4yym_Z,/home/igem/unknown_software/datasets/propedia_formatted/propedia_4yym_Z/propedia_4yym_Z_protein_pocket.pdb,/home/igem/unknown_software/datasets/propedia_formatted/propedia_4yym_Z/propedia_4yym_Z_peptide.pdb,propedia
propedia_4e7r_I,/home/igem/unknown_software/datasets/propedia_formatted/propedia_4e7r_I/propedia_4e7r_I_protein_pocket.pdb,/home/igem/unknown_software/datasets/propedia_formatted/propedia_4e7r_I/propedia_4e7r_I_peptide.pdb,propedia
propedia_2j32_B,/home/igem/unknown_software/datasets/propedia_formatted/propedia_2j32_B/propedia_2j32_B_protein_pocket.pdb,/home/igem/unknown_software/datasets/propedia_formatted/propedia_2j32_B/propedia_2j32_B_peptide.pdb,propedia
propedia_2g46_C,/home/igem/unknown_software/datasets/propedia_formatted/propedia_2g46_C/propedia_2g46_C_protein_pocket.pdb,/home/igem/unknown_software/datasets/propedia_formatted/propedia_2g46_C/propedia_2g46_C_peptide.pdb,propedia_long
propedia_4g1c_D,/home/igem/unknown_software/datasets/propedia_formatted/propedia_4g1c_D/propedia_4g1c_D_protein_pocket.pdb,/home/igem/unknown_software/datasets/propedia_formatted/propedia_4g1c_D/propedia_4g1c_D_peptide.pdb,propedia
propedia_3axy_E,/home/igem/unknown_software/datasets/propedia_formatted/propedia_3axy_E/propedia_3axy_E_protein_pocket.pdb,/home/igem/unknown_software/datasets/propedia_formatted/propedia_3axy_E/propedia_3axy_E_peptide.pdb,propedia
propedia_3gj8_B,/home/igem/unknown_software/datasets/propedia_formatted/propedia_3gj8_B/propedia_3gj8_B_protein_pocket.pdb,/home/igem/unknown_software/datasets/propedia_formatted/propedia_3gj8_B/propedia_3gj8_B_peptide.pdb,propedia_long
propedia_4j8g_C,/home/igem/unknown_software/datasets/propedia_formatted/propedia_4j8g_C/propedia_4j8g_C_protein_pocket.pdb,/home/igem/unknown_software/datasets/propedia_formatted/propedia_4j8g_C/propedia_4j8g_C_peptide.pdb,propedia
propedia_1bd2_C,/home/igem/unknown_software/datasets/propedia_formatted/propedia_1bd2_C/propedia_1bd2_C_protein_pocket.pdb,/home/igem/unknown_software/datasets/propedia_formatted/propedia_1bd2_C/propedia_1bd2_C_peptide.pdb,propedia
propedia_2m3m_B,/home/igem/unknown_software/datasets/propedia_formatted/propedia_2m3m_B/propedia_2m3m_B_protein_pocket.pdb,/home/igem/unknown_software/datasets/propedia_formatted/propedia_2m3m_B/propedia_2m3m_B_peptide.pdb,propedia
propedia_3d9l_Y,/home/igem/unknown_software/datasets/propedia_formatted/propedia_3d9l_Y/propedia_3d9l_Y_protein_pocket.pdb,/home/igem/unknown_software/datasets/propedia_formatted/propedia_3d9l_Y/propedia_3d9l_Y_peptide.pdb,propedia
propedia_2f5b_P,/home/igem/unknown_software/datasets/propedia_formatted/propedia_2f5b_P/propedia_2f5b_P_protein_pocket.pdb,/home/igem/unknown_software/datasets/propedia_formatted/propedia_2f5b_P/propedia_2f5b_P_peptide.pdb,propedia
propedia_1lop_B,/home/igem/unknown_software/datasets/propedia_formatted/propedia_1lop_B/propedia_1lop_B_protein_pocket.pdb,/home/igem/unknown_software/datasets/propedia_formatted/propedia_1lop_B/propedia_1lop_B_peptide.pdb,propedia
propedia_1tzs_P,/home/igem/unknown_software/datasets/propedia_formatted/propedia_1tzs_P/propedia_1tzs_P_protein_pocket.pdb,/home/igem/unknown_software/datasets/propedia_formatted/propedia_1tzs_P/propedia_1tzs_P_peptide.pdb,propedia
propedia_4wkm_I,/home/igem/unknown_software/datasets/propedia_formatted/propedia_4wkm_I/propedia_4wkm_I_protein_pocket.pdb,/home/igem/unknown_software/datasets/propedia_formatted/propedia_4wkm_I/propedia_4wkm_I_peptide.pdb,propedia
propedia_1t4u_I,/home/igem/unknown_software/datasets/propedia_formatted/propedia_1t4u_I/propedia_1t4u_I_protein_pocket.pdb,/home/igem/unknown_software/datasets/propedia_formatted/propedia_1t4u_I/propedia_1t4u_I_peptide.pdb,propedia
propedia_3swc_P,/home/igem/unknown_software/datasets/propedia_formatted/propedia_3swc_P/propedia_3swc_P_protein_pocket.pdb,/home/igem/unknown_software/datasets/propedia_formatted/propedia_3swc_P/propedia_3swc_P_peptide.pdb,propedia
propedia_3tdz_E,/home/igem/unknown_software/datasets/propedia_formatted/propedia_3tdz_E/propedia_3tdz_E_protein_pocket.pdb,/home/igem/unknown_software/datasets/propedia_formatted/propedia_3tdz_E/propedia_3tdz_E_peptide.pdb,propedia
propedia_3nk4_C,/home/igem/unknown_software/datasets/propedia_formatted/propedia_3nk4_C/propedia_3nk4_C_protein_pocket.pdb,/home/igem/unknown_software/datasets/propedia_formatted/propedia_3nk4_C/propedia_3nk4_C_peptide.pdb,propedia_long
propedia_3ax5_B,/home/igem/unknown_software/datasets/propedia_formatted/propedia_3ax5_B/propedia_3ax5_B_protein_pocket.pdb,/home/igem/unknown_software/datasets/propedia_formatted/propedia_3ax5_B/propedia_3ax5_B_peptide.pdb,propedia
propedia_4jj7_B,/home/igem/unknown_software/datasets/propedia_formatted/propedia_4jj7_B/propedia_4jj7_B_protein_pocket.pdb,/home/igem/unknown_software/datasets/propedia_formatted/propedia_4jj7_B/propedia_4jj7_B_peptide.pdb,propedia
propedia_3bo8_C,/home/igem/unknown_software/datasets/propedia_formatted/propedia_3bo8_C/propedia_3bo8_C_protein_pocket.pdb,/home/igem/unknown_software/datasets/propedia_formatted/propedia_3bo8_C/propedia_3bo8_C_peptide.pdb,propedia
propedia_4od8_C,/home/igem/unknown_software/datasets/propedia_formatted/propedia_4od8_C/propedia_4od8_C_protein_pocket.pdb,/home/igem/unknown_software/datasets/propedia_formatted/propedia_4od8_C/propedia_4od8_C_peptide.pdb,propedia_long
propedia_2x4p_C,/home/igem/unknown_software/datasets/propedia_formatted/propedia_2x4p_C/propedia_2x4p_C_protein_pocket.pdb,/home/igem/unknown_software/datasets/propedia_formatted/propedia_2x4p_C/propedia_2x4p_C_peptide.pdb,propedia
propedia_5e8d_A,/home/igem/unknown_software/datasets/propedia_formatted/propedia_5e8d_A/propedia_5e8d_A_protein_pocket.pdb,/home/igem/unknown_software/datasets/propedia_formatted/propedia_5e8d_A/propedia_5e8d_A_peptide.pdb,propedia_long
propedia_1t5w_C,/home/igem/unknown_software/datasets/propedia_formatted/propedia_1t5w_C/propedia_1t5w_C_protein_pocket.pdb,/home/igem/unknown_software/datasets/propedia_formatted/propedia_1t5w_C/propedia_1t5w_C_peptide.pdb,propedia_long
propedia_6fbx_B,/home/igem/unknown_software/datasets/propedia_formatted/propedia_6fbx_B/propedia_6fbx_B_protein_pocket.pdb,/home/igem/unknown_software/datasets/propedia_formatted/propedia_6fbx_B/propedia_6fbx_B_peptide.pdb,propedia_long
propedia_2xcb_C,/home/igem/unknown_software/datasets/propedia_formatted/propedia_2xcb_C/propedia_2xcb_C_protein_pocket.pdb,/home/igem/unknown_software/datasets/propedia_formatted/propedia_2xcb_C/propedia_2xcb_C_peptide.pdb,propedia
propedia_4yyj_C,/home/igem/unknown_software/datasets/propedia_formatted/propedia_4yyj_C/propedia_4yyj_C_protein_pocket.pdb,/home/igem/unknown_software/datasets/propedia_formatted/propedia_4yyj_C/propedia_4yyj_C_peptide.pdb,propedia
propedia_4m5s_B,/home/igem/unknown_software/datasets/propedia_formatted/propedia_4m5s_B/propedia_4m5s_B_protein_pocket.pdb,/home/igem/unknown_software/datasets/propedia_formatted/propedia_4m5s_B/propedia_4m5s_B_peptide.pdb,propedia
propedia_4nqv_M,/home/igem/unknown_software/datasets/propedia_formatted/propedia_4nqv_M/propedia_4nqv_M_protein_pocket.pdb,/home/igem/unknown_software/datasets/propedia_formatted/propedia_4nqv_M/propedia_4nqv_M_peptide.pdb,propedia
propedia_4tsz_0,/home/igem/unknown_software/datasets/propedia_formatted/propedia_4tsz_0/propedia_4tsz_0_protein_pocket.pdb,/home/igem/unknown_software/datasets/propedia_formatted/propedia_4tsz_0/propedia_4tsz_0_peptide.pdb,propedia
propedia_2pqn_B,/home/igem/unknown_software/datasets/propedia_formatted/propedia_2pqn_B/propedia_2pqn_B_protein_pocket.pdb,/home/igem/unknown_software/datasets/propedia_formatted/propedia_2pqn_B/propedia_2pqn_B_peptide.pdb,propedia_long
propedia_1shb_B,/home/igem/unknown_software/datasets/propedia_formatted/propedia_1shb_B/propedia_1shb_B_protein_pocket.pdb,/home/igem/unknown_software/datasets/propedia_formatted/propedia_1shb_B/propedia_1shb_B_peptide.pdb,propedia
propedia_4qja_P,/home/igem/unknown_software/datasets/propedia_formatted/propedia_4qja_P/propedia_4qja_P_protein_pocket.pdb,/home/igem/unknown_software/datasets/propedia_formatted/propedia_4qja_P/propedia_4qja_P_peptide.pdb,propedia
propedia_4d49_C,/home/igem/unknown_software/datasets/propedia_formatted/propedia_4d49_C/propedia_4d49_C_protein_pocket.pdb,/home/igem/unknown_software/datasets/propedia_formatted/propedia_4d49_C/propedia_4d49_C_peptide.pdb,propedia
propedia_3ava_X,/home/igem/unknown_software/datasets/propedia_formatted/propedia_3ava_X/propedia_3ava_X_protein_pocket.pdb,/home/igem/unknown_software/datasets/propedia_formatted/propedia_3ava_X/propedia_3ava_X_peptide.pdb,propedia
propedia_2rs9_A,/home/igem/unknown_software/datasets/propedia_formatted/propedia_2rs9_A/propedia_2rs9_A_protein_pocket.pdb,/home/igem/unknown_software/datasets/propedia_formatted/propedia_2rs9_A/propedia_2rs9_A_peptide.pdb,propedia
propedia_4o4y_A,/home/igem/unknown_software/datasets/propedia_formatted/propedia_4o4y_A/propedia_4o4y_A_protein_pocket.pdb,/home/igem/unknown_software/datasets/propedia_formatted/propedia_4o4y_A/propedia_4o4y_A_peptide.pdb,propedia
propedia_4y6l_C,/home/igem/unknown_software/datasets/propedia_formatted/propedia_4y6l_C/propedia_4y6l_C_protein_pocket.pdb,/home/igem/unknown_software/datasets/propedia_formatted/propedia_4y6l_C/propedia_4y6l_C_peptide.pdb,propedia
propedia_3rl7_G,/home/igem/unknown_software/datasets/propedia_formatted/propedia_3rl7_G/propedia_3rl7_G_protein_pocket.pdb,/home/igem/unknown_software/datasets/propedia_formatted/propedia_3rl7_G/propedia_3rl7_G_peptide.pdb,propedia
propedia_3odl_B,/home/igem/unknown_software/datasets/propedia_formatted/propedia_3odl_B/propedia_3odl_B_protein_pocket.pdb,/home/igem/unknown_software/datasets/propedia_formatted/propedia_3odl_B/propedia_3odl_B_peptide.pdb,propedia
propedia_1zsd_C,/home/igem/unknown_software/datasets/propedia_formatted/propedia_1zsd_C/propedia_1zsd_C_protein_pocket.pdb,/home/igem/unknown_software/datasets/propedia_formatted/propedia_1zsd_C/propedia_1zsd_C_peptide.pdb,propedia
propedia_3ixs_B,/home/igem/unknown_software/datasets/propedia_formatted/propedia_3ixs_B/propedia_3ixs_B_protein_pocket.pdb,/home/igem/unknown_software/datasets/propedia_formatted/propedia_3ixs_B/propedia_3ixs_B_peptide.pdb,propedia_long
propedia_1g7p_P,/home/igem/unknown_software/datasets/propedia_formatted/propedia_1g7p_P/propedia_1g7p_P_protein_pocket.pdb,/home/igem/unknown_software/datasets/propedia_formatted/propedia_1g7p_P/propedia_1g7p_P_peptide.pdb,propedia
propedia_5jtq_E,/home/igem/unknown_software/datasets/propedia_formatted/propedia_5jtq_E/propedia_5jtq_E_protein_pocket.pdb,/home/igem/unknown_software/datasets/propedia_formatted/propedia_5jtq_E/propedia_5jtq_E_peptide.pdb,propedia_long
propedia_4cvz_C,/home/igem/unknown_software/datasets/propedia_formatted/propedia_4cvz_C/propedia_4cvz_C_protein_pocket.pdb,/home/igem/unknown_software/datasets/propedia_formatted/propedia_4cvz_C/propedia_4cvz_C_peptide.pdb,propedia
propedia_2r0w_Q,/home/igem/unknown_software/datasets/propedia_formatted/propedia_2r0w_Q/propedia_2r0w_Q_protein_pocket.pdb,/home/igem/unknown_software/datasets/propedia_formatted/propedia_2r0w_Q/propedia_2r0w_Q_peptide.pdb,propedia
propedia_2wp2_P,/home/igem/unknown_software/datasets/propedia_formatted/propedia_2wp2_P/propedia_2wp2_P_protein_pocket.pdb,/home/igem/unknown_software/datasets/propedia_formatted/propedia_2wp2_P/propedia_2wp2_P_peptide.pdb,propedia
propedia_3q5u_B,/home/igem/unknown_software/datasets/propedia_formatted/propedia_3q5u_B/propedia_3q5u_B_protein_pocket.pdb,/home/igem/unknown_software/datasets/propedia_formatted/propedia_3q5u_B/propedia_3q5u_B_peptide.pdb,propedia
propedia_4odk_B,/home/igem/unknown_software/datasets/propedia_formatted/propedia_4odk_B/propedia_4odk_B_protein_pocket.pdb,/home/igem/unknown_software/datasets/propedia_formatted/propedia_4odk_B/propedia_4odk_B_peptide.pdb,propedia
propedia_2ka9_B,/home/igem/unknown_software/datasets/propedia_formatted/propedia_2ka9_B/propedia_2ka9_B_protein_pocket.pdb,/home/igem/unknown_software/datasets/propedia_formatted/propedia_2ka9_B/propedia_2ka9_B_peptide.pdb,propedia
propedia_2cnl_I,/home/igem/unknown_software/datasets/propedia_formatted/propedia_2cnl_I/propedia_2cnl_I_protein_pocket.pdb,/home/igem/unknown_software/datasets/propedia_formatted/propedia_2cnl_I/propedia_2cnl_I_peptide.pdb,propedia
propedia_3ziq_B,/home/igem/unknown_software/datasets/propedia_formatted/propedia_3ziq_B/propedia_3ziq_B_protein_pocket.pdb,/home/igem/unknown_software/datasets/propedia_formatted/propedia_3ziq_B/propedia_3ziq_B_peptide.pdb,propedia
propedia_1k8d_P,/home/igem/unknown_software/datasets/propedia_formatted/propedia_1k8d_P/propedia_1k8d_P_protein_pocket.pdb,/home/igem/unknown_software/datasets/propedia_formatted/propedia_1k8d_P/propedia_1k8d_P_peptide.pdb,propedia
propedia_5mn9_C,/home/igem/unknown_software/datasets/propedia_formatted/propedia_5mn9_C/propedia_5mn9_C_protein_pocket.pdb,/home/igem/unknown_software/datasets/propedia_formatted/propedia_5mn9_C/propedia_5mn9_C_peptide.pdb,propedia_long
propedia_3avb_X,/home/igem/unknown_software/datasets/propedia_formatted/propedia_3avb_X/propedia_3avb_X_protein_pocket.pdb,/home/igem/unknown_software/datasets/propedia_formatted/propedia_3avb_X/propedia_3avb_X_peptide.pdb,propedia
propedia_1u8t_E,/home/igem/unknown_software/datasets/propedia_formatted/propedia_1u8t_E/propedia_1u8t_E_protein_pocket.pdb,/home/igem/unknown_software/datasets/propedia_formatted/propedia_1u8t_E/propedia_1u8t_E_peptide.pdb,propedia_long
propedia_4gng_B,/home/igem/unknown_software/datasets/propedia_formatted/propedia_4gng_B/propedia_4gng_B_protein_pocket.pdb,/home/igem/unknown_software/datasets/propedia_formatted/propedia_4gng_B/propedia_4gng_B_peptide.pdb,propedia
propedia_2pr3_B,/home/igem/unknown_software/datasets/propedia_formatted/propedia_2pr3_B/propedia_2pr3_B_protein_pocket.pdb,/home/igem/unknown_software/datasets/propedia_formatted/propedia_2pr3_B/propedia_2pr3_B_peptide.pdb,propedia_long
propedia_3d6h_C,/home/igem/unknown_software/datasets/propedia_formatted/propedia_3d6h_C/propedia_3d6h_C_protein_pocket.pdb,/home/igem/unknown_software/datasets/propedia_formatted/propedia_3d6h_C/propedia_3d6h_C_peptide.pdb,propedia
propedia_4ez1_K,/home/igem/unknown_software/datasets/propedia_formatted/propedia_4ez1_K/propedia_4ez1_K_protein_pocket.pdb,/home/igem/unknown_software/datasets/propedia_formatted/propedia_4ez1_K/propedia_4ez1_K_peptide.pdb,propedia_long
propedia_1les_B,/home/igem/unknown_software/datasets/propedia_formatted/propedia_1les_B/propedia_1les_B_protein_pocket.pdb,/home/igem/unknown_software/datasets/propedia_formatted/propedia_1les_B/propedia_1les_B_peptide.pdb,propedia_long
propedia_1n4m_C,/home/igem/unknown_software/datasets/propedia_formatted/propedia_1n4m_C/propedia_1n4m_C_protein_pocket.pdb,/home/igem/unknown_software/datasets/propedia_formatted/propedia_1n4m_C/propedia_1n4m_C_peptide.pdb,propedia_long
propedia_1f58_P,/home/igem/unknown_software/datasets/propedia_formatted/propedia_1f58_P/propedia_1f58_P_protein_pocket.pdb,/home/igem/unknown_software/datasets/propedia_formatted/propedia_1f58_P/propedia_1f58_P_peptide.pdb,propedia
propedia_4bos_F,/home/igem/unknown_software/datasets/propedia_formatted/propedia_4bos_F/propedia_4bos_F_protein_pocket.pdb,/home/igem/unknown_software/datasets/propedia_formatted/propedia_4bos_F/propedia_4bos_F_peptide.pdb,propedia
propedia_1yrk_B,/home/igem/unknown_software/datasets/propedia_formatted/propedia_1yrk_B/propedia_1yrk_B_protein_pocket.pdb,/home/igem/unknown_software/datasets/propedia_formatted/propedia_1yrk_B/propedia_1yrk_B_peptide.pdb,propedia_long
propedia_5ky0_B,/home/igem/unknown_software/datasets/propedia_formatted/propedia_5ky0_B/propedia_5ky0_B_protein_pocket.pdb,/home/igem/unknown_software/datasets/propedia_formatted/propedia_5ky0_B/propedia_5ky0_B_peptide.pdb,propedia_long
propedia_4odq_B,/home/igem/unknown_software/datasets/propedia_formatted/propedia_4odq_B/propedia_4odq_B_protein_pocket.pdb,/home/igem/unknown_software/datasets/propedia_formatted/propedia_4odq_B/propedia_4odq_B_peptide.pdb,propedia
propedia_2fx9_P,/home/igem/unknown_software/datasets/propedia_formatted/propedia_2fx9_P/propedia_2fx9_P_protein_pocket.pdb,/home/igem/unknown_software/datasets/propedia_formatted/propedia_2fx9_P/propedia_2fx9_P_peptide.pdb,propedia_long
propedia_2vpb_B,/home/igem/unknown_software/datasets/propedia_formatted/propedia_2vpb_B/propedia_2vpb_B_protein_pocket.pdb,/home/igem/unknown_software/datasets/propedia_formatted/propedia_2vpb_B/propedia_2vpb_B_peptide.pdb,propedia_long
propedia_6s8s_B,/home/igem/unknown_software/datasets/propedia_formatted/propedia_6s8s_B/propedia_6s8s_B_protein_pocket.pdb,/home/igem/unknown_software/datasets/propedia_formatted/propedia_6s8s_B/propedia_6s8s_B_peptide.pdb,propedia_long
propedia_3hds_E,/home/igem/unknown_software/datasets/propedia_formatted/propedia_3hds_E/propedia_3hds_E_protein_pocket.pdb,/home/igem/unknown_software/datasets/propedia_formatted/propedia_3hds_E/propedia_3hds_E_peptide.pdb,propedia
propedia_4xnh_F,/home/igem/unknown_software/datasets/propedia_formatted/propedia_4xnh_F/propedia_4xnh_F_protein_pocket.pdb,/home/igem/unknown_software/datasets/propedia_formatted/propedia_4xnh_F/propedia_4xnh_F_peptide.pdb,propedia
propedia_2r9q_X,/home/igem/unknown_software/datasets/propedia_formatted/propedia_2r9q_X/propedia_2r9q_X_protein_pocket.pdb,/home/igem/unknown_software/datasets/propedia_formatted/propedia_2r9q_X/propedia_2r9q_X_peptide.pdb,propedia
propedia_3zdy_I,/home/igem/unknown_software/datasets/propedia_formatted/propedia_3zdy_I/propedia_3zdy_I_protein_pocket.pdb,/home/igem/unknown_software/datasets/propedia_formatted/propedia_3zdy_I/propedia_3zdy_I_peptide.pdb,propedia
propedia_4jl0_C,/home/igem/unknown_software/datasets/propedia_formatted/propedia_4jl0_C/propedia_4jl0_C_protein_pocket.pdb,/home/igem/unknown_software/datasets/propedia_formatted/propedia_4jl0_C/propedia_4jl0_C_peptide.pdb,propedia
propedia_6qmp_A,/home/igem/unknown_software/datasets/propedia_formatted/propedia_6qmp_A/propedia_6qmp_A_protein_pocket.pdb,/home/igem/unknown_software/datasets/propedia_formatted/propedia_6qmp_A/propedia_6qmp_A_peptide.pdb,propedia_long
propedia_3avl_E,/home/igem/unknown_software/datasets/propedia_formatted/propedia_3avl_E/propedia_3avl_E_protein_pocket.pdb,/home/igem/unknown_software/datasets/propedia_formatted/propedia_3avl_E/propedia_3avl_E_peptide.pdb,propedia
propedia_2lox_B,/home/igem/unknown_software/datasets/propedia_formatted/propedia_2lox_B/propedia_2lox_B_protein_pocket.pdb,/home/igem/unknown_software/datasets/propedia_formatted/propedia_2lox_B/propedia_2lox_B_peptide.pdb,propedia_long
propedia_1lyb_I,/home/igem/unknown_software/datasets/propedia_formatted/propedia_1lyb_I/propedia_1lyb_I_protein_pocket.pdb,/home/igem/unknown_software/datasets/propedia_formatted/propedia_1lyb_I/propedia_1lyb_I_peptide.pdb,propedia
propedia_2x4w_B,/home/igem/unknown_software/datasets/propedia_formatted/propedia_2x4w_B/propedia_2x4w_B_protein_pocket.pdb,/home/igem/unknown_software/datasets/propedia_formatted/propedia_2x4w_B/propedia_2x4w_B_peptide.pdb,propedia_long
propedia_4qc3_C,/home/igem/unknown_software/datasets/propedia_formatted/propedia_4qc3_C/propedia_4qc3_C_protein_pocket.pdb,/home/igem/unknown_software/datasets/propedia_formatted/propedia_4qc3_C/propedia_4qc3_C_peptide.pdb,propedia
propedia_6hln_B,/home/igem/unknown_software/datasets/propedia_formatted/propedia_6hln_B/propedia_6hln_B_protein_pocket.pdb,/home/igem/unknown_software/datasets/propedia_formatted/propedia_6hln_B/propedia_6hln_B_peptide.pdb,propedia_long
propedia_3ewt_E,/home/igem/unknown_software/datasets/propedia_formatted/propedia_3ewt_E/propedia_3ewt_E_protein_pocket.pdb,/home/igem/unknown_software/datasets/propedia_formatted/propedia_3ewt_E/propedia_3ewt_E_peptide.pdb,propedia_long
propedia_2ka6_B,/home/igem/unknown_software/datasets/propedia_formatted/propedia_2ka6_B/propedia_2ka6_B_protein_pocket.pdb,/home/igem/unknown_software/datasets/propedia_formatted/propedia_2ka6_B/propedia_2ka6_B_peptide.pdb,propedia_long
propedia_1yf4_B,/home/igem/unknown_software/datasets/propedia_formatted/propedia_1yf4_B/propedia_1yf4_B_protein_pocket.pdb,/home/igem/unknown_software/datasets/propedia_formatted/propedia_1yf4_B/propedia_1yf4_B_peptide.pdb,propedia
propedia_3uot_D,/home/igem/unknown_software/datasets/propedia_formatted/propedia_3uot_D/propedia_3uot_D_protein_pocket.pdb,/home/igem/unknown_software/datasets/propedia_formatted/propedia_3uot_D/propedia_3uot_D_peptide.pdb,propedia
propedia_2qn6_C,/home/igem/unknown_software/datasets/propedia_formatted/propedia_2qn6_C/propedia_2qn6_C_protein_pocket.pdb,/home/igem/unknown_software/datasets/propedia_formatted/propedia_2qn6_C/propedia_2qn6_C_peptide.pdb,propedia_long
propedia_5inb_B,/home/igem/unknown_software/datasets/propedia_formatted/propedia_5inb_B/propedia_5inb_B_protein_pocket.pdb,/home/igem/unknown_software/datasets/propedia_formatted/propedia_5inb_B/propedia_5inb_B_peptide.pdb,propedia_long
propedia_1q0w_A,/home/igem/unknown_software/datasets/propedia_formatted/propedia_1q0w_A/propedia_1q0w_A_protein_pocket.pdb,/home/igem/unknown_software/datasets/propedia_formatted/propedia_1q0w_A/propedia_1q0w_A_peptide.pdb,propedia_long
propedia_3w3w_B,/home/igem/unknown_software/datasets/propedia_formatted/propedia_3w3w_B/propedia_3w3w_B_protein_pocket.pdb,/home/igem/unknown_software/datasets/propedia_formatted/propedia_3w3w_B/propedia_3w3w_B_peptide.pdb,propedia
propedia_1cwi_C,/home/igem/unknown_software/datasets/propedia_formatted/propedia_1cwi_C/propedia_1cwi_C_protein_pocket.pdb,/home/igem/unknown_software/datasets/propedia_formatted/propedia_1cwi_C/propedia_1cwi_C_peptide.pdb,propedia
propedia_2rvb_A,/home/igem/unknown_software/datasets/propedia_formatted/propedia_2rvb_A/propedia_2rvb_A_protein_pocket.pdb,/home/igem/unknown_software/datasets/propedia_formatted/propedia_2rvb_A/propedia_2rvb_A_peptide.pdb,propedia_long
propedia_4iim_D,/home/igem/unknown_software/datasets/propedia_formatted/propedia_4iim_D/propedia_4iim_D_protein_pocket.pdb,/home/igem/unknown_software/datasets/propedia_formatted/propedia_4iim_D/propedia_4iim_D_peptide.pdb,propedia_long
propedia_6qzy_B,/home/igem/unknown_software/datasets/propedia_formatted/propedia_6qzy_B/propedia_6qzy_B_protein_pocket.pdb,/home/igem/unknown_software/datasets/propedia_formatted/propedia_6qzy_B/propedia_6qzy_B_peptide.pdb,propedia_long
propedia_3vuy_D,/home/igem/unknown_software/datasets/propedia_formatted/propedia_3vuy_D/propedia_3vuy_D_protein_pocket.pdb,/home/igem/unknown_software/datasets/propedia_formatted/propedia_3vuy_D/propedia_3vuy_D_peptide.pdb,propedia_long
propedia_4hpy_P,/home/igem/unknown_software/datasets/propedia_formatted/propedia_4hpy_P/propedia_4hpy_P_protein_pocket.pdb,/home/igem/unknown_software/datasets/propedia_formatted/propedia_4hpy_P/propedia_4hpy_P_peptide.pdb,propedia
propedia_1szc_B,/home/igem/unknown_software/datasets/propedia_formatted/propedia_1szc_B/propedia_1szc_B_protein_pocket.pdb,/home/igem/unknown_software/datasets/propedia_formatted/propedia_1szc_B/propedia_1szc_B_peptide.pdb,propedia
propedia_4obj_C,/home/igem/unknown_software/datasets/propedia_formatted/propedia_4obj_C/propedia_4obj_C_protein_pocket.pdb,/home/igem/unknown_software/datasets/propedia_formatted/propedia_4obj_C/propedia_4obj_C_peptide.pdb,propedia
propedia_1afe_I,/home/igem/unknown_software/datasets/propedia_formatted/propedia_1afe_I/propedia_1afe_I_protein_pocket.pdb,/home/igem/unknown_software/datasets/propedia_formatted/propedia_1afe_I/propedia_1afe_I_peptide.pdb,propedia
propedia_1zy3_B,/home/igem/unknown_software/datasets/propedia_formatted/propedia_1zy3_B/propedia_1zy3_B_protein_pocket.pdb,/home/igem/unknown_software/datasets/propedia_formatted/propedia_1zy3_B/propedia_1zy3_B_peptide.pdb,propedia_long
propedia_2r0l_B,/home/igem/unknown_software/datasets/propedia_formatted/propedia_2r0l_B/propedia_2r0l_B_protein_pocket.pdb,/home/igem/unknown_software/datasets/propedia_formatted/propedia_2r0l_B/propedia_2r0l_B_peptide.pdb,propedia
propedia_5aei_D,/home/igem/unknown_software/datasets/propedia_formatted/propedia_5aei_D/propedia_5aei_D_protein_pocket.pdb,/home/igem/unknown_software/datasets/propedia_formatted/propedia_5aei_D/propedia_5aei_D_peptide.pdb,propedia
propedia_4nrx_C,/home/igem/unknown_software/datasets/propedia_formatted/propedia_4nrx_C/propedia_4nrx_C_protein_pocket.pdb,/home/igem/unknown_software/datasets/propedia_formatted/propedia_4nrx_C/propedia_4nrx_C_peptide.pdb,propedia_long
propedia_3h5r_E,/home/igem/unknown_software/datasets/propedia_formatted/propedia_3h5r_E/propedia_3h5r_E_protein_pocket.pdb,/home/igem/unknown_software/datasets/propedia_formatted/propedia_3h5r_E/propedia_3h5r_E_peptide.pdb,propedia
propedia_4gyo_C,/home/igem/unknown_software/datasets/propedia_formatted/propedia_4gyo_C/propedia_4gyo_C_protein_pocket.pdb,/home/igem/unknown_software/datasets/propedia_formatted/propedia_4gyo_C/propedia_4gyo_C_peptide.pdb,propedia
propedia_2m04_B,/home/igem/unknown_software/datasets/propedia_formatted/propedia_2m04_B/propedia_2m04_B_protein_pocket.pdb,/home/igem/unknown_software/datasets/propedia_formatted/propedia_2m04_B/propedia_2m04_B_peptide.pdb,propedia_long
propedia_4jwe_C,/home/igem/unknown_software/datasets/propedia_formatted/propedia_4jwe_C/propedia_4jwe_C_protein_pocket.pdb,/home/igem/unknown_software/datasets/propedia_formatted/propedia_4jwe_C/propedia_4jwe_C_peptide.pdb,propedia
propedia_4b7k_B,/home/igem/unknown_software/datasets/propedia_formatted/propedia_4b7k_B/propedia_4b7k_B_protein_pocket.pdb,/home/igem/unknown_software/datasets/propedia_formatted/propedia_4b7k_B/propedia_4b7k_B_peptide.pdb,propedia_long
propedia_1cyn_C,/home/igem/unknown_software/datasets/propedia_formatted/propedia_1cyn_C/propedia_1cyn_C_protein_pocket.pdb,/home/igem/unknown_software/datasets/propedia_formatted/propedia_1cyn_C/propedia_1cyn_C_peptide.pdb,propedia
propedia_2mip_E,/home/igem/unknown_software/datasets/propedia_formatted/propedia_2mip_E/propedia_2mip_E_protein_pocket.pdb,/home/igem/unknown_software/datasets/propedia_formatted/propedia_2mip_E/propedia_2mip_E_peptide.pdb,propedia
propedia_1rzx_B,/home/igem/unknown_software/datasets/propedia_formatted/propedia_1rzx_B/propedia_1rzx_B_protein_pocket.pdb,/home/igem/unknown_software/datasets/propedia_formatted/propedia_1rzx_B/propedia_1rzx_B_peptide.pdb,propedia
propedia_5yah_C,/home/igem/unknown_software/datasets/propedia_formatted/propedia_5yah_C/propedia_5yah_C_protein_pocket.pdb,/home/igem/unknown_software/datasets/propedia_formatted/propedia_5yah_C/propedia_5yah_C_peptide.pdb,propedia_long
propedia_4dgy_A,/home/igem/unknown_software/datasets/propedia_formatted/propedia_4dgy_A/propedia_4dgy_A_protein_pocket.pdb,/home/igem/unknown_software/datasets/propedia_formatted/propedia_4dgy_A/propedia_4dgy_A_peptide.pdb,propedia
propedia_3gj5_B,/home/igem/unknown_software/datasets/propedia_formatted/propedia_3gj5_B/propedia_3gj5_B_protein_pocket.pdb,/home/igem/unknown_software/datasets/propedia_formatted/propedia_3gj5_B/propedia_3gj5_B_peptide.pdb,propedia_long
propedia_1n12_B,/home/igem/unknown_software/datasets/propedia_formatted/propedia_1n12_B/propedia_1n12_B_protein_pocket.pdb,/home/igem/unknown_software/datasets/propedia_formatted/propedia_1n12_B/propedia_1n12_B_peptide.pdb,propedia
propedia_5ypo_C,/home/igem/unknown_software/datasets/propedia_formatted/propedia_5ypo_C/propedia_5ypo_C_protein_pocket.pdb,/home/igem/unknown_software/datasets/propedia_formatted/propedia_5ypo_C/propedia_5ypo_C_peptide.pdb,propedia_long
propedia_2ce8_X,/home/igem/unknown_software/datasets/propedia_formatted/propedia_2ce8_X/propedia_2ce8_X_protein_pocket.pdb,/home/igem/unknown_software/datasets/propedia_formatted/propedia_2ce8_X/propedia_2ce8_X_peptide.pdb,propedia
propedia_3idm_C,/home/igem/unknown_software/datasets/propedia_formatted/propedia_3idm_C/propedia_3idm_C_protein_pocket.pdb,/home/igem/unknown_software/datasets/propedia_formatted/propedia_3idm_C/propedia_3idm_C_peptide.pdb,propedia
propedia_4jr2_C,/home/igem/unknown_software/datasets/propedia_formatted/propedia_4jr2_C/propedia_4jr2_C_protein_pocket.pdb,/home/igem/unknown_software/datasets/propedia_formatted/propedia_4jr2_C/propedia_4jr2_C_peptide.pdb,propedia
propedia_3rqd_C,/home/igem/unknown_software/datasets/propedia_formatted/propedia_3rqd_C/propedia_3rqd_C_protein_pocket.pdb,/home/igem/unknown_software/datasets/propedia_formatted/propedia_3rqd_C/propedia_3rqd_C_peptide.pdb,propedia
propedia_1nzl_C,/home/igem/unknown_software/datasets/propedia_formatted/propedia_1nzl_C/propedia_1nzl_C_protein_pocket.pdb,/home/igem/unknown_software/datasets/propedia_formatted/propedia_1nzl_C/propedia_1nzl_C_peptide.pdb,propedia
propedia_3kmt_G,/home/igem/unknown_software/datasets/propedia_formatted/propedia_3kmt_G/propedia_3kmt_G_protein_pocket.pdb,/home/igem/unknown_software/datasets/propedia_formatted/propedia_3kmt_G/propedia_3kmt_G_peptide.pdb,propedia
propedia_4x34_C,/home/igem/unknown_software/datasets/propedia_formatted/propedia_4x34_C/propedia_4x34_C_protein_pocket.pdb,/home/igem/unknown_software/datasets/propedia_formatted/propedia_4x34_C/propedia_4x34_C_peptide.pdb,propedia
propedia_6d94_B,/home/igem/unknown_software/datasets/propedia_formatted/propedia_6d94_B/propedia_6d94_B_protein_pocket.pdb,/home/igem/unknown_software/datasets/propedia_formatted/propedia_6d94_B/propedia_6d94_B_peptide.pdb,propedia_long
propedia_3cyy_C,/home/igem/unknown_software/datasets/propedia_formatted/propedia_3cyy_C/propedia_3cyy_C_protein_pocket.pdb,/home/igem/unknown_software/datasets/propedia_formatted/propedia_3cyy_C/propedia_3cyy_C_peptide.pdb,propedia
propedia_2hfp_B,/home/igem/unknown_software/datasets/propedia_formatted/propedia_2hfp_B/propedia_2hfp_B_protein_pocket.pdb,/home/igem/unknown_software/datasets/propedia_formatted/propedia_2hfp_B/propedia_2hfp_B_peptide.pdb,propedia_long
propedia_4hy9_C,/home/igem/unknown_software/datasets/propedia_formatted/propedia_4hy9_C/propedia_4hy9_C_protein_pocket.pdb,/home/igem/unknown_software/datasets/propedia_formatted/propedia_4hy9_C/propedia_4hy9_C_peptide.pdb,propedia
propedia_1jq8_P,/home/igem/unknown_software/datasets/propedia_formatted/propedia_1jq8_P/propedia_1jq8_P_protein_pocket.pdb,/home/igem/unknown_software/datasets/propedia_formatted/propedia_1jq8_P/propedia_1jq8_P_peptide.pdb,propedia
propedia_5mw0_C,/home/igem/unknown_software/datasets/propedia_formatted/propedia_5mw0_C/propedia_5mw0_C_protein_pocket.pdb,/home/igem/unknown_software/datasets/propedia_formatted/propedia_5mw0_C/propedia_5mw0_C_peptide.pdb,propedia_long
propedia_1kc5_P,/home/igem/unknown_software/datasets/propedia_formatted/propedia_1kc5_P/propedia_1kc5_P_protein_pocket.pdb,/home/igem/unknown_software/datasets/propedia_formatted/propedia_1kc5_P/propedia_1kc5_P_peptide.pdb,propedia
propedia_4qj7_F,/home/igem/unknown_software/datasets/propedia_formatted/propedia_4qj7_F/propedia_4qj7_F_protein_pocket.pdb,/home/igem/unknown_software/datasets/propedia_formatted/propedia_4qj7_F/propedia_4qj7_F_peptide.pdb,propedia
propedia_5l0s_B,/home/igem/unknown_software/datasets/propedia_formatted/propedia_5l0s_B/propedia_5l0s_B_protein_pocket.pdb,/home/igem/unknown_software/datasets/propedia_formatted/propedia_5l0s_B/propedia_5l0s_B_peptide.pdb,propedia_long
propedia_4qj2_F,/home/igem/unknown_software/datasets/propedia_formatted/propedia_4qj2_F/propedia_4qj2_F_protein_pocket.pdb,/home/igem/unknown_software/datasets/propedia_formatted/propedia_4qj2_F/propedia_4qj2_F_peptide.pdb,propedia
propedia_3io9_B,/home/igem/unknown_software/datasets/propedia_formatted/propedia_3io9_B/propedia_3io9_B_protein_pocket.pdb,/home/igem/unknown_software/datasets/propedia_formatted/propedia_3io9_B/propedia_3io9_B_peptide.pdb,propedia_long
propedia_2yj1_B,/home/igem/unknown_software/datasets/propedia_formatted/propedia_2yj1_B/propedia_2yj1_B_protein_pocket.pdb,/home/igem/unknown_software/datasets/propedia_formatted/propedia_2yj1_B/propedia_2yj1_B_peptide.pdb,propedia_long
propedia_4z33_C,/home/igem/unknown_software/datasets/propedia_formatted/propedia_4z33_C/propedia_4z33_C_protein_pocket.pdb,/home/igem/unknown_software/datasets/propedia_formatted/propedia_4z33_C/propedia_4z33_C_peptide.pdb,propedia
propedia_4g2v_B,/home/igem/unknown_software/datasets/propedia_formatted/propedia_4g2v_B/propedia_4g2v_B_protein_pocket.pdb,/home/igem/unknown_software/datasets/propedia_formatted/propedia_4g2v_B/propedia_4g2v_B_peptide.pdb,propedia_long
propedia_4yyn_Z,/home/igem/unknown_software/datasets/propedia_formatted/propedia_4yyn_Z/propedia_4yyn_Z_protein_pocket.pdb,/home/igem/unknown_software/datasets/propedia_formatted/propedia_4yyn_Z/propedia_4yyn_Z_peptide.pdb,propedia
propedia_3avm_D,/home/igem/unknown_software/datasets/propedia_formatted/propedia_3avm_D/propedia_3avm_D_protein_pocket.pdb,/home/igem/unknown_software/datasets/propedia_formatted/propedia_3avm_D/propedia_3avm_D_peptide.pdb,propedia
propedia_3shv_C,/home/igem/unknown_software/datasets/propedia_formatted/propedia_3shv_C/propedia_3shv_C_protein_pocket.pdb,/home/igem/unknown_software/datasets/propedia_formatted/propedia_3shv_C/propedia_3shv_C_peptide.pdb,propedia
propedia_4tky_E,/home/igem/unknown_software/datasets/propedia_formatted/propedia_4tky_E/propedia_4tky_E_protein_pocket.pdb,/home/igem/unknown_software/datasets/propedia_formatted/propedia_4tky_E/propedia_4tky_E_peptide.pdb,propedia
propedia_5yv5_B,/home/igem/unknown_software/datasets/propedia_formatted/propedia_5yv5_B/propedia_5yv5_B_protein_pocket.pdb,/home/igem/unknown_software/datasets/propedia_formatted/propedia_5yv5_B/propedia_5yv5_B_peptide.pdb,propedia_long
propedia_3t5f_I,/home/igem/unknown_software/datasets/propedia_formatted/propedia_3t5f_I/propedia_3t5f_I_protein_pocket.pdb,/home/igem/unknown_software/datasets/propedia_formatted/propedia_3t5f_I/propedia_3t5f_I_peptide.pdb,propedia
propedia_1ok7_C,/home/igem/unknown_software/datasets/propedia_formatted/propedia_1ok7_C/propedia_1ok7_C_protein_pocket.pdb,/home/igem/unknown_software/datasets/propedia_formatted/propedia_1ok7_C/propedia_1ok7_C_peptide.pdb,propedia
propedia_4yzh_B,/home/igem/unknown_software/datasets/propedia_formatted/propedia_4yzh_B/propedia_4yzh_B_protein_pocket.pdb,/home/igem/unknown_software/datasets/propedia_formatted/propedia_4yzh_B/propedia_4yzh_B_peptide.pdb,propedia
propedia_5bwn_B,/home/igem/unknown_software/datasets/propedia_formatted/propedia_5bwn_B/propedia_5bwn_B_protein_pocket.pdb,/home/igem/unknown_software/datasets/propedia_formatted/propedia_5bwn_B/propedia_5bwn_B_peptide.pdb,propedia
propedia_3ll8_E,/home/igem/unknown_software/datasets/propedia_formatted/propedia_3ll8_E/propedia_3ll8_E_protein_pocket.pdb,/home/igem/unknown_software/datasets/propedia_formatted/propedia_3ll8_E/propedia_3ll8_E_peptide.pdb,propedia
propedia_1j4p_B,/home/igem/unknown_software/datasets/propedia_formatted/propedia_1j4p_B/propedia_1j4p_B_protein_pocket.pdb,/home/igem/unknown_software/datasets/propedia_formatted/propedia_1j4p_B/propedia_1j4p_B_peptide.pdb,propedia
propedia_4mj5_C,/home/igem/unknown_software/datasets/propedia_formatted/propedia_4mj5_C/propedia_4mj5_C_protein_pocket.pdb,/home/igem/unknown_software/datasets/propedia_formatted/propedia_4mj5_C/propedia_4mj5_C_peptide.pdb,propedia
propedia_3qfj_C,/home/igem/unknown_software/datasets/propedia_formatted/propedia_3qfj_C/propedia_3qfj_C_protein_pocket.pdb,/home/igem/unknown_software/datasets/propedia_formatted/propedia_3qfj_C/propedia_3qfj_C_peptide.pdb,propedia
propedia_2esl_I,/home/igem/unknown_software/datasets/propedia_formatted/propedia_2esl_I/propedia_2esl_I_protein_pocket.pdb,/home/igem/unknown_software/datasets/propedia_formatted/propedia_2esl_I/propedia_2esl_I_peptide.pdb,propedia
propedia_3cbl_B,/home/igem/unknown_software/datasets/propedia_formatted/propedia_3cbl_B/propedia_3cbl_B_protein_pocket.pdb,/home/igem/unknown_software/datasets/propedia_formatted/propedia_3cbl_B/propedia_3cbl_B_peptide.pdb,propedia
propedia_1tsu_P,/home/igem/unknown_software/datasets/propedia_formatted/propedia_1tsu_P/propedia_1tsu_P_protein_pocket.pdb,/home/igem/unknown_software/datasets/propedia_formatted/propedia_1tsu_P/propedia_1tsu_P_peptide.pdb,propedia
propedia_1q3p_C,/home/igem/unknown_software/datasets/propedia_formatted/propedia_1q3p_C/propedia_1q3p_C_protein_pocket.pdb,/home/igem/unknown_software/datasets/propedia_formatted/propedia_1q3p_C/propedia_1q3p_C_peptide.pdb,propedia
propedia_4hyb_C,/home/igem/unknown_software/datasets/propedia_formatted/propedia_4hyb_C/propedia_4hyb_C_protein_pocket.pdb,/home/igem/unknown_software/datasets/propedia_formatted/propedia_4hyb_C/propedia_4hyb_C_peptide.pdb,propedia
propedia_1d01_G,/home/igem/unknown_software/datasets/propedia_formatted/propedia_1d01_G/propedia_1d01_G_protein_pocket.pdb,/home/igem/unknown_software/datasets/propedia_formatted/propedia_1d01_G/propedia_1d01_G_peptide.pdb,propedia
propedia_2kri_B,/home/igem/unknown_software/datasets/propedia_formatted/propedia_2kri_B/propedia_2kri_B_protein_pocket.pdb,/home/igem/unknown_software/datasets/propedia_formatted/propedia_2kri_B/propedia_2kri_B_peptide.pdb,propedia_long
propedia_4jff_C,/home/igem/unknown_software/datasets/propedia_formatted/propedia_4jff_C/propedia_4jff_C_protein_pocket.pdb,/home/igem/unknown_software/datasets/propedia_formatted/propedia_4jff_C/propedia_4jff_C_peptide.pdb,propedia
propedia_1w72_C,/home/igem/unknown_software/datasets/propedia_formatted/propedia_1w72_C/propedia_1w72_C_protein_pocket.pdb,/home/igem/unknown_software/datasets/propedia_formatted/propedia_1w72_C/propedia_1w72_C_peptide.pdb,propedia
propedia_5n4d_C,/home/igem/unknown_software/datasets/propedia_formatted/propedia_5n4d_C/propedia_5n4d_C_protein_pocket.pdb,/home/igem/unknown_software/datasets/propedia_formatted/propedia_5n4d_C/propedia_5n4d_C_peptide.pdb,propedia_long
propedia_2ztt_B,/home/igem/unknown_software/datasets/propedia_formatted/propedia_2ztt_B/propedia_2ztt_B_protein_pocket.pdb,/home/igem/unknown_software/datasets/propedia_formatted/propedia_2ztt_B/propedia_2ztt_B_peptide.pdb,propedia_long
propedia_3o41_C,/home/igem/unknown_software/datasets/propedia_formatted/propedia_3o41_C/propedia_3o41_C_protein_pocket.pdb,/home/igem/unknown_software/datasets/propedia_formatted/propedia_3o41_C/propedia_3o41_C_peptide.pdb,propedia
propedia_3aa1_C,/home/igem/unknown_software/datasets/propedia_formatted/propedia_3aa1_C/propedia_3aa1_C_protein_pocket.pdb,/home/igem/unknown_software/datasets/propedia_formatted/propedia_3aa1_C/propedia_3aa1_C_peptide.pdb,propedia_long
propedia_1z9o_G,/home/igem/unknown_software/datasets/propedia_formatted/propedia_1z9o_G/propedia_1z9o_G_protein_pocket.pdb,/home/igem/unknown_software/datasets/propedia_formatted/propedia_1z9o_G/propedia_1z9o_G_peptide.pdb,propedia
propedia_2mzp_I,/home/igem/unknown_software/datasets/propedia_formatted/propedia_2mzp_I/propedia_2mzp_I_protein_pocket.pdb,/home/igem/unknown_software/datasets/propedia_formatted/propedia_2mzp_I/propedia_2mzp_I_peptide.pdb,propedia_long
propedia_2cwg_D,/home/igem/unknown_software/datasets/propedia_formatted/propedia_2cwg_D/propedia_2cwg_D_protein_pocket.pdb,/home/igem/unknown_software/datasets/propedia_formatted/propedia_2cwg_D/propedia_2cwg_D_peptide.pdb,propedia
propedia_4ezz_B,/home/igem/unknown_software/datasets/propedia_formatted/propedia_4ezz_B/propedia_4ezz_B_protein_pocket.pdb,/home/igem/unknown_software/datasets/propedia_formatted/propedia_4ezz_B/propedia_4ezz_B_peptide.pdb,propedia
propedia_1ssh_B,/home/igem/unknown_software/datasets/propedia_formatted/propedia_1ssh_B/propedia_1ssh_B_protein_pocket.pdb,/home/igem/unknown_software/datasets/propedia_formatted/propedia_1ssh_B/propedia_1ssh_B_peptide.pdb,propedia
propedia_5a0e_C,/home/igem/unknown_software/datasets/propedia_formatted/propedia_5a0e_C/propedia_5a0e_C_protein_pocket.pdb,/home/igem/unknown_software/datasets/propedia_formatted/propedia_5a0e_C/propedia_5a0e_C_peptide.pdb,propedia
propedia_2qhr_P,/home/igem/unknown_software/datasets/propedia_formatted/propedia_2qhr_P/propedia_2qhr_P_protein_pocket.pdb,/home/igem/unknown_software/datasets/propedia_formatted/propedia_2qhr_P/propedia_2qhr_P_peptide.pdb,propedia
propedia_1t0j_C,/home/igem/unknown_software/datasets/propedia_formatted/propedia_1t0j_C/propedia_1t0j_C_protein_pocket.pdb,/home/igem/unknown_software/datasets/propedia_formatted/propedia_1t0j_C/propedia_1t0j_C_peptide.pdb,propedia_long
propedia_4m1l_B,/home/igem/unknown_software/datasets/propedia_formatted/propedia_4m1l_B/propedia_4m1l_B_protein_pocket.pdb,/home/igem/unknown_software/datasets/propedia_formatted/propedia_4m1l_B/propedia_4m1l_B_peptide.pdb,propedia_long
propedia_2v89_D,/home/igem/unknown_software/datasets/propedia_formatted/propedia_2v89_D/propedia_2v89_D_protein_pocket.pdb,/home/igem/unknown_software/datasets/propedia_formatted/propedia_2v89_D/propedia_2v89_D_peptide.pdb,propedia
propedia_3ual_P,/home/igem/unknown_software/datasets/propedia_formatted/propedia_3ual_P/propedia_3ual_P_protein_pocket.pdb,/home/igem/unknown_software/datasets/propedia_formatted/propedia_3ual_P/propedia_3ual_P_peptide.pdb,propedia
propedia_1o5g_I,/home/igem/unknown_software/datasets/propedia_formatted/propedia_1o5g_I/propedia_1o5g_I_protein_pocket.pdb,/home/igem/unknown_software/datasets/propedia_formatted/propedia_1o5g_I/propedia_1o5g_I_peptide.pdb,propedia
propedia_2rmx_B,/home/igem/unknown_software/datasets/propedia_formatted/propedia_2rmx_B/propedia_2rmx_B_protein_pocket.pdb,/home/igem/unknown_software/datasets/propedia_formatted/propedia_2rmx_B/propedia_2rmx_B_peptide.pdb,propedia_long
propedia_4jok_C,/home/igem/unknown_software/datasets/propedia_formatted/propedia_4jok_C/propedia_4jok_C_protein_pocket.pdb,/home/igem/unknown_software/datasets/propedia_formatted/propedia_4jok_C/propedia_4jok_C_peptide.pdb,propedia
propedia_3avc_D,/home/igem/unknown_software/datasets/propedia_formatted/propedia_3avc_D/propedia_3avc_D_protein_pocket.pdb,/home/igem/unknown_software/datasets/propedia_formatted/propedia_3avc_D/propedia_3avc_D_peptide.pdb,propedia
propedia_1tsq_P,/home/igem/unknown_software/datasets/propedia_formatted/propedia_1tsq_P/propedia_1tsq_P_protein_pocket.pdb,/home/igem/unknown_software/datasets/propedia_formatted/propedia_1tsq_P/propedia_1tsq_P_peptide.pdb,propedia
propedia_6nuu_C,/home/igem/unknown_software/datasets/propedia_formatted/propedia_6nuu_C/propedia_6nuu_C_protein_pocket.pdb,/home/igem/unknown_software/datasets/propedia_formatted/propedia_6nuu_C/propedia_6nuu_C_peptide.pdb,propedia_long
propedia_3w1b_B,/home/igem/unknown_software/datasets/propedia_formatted/propedia_3w1b_B/propedia_3w1b_B_protein_pocket.pdb,/home/igem/unknown_software/datasets/propedia_formatted/propedia_3w1b_B/propedia_3w1b_B_peptide.pdb,propedia
propedia_2a40_C,/home/igem/unknown_software/datasets/propedia_formatted/propedia_2a40_C/propedia_2a40_C_protein_pocket.pdb,/home/igem/unknown_software/datasets/propedia_formatted/propedia_2a40_C/propedia_2a40_C_peptide.pdb,propedia_long
propedia_3bkj_A,/home/igem/unknown_software/datasets/propedia_formatted/propedia_3bkj_A/propedia_3bkj_A_protein_pocket.pdb,/home/igem/unknown_software/datasets/propedia_formatted/propedia_3bkj_A/propedia_3bkj_A_peptide.pdb,propedia
propedia_3l41_B,/home/igem/unknown_software/datasets/propedia_formatted/propedia_3l41_B/propedia_3l41_B_protein_pocket.pdb,/home/igem/unknown_software/datasets/propedia_formatted/propedia_3l41_B/propedia_3l41_B_peptide.pdb,propedia
propedia_1i8k_C,/home/igem/unknown_software/datasets/propedia_formatted/propedia_1i8k_C/propedia_1i8k_C_protein_pocket.pdb,/home/igem/unknown_software/datasets/propedia_formatted/propedia_1i8k_C/propedia_1i8k_C_peptide.pdb,propedia
propedia_3qw6_B,/home/igem/unknown_software/datasets/propedia_formatted/propedia_3qw6_B/propedia_3qw6_B_protein_pocket.pdb,/home/igem/unknown_software/datasets/propedia_formatted/propedia_3qw6_B/propedia_3qw6_B_peptide.pdb,propedia
propedia_1mt7_P,/home/igem/unknown_software/datasets/propedia_formatted/propedia_1mt7_P/propedia_1mt7_P_protein_pocket.pdb,/home/igem/unknown_software/datasets/propedia_formatted/propedia_1mt7_P/propedia_1mt7_P_peptide.pdb,propedia
propedia_2kbm_X,/home/igem/unknown_software/datasets/propedia_formatted/propedia_2kbm_X/propedia_2kbm_X_protein_pocket.pdb,/home/igem/unknown_software/datasets/propedia_formatted/propedia_2kbm_X/propedia_2kbm_X_peptide.pdb,propedia
propedia_3avn_G,/home/igem/unknown_software/datasets/propedia_formatted/propedia_3avn_G/propedia_3avn_G_protein_pocket.pdb,/home/igem/unknown_software/datasets/propedia_formatted/propedia_3avn_G/propedia_3avn_G_peptide.pdb,propedia
propedia_2f53_C,/home/igem/unknown_software/datasets/propedia_formatted/propedia_2f53_C/propedia_2f53_C_protein_pocket.pdb,/home/igem/unknown_software/datasets/propedia_formatted/propedia_2f53_C/propedia_2f53_C_peptide.pdb,propedia
propedia_2bxt_I,/home/igem/unknown_software/datasets/propedia_formatted/propedia_2bxt_I/propedia_2bxt_I_protein_pocket.pdb,/home/igem/unknown_software/datasets/propedia_formatted/propedia_2bxt_I/propedia_2bxt_I_peptide.pdb,propedia
propedia_1vbt_C,/home/igem/unknown_software/datasets/propedia_formatted/propedia_1vbt_C/propedia_1vbt_C_protein_pocket.pdb,/home/igem/unknown_software/datasets/propedia_formatted/propedia_1vbt_C/propedia_1vbt_C_peptide.pdb,propedia
propedia_1ta2_B,/home/igem/unknown_software/datasets/propedia_formatted/propedia_1ta2_B/propedia_1ta2_B_protein_pocket.pdb,/home/igem/unknown_software/datasets/propedia_formatted/propedia_1ta2_B/propedia_1ta2_B_peptide.pdb,propedia
propedia_1jj2_1,/home/igem/unknown_software/datasets/propedia_formatted/propedia_1jj2_1/propedia_1jj2_1_protein_pocket.pdb,/home/igem/unknown_software/datasets/propedia_formatted/propedia_1jj2_1/propedia_1jj2_1_peptide.pdb,propedia_long
propedia_4nnd_C,/home/igem/unknown_software/datasets/propedia_formatted/propedia_4nnd_C/propedia_4nnd_C_protein_pocket.pdb,/home/igem/unknown_software/datasets/propedia_formatted/propedia_4nnd_C/propedia_4nnd_C_peptide.pdb,propedia
propedia_4r1e_B,/home/igem/unknown_software/datasets/propedia_formatted/propedia_4r1e_B/propedia_4r1e_B_protein_pocket.pdb,/home/igem/unknown_software/datasets/propedia_formatted/propedia_4r1e_B/propedia_4r1e_B_peptide.pdb,propedia_long
propedia_2b3g_B,/home/igem/unknown_software/datasets/propedia_formatted/propedia_2b3g_B/propedia_2b3g_B_protein_pocket.pdb,/home/igem/unknown_software/datasets/propedia_formatted/propedia_2b3g_B/propedia_2b3g_B_peptide.pdb,propedia_long
propedia_2eq9_C,/home/igem/unknown_software/datasets/propedia_formatted/propedia_2eq9_C/propedia_2eq9_C_protein_pocket.pdb,/home/igem/unknown_software/datasets/propedia_formatted/propedia_2eq9_C/propedia_2eq9_C_peptide.pdb,propedia_long
propedia_4am9_B,/home/igem/unknown_software/datasets/propedia_formatted/propedia_4am9_B/propedia_4am9_B_protein_pocket.pdb,/home/igem/unknown_software/datasets/propedia_formatted/propedia_4am9_B/propedia_4am9_B_peptide.pdb,propedia
propedia_5oh8_C,/home/igem/unknown_software/datasets/propedia_formatted/propedia_5oh8_C/propedia_5oh8_C_protein_pocket.pdb,/home/igem/unknown_software/datasets/propedia_formatted/propedia_5oh8_C/propedia_5oh8_C_peptide.pdb,propedia_long
propedia_5ghw_P,/home/igem/unknown_software/datasets/propedia_formatted/propedia_5ghw_P/propedia_5ghw_P_protein_pocket.pdb,/home/igem/unknown_software/datasets/propedia_formatted/propedia_5ghw_P/propedia_5ghw_P_peptide.pdb,propedia_long
propedia_3g2w_C,/home/igem/unknown_software/datasets/propedia_formatted/propedia_3g2w_C/propedia_3g2w_C_protein_pocket.pdb,/home/igem/unknown_software/datasets/propedia_formatted/propedia_3g2w_C/propedia_3g2w_C_peptide.pdb,propedia
propedia_5agv_C,/home/igem/unknown_software/datasets/propedia_formatted/propedia_5agv_C/propedia_5agv_C_protein_pocket.pdb,/home/igem/unknown_software/datasets/propedia_formatted/propedia_5agv_C/propedia_5agv_C_peptide.pdb,propedia
propedia_3ax2_B,/home/igem/unknown_software/datasets/propedia_formatted/propedia_3ax2_B/propedia_3ax2_B_protein_pocket.pdb,/home/igem/unknown_software/datasets/propedia_formatted/propedia_3ax2_B/propedia_3ax2_B_peptide.pdb,propedia_long
propedia_1u8i_C,/home/igem/unknown_software/datasets/propedia_formatted/propedia_1u8i_C/propedia_1u8i_C_protein_pocket.pdb,/home/igem/unknown_software/datasets/propedia_formatted/propedia_1u8i_C/propedia_1u8i_C_peptide.pdb,propedia
propedia_1o9s_K,/home/igem/unknown_software/datasets/propedia_formatted/propedia_1o9s_K/propedia_1o9s_K_protein_pocket.pdb,/home/igem/unknown_software/datasets/propedia_formatted/propedia_1o9s_K/propedia_1o9s_K_peptide.pdb,propedia
propedia_5wuj_A,/home/igem/unknown_software/datasets/propedia_formatted/propedia_5wuj_A/propedia_5wuj_A_protein_pocket.pdb,/home/igem/unknown_software/datasets/propedia_formatted/propedia_5wuj_A/propedia_5wuj_A_peptide.pdb,propedia_long
propedia_4f7t_C,/home/igem/unknown_software/datasets/propedia_formatted/propedia_4f7t_C/propedia_4f7t_C_protein_pocket.pdb,/home/igem/unknown_software/datasets/propedia_formatted/propedia_4f7t_C/propedia_4f7t_C_peptide.pdb,propedia
propedia_3ax3_B,/home/igem/unknown_software/datasets/propedia_formatted/propedia_3ax3_B/propedia_3ax3_B_protein_pocket.pdb,/home/igem/unknown_software/datasets/propedia_formatted/propedia_3ax3_B/propedia_3ax3_B_peptide.pdb,propedia
propedia_4d0t_P,/home/igem/unknown_software/datasets/propedia_formatted/propedia_4d0t_P/propedia_4d0t_P_protein_pocket.pdb,/home/igem/unknown_software/datasets/propedia_formatted/propedia_4d0t_P/propedia_4d0t_P_peptide.pdb,propedia
propedia_4kel_B,/home/igem/unknown_software/datasets/propedia_formatted/propedia_4kel_B/propedia_4kel_B_protein_pocket.pdb,/home/igem/unknown_software/datasets/propedia_formatted/propedia_4kel_B/propedia_4kel_B_peptide.pdb,propedia_long
propedia_4kv1_C,/home/igem/unknown_software/datasets/propedia_formatted/propedia_4kv1_C/propedia_4kv1_C_protein_pocket.pdb,/home/igem/unknown_software/datasets/propedia_formatted/propedia_4kv1_C/propedia_4kv1_C_peptide.pdb,propedia
propedia_3qzs_C,/home/igem/unknown_software/datasets/propedia_formatted/propedia_3qzs_C/propedia_3qzs_C_protein_pocket.pdb,/home/igem/unknown_software/datasets/propedia_formatted/propedia_3qzs_C/propedia_3qzs_C_peptide.pdb,propedia
propedia_4bqd_C,/home/igem/unknown_software/datasets/propedia_formatted/propedia_4bqd_C/propedia_4bqd_C_protein_pocket.pdb,/home/igem/unknown_software/datasets/propedia_formatted/propedia_4bqd_C/propedia_4bqd_C_peptide.pdb,propedia_long
propedia_4x3g_C,/home/igem/unknown_software/datasets/propedia_formatted/propedia_4x3g_C/propedia_4x3g_C_protein_pocket.pdb,/home/igem/unknown_software/datasets/propedia_formatted/propedia_4x3g_C/propedia_4x3g_C_peptide.pdb,propedia
propedia_1fiv_B,/home/igem/unknown_software/datasets/propedia_formatted/propedia_1fiv_B/propedia_1fiv_B_protein_pocket.pdb,/home/igem/unknown_software/datasets/propedia_formatted/propedia_1fiv_B/propedia_1fiv_B_peptide.pdb,propedia
propedia_3pmp_C,/home/igem/unknown_software/datasets/propedia_formatted/propedia_3pmp_C/propedia_3pmp_C_protein_pocket.pdb,/home/igem/unknown_software/datasets/propedia_formatted/propedia_3pmp_C/propedia_3pmp_C_peptide.pdb,propedia
propedia_1i4f_C,/home/igem/unknown_software/datasets/propedia_formatted/propedia_1i4f_C/propedia_1i4f_C_protein_pocket.pdb,/home/igem/unknown_software/datasets/propedia_formatted/propedia_1i4f_C/propedia_1i4f_C_peptide.pdb,propedia
propedia_2i5y_M,/home/igem/unknown_software/datasets/propedia_formatted/propedia_2i5y_M/propedia_2i5y_M_protein_pocket.pdb,/home/igem/unknown_software/datasets/propedia_formatted/propedia_2i5y_M/propedia_2i5y_M_peptide.pdb,propedia_long
propedia_3nf3_C,/home/igem/unknown_software/datasets/propedia_formatted/propedia_3nf3_C/propedia_3nf3_C_protein_pocket.pdb,/home/igem/unknown_software/datasets/propedia_formatted/propedia_3nf3_C/propedia_3nf3_C_peptide.pdb,propedia
propedia_4tn7_E,/home/igem/unknown_software/datasets/propedia_formatted/propedia_4tn7_E/propedia_4tn7_E_protein_pocket.pdb,/home/igem/unknown_software/datasets/propedia_formatted/propedia_4tn7_E/propedia_4tn7_E_peptide.pdb,propedia
propedia_4ufe_I,/home/igem/unknown_software/datasets/propedia_formatted/propedia_4ufe_I/propedia_4ufe_I_protein_pocket.pdb,/home/igem/unknown_software/datasets/propedia_formatted/propedia_4ufe_I/propedia_4ufe_I_peptide.pdb,propedia
propedia_1f7a_P,/home/igem/unknown_software/datasets/propedia_formatted/propedia_1f7a_P/propedia_1f7a_P_protein_pocket.pdb,/home/igem/unknown_software/datasets/propedia_formatted/propedia_1f7a_P/propedia_1f7a_P_peptide.pdb,propedia
propedia_3o8i_B,/home/igem/unknown_software/datasets/propedia_formatted/propedia_3o8i_B/propedia_3o8i_B_protein_pocket.pdb,/home/igem/unknown_software/datasets/propedia_formatted/propedia_3o8i_B/propedia_3o8i_B_peptide.pdb,propedia
propedia_3o2q_F,/home/igem/unknown_software/datasets/propedia_formatted/propedia_3o2q_F/propedia_3o2q_F_protein_pocket.pdb,/home/igem/unknown_software/datasets/propedia_formatted/propedia_3o2q_F/propedia_3o2q_F_peptide.pdb,propedia
propedia_6gd5_B,/home/igem/unknown_software/datasets/propedia_formatted/propedia_6gd5_B/propedia_6gd5_B_protein_pocket.pdb,/home/igem/unknown_software/datasets/propedia_formatted/propedia_6gd5_B/propedia_6gd5_B_peptide.pdb,propedia_long
propedia_4eha_B,/home/igem/unknown_software/datasets/propedia_formatted/propedia_4eha_B/propedia_4eha_B_protein_pocket.pdb,/home/igem/unknown_software/datasets/propedia_formatted/propedia_4eha_B/propedia_4eha_B_peptide.pdb,propedia
propedia_4qj6_E,/home/igem/unknown_software/datasets/propedia_formatted/propedia_4qj6_E/propedia_4qj6_E_protein_pocket.pdb,/home/igem/unknown_software/datasets/propedia_formatted/propedia_4qj6_E/propedia_4qj6_E_peptide.pdb,propedia
propedia_3cdw_H,/home/igem/unknown_software/datasets/propedia_formatted/propedia_3cdw_H/propedia_3cdw_H_protein_pocket.pdb,/home/igem/unknown_software/datasets/propedia_formatted/propedia_3cdw_H/propedia_3cdw_H_peptide.pdb,propedia
propedia_2kne_B,/home/igem/unknown_software/datasets/propedia_formatted/propedia_2kne_B/propedia_2kne_B_protein_pocket.pdb,/home/igem/unknown_software/datasets/propedia_formatted/propedia_2kne_B/propedia_2kne_B_peptide.pdb,propedia_long
propedia_2e7l_P,/home/igem/unknown_software/datasets/propedia_formatted/propedia_2e7l_P/propedia_2e7l_P_protein_pocket.pdb,/home/igem/unknown_software/datasets/propedia_formatted/propedia_2e7l_P/propedia_2e7l_P_peptide.pdb,propedia
propedia_4umn_C,/home/igem/unknown_software/datasets/propedia_formatted/propedia_4umn_C/propedia_4umn_C_protein_pocket.pdb,/home/igem/unknown_software/datasets/propedia_formatted/propedia_4umn_C/propedia_4umn_C_peptide.pdb,propedia
propedia_4k1e_B,/home/igem/unknown_software/datasets/propedia_formatted/propedia_4k1e_B/propedia_4k1e_B_protein_pocket.pdb,/home/igem/unknown_software/datasets/propedia_formatted/propedia_4k1e_B/propedia_4k1e_B_peptide.pdb,propedia_long
propedia_2cnn_I,/home/igem/unknown_software/datasets/propedia_formatted/propedia_2cnn_I/propedia_2cnn_I_protein_pocket.pdb,/home/igem/unknown_software/datasets/propedia_formatted/propedia_2cnn_I/propedia_2cnn_I_peptide.pdb,propedia
propedia_3wne_C,/home/igem/unknown_software/datasets/propedia_formatted/propedia_3wne_C/propedia_3wne_C_protein_pocket.pdb,/home/igem/unknown_software/datasets/propedia_formatted/propedia_3wne_C/propedia_3wne_C_peptide.pdb,propedia
propedia_1r17_C,/home/igem/unknown_software/datasets/propedia_formatted/propedia_1r17_C/propedia_1r17_C_protein_pocket.pdb,/home/igem/unknown_software/datasets/propedia_formatted/propedia_1r17_C/propedia_1r17_C_peptide.pdb,propedia
propedia_1ayc_P,/home/igem/unknown_software/datasets/propedia_formatted/propedia_1ayc_P/propedia_1ayc_P_protein_pocket.pdb,/home/igem/unknown_software/datasets/propedia_formatted/propedia_1ayc_P/propedia_1ayc_P_peptide.pdb,propedia
propedia_1bjr_I,/home/igem/unknown_software/datasets/propedia_formatted/propedia_1bjr_I/propedia_1bjr_I_protein_pocket.pdb,/home/igem/unknown_software/datasets/propedia_formatted/propedia_1bjr_I/propedia_1bjr_I_peptide.pdb,propedia
propedia_6f6d_B,/home/igem/unknown_software/datasets/propedia_formatted/propedia_6f6d_B/propedia_6f6d_B_protein_pocket.pdb,/home/igem/unknown_software/datasets/propedia_formatted/propedia_6f6d_B/propedia_6f6d_B_peptide.pdb,propedia_long
propedia_3vh8_C,/home/igem/unknown_software/datasets/propedia_formatted/propedia_3vh8_C/propedia_3vh8_C_protein_pocket.pdb,/home/igem/unknown_software/datasets/propedia_formatted/propedia_3vh8_C/propedia_3vh8_C_peptide.pdb,propedia
propedia_4lfd_E,/home/igem/unknown_software/datasets/propedia_formatted/propedia_4lfd_E/propedia_4lfd_E_protein_pocket.pdb,/home/igem/unknown_software/datasets/propedia_formatted/propedia_4lfd_E/propedia_4lfd_E_peptide.pdb,propedia
propedia_5vll_Y,/home/igem/unknown_software/datasets/propedia_formatted/propedia_5vll_Y/propedia_5vll_Y_protein_pocket.pdb,/home/igem/unknown_software/datasets/propedia_formatted/propedia_5vll_Y/propedia_5vll_Y_peptide.pdb,propedia_long
propedia_1yym_M,/home/igem/unknown_software/datasets/propedia_formatted/propedia_1yym_M/propedia_1yym_M_protein_pocket.pdb,/home/igem/unknown_software/datasets/propedia_formatted/propedia_1yym_M/propedia_1yym_M_peptide.pdb,propedia_long
propedia_3fiv_I,/home/igem/unknown_software/datasets/propedia_formatted/propedia_3fiv_I/propedia_3fiv_I_protein_pocket.pdb,/home/igem/unknown_software/datasets/propedia_formatted/propedia_3fiv_I/propedia_3fiv_I_peptide.pdb,propedia
propedia_4x9v_B,/home/igem/unknown_software/datasets/propedia_formatted/propedia_4x9v_B/propedia_4x9v_B_protein_pocket.pdb,/home/igem/unknown_software/datasets/propedia_formatted/propedia_4x9v_B/propedia_4x9v_B_peptide.pdb,propedia
propedia_1mi5_C,/home/igem/unknown_software/datasets/propedia_formatted/propedia_1mi5_C/propedia_1mi5_C_protein_pocket.pdb,/home/igem/unknown_software/datasets/propedia_formatted/propedia_1mi5_C/propedia_1mi5_C_peptide.pdb,propedia
propedia_2eax_L,/home/igem/unknown_software/datasets/propedia_formatted/propedia_2eax_L/propedia_2eax_L_protein_pocket.pdb,/home/igem/unknown_software/datasets/propedia_formatted/propedia_2eax_L/propedia_2eax_L_peptide.pdb,propedia
propedia_1hy2_E,/home/igem/unknown_software/datasets/propedia_formatted/propedia_1hy2_E/propedia_1hy2_E_protein_pocket.pdb,/home/igem/unknown_software/datasets/propedia_formatted/propedia_1hy2_E/propedia_1hy2_E_peptide.pdb,propedia
propedia_2l4t_B,/home/igem/unknown_software/datasets/propedia_formatted/propedia_2l4t_B/propedia_2l4t_B_protein_pocket.pdb,/home/igem/unknown_software/datasets/propedia_formatted/propedia_2l4t_B/propedia_2l4t_B_peptide.pdb,propedia
propedia_5a2m_I,/home/igem/unknown_software/datasets/propedia_formatted/propedia_5a2m_I/propedia_5a2m_I_protein_pocket.pdb,/home/igem/unknown_software/datasets/propedia_formatted/propedia_5a2m_I/propedia_5a2m_I_peptide.pdb,propedia
propedia_3n55_B,/home/igem/unknown_software/datasets/propedia_formatted/propedia_3n55_B/propedia_3n55_B_protein_pocket.pdb,/home/igem/unknown_software/datasets/propedia_formatted/propedia_3n55_B/propedia_3n55_B_peptide.pdb,propedia
propedia_2nwn_B,/home/igem/unknown_software/datasets/propedia_formatted/propedia_2nwn_B/propedia_2nwn_B_protein_pocket.pdb,/home/igem/unknown_software/datasets/propedia_formatted/propedia_2nwn_B/propedia_2nwn_B_peptide.pdb,propedia
propedia_3itn_B,/home/igem/unknown_software/datasets/propedia_formatted/propedia_3itn_B/propedia_3itn_B_protein_pocket.pdb,/home/igem/unknown_software/datasets/propedia_formatted/propedia_3itn_B/propedia_3itn_B_peptide.pdb,propedia
propedia_5cva_E,/home/igem/unknown_software/datasets/propedia_formatted/propedia_5cva_E/propedia_5cva_E_protein_pocket.pdb,/home/igem/unknown_software/datasets/propedia_formatted/propedia_5cva_E/propedia_5cva_E_peptide.pdb,propedia_long
propedia_3wa4_B,/home/igem/unknown_software/datasets/propedia_formatted/propedia_3wa4_B/propedia_3wa4_B_protein_pocket.pdb,/home/igem/unknown_software/datasets/propedia_formatted/propedia_3wa4_B/propedia_3wa4_B_peptide.pdb,propedia
propedia_3wa0_G,/home/igem/unknown_software/datasets/propedia_formatted/propedia_3wa0_G/propedia_3wa0_G_protein_pocket.pdb,/home/igem/unknown_software/datasets/propedia_formatted/propedia_3wa0_G/propedia_3wa0_G_peptide.pdb,propedia
propedia_5ock_A,/home/igem/unknown_software/datasets/propedia_formatted/propedia_5ock_A/propedia_5ock_A_protein_pocket.pdb,/home/igem/unknown_software/datasets/propedia_formatted/propedia_5ock_A/propedia_5ock_A_peptide.pdb,propedia_long
propedia_3cfs_E,/home/igem/unknown_software/datasets/propedia_formatted/propedia_3cfs_E/propedia_3cfs_E_protein_pocket.pdb,/home/igem/unknown_software/datasets/propedia_formatted/propedia_3cfs_E/propedia_3cfs_E_peptide.pdb,propedia_long
propedia_1awq_B,/home/igem/unknown_software/datasets/propedia_formatted/propedia_1awq_B/propedia_1awq_B_protein_pocket.pdb,/home/igem/unknown_software/datasets/propedia_formatted/propedia_1awq_B/propedia_1awq_B_peptide.pdb,propedia
propedia_4e81_C,/home/igem/unknown_software/datasets/propedia_formatted/propedia_4e81_C/propedia_4e81_C_protein_pocket.pdb,/home/igem/unknown_software/datasets/propedia_formatted/propedia_4e81_C/propedia_4e81_C_peptide.pdb,propedia
propedia_4xpn_B,/home/igem/unknown_software/datasets/propedia_formatted/propedia_4xpn_B/propedia_4xpn_B_protein_pocket.pdb,/home/igem/unknown_software/datasets/propedia_formatted/propedia_4xpn_B/propedia_4xpn_B_peptide.pdb,propedia_long
propedia_5whb_B,/home/igem/unknown_software/datasets/propedia_formatted/propedia_5whb_B/propedia_5whb_B_protein_pocket.pdb,/home/igem/unknown_software/datasets/propedia_formatted/propedia_5whb_B/propedia_5whb_B_peptide.pdb,propedia_long
propedia_1u8m_C,/home/igem/unknown_software/datasets/propedia_formatted/propedia_1u8m_C/propedia_1u8m_C_protein_pocket.pdb,/home/igem/unknown_software/datasets/propedia_formatted/propedia_1u8m_C/propedia_1u8m_C_peptide.pdb,propedia
propedia_1zea_A,/home/igem/unknown_software/datasets/propedia_formatted/propedia_1zea_A/propedia_1zea_A_protein_pocket.pdb,/home/igem/unknown_software/datasets/propedia_formatted/propedia_1zea_A/propedia_1zea_A_peptide.pdb,propedia
propedia_3d1f_P,/home/igem/unknown_software/datasets/propedia_formatted/propedia_3d1f_P/propedia_3d1f_P_protein_pocket.pdb,/home/igem/unknown_software/datasets/propedia_formatted/propedia_3d1f_P/propedia_3d1f_P_peptide.pdb,propedia
propedia_3ghe_P,/home/igem/unknown_software/datasets/propedia_formatted/propedia_3ghe_P/propedia_3ghe_P_protein_pocket.pdb,/home/igem/unknown_software/datasets/propedia_formatted/propedia_3ghe_P/propedia_3ghe_P_peptide.pdb,propedia_long
propedia_2hpz_B,/home/igem/unknown_software/datasets/propedia_formatted/propedia_2hpz_B/propedia_2hpz_B_protein_pocket.pdb,/home/igem/unknown_software/datasets/propedia_formatted/propedia_2hpz_B/propedia_2hpz_B_peptide.pdb,propedia
propedia_1ypg_I,/home/igem/unknown_software/datasets/propedia_formatted/propedia_1ypg_I/propedia_1ypg_I_protein_pocket.pdb,/home/igem/unknown_software/datasets/propedia_formatted/propedia_1ypg_I/propedia_1ypg_I_peptide.pdb,propedia
propedia_4bu1_C,/home/igem/unknown_software/datasets/propedia_formatted/propedia_4bu1_C/propedia_4bu1_C_protein_pocket.pdb,/home/igem/unknown_software/datasets/propedia_formatted/propedia_4bu1_C/propedia_4bu1_C_peptide.pdb,propedia_long
propedia_4zfz_C,/home/igem/unknown_software/datasets/propedia_formatted/propedia_4zfz_C/propedia_4zfz_C_protein_pocket.pdb,/home/igem/unknown_software/datasets/propedia_formatted/propedia_4zfz_C/propedia_4zfz_C_peptide.pdb,propedia
propedia_2q6w_C,/home/igem/unknown_software/datasets/propedia_formatted/propedia_2q6w_C/propedia_2q6w_C_protein_pocket.pdb,/home/igem/unknown_software/datasets/propedia_formatted/propedia_2q6w_C/propedia_2q6w_C_peptide.pdb,propedia
propedia_2ejy_B,/home/igem/unknown_software/datasets/propedia_formatted/propedia_2ejy_B/propedia_2ejy_B_protein_pocket.pdb,/home/igem/unknown_software/datasets/propedia_formatted/propedia_2ejy_B/propedia_2ejy_B_peptide.pdb,propedia
propedia_4hy2_D,/home/igem/unknown_software/datasets/propedia_formatted/propedia_4hy2_D/propedia_4hy2_D_protein_pocket.pdb,/home/igem/unknown_software/datasets/propedia_formatted/propedia_4hy2_D/propedia_4hy2_D_peptide.pdb,propedia
propedia_2aoi_C,/home/igem/unknown_software/datasets/propedia_formatted/propedia_2aoi_C/propedia_2aoi_C_protein_pocket.pdb,/home/igem/unknown_software/datasets/propedia_formatted/propedia_2aoi_C/propedia_2aoi_C_peptide.pdb,propedia
propedia_5om7_B,/home/igem/unknown_software/datasets/propedia_formatted/propedia_5om7_B/propedia_5om7_B_protein_pocket.pdb,/home/igem/unknown_software/datasets/propedia_formatted/propedia_5om7_B/propedia_5om7_B_peptide.pdb,propedia_long
propedia_3d23_E,/home/igem/unknown_software/datasets/propedia_formatted/propedia_3d23_E/propedia_3d23_E_protein_pocket.pdb,/home/igem/unknown_software/datasets/propedia_formatted/propedia_3d23_E/propedia_3d23_E_peptide.pdb,propedia
propedia_1f8a_C,/home/igem/unknown_software/datasets/propedia_formatted/propedia_1f8a_C/propedia_1f8a_C_protein_pocket.pdb,/home/igem/unknown_software/datasets/propedia_formatted/propedia_1f8a_C/propedia_1f8a_C_peptide.pdb,propedia
propedia_1eyx_G,/home/igem/unknown_software/datasets/propedia_formatted/propedia_1eyx_G/propedia_1eyx_G_protein_pocket.pdb,/home/igem/unknown_software/datasets/propedia_formatted/propedia_1eyx_G/propedia_1eyx_G_peptide.pdb,propedia
propedia_2xrw_B,/home/igem/unknown_software/datasets/propedia_formatted/propedia_2xrw_B/propedia_2xrw_B_protein_pocket.pdb,/home/igem/unknown_software/datasets/propedia_formatted/propedia_2xrw_B/propedia_2xrw_B_peptide.pdb,propedia
propedia_2xqq_E,/home/igem/unknown_software/datasets/propedia_formatted/propedia_2xqq_E/propedia_2xqq_E_protein_pocket.pdb,/home/igem/unknown_software/datasets/propedia_formatted/propedia_2xqq_E/propedia_2xqq_E_peptide.pdb,propedia
propedia_4cxf_B,/home/igem/unknown_software/datasets/propedia_formatted/propedia_4cxf_B/propedia_4cxf_B_protein_pocket.pdb,/home/igem/unknown_software/datasets/propedia_formatted/propedia_4cxf_B/propedia_4cxf_B_peptide.pdb,propedia_long
propedia_2fci_B,/home/igem/unknown_software/datasets/propedia_formatted/propedia_2fci_B/propedia_2fci_B_protein_pocket.pdb,/home/igem/unknown_software/datasets/propedia_formatted/propedia_2fci_B/propedia_2fci_B_peptide.pdb,propedia_long
propedia_3c9n_C,/home/igem/unknown_software/datasets/propedia_formatted/propedia_3c9n_C/propedia_3c9n_C_protein_pocket.pdb,/home/igem/unknown_software/datasets/propedia_formatted/propedia_3c9n_C/propedia_3c9n_C_peptide.pdb,propedia
propedia_1u00_P,/home/igem/unknown_software/datasets/propedia_formatted/propedia_1u00_P/propedia_1u00_P_protein_pocket.pdb,/home/igem/unknown_software/datasets/propedia_formatted/propedia_1u00_P/propedia_1u00_P_peptide.pdb,propedia
propedia_4zto_P,/home/igem/unknown_software/datasets/propedia_formatted/propedia_4zto_P/propedia_4zto_P_protein_pocket.pdb,/home/igem/unknown_software/datasets/propedia_formatted/propedia_4zto_P/propedia_4zto_P_peptide.pdb,propedia
propedia_2uz6_K,/home/igem/unknown_software/datasets/propedia_formatted/propedia_2uz6_K/propedia_2uz6_K_protein_pocket.pdb,/home/igem/unknown_software/datasets/propedia_formatted/propedia_2uz6_K/propedia_2uz6_K_peptide.pdb,propedia_long
propedia_3q1i_E,/home/igem/unknown_software/datasets/propedia_formatted/propedia_3q1i_E/propedia_3q1i_E_protein_pocket.pdb,/home/igem/unknown_software/datasets/propedia_formatted/propedia_3q1i_E/propedia_3q1i_E_peptide.pdb,propedia
propedia_2fom_A,/home/igem/unknown_software/datasets/propedia_formatted/propedia_2fom_A/propedia_2fom_A_protein_pocket.pdb,/home/igem/unknown_software/datasets/propedia_formatted/propedia_2fom_A/propedia_2fom_A_peptide.pdb,propedia_long
propedia_4qbm_C,/home/igem/unknown_software/datasets/propedia_formatted/propedia_4qbm_C/propedia_4qbm_C_protein_pocket.pdb,/home/igem/unknown_software/datasets/propedia_formatted/propedia_4qbm_C/propedia_4qbm_C_peptide.pdb,propedia
propedia_1zrb_B,/home/igem/unknown_software/datasets/propedia_formatted/propedia_1zrb_B/propedia_1zrb_B_protein_pocket.pdb,/home/igem/unknown_software/datasets/propedia_formatted/propedia_1zrb_B/propedia_1zrb_B_peptide.pdb,propedia
propedia_2iv9_P,/home/igem/unknown_software/datasets/propedia_formatted/propedia_2iv9_P/propedia_2iv9_P_protein_pocket.pdb,/home/igem/unknown_software/datasets/propedia_formatted/propedia_2iv9_P/propedia_2iv9_P_peptide.pdb,propedia
propedia_3nzj_3,/home/igem/unknown_software/datasets/propedia_formatted/propedia_3nzj_3/propedia_3nzj_3_protein_pocket.pdb,/home/igem/unknown_software/datasets/propedia_formatted/propedia_3nzj_3/propedia_3nzj_3_peptide.pdb,propedia
propedia_1q4q_K,/home/igem/unknown_software/datasets/propedia_formatted/propedia_1q4q_K/propedia_1q4q_K_protein_pocket.pdb,/home/igem/unknown_software/datasets/propedia_formatted/propedia_1q4q_K/propedia_1q4q_K_peptide.pdb,propedia
propedia_2znl_B,/home/igem/unknown_software/datasets/propedia_formatted/propedia_2znl_B/propedia_2znl_B_protein_pocket.pdb,/home/igem/unknown_software/datasets/propedia_formatted/propedia_2znl_B/propedia_2znl_B_peptide.pdb,propedia_long
propedia_2phe_C,/home/igem/unknown_software/datasets/propedia_formatted/propedia_2phe_C/propedia_2phe_C_protein_pocket.pdb,/home/igem/unknown_software/datasets/propedia_formatted/propedia_2phe_C/propedia_2phe_C_peptide.pdb,propedia_long
propedia_6s1r_B,/home/igem/unknown_software/datasets/propedia_formatted/propedia_6s1r_B/propedia_6s1r_B_protein_pocket.pdb,/home/igem/unknown_software/datasets/propedia_formatted/propedia_6s1r_B/propedia_6s1r_B_peptide.pdb,propedia_long
propedia_4iio_C,/home/igem/unknown_software/datasets/propedia_formatted/propedia_4iio_C/propedia_4iio_C_protein_pocket.pdb,/home/igem/unknown_software/datasets/propedia_formatted/propedia_4iio_C/propedia_4iio_C_peptide.pdb,propedia_long
propedia_6iu7_B,/home/igem/unknown_software/datasets/propedia_formatted/propedia_6iu7_B/propedia_6iu7_B_protein_pocket.pdb,/home/igem/unknown_software/datasets/propedia_formatted/propedia_6iu7_B/propedia_6iu7_B_peptide.pdb,propedia_long
propedia_5a2l_P,/home/igem/unknown_software/datasets/propedia_formatted/propedia_5a2l_P/propedia_5a2l_P_protein_pocket.pdb,/home/igem/unknown_software/datasets/propedia_formatted/propedia_5a2l_P/propedia_5a2l_P_peptide.pdb,propedia
propedia_3ro2_B,/home/igem/unknown_software/datasets/propedia_formatted/propedia_3ro2_B/propedia_3ro2_B_protein_pocket.pdb,/home/igem/unknown_software/datasets/propedia_formatted/propedia_3ro2_B/propedia_3ro2_B_peptide.pdb,propedia_long
propedia_4m5t_B,/home/igem/unknown_software/datasets/propedia_formatted/propedia_4m5t_B/propedia_4m5t_B_protein_pocket.pdb,/home/igem/unknown_software/datasets/propedia_formatted/propedia_4m5t_B/propedia_4m5t_B_peptide.pdb,propedia
propedia_6j9h_A,/home/igem/unknown_software/datasets/propedia_formatted/propedia_6j9h_A/propedia_6j9h_A_protein_pocket.pdb,/home/igem/unknown_software/datasets/propedia_formatted/propedia_6j9h_A/propedia_6j9h_A_peptide.pdb,propedia_long
propedia_4pri_C,/home/igem/unknown_software/datasets/propedia_formatted/propedia_4pri_C/propedia_4pri_C_protein_pocket.pdb,/home/igem/unknown_software/datasets/propedia_formatted/propedia_4pri_C/propedia_4pri_C_peptide.pdb,propedia
propedia_1a3r_P,/home/igem/unknown_software/datasets/propedia_formatted/propedia_1a3r_P/propedia_1a3r_P_protein_pocket.pdb,/home/igem/unknown_software/datasets/propedia_formatted/propedia_1a3r_P/propedia_1a3r_P_peptide.pdb,propedia_long
propedia_4g91_A,/home/igem/unknown_software/datasets/propedia_formatted/propedia_4g91_A/propedia_4g91_A_protein_pocket.pdb,/home/igem/unknown_software/datasets/propedia_formatted/propedia_4g91_A/propedia_4g91_A_peptide.pdb,propedia_long
propedia_1t15_B,/home/igem/unknown_software/datasets/propedia_formatted/propedia_1t15_B/propedia_1t15_B_protein_pocket.pdb,/home/igem/unknown_software/datasets/propedia_formatted/propedia_1t15_B/propedia_1t15_B_peptide.pdb,propedia
propedia_1twq_P,/home/igem/unknown_software/datasets/propedia_formatted/propedia_1twq_P/propedia_1twq_P_protein_pocket.pdb,/home/igem/unknown_software/datasets/propedia_formatted/propedia_1twq_P/propedia_1twq_P_peptide.pdb,propedia
propedia_3r6l_E,/home/igem/unknown_software/datasets/propedia_formatted/propedia_3r6l_E/propedia_3r6l_E_protein_pocket.pdb,/home/igem/unknown_software/datasets/propedia_formatted/propedia_3r6l_E/propedia_3r6l_E_peptide.pdb,propedia
propedia_2h13_B,/home/igem/unknown_software/datasets/propedia_formatted/propedia_2h13_B/propedia_2h13_B_protein_pocket.pdb,/home/igem/unknown_software/datasets/propedia_formatted/propedia_2h13_B/propedia_2h13_B_peptide.pdb,propedia
propedia_1pj8_I,/home/igem/unknown_software/datasets/propedia_formatted/propedia_1pj8_I/propedia_1pj8_I_protein_pocket.pdb,/home/igem/unknown_software/datasets/propedia_formatted/propedia_1pj8_I/propedia_1pj8_I_peptide.pdb,propedia
propedia_3o6m_C,/home/igem/unknown_software/datasets/propedia_formatted/propedia_3o6m_C/propedia_3o6m_C_protein_pocket.pdb,/home/igem/unknown_software/datasets/propedia_formatted/propedia_3o6m_C/propedia_3o6m_C_peptide.pdb,propedia
propedia_1kzo_C,/home/igem/unknown_software/datasets/propedia_formatted/propedia_1kzo_C/propedia_1kzo_C_protein_pocket.pdb,/home/igem/unknown_software/datasets/propedia_formatted/propedia_1kzo_C/propedia_1kzo_C_peptide.pdb,propedia
propedia_4y32_C,/home/igem/unknown_software/datasets/propedia_formatted/propedia_4y32_C/propedia_4y32_C_protein_pocket.pdb,/home/igem/unknown_software/datasets/propedia_formatted/propedia_4y32_C/propedia_4y32_C_peptide.pdb,propedia
propedia_2ruk_A,/home/igem/unknown_software/datasets/propedia_formatted/propedia_2ruk_A/propedia_2ruk_A_protein_pocket.pdb,/home/igem/unknown_software/datasets/propedia_formatted/propedia_2ruk_A/propedia_2ruk_A_peptide.pdb,propedia_long
propedia_1cwm_C,/home/igem/unknown_software/datasets/propedia_formatted/propedia_1cwm_C/propedia_1cwm_C_protein_pocket.pdb,/home/igem/unknown_software/datasets/propedia_formatted/propedia_1cwm_C/propedia_1cwm_C_peptide.pdb,propedia
propedia_3c89_B,/home/igem/unknown_software/datasets/propedia_formatted/propedia_3c89_B/propedia_3c89_B_protein_pocket.pdb,/home/igem/unknown_software/datasets/propedia_formatted/propedia_3c89_B/propedia_3c89_B_peptide.pdb,propedia
propedia_4obd_E,/home/igem/unknown_software/datasets/propedia_formatted/propedia_4obd_E/propedia_4obd_E_protein_pocket.pdb,/home/igem/unknown_software/datasets/propedia_formatted/propedia_4obd_E/propedia_4obd_E_peptide.pdb,propedia
propedia_4z0r_D,/home/igem/unknown_software/datasets/propedia_formatted/propedia_4z0r_D/propedia_4z0r_D_protein_pocket.pdb,/home/igem/unknown_software/datasets/propedia_formatted/propedia_4z0r_D/propedia_4z0r_D_peptide.pdb,propedia
propedia_2vdr_C,/home/igem/unknown_software/datasets/propedia_formatted/propedia_2vdr_C/propedia_2vdr_C_protein_pocket.pdb,/home/igem/unknown_software/datasets/propedia_formatted/propedia_2vdr_C/propedia_2vdr_C_peptide.pdb,propedia
propedia_3avk_D,/home/igem/unknown_software/datasets/propedia_formatted/propedia_3avk_D/propedia_3avk_D_protein_pocket.pdb,/home/igem/unknown_software/datasets/propedia_formatted/propedia_3avk_D/propedia_3avk_D_peptide.pdb,propedia
propedia_3e7a_C,/home/igem/unknown_software/datasets/propedia_formatted/propedia_3e7a_C/propedia_3e7a_C_protein_pocket.pdb,/home/igem/unknown_software/datasets/propedia_formatted/propedia_3e7a_C/propedia_3e7a_C_peptide.pdb,propedia
propedia_1e8n_I,/home/igem/unknown_software/datasets/propedia_formatted/propedia_1e8n_I/propedia_1e8n_I_protein_pocket.pdb,/home/igem/unknown_software/datasets/propedia_formatted/propedia_1e8n_I/propedia_1e8n_I_peptide.pdb,propedia
propedia_4j09_B,/home/igem/unknown_software/datasets/propedia_formatted/propedia_4j09_B/propedia_4j09_B_protein_pocket.pdb,/home/igem/unknown_software/datasets/propedia_formatted/propedia_4j09_B/propedia_4j09_B_peptide.pdb,propedia
propedia_1hkd_B,/home/igem/unknown_software/datasets/propedia_formatted/propedia_1hkd_B/propedia_1hkd_B_protein_pocket.pdb,/home/igem/unknown_software/datasets/propedia_formatted/propedia_1hkd_B/propedia_1hkd_B_peptide.pdb,propedia_long
propedia_5bxo_C,/home/igem/unknown_software/datasets/propedia_formatted/propedia_5bxo_C/propedia_5bxo_C_protein_pocket.pdb,/home/igem/unknown_software/datasets/propedia_formatted/propedia_5bxo_C/propedia_5bxo_C_peptide.pdb,propedia
propedia_1ycq_B,/home/igem/unknown_software/datasets/propedia_formatted/propedia_1ycq_B/propedia_1ycq_B_protein_pocket.pdb,/home/igem/unknown_software/datasets/propedia_formatted/propedia_1ycq_B/propedia_1ycq_B_peptide.pdb,propedia
propedia_3sv2_I,/home/igem/unknown_software/datasets/propedia_formatted/propedia_3sv2_I/propedia_3sv2_I_protein_pocket.pdb,/home/igem/unknown_software/datasets/propedia_formatted/propedia_3sv2_I/propedia_3sv2_I_peptide.pdb,propedia
propedia_4nnx_C,/home/igem/unknown_software/datasets/propedia_formatted/propedia_4nnx_C/propedia_4nnx_C_protein_pocket.pdb,/home/igem/unknown_software/datasets/propedia_formatted/propedia_4nnx_C/propedia_4nnx_C_peptide.pdb,propedia
propedia_3kze_D,/home/igem/unknown_software/datasets/propedia_formatted/propedia_3kze_D/propedia_3kze_D_protein_pocket.pdb,/home/igem/unknown_software/datasets/propedia_formatted/propedia_3kze_D/propedia_3kze_D_peptide.pdb,propedia
propedia_2vlj_C,/home/igem/unknown_software/datasets/propedia_formatted/propedia_2vlj_C/propedia_2vlj_C_protein_pocket.pdb,/home/igem/unknown_software/datasets/propedia_formatted/propedia_2vlj_C/propedia_2vlj_C_peptide.pdb,propedia
propedia_4tmp_B,/home/igem/unknown_software/datasets/propedia_formatted/propedia_4tmp_B/propedia_4tmp_B_protein_pocket.pdb,/home/igem/unknown_software/datasets/propedia_formatted/propedia_4tmp_B/propedia_4tmp_B_peptide.pdb,propedia
propedia_4o42_B,/home/igem/unknown_software/datasets/propedia_formatted/propedia_4o42_B/propedia_4o42_B_protein_pocket.pdb,/home/igem/unknown_software/datasets/propedia_formatted/propedia_4o42_B/propedia_4o42_B_peptide.pdb,propedia
propedia_2y4v_B,/home/igem/unknown_software/datasets/propedia_formatted/propedia_2y4v_B/propedia_2y4v_B_protein_pocket.pdb,/home/igem/unknown_software/datasets/propedia_formatted/propedia_2y4v_B/propedia_2y4v_B_peptide.pdb,propedia_long
propedia_1dpu_B,/home/igem/unknown_software/datasets/propedia_formatted/propedia_1dpu_B/propedia_1dpu_B_protein_pocket.pdb,/home/igem/unknown_software/datasets/propedia_formatted/propedia_1dpu_B/propedia_1dpu_B_peptide.pdb,propedia_long
propedia_4gag_P,/home/igem/unknown_software/datasets/propedia_formatted/propedia_4gag_P/propedia_4gag_P_protein_pocket.pdb,/home/igem/unknown_software/datasets/propedia_formatted/propedia_4gag_P/propedia_4gag_P_peptide.pdb,propedia
propedia_2bst_C,/home/igem/unknown_software/datasets/propedia_formatted/propedia_2bst_C/propedia_2bst_C_protein_pocket.pdb,/home/igem/unknown_software/datasets/propedia_formatted/propedia_2bst_C/propedia_2bst_C_peptide.pdb,propedia
propedia_1q1a_B,/home/igem/unknown_software/datasets/propedia_formatted/propedia_1q1a_B/propedia_1q1a_B_protein_pocket.pdb,/home/igem/unknown_software/datasets/propedia_formatted/propedia_1q1a_B/propedia_1q1a_B_peptide.pdb,propedia
propedia_3wmg_B,/home/igem/unknown_software/datasets/propedia_formatted/propedia_3wmg_B/propedia_3wmg_B_protein_pocket.pdb,/home/igem/unknown_software/datasets/propedia_formatted/propedia_3wmg_B/propedia_3wmg_B_peptide.pdb,propedia_long
propedia_2zjd_B,/home/igem/unknown_software/datasets/propedia_formatted/propedia_2zjd_B/propedia_2zjd_B_protein_pocket.pdb,/home/igem/unknown_software/datasets/propedia_formatted/propedia_2zjd_B/propedia_2zjd_B_peptide.pdb,propedia
propedia_3avk_D,/home/igem/unknown_software/datasets/propedia_formatted/propedia_3avk_D/propedia_3avk_D_protein_pocket.pdb,/home/igem/unknown_software/datasets/propedia_formatted/propedia_3avk_D/propedia_3avk_D_peptide.pdb,propedia
propedia_1uef_C,/home/igem/unknown_software/datasets/propedia_formatted/propedia_1uef_C/propedia_1uef_C_protein_pocket.pdb,/home/igem/unknown_software/datasets/propedia_formatted/propedia_1uef_C/propedia_1uef_C_peptide.pdb,propedia
propedia_4z09_C,/home/igem/unknown_software/datasets/propedia_formatted/propedia_4z09_C/propedia_4z09_C_protein_pocket.pdb,/home/igem/unknown_software/datasets/propedia_formatted/propedia_4z09_C/propedia_4z09_C_peptide.pdb,propedia_long
propedia_1nb5_P,/home/igem/unknown_software/datasets/propedia_formatted/propedia_1nb5_P/propedia_1nb5_P_protein_pocket.pdb,/home/igem/unknown_software/datasets/propedia_formatted/propedia_1nb5_P/propedia_1nb5_P_peptide.pdb,propedia
propedia_1ju5_B,/home/igem/unknown_software/datasets/propedia_formatted/propedia_1ju5_B/propedia_1ju5_B_protein_pocket.pdb,/home/igem/unknown_software/datasets/propedia_formatted/propedia_1ju5_B/propedia_1ju5_B_peptide.pdb,propedia_long
propedia_3zin_B,/home/igem/unknown_software/datasets/propedia_formatted/propedia_3zin_B/propedia_3zin_B_protein_pocket.pdb,/home/igem/unknown_software/datasets/propedia_formatted/propedia_3zin_B/propedia_3zin_B_peptide.pdb,propedia_long
propedia_2g5l_X,/home/igem/unknown_software/datasets/propedia_formatted/propedia_2g5l_X/propedia_2g5l_X_protein_pocket.pdb,/home/igem/unknown_software/datasets/propedia_formatted/propedia_2g5l_X/propedia_2g5l_X_peptide.pdb,propedia
propedia_4iur_C,/home/igem/unknown_software/datasets/propedia_formatted/propedia_4iur_C/propedia_4iur_C_protein_pocket.pdb,/home/igem/unknown_software/datasets/propedia_formatted/propedia_4iur_C/propedia_4iur_C_peptide.pdb,propedia
propedia_5jjy_B,/home/igem/unknown_software/datasets/propedia_formatted/propedia_5jjy_B/propedia_5jjy_B_protein_pocket.pdb,/home/igem/unknown_software/datasets/propedia_formatted/propedia_5jjy_B/propedia_5jjy_B_peptide.pdb,propedia_long
propedia_1dkd_E,/home/igem/unknown_software/datasets/propedia_formatted/propedia_1dkd_E/propedia_1dkd_E_protein_pocket.pdb,/home/igem/unknown_software/datasets/propedia_formatted/propedia_1dkd_E/propedia_1dkd_E_peptide.pdb,propedia
propedia_2duj_P,/home/igem/unknown_software/datasets/propedia_formatted/propedia_2duj_P/propedia_2duj_P_protein_pocket.pdb,/home/igem/unknown_software/datasets/propedia_formatted/propedia_2duj_P/propedia_2duj_P_peptide.pdb,propedia
propedia_4rhg_B,/home/igem/unknown_software/datasets/propedia_formatted/propedia_4rhg_B/propedia_4rhg_B_protein_pocket.pdb,/home/igem/unknown_software/datasets/propedia_formatted/propedia_4rhg_B/propedia_4rhg_B_peptide.pdb,propedia
propedia_1cwe_B,/home/igem/unknown_software/datasets/propedia_formatted/propedia_1cwe_B/propedia_1cwe_B_protein_pocket.pdb,/home/igem/unknown_software/datasets/propedia_formatted/propedia_1cwe_B/propedia_1cwe_B_peptide.pdb,propedia
propedia_5bs0_C,/home/igem/unknown_software/datasets/propedia_formatted/propedia_5bs0_C/propedia_5bs0_C_protein_pocket.pdb,/home/igem/unknown_software/datasets/propedia_formatted/propedia_5bs0_C/propedia_5bs0_C_peptide.pdb,propedia
propedia_4txq_C,/home/igem/unknown_software/datasets/propedia_formatted/propedia_4txq_C/propedia_4txq_C_protein_pocket.pdb,/home/igem/unknown_software/datasets/propedia_formatted/propedia_4txq_C/propedia_4txq_C_peptide.pdb,propedia_long
propedia_1hpg_B,/home/igem/unknown_software/datasets/propedia_formatted/propedia_1hpg_B/propedia_1hpg_B_protein_pocket.pdb,/home/igem/unknown_software/datasets/propedia_formatted/propedia_1hpg_B/propedia_1hpg_B_peptide.pdb,propedia
propedia_4mdj_C,/home/igem/unknown_software/datasets/propedia_formatted/propedia_4mdj_C/propedia_4mdj_C_protein_pocket.pdb,/home/igem/unknown_software/datasets/propedia_formatted/propedia_4mdj_C/propedia_4mdj_C_peptide.pdb,propedia_long
propedia_1t79_B,/home/igem/unknown_software/datasets/propedia_formatted/propedia_1t79_B/propedia_1t79_B_protein_pocket.pdb,/home/igem/unknown_software/datasets/propedia_formatted/propedia_1t79_B/propedia_1t79_B_peptide.pdb,propedia
propedia_3kl6_B,/home/igem/unknown_software/datasets/propedia_formatted/propedia_3kl6_B/propedia_3kl6_B_protein_pocket.pdb,/home/igem/unknown_software/datasets/propedia_formatted/propedia_3kl6_B/propedia_3kl6_B_peptide.pdb,propedia_long
propedia_3pqz_L,/home/igem/unknown_software/datasets/propedia_formatted/propedia_3pqz_L/propedia_3pqz_L_protein_pocket.pdb,/home/igem/unknown_software/datasets/propedia_formatted/propedia_3pqz_L/propedia_3pqz_L_peptide.pdb,propedia
propedia_3zqh_C,/home/igem/unknown_software/datasets/propedia_formatted/propedia_3zqh_C/propedia_3zqh_C_protein_pocket.pdb,/home/igem/unknown_software/datasets/propedia_formatted/propedia_3zqh_C/propedia_3zqh_C_peptide.pdb,propedia
propedia_1csz_B,/home/igem/unknown_software/datasets/propedia_formatted/propedia_1csz_B/propedia_1csz_B_protein_pocket.pdb,/home/igem/unknown_software/datasets/propedia_formatted/propedia_1csz_B/propedia_1csz_B_peptide.pdb,propedia
propedia_5c0f_C,/home/igem/unknown_software/datasets/propedia_formatted/propedia_5c0f_C/propedia_5c0f_C_protein_pocket.pdb,/home/igem/unknown_software/datasets/propedia_formatted/propedia_5c0f_C/propedia_5c0f_C_peptide.pdb,propedia
propedia_4wu7_C,/home/igem/unknown_software/datasets/propedia_formatted/propedia_4wu7_C/propedia_4wu7_C_protein_pocket.pdb,/home/igem/unknown_software/datasets/propedia_formatted/propedia_4wu7_C/propedia_4wu7_C_peptide.pdb,propedia
propedia_2xqq_E,/home/igem/unknown_software/datasets/propedia_formatted/propedia_2xqq_E/propedia_2xqq_E_protein_pocket.pdb,/home/igem/unknown_software/datasets/propedia_formatted/propedia_2xqq_E/propedia_2xqq_E_peptide.pdb,propedia
propedia_2qbx_D,/home/igem/unknown_software/datasets/propedia_formatted/propedia_2qbx_D/propedia_2qbx_D_protein_pocket.pdb,/home/igem/unknown_software/datasets/propedia_formatted/propedia_2qbx_D/propedia_2qbx_D_peptide.pdb,propedia
propedia_2rje_P,/home/igem/unknown_software/datasets/propedia_formatted/propedia_2rje_P/propedia_2rje_P_protein_pocket.pdb,/home/igem/unknown_software/datasets/propedia_formatted/propedia_2rje_P/propedia_2rje_P_peptide.pdb,propedia
propedia_5izu_B,/home/igem/unknown_software/datasets/propedia_formatted/propedia_5izu_B/propedia_5izu_B_protein_pocket.pdb,/home/igem/unknown_software/datasets/propedia_formatted/propedia_5izu_B/propedia_5izu_B_peptide.pdb,propedia_long
propedia_3zs9_C,/home/igem/unknown_software/datasets/propedia_formatted/propedia_3zs9_C/propedia_3zs9_C_protein_pocket.pdb,/home/igem/unknown_software/datasets/propedia_formatted/propedia_3zs9_C/propedia_3zs9_C_peptide.pdb,propedia_long
propedia_6o23_E,/home/igem/unknown_software/datasets/propedia_formatted/propedia_6o23_E/propedia_6o23_E_protein_pocket.pdb,/home/igem/unknown_software/datasets/propedia_formatted/propedia_6o23_E/propedia_6o23_E_peptide.pdb,propedia_long
propedia_4x1s_P,/home/igem/unknown_software/datasets/propedia_formatted/propedia_4x1s_P/propedia_4x1s_P_protein_pocket.pdb,/home/igem/unknown_software/datasets/propedia_formatted/propedia_4x1s_P/propedia_4x1s_P_peptide.pdb,propedia
propedia_2rdl_I,/home/igem/unknown_software/datasets/propedia_formatted/propedia_2rdl_I/propedia_2rdl_I_protein_pocket.pdb,/home/igem/unknown_software/datasets/propedia_formatted/propedia_2rdl_I/propedia_2rdl_I_peptide.pdb,propedia
propedia_5ot3_D,/home/igem/unknown_software/datasets/propedia_formatted/propedia_5ot3_D/propedia_5ot3_D_protein_pocket.pdb,/home/igem/unknown_software/datasets/propedia_formatted/propedia_5ot3_D/propedia_5ot3_D_peptide.pdb,propedia_long
propedia_4g42_C,/home/igem/unknown_software/datasets/propedia_formatted/propedia_4g42_C/propedia_4g42_C_protein_pocket.pdb,/home/igem/unknown_software/datasets/propedia_formatted/propedia_4g42_C/propedia_4g42_C_peptide.pdb,propedia
propedia_3tjv_B,/home/igem/unknown_software/datasets/propedia_formatted/propedia_3tjv_B/propedia_3tjv_B_protein_pocket.pdb,/home/igem/unknown_software/datasets/propedia_formatted/propedia_3tjv_B/propedia_3tjv_B_peptide.pdb,propedia
propedia_5b39_C,/home/igem/unknown_software/datasets/propedia_formatted/propedia_5b39_C/propedia_5b39_C_protein_pocket.pdb,/home/igem/unknown_software/datasets/propedia_formatted/propedia_5b39_C/propedia_5b39_C_peptide.pdb,propedia
propedia_4bxf_C,/home/igem/unknown_software/datasets/propedia_formatted/propedia_4bxf_C/propedia_4bxf_C_protein_pocket.pdb,/home/igem/unknown_software/datasets/propedia_formatted/propedia_4bxf_C/propedia_4bxf_C_peptide.pdb,propedia
propedia_3liy_I,/home/igem/unknown_software/datasets/propedia_formatted/propedia_3liy_I/propedia_3liy_I_protein_pocket.pdb,/home/igem/unknown_software/datasets/propedia_formatted/propedia_3liy_I/propedia_3liy_I_peptide.pdb,propedia
propedia_2nxl_P,/home/igem/unknown_software/datasets/propedia_formatted/propedia_2nxl_P/propedia_2nxl_P_protein_pocket.pdb,/home/igem/unknown_software/datasets/propedia_formatted/propedia_2nxl_P/propedia_2nxl_P_peptide.pdb,propedia
propedia_1vgc_A,/home/igem/unknown_software/datasets/propedia_formatted/propedia_1vgc_A/propedia_1vgc_A_protein_pocket.pdb,/home/igem/unknown_software/datasets/propedia_formatted/propedia_1vgc_A/propedia_1vgc_A_peptide.pdb,propedia
propedia_1fch_C,/home/igem/unknown_software/datasets/propedia_formatted/propedia_1fch_C/propedia_1fch_C_protein_pocket.pdb,/home/igem/unknown_software/datasets/propedia_formatted/propedia_1fch_C/propedia_1fch_C_peptide.pdb,propedia
propedia_4hy7_B,/home/igem/unknown_software/datasets/propedia_formatted/propedia_4hy7_B/propedia_4hy7_B_protein_pocket.pdb,/home/igem/unknown_software/datasets/propedia_formatted/propedia_4hy7_B/propedia_4hy7_B_peptide.pdb,propedia
propedia_1hgt_I,/home/igem/unknown_software/datasets/propedia_formatted/propedia_1hgt_I/propedia_1hgt_I_protein_pocket.pdb,/home/igem/unknown_software/datasets/propedia_formatted/propedia_1hgt_I/propedia_1hgt_I_peptide.pdb,propedia
propedia_1mwa_P,/home/igem/unknown_software/datasets/propedia_formatted/propedia_1mwa_P/propedia_1mwa_P_protein_pocket.pdb,/home/igem/unknown_software/datasets/propedia_formatted/propedia_1mwa_P/propedia_1mwa_P_peptide.pdb,propedia
propedia_6bz3_B,/home/igem/unknown_software/datasets/propedia_formatted/propedia_6bz3_B/propedia_6bz3_B_protein_pocket.pdb,/home/igem/unknown_software/datasets/propedia_formatted/propedia_6bz3_B/propedia_6bz3_B_peptide.pdb,propedia_long
propedia_2jby_B,/home/igem/unknown_software/datasets/propedia_formatted/propedia_2jby_B/propedia_2jby_B_protein_pocket.pdb,/home/igem/unknown_software/datasets/propedia_formatted/propedia_2jby_B/propedia_2jby_B_peptide.pdb,propedia_long
propedia_4yyd_Z,/home/igem/unknown_software/datasets/propedia_formatted/propedia_4yyd_Z/propedia_4yyd_Z_protein_pocket.pdb,/home/igem/unknown_software/datasets/propedia_formatted/propedia_4yyd_Z/propedia_4yyd_Z_peptide.pdb,propedia
propedia_4c1q_C,/home/igem/unknown_software/datasets/propedia_formatted/propedia_4c1q_C/propedia_4c1q_C_protein_pocket.pdb,/home/igem/unknown_software/datasets/propedia_formatted/propedia_4c1q_C/propedia_4c1q_C_peptide.pdb,propedia
propedia_3vrp_B,/home/igem/unknown_software/datasets/propedia_formatted/propedia_3vrp_B/propedia_3vrp_B_protein_pocket.pdb,/home/igem/unknown_software/datasets/propedia_formatted/propedia_3vrp_B/propedia_3vrp_B_peptide.pdb,propedia
propedia_4qrq_C,/home/igem/unknown_software/datasets/propedia_formatted/propedia_4qrq_C/propedia_4qrq_C_protein_pocket.pdb,/home/igem/unknown_software/datasets/propedia_formatted/propedia_4qrq_C/propedia_4qrq_C_peptide.pdb,propedia
propedia_4dv9_B,/home/igem/unknown_software/datasets/propedia_formatted/propedia_4dv9_B/propedia_4dv9_B_protein_pocket.pdb,/home/igem/unknown_software/datasets/propedia_formatted/propedia_4dv9_B/propedia_4dv9_B_peptide.pdb,propedia
propedia_1aya_P,/home/igem/unknown_software/datasets/propedia_formatted/propedia_1aya_P/propedia_1aya_P_protein_pocket.pdb,/home/igem/unknown_software/datasets/propedia_formatted/propedia_1aya_P/propedia_1aya_P_peptide.pdb,propedia
propedia_2brr_P,/home/igem/unknown_software/datasets/propedia_formatted/propedia_2brr_P/propedia_2brr_P_protein_pocket.pdb,/home/igem/unknown_software/datasets/propedia_formatted/propedia_2brr_P/propedia_2brr_P_peptide.pdb,propedia
propedia_1qkz_P,/home/igem/unknown_software/datasets/propedia_formatted/propedia_1qkz_P/propedia_1qkz_P_protein_pocket.pdb,/home/igem/unknown_software/datasets/propedia_formatted/propedia_1qkz_P/propedia_1qkz_P_peptide.pdb,propedia
propedia_4kmd_B,/home/igem/unknown_software/datasets/propedia_formatted/propedia_4kmd_B/propedia_4kmd_B_protein_pocket.pdb,/home/igem/unknown_software/datasets/propedia_formatted/propedia_4kmd_B/propedia_4kmd_B_peptide.pdb,propedia
propedia_3vcl_C,/home/igem/unknown_software/datasets/propedia_formatted/propedia_3vcl_C/propedia_3vcl_C_protein_pocket.pdb,/home/igem/unknown_software/datasets/propedia_formatted/propedia_3vcl_C/propedia_3vcl_C_peptide.pdb,propedia
propedia_4y8l_c,/home/igem/unknown_software/datasets/propedia_formatted/propedia_4y8l_c/propedia_4y8l_c_protein_pocket.pdb,/home/igem/unknown_software/datasets/propedia_formatted/propedia_4y8l_c/propedia_4y8l_c_peptide.pdb,propedia
propedia_1ym2_X,/home/igem/unknown_software/datasets/propedia_formatted/propedia_1ym2_X/propedia_1ym2_X_protein_pocket.pdb,/home/igem/unknown_software/datasets/propedia_formatted/propedia_1ym2_X/propedia_1ym2_X_peptide.pdb,propedia
propedia_3h11_C,/home/igem/unknown_software/datasets/propedia_formatted/propedia_3h11_C/propedia_3h11_C_protein_pocket.pdb,/home/igem/unknown_software/datasets/propedia_formatted/propedia_3h11_C/propedia_3h11_C_peptide.pdb,propedia
propedia_1y2a_P,/home/igem/unknown_software/datasets/propedia_formatted/propedia_1y2a_P/propedia_1y2a_P_protein_pocket.pdb,/home/igem/unknown_software/datasets/propedia_formatted/propedia_1y2a_P/propedia_1y2a_P_peptide.pdb,propedia
propedia_1rgr_B,/home/igem/unknown_software/datasets/propedia_formatted/propedia_1rgr_B/propedia_1rgr_B_protein_pocket.pdb,/home/igem/unknown_software/datasets/propedia_formatted/propedia_1rgr_B/propedia_1rgr_B_peptide.pdb,propedia
propedia_3d0v_C,/home/igem/unknown_software/datasets/propedia_formatted/propedia_3d0v_C/propedia_3d0v_C_protein_pocket.pdb,/home/igem/unknown_software/datasets/propedia_formatted/propedia_3d0v_C/propedia_3d0v_C_peptide.pdb,propedia
propedia_4wk2_C,/home/igem/unknown_software/datasets/propedia_formatted/propedia_4wk2_C/propedia_4wk2_C_protein_pocket.pdb,/home/igem/unknown_software/datasets/propedia_formatted/propedia_4wk2_C/propedia_4wk2_C_peptide.pdb,propedia
propedia_3jr3_D,/home/igem/unknown_software/datasets/propedia_formatted/propedia_3jr3_D/propedia_3jr3_D_protein_pocket.pdb,/home/igem/unknown_software/datasets/propedia_formatted/propedia_3jr3_D/propedia_3jr3_D_peptide.pdb,propedia
propedia_3v2o_B,/home/igem/unknown_software/datasets/propedia_formatted/propedia_3v2o_B/propedia_3v2o_B_protein_pocket.pdb,/home/igem/unknown_software/datasets/propedia_formatted/propedia_3v2o_B/propedia_3v2o_B_peptide.pdb,propedia
propedia_2w97_E,/home/igem/unknown_software/datasets/propedia_formatted/propedia_2w97_E/propedia_2w97_E_protein_pocket.pdb,/home/igem/unknown_software/datasets/propedia_formatted/propedia_2w97_E/propedia_2w97_E_peptide.pdb,propedia_long
propedia_2g35_B,/home/igem/unknown_software/datasets/propedia_formatted/propedia_2g35_B/propedia_2g35_B_protein_pocket.pdb,/home/igem/unknown_software/datasets/propedia_formatted/propedia_2g35_B/propedia_2g35_B_peptide.pdb,propedia
propedia_2m14_B,/home/igem/unknown_software/datasets/propedia_formatted/propedia_2m14_B/propedia_2m14_B_protein_pocket.pdb,/home/igem/unknown_software/datasets/propedia_formatted/propedia_2m14_B/propedia_2m14_B_peptide.pdb,propedia_long
propedia_3bzl_A,/home/igem/unknown_software/datasets/propedia_formatted/propedia_3bzl_A/propedia_3bzl_A_protein_pocket.pdb,/home/igem/unknown_software/datasets/propedia_formatted/propedia_3bzl_A/propedia_3bzl_A_peptide.pdb,propedia_long
propedia_3ech_C,/home/igem/unknown_software/datasets/propedia_formatted/propedia_3ech_C/propedia_3ech_C_protein_pocket.pdb,/home/igem/unknown_software/datasets/propedia_formatted/propedia_3ech_C/propedia_3ech_C_peptide.pdb,propedia_long
propedia_3c2a_P,/home/igem/unknown_software/datasets/propedia_formatted/propedia_3c2a_P/propedia_3c2a_P_protein_pocket.pdb,/home/igem/unknown_software/datasets/propedia_formatted/propedia_3c2a_P/propedia_3c2a_P_peptide.pdb,propedia_long
propedia_4re1_C,/home/igem/unknown_software/datasets/propedia_formatted/propedia_4re1_C/propedia_4re1_C_protein_pocket.pdb,/home/igem/unknown_software/datasets/propedia_formatted/propedia_4re1_C/propedia_4re1_C_peptide.pdb,propedia_long
propedia_4joj_C,/home/igem/unknown_software/datasets/propedia_formatted/propedia_4joj_C/propedia_4joj_C_protein_pocket.pdb,/home/igem/unknown_software/datasets/propedia_formatted/propedia_4joj_C/propedia_4joj_C_peptide.pdb,propedia
propedia_4zar_B,/home/igem/unknown_software/datasets/propedia_formatted/propedia_4zar_B/propedia_4zar_B_protein_pocket.pdb,/home/igem/unknown_software/datasets/propedia_formatted/propedia_4zar_B/propedia_4zar_B_peptide.pdb,propedia
propedia_1aot_P,/home/igem/unknown_software/datasets/propedia_formatted/propedia_1aot_P/propedia_1aot_P_protein_pocket.pdb,/home/igem/unknown_software/datasets/propedia_formatted/propedia_1aot_P/propedia_1aot_P_peptide.pdb,propedia
propedia_4wu7_C,/home/igem/unknown_software/datasets/propedia_formatted/propedia_4wu7_C/propedia_4wu7_C_protein_pocket.pdb,/home/igem/unknown_software/datasets/propedia_formatted/propedia_4wu7_C/propedia_4wu7_C_peptide.pdb,propedia
propedia_6iy0_I,/home/igem/unknown_software/datasets/propedia_formatted/propedia_6iy0_I/propedia_6iy0_I_protein_pocket.pdb,/home/igem/unknown_software/datasets/propedia_formatted/propedia_6iy0_I/propedia_6iy0_I_peptide.pdb,propedia_long
propedia_3ifn_P,/home/igem/unknown_software/datasets/propedia_formatted/propedia_3ifn_P/propedia_3ifn_P_protein_pocket.pdb,/home/igem/unknown_software/datasets/propedia_formatted/propedia_3ifn_P/propedia_3ifn_P_peptide.pdb,propedia
propedia_3cvp_B,/home/igem/unknown_software/datasets/propedia_formatted/propedia_3cvp_B/propedia_3cvp_B_protein_pocket.pdb,/home/igem/unknown_software/datasets/propedia_formatted/propedia_3cvp_B/propedia_3cvp_B_peptide.pdb,propedia
propedia_4jna_H,/home/igem/unknown_software/datasets/propedia_formatted/propedia_4jna_H/propedia_4jna_H_protein_pocket.pdb,/home/igem/unknown_software/datasets/propedia_formatted/propedia_4jna_H/propedia_4jna_H_peptide.pdb,propedia
propedia_1oyt_I,/home/igem/unknown_software/datasets/propedia_formatted/propedia_1oyt_I/propedia_1oyt_I_protein_pocket.pdb,/home/igem/unknown_software/datasets/propedia_formatted/propedia_1oyt_I/propedia_1oyt_I_peptide.pdb,propedia
propedia_4pyw_B,/home/igem/unknown_software/datasets/propedia_formatted/propedia_4pyw_B/propedia_4pyw_B_protein_pocket.pdb,/home/igem/unknown_software/datasets/propedia_formatted/propedia_4pyw_B/propedia_4pyw_B_peptide.pdb,propedia
propedia_4jwi_C,/home/igem/unknown_software/datasets/propedia_formatted/propedia_4jwi_C/propedia_4jwi_C_protein_pocket.pdb,/home/igem/unknown_software/datasets/propedia_formatted/propedia_4jwi_C/propedia_4jwi_C_peptide.pdb,propedia
propedia_4zhb_B,/home/igem/unknown_software/datasets/propedia_formatted/propedia_4zhb_B/propedia_4zhb_B_protein_pocket.pdb,/home/igem/unknown_software/datasets/propedia_formatted/propedia_4zhb_B/propedia_4zhb_B_peptide.pdb,propedia
propedia_3m5n_F,/home/igem/unknown_software/datasets/propedia_formatted/propedia_3m5n_F/propedia_3m5n_F_protein_pocket.pdb,/home/igem/unknown_software/datasets/propedia_formatted/propedia_3m5n_F/propedia_3m5n_F_peptide.pdb,propedia
propedia_4au7_C,/home/igem/unknown_software/datasets/propedia_formatted/propedia_4au7_C/propedia_4au7_C_protein_pocket.pdb,/home/igem/unknown_software/datasets/propedia_formatted/propedia_4au7_C/propedia_4au7_C_peptide.pdb,propedia
propedia_1q4q_K,/home/igem/unknown_software/datasets/propedia_formatted/propedia_1q4q_K/propedia_1q4q_K_protein_pocket.pdb,/home/igem/unknown_software/datasets/propedia_formatted/propedia_1q4q_K/propedia_1q4q_K_peptide.pdb,propedia
propedia_4ezt_B,/home/igem/unknown_software/datasets/propedia_formatted/propedia_4ezt_B/propedia_4ezt_B_protein_pocket.pdb,/home/igem/unknown_software/datasets/propedia_formatted/propedia_4ezt_B/propedia_4ezt_B_peptide.pdb,propedia
propedia_3va4_C,/home/igem/unknown_software/datasets/propedia_formatted/propedia_3va4_C/propedia_3va4_C_protein_pocket.pdb,/home/igem/unknown_software/datasets/propedia_formatted/propedia_3va4_C/propedia_3va4_C_peptide.pdb,propedia
propedia_1nb5_P,/home/igem/unknown_software/datasets/propedia_formatted/propedia_1nb5_P/propedia_1nb5_P_protein_pocket.pdb,/home/igem/unknown_software/datasets/propedia_formatted/propedia_1nb5_P/propedia_1nb5_P_peptide.pdb,propedia
propedia_6ifc_B,/home/igem/unknown_software/datasets/propedia_formatted/propedia_6ifc_B/propedia_6ifc_B_protein_pocket.pdb,/home/igem/unknown_software/datasets/propedia_formatted/propedia_6ifc_B/propedia_6ifc_B_peptide.pdb,propedia_long
propedia_4ygm_D,/home/igem/unknown_software/datasets/propedia_formatted/propedia_4ygm_D/propedia_4ygm_D_protein_pocket.pdb,/home/igem/unknown_software/datasets/propedia_formatted/propedia_4ygm_D/propedia_4ygm_D_peptide.pdb,propedia_long
propedia_2aof_C,/home/igem/unknown_software/datasets/propedia_formatted/propedia_2aof_C/propedia_2aof_C_protein_pocket.pdb,/home/igem/unknown_software/datasets/propedia_formatted/propedia_2aof_C/propedia_2aof_C_peptide.pdb,propedia
propedia_3uri_B,/home/igem/unknown_software/datasets/propedia_formatted/propedia_3uri_B/propedia_3uri_B_protein_pocket.pdb,/home/igem/unknown_software/datasets/propedia_formatted/propedia_3uri_B/propedia_3uri_B_peptide.pdb,propedia
propedia_3rm0_I,/home/igem/unknown_software/datasets/propedia_formatted/propedia_3rm0_I/propedia_3rm0_I_protein_pocket.pdb,/home/igem/unknown_software/datasets/propedia_formatted/propedia_3rm0_I/propedia_3rm0_I_peptide.pdb,propedia
propedia_1oj5_B,/home/igem/unknown_software/datasets/propedia_formatted/propedia_1oj5_B/propedia_1oj5_B_protein_pocket.pdb,/home/igem/unknown_software/datasets/propedia_formatted/propedia_1oj5_B/propedia_1oj5_B_peptide.pdb,propedia_long
propedia_4yos_E,/home/igem/unknown_software/datasets/propedia_formatted/propedia_4yos_E/propedia_4yos_E_protein_pocket.pdb,/home/igem/unknown_software/datasets/propedia_formatted/propedia_4yos_E/propedia_4yos_E_peptide.pdb,propedia_long
propedia_4j1v_E,/home/igem/unknown_software/datasets/propedia_formatted/propedia_4j1v_E/propedia_4j1v_E_protein_pocket.pdb,/home/igem/unknown_software/datasets/propedia_formatted/propedia_4j1v_E/propedia_4j1v_E_peptide.pdb,propedia
propedia_2whx_C,/home/igem/unknown_software/datasets/propedia_formatted/propedia_2whx_C/propedia_2whx_C_protein_pocket.pdb,/home/igem/unknown_software/datasets/propedia_formatted/propedia_2whx_C/propedia_2whx_C_peptide.pdb,propedia_long
propedia_3idj_C,/home/igem/unknown_software/datasets/propedia_formatted/propedia_3idj_C/propedia_3idj_C_protein_pocket.pdb,/home/igem/unknown_software/datasets/propedia_formatted/propedia_3idj_C/propedia_3idj_C_peptide.pdb,propedia
propedia_3fxv_B,/home/igem/unknown_software/datasets/propedia_formatted/propedia_3fxv_B/propedia_3fxv_B_protein_pocket.pdb,/home/igem/unknown_software/datasets/propedia_formatted/propedia_3fxv_B/propedia_3fxv_B_peptide.pdb,propedia_long
propedia_4joe_C,/home/igem/unknown_software/datasets/propedia_formatted/propedia_4joe_C/propedia_4joe_C_protein_pocket.pdb,/home/igem/unknown_software/datasets/propedia_formatted/propedia_4joe_C/propedia_4joe_C_peptide.pdb,propedia
propedia_5j7j_B,/home/igem/unknown_software/datasets/propedia_formatted/propedia_5j7j_B/propedia_5j7j_B_protein_pocket.pdb,/home/igem/unknown_software/datasets/propedia_formatted/propedia_5j7j_B/propedia_5j7j_B_peptide.pdb,propedia_long
propedia_1mv0_A,/home/igem/unknown_software/datasets/propedia_formatted/propedia_1mv0_A/propedia_1mv0_A_protein_pocket.pdb,/home/igem/unknown_software/datasets/propedia_formatted/propedia_1mv0_A/propedia_1mv0_A_peptide.pdb,propedia_long
propedia_6j9l_E,/home/igem/unknown_software/datasets/propedia_formatted/propedia_6j9l_E/propedia_6j9l_E_protein_pocket.pdb,/home/igem/unknown_software/datasets/propedia_formatted/propedia_6j9l_E/propedia_6j9l_E_peptide.pdb,propedia_long
propedia_4obh_E,/home/igem/unknown_software/datasets/propedia_formatted/propedia_4obh_E/propedia_4obh_E_protein_pocket.pdb,/home/igem/unknown_software/datasets/propedia_formatted/propedia_4obh_E/propedia_4obh_E_peptide.pdb,propedia
propedia_4wnn_T,/home/igem/unknown_software/datasets/propedia_formatted/propedia_4wnn_T/propedia_4wnn_T_protein_pocket.pdb,/home/igem/unknown_software/datasets/propedia_formatted/propedia_4wnn_T/propedia_4wnn_T_peptide.pdb,propedia
propedia_1u8j_C,/home/igem/unknown_software/datasets/propedia_formatted/propedia_1u8j_C/propedia_1u8j_C_protein_pocket.pdb,/home/igem/unknown_software/datasets/propedia_formatted/propedia_1u8j_C/propedia_1u8j_C_peptide.pdb,propedia
propedia_3mnw_P,/home/igem/unknown_software/datasets/propedia_formatted/propedia_3mnw_P/propedia_3mnw_P_protein_pocket.pdb,/home/igem/unknown_software/datasets/propedia_formatted/propedia_3mnw_P/propedia_3mnw_P_peptide.pdb,propedia_long
propedia_6pun_E,/home/igem/unknown_software/datasets/propedia_formatted/propedia_6pun_E/propedia_6pun_E_protein_pocket.pdb,/home/igem/unknown_software/datasets/propedia_formatted/propedia_6pun_E/propedia_6pun_E_peptide.pdb,propedia_long
propedia_1ym0_B,/home/igem/unknown_software/datasets/propedia_formatted/propedia_1ym0_B/propedia_1ym0_B_protein_pocket.pdb,/home/igem/unknown_software/datasets/propedia_formatted/propedia_1ym0_B/propedia_1ym0_B_peptide.pdb,propedia_long
propedia_2j9j_C,/home/igem/unknown_software/datasets/propedia_formatted/propedia_2j9j_C/propedia_2j9j_C_protein_pocket.pdb,/home/igem/unknown_software/datasets/propedia_formatted/propedia_2j9j_C/propedia_2j9j_C_peptide.pdb,propedia
propedia_1zoq_C,/home/igem/unknown_software/datasets/propedia_formatted/propedia_1zoq_C/propedia_1zoq_C_protein_pocket.pdb,/home/igem/unknown_software/datasets/propedia_formatted/propedia_1zoq_C/propedia_1zoq_C_peptide.pdb,propedia_long
propedia_2o9k_B,/home/igem/unknown_software/datasets/propedia_formatted/propedia_2o9k_B/propedia_2o9k_B_protein_pocket.pdb,/home/igem/unknown_software/datasets/propedia_formatted/propedia_2o9k_B/propedia_2o9k_B_peptide.pdb,propedia
propedia_2cjx_I,/home/igem/unknown_software/datasets/propedia_formatted/propedia_2cjx_I/propedia_2cjx_I_protein_pocket.pdb,/home/igem/unknown_software/datasets/propedia_formatted/propedia_2cjx_I/propedia_2cjx_I_peptide.pdb,propedia
propedia_1elr_B,/home/igem/unknown_software/datasets/propedia_formatted/propedia_1elr_B/propedia_1elr_B_protein_pocket.pdb,/home/igem/unknown_software/datasets/propedia_formatted/propedia_1elr_B/propedia_1elr_B_peptide.pdb,propedia
propedia_2h51_C,/home/igem/unknown_software/datasets/propedia_formatted/propedia_2h51_C/propedia_2h51_C_protein_pocket.pdb,/home/igem/unknown_software/datasets/propedia_formatted/propedia_2h51_C/propedia_2h51_C_peptide.pdb,propedia
propedia_1ttw_B,/home/igem/unknown_software/datasets/propedia_formatted/propedia_1ttw_B/propedia_1ttw_B_protein_pocket.pdb,/home/igem/unknown_software/datasets/propedia_formatted/propedia_1ttw_B/propedia_1ttw_B_peptide.pdb,propedia_long
propedia_5b56_C,/home/igem/unknown_software/datasets/propedia_formatted/propedia_5b56_C/propedia_5b56_C_protein_pocket.pdb,/home/igem/unknown_software/datasets/propedia_formatted/propedia_5b56_C/propedia_5b56_C_peptide.pdb,propedia
propedia_3wa0_G,/home/igem/unknown_software/datasets/propedia_formatted/propedia_3wa0_G/propedia_3wa0_G_protein_pocket.pdb,/home/igem/unknown_software/datasets/propedia_formatted/propedia_3wa0_G/propedia_3wa0_G_peptide.pdb,propedia
propedia_2bnq_C,/home/igem/unknown_software/datasets/propedia_formatted/propedia_2bnq_C/propedia_2bnq_C_protein_pocket.pdb,/home/igem/unknown_software/datasets/propedia_formatted/propedia_2bnq_C/propedia_2bnq_C_peptide.pdb,propedia
propedia_2os2_C,/home/igem/unknown_software/datasets/propedia_formatted/propedia_2os2_C/propedia_2os2_C_protein_pocket.pdb,/home/igem/unknown_software/datasets/propedia_formatted/propedia_2os2_C/propedia_2os2_C_peptide.pdb,propedia
propedia_3rrb_B,/home/igem/unknown_software/datasets/propedia_formatted/propedia_3rrb_B/propedia_3rrb_B_protein_pocket.pdb,/home/igem/unknown_software/datasets/propedia_formatted/propedia_3rrb_B/propedia_3rrb_B_peptide.pdb,propedia
propedia_4dau_B,/home/igem/unknown_software/datasets/propedia_formatted/propedia_4dau_B/propedia_4dau_B_protein_pocket.pdb,/home/igem/unknown_software/datasets/propedia_formatted/propedia_4dau_B/propedia_4dau_B_peptide.pdb,propedia
propedia_2lob_B,/home/igem/unknown_software/datasets/propedia_formatted/propedia_2lob_B/propedia_2lob_B_protein_pocket.pdb,/home/igem/unknown_software/datasets/propedia_formatted/propedia_2lob_B/propedia_2lob_B_peptide.pdb,propedia
propedia_2arq_P,/home/igem/unknown_software/datasets/propedia_formatted/propedia_2arq_P/propedia_2arq_P_protein_pocket.pdb,/home/igem/unknown_software/datasets/propedia_formatted/propedia_2arq_P/propedia_2arq_P_peptide.pdb,propedia_long
propedia_1k21_I,/home/igem/unknown_software/datasets/propedia_formatted/propedia_1k21_I/propedia_1k21_I_protein_pocket.pdb,/home/igem/unknown_software/datasets/propedia_formatted/propedia_1k21_I/propedia_1k21_I_peptide.pdb,propedia
propedia_3fqr_C,/home/igem/unknown_software/datasets/propedia_formatted/propedia_3fqr_C/propedia_3fqr_C_protein_pocket.pdb,/home/igem/unknown_software/datasets/propedia_formatted/propedia_3fqr_C/propedia_3fqr_C_peptide.pdb,propedia
propedia_2g58_B,/home/igem/unknown_software/datasets/propedia_formatted/propedia_2g58_B/propedia_2g58_B_protein_pocket.pdb,/home/igem/unknown_software/datasets/propedia_formatted/propedia_2g58_B/propedia_2g58_B_peptide.pdb,propedia
propedia_4kv4_B,/home/igem/unknown_software/datasets/propedia_formatted/propedia_4kv4_B/propedia_4kv4_B_protein_pocket.pdb,/home/igem/unknown_software/datasets/propedia_formatted/propedia_4kv4_B/propedia_4kv4_B_peptide.pdb,propedia
propedia_2h65_E,/home/igem/unknown_software/datasets/propedia_formatted/propedia_2h65_E/propedia_2h65_E_protein_pocket.pdb,/home/igem/unknown_software/datasets/propedia_formatted/propedia_2h65_E/propedia_2h65_E_peptide.pdb,propedia
propedia_2bnq_C,/home/igem/unknown_software/datasets/propedia_formatted/propedia_2bnq_C/propedia_2bnq_C_protein_pocket.pdb,/home/igem/unknown_software/datasets/propedia_formatted/propedia_2bnq_C/propedia_2bnq_C_peptide.pdb,propedia
propedia_3bev_C,/home/igem/unknown_software/datasets/propedia_formatted/propedia_3bev_C/propedia_3bev_C_protein_pocket.pdb,/home/igem/unknown_software/datasets/propedia_formatted/propedia_3bev_C/propedia_3bev_C_peptide.pdb,propedia
propedia_3ukw_C,/home/igem/unknown_software/datasets/propedia_formatted/propedia_3ukw_C/propedia_3ukw_C_protein_pocket.pdb,/home/igem/unknown_software/datasets/propedia_formatted/propedia_3ukw_C/propedia_3ukw_C_peptide.pdb,propedia_long
propedia_3gjf_C,/home/igem/unknown_software/datasets/propedia_formatted/propedia_3gjf_C/propedia_3gjf_C_protein_pocket.pdb,/home/igem/unknown_software/datasets/propedia_formatted/propedia_3gjf_C/propedia_3gjf_C_peptide.pdb,propedia
propedia_4n4h_B,/home/igem/unknown_software/datasets/propedia_formatted/propedia_4n4h_B/propedia_4n4h_B_protein_pocket.pdb,/home/igem/unknown_software/datasets/propedia_formatted/propedia_4n4h_B/propedia_4n4h_B_peptide.pdb,propedia
propedia_1kzp_C,/home/igem/unknown_software/datasets/propedia_formatted/propedia_1kzp_C/propedia_1kzp_C_protein_pocket.pdb,/home/igem/unknown_software/datasets/propedia_formatted/propedia_1kzp_C/propedia_1kzp_C_peptide.pdb,propedia
propedia_5v1y_E,/home/igem/unknown_software/datasets/propedia_formatted/propedia_5v1y_E/propedia_5v1y_E_protein_pocket.pdb,/home/igem/unknown_software/datasets/propedia_formatted/propedia_5v1y_E/propedia_5v1y_E_peptide.pdb,propedia_long
propedia_6hm3_B,/home/igem/unknown_software/datasets/propedia_formatted/propedia_6hm3_B/propedia_6hm3_B_protein_pocket.pdb,/home/igem/unknown_software/datasets/propedia_formatted/propedia_6hm3_B/propedia_6hm3_B_peptide.pdb,propedia_long
propedia_1d5x_D,/home/igem/unknown_software/datasets/propedia_formatted/propedia_1d5x_D/propedia_1d5x_D_protein_pocket.pdb,/home/igem/unknown_software/datasets/propedia_formatted/propedia_1d5x_D/propedia_1d5x_D_peptide.pdb,propedia
propedia_2nxm_P,/home/igem/unknown_software/datasets/propedia_formatted/propedia_2nxm_P/propedia_2nxm_P_protein_pocket.pdb,/home/igem/unknown_software/datasets/propedia_formatted/propedia_2nxm_P/propedia_2nxm_P_peptide.pdb,propedia
propedia_3p4m_C,/home/igem/unknown_software/datasets/propedia_formatted/propedia_3p4m_C/propedia_3p4m_C_protein_pocket.pdb,/home/igem/unknown_software/datasets/propedia_formatted/propedia_3p4m_C/propedia_3p4m_C_peptide.pdb,propedia
propedia_4wk4_C,/home/igem/unknown_software/datasets/propedia_formatted/propedia_4wk4_C/propedia_4wk4_C_protein_pocket.pdb,/home/igem/unknown_software/datasets/propedia_formatted/propedia_4wk4_C/propedia_4wk4_C_peptide.pdb,propedia
propedia_2cnk_I,/home/igem/unknown_software/datasets/propedia_formatted/propedia_2cnk_I/propedia_2cnk_I_protein_pocket.pdb,/home/igem/unknown_software/datasets/propedia_formatted/propedia_2cnk_I/propedia_2cnk_I_peptide.pdb,propedia
propedia_3jrv_C,/home/igem/unknown_software/datasets/propedia_formatted/propedia_3jrv_C/propedia_3jrv_C_protein_pocket.pdb,/home/igem/unknown_software/datasets/propedia_formatted/propedia_3jrv_C/propedia_3jrv_C_peptide.pdb,propedia
propedia_1d5m_D,/home/igem/unknown_software/datasets/propedia_formatted/propedia_1d5m_D/propedia_1d5m_D_protein_pocket.pdb,/home/igem/unknown_software/datasets/propedia_formatted/propedia_1d5m_D/propedia_1d5m_D_peptide.pdb,propedia
propedia_2rpq_B,/home/igem/unknown_software/datasets/propedia_formatted/propedia_2rpq_B/propedia_2rpq_B_protein_pocket.pdb,/home/igem/unknown_software/datasets/propedia_formatted/propedia_2rpq_B/propedia_2rpq_B_peptide.pdb,propedia
propedia_5o3u_L,/home/igem/unknown_software/datasets/propedia_formatted/propedia_5o3u_L/propedia_5o3u_L_protein_pocket.pdb,/home/igem/unknown_software/datasets/propedia_formatted/propedia_5o3u_L/propedia_5o3u_L_peptide.pdb,propedia_long
propedia_1iht_I,/home/igem/unknown_software/datasets/propedia_formatted/propedia_1iht_I/propedia_1iht_I_protein_pocket.pdb,/home/igem/unknown_software/datasets/propedia_formatted/propedia_1iht_I/propedia_1iht_I_peptide.pdb,propedia
propedia_3aw0_B,/home/igem/unknown_software/datasets/propedia_formatted/propedia_3aw0_B/propedia_3aw0_B_protein_pocket.pdb,/home/igem/unknown_software/datasets/propedia_formatted/propedia_3aw0_B/propedia_3aw0_B_peptide.pdb,propedia
propedia_1r1q_C,/home/igem/unknown_software/datasets/propedia_formatted/propedia_1r1q_C/propedia_1r1q_C_protein_pocket.pdb,/home/igem/unknown_software/datasets/propedia_formatted/propedia_1r1q_C/propedia_1r1q_C_peptide.pdb,propedia
propedia_2a6i_P,/home/igem/unknown_software/datasets/propedia_formatted/propedia_2a6i_P/propedia_2a6i_P_protein_pocket.pdb,/home/igem/unknown_software/datasets/propedia_formatted/propedia_2a6i_P/propedia_2a6i_P_peptide.pdb,propedia
propedia_6nnv_I,/home/igem/unknown_software/datasets/propedia_formatted/propedia_6nnv_I/propedia_6nnv_I_protein_pocket.pdb,/home/igem/unknown_software/datasets/propedia_formatted/propedia_6nnv_I/propedia_6nnv_I_peptide.pdb,propedia_long
propedia_4moy_B,/home/igem/unknown_software/datasets/propedia_formatted/propedia_4moy_B/propedia_4moy_B_protein_pocket.pdb,/home/igem/unknown_software/datasets/propedia_formatted/propedia_4moy_B/propedia_4moy_B_peptide.pdb,propedia_long
propedia_4jmg_B,/home/igem/unknown_software/datasets/propedia_formatted/propedia_4jmg_B/propedia_4jmg_B_protein_pocket.pdb,/home/igem/unknown_software/datasets/propedia_formatted/propedia_4jmg_B/propedia_4jmg_B_peptide.pdb,propedia
propedia_2k2f_C,/home/igem/unknown_software/datasets/propedia_formatted/propedia_2k2f_C/propedia_2k2f_C_protein_pocket.pdb,/home/igem/unknown_software/datasets/propedia_formatted/propedia_2k2f_C/propedia_2k2f_C_peptide.pdb,propedia
propedia_1isq_B,/home/igem/unknown_software/datasets/propedia_formatted/propedia_1isq_B/propedia_1isq_B_protein_pocket.pdb,/home/igem/unknown_software/datasets/propedia_formatted/propedia_1isq_B/propedia_1isq_B_peptide.pdb,propedia
propedia_6qms_A,/home/igem/unknown_software/datasets/propedia_formatted/propedia_6qms_A/propedia_6qms_A_protein_pocket.pdb,/home/igem/unknown_software/datasets/propedia_formatted/propedia_6qms_A/propedia_6qms_A_peptide.pdb,propedia_long
propedia_3ouc_P,/home/igem/unknown_software/datasets/propedia_formatted/propedia_3ouc_P/propedia_3ouc_P_protein_pocket.pdb,/home/igem/unknown_software/datasets/propedia_formatted/propedia_3ouc_P/propedia_3ouc_P_peptide.pdb,propedia
propedia_4ggd_C,/home/igem/unknown_software/datasets/propedia_formatted/propedia_4ggd_C/propedia_4ggd_C_protein_pocket.pdb,/home/igem/unknown_software/datasets/propedia_formatted/propedia_4ggd_C/propedia_4ggd_C_peptide.pdb,propedia
propedia_1ce1_P,/home/igem/unknown_software/datasets/propedia_formatted/propedia_1ce1_P/propedia_1ce1_P_protein_pocket.pdb,/home/igem/unknown_software/datasets/propedia_formatted/propedia_1ce1_P/propedia_1ce1_P_peptide.pdb,propedia
propedia_3uvw_B,/home/igem/unknown_software/datasets/propedia_formatted/propedia_3uvw_B/propedia_3uvw_B_protein_pocket.pdb,/home/igem/unknown_software/datasets/propedia_formatted/propedia_3uvw_B/propedia_3uvw_B_peptide.pdb,propedia
propedia_3gjo_E,/home/igem/unknown_software/datasets/propedia_formatted/propedia_3gjo_E/propedia_3gjo_E_protein_pocket.pdb,/home/igem/unknown_software/datasets/propedia_formatted/propedia_3gjo_E/propedia_3gjo_E_peptide.pdb,propedia
propedia_2pye_C,/home/igem/unknown_software/datasets/propedia_formatted/propedia_2pye_C/propedia_2pye_C_protein_pocket.pdb,/home/igem/unknown_software/datasets/propedia_formatted/propedia_2pye_C/propedia_2pye_C_peptide.pdb,propedia
propedia_2fuu_B,/home/igem/unknown_software/datasets/propedia_formatted/propedia_2fuu_B/propedia_2fuu_B_protein_pocket.pdb,/home/igem/unknown_software/datasets/propedia_formatted/propedia_2fuu_B/propedia_2fuu_B_peptide.pdb,propedia_long
propedia_4jij_P,/home/igem/unknown_software/datasets/propedia_formatted/propedia_4jij_P/propedia_4jij_P_protein_pocket.pdb,/home/igem/unknown_software/datasets/propedia_formatted/propedia_4jij_P/propedia_4jij_P_peptide.pdb,propedia
propedia_3lk2_T,/home/igem/unknown_software/datasets/propedia_formatted/propedia_3lk2_T/propedia_3lk2_T_protein_pocket.pdb,/home/igem/unknown_software/datasets/propedia_formatted/propedia_3lk2_T/propedia_3lk2_T_peptide.pdb,propedia_long
propedia_1cpi_C,/home/igem/unknown_software/datasets/propedia_formatted/propedia_1cpi_C/propedia_1cpi_C_protein_pocket.pdb,/home/igem/unknown_software/datasets/propedia_formatted/propedia_1cpi_C/propedia_1cpi_C_peptide.pdb,propedia
propedia_3qfj_C,/home/igem/unknown_software/datasets/propedia_formatted/propedia_3qfj_C/propedia_3qfj_C_protein_pocket.pdb,/home/igem/unknown_software/datasets/propedia_formatted/propedia_3qfj_C/propedia_3qfj_C_peptide.pdb,propedia
propedia_2q8y_B,/home/igem/unknown_software/datasets/propedia_formatted/propedia_2q8y_B/propedia_2q8y_B_protein_pocket.pdb,/home/igem/unknown_software/datasets/propedia_formatted/propedia_2q8y_B/propedia_2q8y_B_peptide.pdb,propedia
propedia_1t0f_C,/home/igem/unknown_software/datasets/propedia_formatted/propedia_1t0f_C/propedia_1t0f_C_protein_pocket.pdb,/home/igem/unknown_software/datasets/propedia_formatted/propedia_1t0f_C/propedia_1t0f_C_peptide.pdb,propedia_long
propedia_2b9h_C,/home/igem/unknown_software/datasets/propedia_formatted/propedia_2b9h_C/propedia_2b9h_C_protein_pocket.pdb,/home/igem/unknown_software/datasets/propedia_formatted/propedia_2b9h_C/propedia_2b9h_C_peptide.pdb,propedia
propedia_2h5d_B,/home/igem/unknown_software/datasets/propedia_formatted/propedia_2h5d_B/propedia_2h5d_B_protein_pocket.pdb,/home/igem/unknown_software/datasets/propedia_formatted/propedia_2h5d_B/propedia_2h5d_B_peptide.pdb,propedia
propedia_1pyw_C,/home/igem/unknown_software/datasets/propedia_formatted/propedia_1pyw_C/propedia_1pyw_C_protein_pocket.pdb,/home/igem/unknown_software/datasets/propedia_formatted/propedia_1pyw_C/propedia_1pyw_C_peptide.pdb,propedia
propedia_3n8m_B,/home/igem/unknown_software/datasets/propedia_formatted/propedia_3n8m_B/propedia_3n8m_B_protein_pocket.pdb,/home/igem/unknown_software/datasets/propedia_formatted/propedia_3n8m_B/propedia_3n8m_B_peptide.pdb,propedia
propedia_1utc_P,/home/igem/unknown_software/datasets/propedia_formatted/propedia_1utc_P/propedia_1utc_P_protein_pocket.pdb,/home/igem/unknown_software/datasets/propedia_formatted/propedia_1utc_P/propedia_1utc_P_peptide.pdb,propedia
propedia_2bvp_C,/home/igem/unknown_software/datasets/propedia_formatted/propedia_2bvp_C/propedia_2bvp_C_protein_pocket.pdb,/home/igem/unknown_software/datasets/propedia_formatted/propedia_2bvp_C/propedia_2bvp_C_peptide.pdb,propedia
propedia_2a6i_P,/home/igem/unknown_software/datasets/propedia_formatted/propedia_2a6i_P/propedia_2a6i_P_protein_pocket.pdb,/home/igem/unknown_software/datasets/propedia_formatted/propedia_2a6i_P/propedia_2a6i_P_peptide.pdb,propedia
propedia_4qj7_F,/home/igem/unknown_software/datasets/propedia_formatted/propedia_4qj7_F/propedia_4qj7_F_protein_pocket.pdb,/home/igem/unknown_software/datasets/propedia_formatted/propedia_4qj7_F/propedia_4qj7_F_peptide.pdb,propedia
propedia_4z0x_C,/home/igem/unknown_software/datasets/propedia_formatted/propedia_4z0x_C/propedia_4z0x_C_protein_pocket.pdb,/home/igem/unknown_software/datasets/propedia_formatted/propedia_4z0x_C/propedia_4z0x_C_peptide.pdb,propedia
propedia_2agg_A,/home/igem/unknown_software/datasets/propedia_formatted/propedia_2agg_A/propedia_2agg_A_protein_pocket.pdb,/home/igem/unknown_software/datasets/propedia_formatted/propedia_2agg_A/propedia_2agg_A_peptide.pdb,propedia
propedia_5ntj_B,/home/igem/unknown_software/datasets/propedia_formatted/propedia_5ntj_B/propedia_5ntj_B_protein_pocket.pdb,/home/igem/unknown_software/datasets/propedia_formatted/propedia_5ntj_B/propedia_5ntj_B_peptide.pdb,propedia_long
propedia_4ehd_B,/home/igem/unknown_software/datasets/propedia_formatted/propedia_4ehd_B/propedia_4ehd_B_protein_pocket.pdb,/home/igem/unknown_software/datasets/propedia_formatted/propedia_4ehd_B/propedia_4ehd_B_peptide.pdb,propedia
propedia_5afp_C,/home/igem/unknown_software/datasets/propedia_formatted/propedia_5afp_C/propedia_5afp_C_protein_pocket.pdb,/home/igem/unknown_software/datasets/propedia_formatted/propedia_5afp_C/propedia_5afp_C_peptide.pdb,propedia
propedia_4mzh_B,/home/igem/unknown_software/datasets/propedia_formatted/propedia_4mzh_B/propedia_4mzh_B_protein_pocket.pdb,/home/igem/unknown_software/datasets/propedia_formatted/propedia_4mzh_B/propedia_4mzh_B_peptide.pdb,propedia
propedia_2fnt_P,/home/igem/unknown_software/datasets/propedia_formatted/propedia_2fnt_P/propedia_2fnt_P_protein_pocket.pdb,/home/igem/unknown_software/datasets/propedia_formatted/propedia_2fnt_P/propedia_2fnt_P_peptide.pdb,propedia
propedia_4jog_C,/home/igem/unknown_software/datasets/propedia_formatted/propedia_4jog_C/propedia_4jog_C_protein_pocket.pdb,/home/igem/unknown_software/datasets/propedia_formatted/propedia_4jog_C/propedia_4jog_C_peptide.pdb,propedia
propedia_1mwa_P,/home/igem/unknown_software/datasets/propedia_formatted/propedia_1mwa_P/propedia_1mwa_P_protein_pocket.pdb,/home/igem/unknown_software/datasets/propedia_formatted/propedia_1mwa_P/propedia_1mwa_P_peptide.pdb,propedia
propedia_3f1i_C,/home/igem/unknown_software/datasets/propedia_formatted/propedia_3f1i_C/propedia_3f1i_C_protein_pocket.pdb,/home/igem/unknown_software/datasets/propedia_formatted/propedia_3f1i_C/propedia_3f1i_C_peptide.pdb,propedia_long
propedia_4r7a_A,/home/igem/unknown_software/datasets/propedia_formatted/propedia_4r7a_A/propedia_4r7a_A_protein_pocket.pdb,/home/igem/unknown_software/datasets/propedia_formatted/propedia_4r7a_A/propedia_4r7a_A_peptide.pdb,propedia
propedia_2wax_B,/home/igem/unknown_software/datasets/propedia_formatted/propedia_2wax_B/propedia_2wax_B_protein_pocket.pdb,/home/igem/unknown_software/datasets/propedia_formatted/propedia_2wax_B/propedia_2wax_B_peptide.pdb,propedia_long
propedia_3e4z_C,/home/igem/unknown_software/datasets/propedia_formatted/propedia_3e4z_C/propedia_3e4z_C_protein_pocket.pdb,/home/igem/unknown_software/datasets/propedia_formatted/propedia_3e4z_C/propedia_3e4z_C_peptide.pdb,propedia
propedia_2lvm_B,/home/igem/unknown_software/datasets/propedia_formatted/propedia_2lvm_B/propedia_2lvm_B_protein_pocket.pdb,/home/igem/unknown_software/datasets/propedia_formatted/propedia_2lvm_B/propedia_2lvm_B_peptide.pdb,propedia_long
propedia_3avb_X,/home/igem/unknown_software/datasets/propedia_formatted/propedia_3avb_X/propedia_3avb_X_protein_pocket.pdb,/home/igem/unknown_software/datasets/propedia_formatted/propedia_3avb_X/propedia_3avb_X_peptide.pdb,propedia
propedia_3lw1_P,/home/igem/unknown_software/datasets/propedia_formatted/propedia_3lw1_P/propedia_3lw1_P_protein_pocket.pdb,/home/igem/unknown_software/datasets/propedia_formatted/propedia_3lw1_P/propedia_3lw1_P_peptide.pdb,propedia
propedia_4gkv_P,/home/igem/unknown_software/datasets/propedia_formatted/propedia_4gkv_P/propedia_4gkv_P_protein_pocket.pdb,/home/igem/unknown_software/datasets/propedia_formatted/propedia_4gkv_P/propedia_4gkv_P_peptide.pdb,propedia
propedia_1hja_A,/home/igem/unknown_software/datasets/propedia_formatted/propedia_1hja_A/propedia_1hja_A_protein_pocket.pdb,/home/igem/unknown_software/datasets/propedia_formatted/propedia_1hja_A/propedia_1hja_A_peptide.pdb,propedia
propedia_3mrg_P,/home/igem/unknown_software/datasets/propedia_formatted/propedia_3mrg_P/propedia_3mrg_P_protein_pocket.pdb,/home/igem/unknown_software/datasets/propedia_formatted/propedia_3mrg_P/propedia_3mrg_P_peptide.pdb,propedia
propedia_3qg6_C,/home/igem/unknown_software/datasets/propedia_formatted/propedia_3qg6_C/propedia_3qg6_C_protein_pocket.pdb,/home/igem/unknown_software/datasets/propedia_formatted/propedia_3qg6_C/propedia_3qg6_C_peptide.pdb,propedia
propedia_1m2z_B,/home/igem/unknown_software/datasets/propedia_formatted/propedia_1m2z_B/propedia_1m2z_B_protein_pocket.pdb,/home/igem/unknown_software/datasets/propedia_formatted/propedia_1m2z_B/propedia_1m2z_B_peptide.pdb,propedia_long
propedia_4tr9_E,/home/igem/unknown_software/datasets/propedia_formatted/propedia_4tr9_E/propedia_4tr9_E_protein_pocket.pdb,/home/igem/unknown_software/datasets/propedia_formatted/propedia_4tr9_E/propedia_4tr9_E_peptide.pdb,propedia
propedia_6mtp_P,/home/igem/unknown_software/datasets/propedia_formatted/propedia_6mtp_P/propedia_6mtp_P_protein_pocket.pdb,/home/igem/unknown_software/datasets/propedia_formatted/propedia_6mtp_P/propedia_6mtp_P_peptide.pdb,propedia_long
propedia_1tn8_C,/home/igem/unknown_software/datasets/propedia_formatted/propedia_1tn8_C/propedia_1tn8_C_protein_pocket.pdb,/home/igem/unknown_software/datasets/propedia_formatted/propedia_1tn8_C/propedia_1tn8_C_peptide.pdb,propedia
propedia_4g8g_C,/home/igem/unknown_software/datasets/propedia_formatted/propedia_4g8g_C/propedia_4g8g_C_protein_pocket.pdb,/home/igem/unknown_software/datasets/propedia_formatted/propedia_4g8g_C/propedia_4g8g_C_peptide.pdb,propedia
propedia_3utu_I,/home/igem/unknown_software/datasets/propedia_formatted/propedia_3utu_I/propedia_3utu_I_protein_pocket.pdb,/home/igem/unknown_software/datasets/propedia_formatted/propedia_3utu_I/propedia_3utu_I_peptide.pdb,propedia
propedia_3d24_B,/home/igem/unknown_software/datasets/propedia_formatted/propedia_3d24_B/propedia_3d24_B_protein_pocket.pdb,/home/igem/unknown_software/datasets/propedia_formatted/propedia_3d24_B/propedia_3d24_B_peptide.pdb,propedia_long
propedia_4hpo_P,/home/igem/unknown_software/datasets/propedia_formatted/propedia_4hpo_P/propedia_4hpo_P_protein_pocket.pdb,/home/igem/unknown_software/datasets/propedia_formatted/propedia_4hpo_P/propedia_4hpo_P_peptide.pdb,propedia_long
propedia_4jfd_C,/home/igem/unknown_software/datasets/propedia_formatted/propedia_4jfd_C/propedia_4jfd_C_protein_pocket.pdb,/home/igem/unknown_software/datasets/propedia_formatted/propedia_4jfd_C/propedia_4jfd_C_peptide.pdb,propedia
propedia_4b45_B,/home/igem/unknown_software/datasets/propedia_formatted/propedia_4b45_B/propedia_4b45_B_protein_pocket.pdb,/home/igem/unknown_software/datasets/propedia_formatted/propedia_4b45_B/propedia_4b45_B_peptide.pdb,propedia_long
propedia_1qsn_B,/home/igem/unknown_software/datasets/propedia_formatted/propedia_1qsn_B/propedia_1qsn_B_protein_pocket.pdb,/home/igem/unknown_software/datasets/propedia_formatted/propedia_1qsn_B/propedia_1qsn_B_peptide.pdb,propedia
propedia_2ks9_B,/home/igem/unknown_software/datasets/propedia_formatted/propedia_2ks9_B/propedia_2ks9_B_protein_pocket.pdb,/home/igem/unknown_software/datasets/propedia_formatted/propedia_2ks9_B/propedia_2ks9_B_peptide.pdb,propedia
propedia_6asr_B,/home/igem/unknown_software/datasets/propedia_formatted/propedia_6asr_B/propedia_6asr_B_protein_pocket.pdb,/home/igem/unknown_software/datasets/propedia_formatted/propedia_6asr_B/propedia_6asr_B_peptide.pdb,propedia_long
propedia_1hef_I,/home/igem/unknown_software/datasets/propedia_formatted/propedia_1hef_I/propedia_1hef_I_protein_pocket.pdb,/home/igem/unknown_software/datasets/propedia_formatted/propedia_1hef_I/propedia_1hef_I_peptide.pdb,propedia
propedia_3oqs_B,/home/igem/unknown_software/datasets/propedia_formatted/propedia_3oqs_B/propedia_3oqs_B_protein_pocket.pdb,/home/igem/unknown_software/datasets/propedia_formatted/propedia_3oqs_B/propedia_3oqs_B_peptide.pdb,propedia
propedia_3wnh_C,/home/igem/unknown_software/datasets/propedia_formatted/propedia_3wnh_C/propedia_3wnh_C_protein_pocket.pdb,/home/igem/unknown_software/datasets/propedia_formatted/propedia_3wnh_C/propedia_3wnh_C_peptide.pdb,propedia
propedia_3mv8_C,/home/igem/unknown_software/datasets/propedia_formatted/propedia_3mv8_C/propedia_3mv8_C_protein_pocket.pdb,/home/igem/unknown_software/datasets/propedia_formatted/propedia_3mv8_C/propedia_3mv8_C_peptide.pdb,propedia
propedia_5nig_C,/home/igem/unknown_software/datasets/propedia_formatted/propedia_5nig_C/propedia_5nig_C_protein_pocket.pdb,/home/igem/unknown_software/datasets/propedia_formatted/propedia_5nig_C/propedia_5nig_C_peptide.pdb,propedia_long
propedia_6nix_C,/home/igem/unknown_software/datasets/propedia_formatted/propedia_6nix_C/propedia_6nix_C_protein_pocket.pdb,/home/igem/unknown_software/datasets/propedia_formatted/propedia_6nix_C/propedia_6nix_C_peptide.pdb,propedia_long
propedia_1mq1_C,/home/igem/unknown_software/datasets/propedia_formatted/propedia_1mq1_C/propedia_1mq1_C_protein_pocket.pdb,/home/igem/unknown_software/datasets/propedia_formatted/propedia_1mq1_C/propedia_1mq1_C_peptide.pdb,propedia
propedia_2v1t_C,/home/igem/unknown_software/datasets/propedia_formatted/propedia_2v1t_C/propedia_2v1t_C_protein_pocket.pdb,/home/igem/unknown_software/datasets/propedia_formatted/propedia_2v1t_C/propedia_2v1t_C_peptide.pdb,propedia_long
propedia_6axl_G,/home/igem/unknown_software/datasets/propedia_formatted/propedia_6axl_G/propedia_6axl_G_protein_pocket.pdb,/home/igem/unknown_software/datasets/propedia_formatted/propedia_6axl_G/propedia_6axl_G_peptide.pdb,propedia_long
propedia_4cy1_C,/home/igem/unknown_software/datasets/propedia_formatted/propedia_4cy1_C/propedia_4cy1_C_protein_pocket.pdb,/home/igem/unknown_software/datasets/propedia_formatted/propedia_4cy1_C/propedia_4cy1_C_peptide.pdb,propedia_long
propedia_3zgc_C,/home/igem/unknown_software/datasets/propedia_formatted/propedia_3zgc_C/propedia_3zgc_C_protein_pocket.pdb,/home/igem/unknown_software/datasets/propedia_formatted/propedia_3zgc_C/propedia_3zgc_C_peptide.pdb,propedia
propedia_3u0t_E,/home/igem/unknown_software/datasets/propedia_formatted/propedia_3u0t_E/propedia_3u0t_E_protein_pocket.pdb,/home/igem/unknown_software/datasets/propedia_formatted/propedia_3u0t_E/propedia_3u0t_E_peptide.pdb,propedia
propedia_4qj8_E,/home/igem/unknown_software/datasets/propedia_formatted/propedia_4qj8_E/propedia_4qj8_E_protein_pocket.pdb,/home/igem/unknown_software/datasets/propedia_formatted/propedia_4qj8_E/propedia_4qj8_E_peptide.pdb,propedia
propedia_3egh_E,/home/igem/unknown_software/datasets/propedia_formatted/propedia_3egh_E/propedia_3egh_E_protein_pocket.pdb,/home/igem/unknown_software/datasets/propedia_formatted/propedia_3egh_E/propedia_3egh_E_peptide.pdb,propedia
propedia_4s15_C,/home/igem/unknown_software/datasets/propedia_formatted/propedia_4s15_C/propedia_4s15_C_protein_pocket.pdb,/home/igem/unknown_software/datasets/propedia_formatted/propedia_4s15_C/propedia_4s15_C_peptide.pdb,propedia
propedia_3snb_H,/home/igem/unknown_software/datasets/propedia_formatted/propedia_3snb_H/propedia_3snb_H_protein_pocket.pdb,/home/igem/unknown_software/datasets/propedia_formatted/propedia_3snb_H/propedia_3snb_H_peptide.pdb,propedia
propedia_1ucy_F,/home/igem/unknown_software/datasets/propedia_formatted/propedia_1ucy_F/propedia_1ucy_F_protein_pocket.pdb,/home/igem/unknown_software/datasets/propedia_formatted/propedia_1ucy_F/propedia_1ucy_F_peptide.pdb,propedia
propedia_2z5s_P,/home/igem/unknown_software/datasets/propedia_formatted/propedia_2z5s_P/propedia_2z5s_P_protein_pocket.pdb,/home/igem/unknown_software/datasets/propedia_formatted/propedia_2z5s_P/propedia_2z5s_P_peptide.pdb,propedia
propedia_1hle_B,/home/igem/unknown_software/datasets/propedia_formatted/propedia_1hle_B/propedia_1hle_B_protein_pocket.pdb,/home/igem/unknown_software/datasets/propedia_formatted/propedia_1hle_B/propedia_1hle_B_peptide.pdb,propedia_long
propedia_4iea_P,/home/igem/unknown_software/datasets/propedia_formatted/propedia_4iea_P/propedia_4iea_P_protein_pocket.pdb,/home/igem/unknown_software/datasets/propedia_formatted/propedia_4iea_P/propedia_4iea_P_peptide.pdb,propedia
propedia_1csy_B,/home/igem/unknown_software/datasets/propedia_formatted/propedia_1csy_B/propedia_1csy_B_protein_pocket.pdb,/home/igem/unknown_software/datasets/propedia_formatted/propedia_1csy_B/propedia_1csy_B_peptide.pdb,propedia
propedia_3pob_B,/home/igem/unknown_software/datasets/propedia_formatted/propedia_3pob_B/propedia_3pob_B_protein_pocket.pdb,/home/igem/unknown_software/datasets/propedia_formatted/propedia_3pob_B/propedia_3pob_B_peptide.pdb,propedia_long
propedia_4m5t_B,/home/igem/unknown_software/datasets/propedia_formatted/propedia_4m5t_B/propedia_4m5t_B_protein_pocket.pdb,/home/igem/unknown_software/datasets/propedia_formatted/propedia_4m5t_B/propedia_4m5t_B_peptide.pdb,propedia
propedia_5bxv_B,/home/igem/unknown_software/datasets/propedia_formatted/propedia_5bxv_B/propedia_5bxv_B_protein_pocket.pdb,/home/igem/unknown_software/datasets/propedia_formatted/propedia_5bxv_B/propedia_5bxv_B_peptide.pdb,propedia_long
propedia_3v5d_C,/home/igem/unknown_software/datasets/propedia_formatted/propedia_3v5d_C/propedia_3v5d_C_protein_pocket.pdb,/home/igem/unknown_software/datasets/propedia_formatted/propedia_3v5d_C/propedia_3v5d_C_peptide.pdb,propedia
propedia_2cdr_I,/home/igem/unknown_software/datasets/propedia_formatted/propedia_2cdr_I/propedia_2cdr_I_protein_pocket.pdb,/home/igem/unknown_software/datasets/propedia_formatted/propedia_2cdr_I/propedia_2cdr_I_peptide.pdb,propedia
propedia_4qud_C,/home/igem/unknown_software/datasets/propedia_formatted/propedia_4qud_C/propedia_4qud_C_protein_pocket.pdb,/home/igem/unknown_software/datasets/propedia_formatted/propedia_4qud_C/propedia_4qud_C_peptide.pdb,propedia
propedia_2j0s_T,/home/igem/unknown_software/datasets/propedia_formatted/propedia_2j0s_T/propedia_2j0s_T_protein_pocket.pdb,/home/igem/unknown_software/datasets/propedia_formatted/propedia_2j0s_T/propedia_2j0s_T_peptide.pdb,propedia_long
propedia_4yiz_B,/home/igem/unknown_software/datasets/propedia_formatted/propedia_4yiz_B/propedia_4yiz_B_protein_pocket.pdb,/home/igem/unknown_software/datasets/propedia_formatted/propedia_4yiz_B/propedia_4yiz_B_peptide.pdb,propedia_long
propedia_5lmf_C,/home/igem/unknown_software/datasets/propedia_formatted/propedia_5lmf_C/propedia_5lmf_C_protein_pocket.pdb,/home/igem/unknown_software/datasets/propedia_formatted/propedia_5lmf_C/propedia_5lmf_C_peptide.pdb,propedia_long
propedia_1o0p_B,/home/igem/unknown_software/datasets/propedia_formatted/propedia_1o0p_B/propedia_1o0p_B_protein_pocket.pdb,/home/igem/unknown_software/datasets/propedia_formatted/propedia_1o0p_B/propedia_1o0p_B_peptide.pdb,propedia_long
propedia_1cp3_C,/home/igem/unknown_software/datasets/propedia_formatted/propedia_1cp3_C/propedia_1cp3_C_protein_pocket.pdb,/home/igem/unknown_software/datasets/propedia_formatted/propedia_1cp3_C/propedia_1cp3_C_peptide.pdb,propedia
propedia_3pd0_B,/home/igem/unknown_software/datasets/propedia_formatted/propedia_3pd0_B/propedia_3pd0_B_protein_pocket.pdb,/home/igem/unknown_software/datasets/propedia_formatted/propedia_3pd0_B/propedia_3pd0_B_peptide.pdb,propedia
propedia_4xc3_P,/home/igem/unknown_software/datasets/propedia_formatted/propedia_4xc3_P/propedia_4xc3_P_protein_pocket.pdb,/home/igem/unknown_software/datasets/propedia_formatted/propedia_4xc3_P/propedia_4xc3_P_peptide.pdb,propedia_long
propedia_3uo1_P,/home/igem/unknown_software/datasets/propedia_formatted/propedia_3uo1_P/propedia_3uo1_P_protein_pocket.pdb,/home/igem/unknown_software/datasets/propedia_formatted/propedia_3uo1_P/propedia_3uo1_P_peptide.pdb,propedia
propedia_3n9o_B,/home/igem/unknown_software/datasets/propedia_formatted/propedia_3n9o_B/propedia_3n9o_B_protein_pocket.pdb,/home/igem/unknown_software/datasets/propedia_formatted/propedia_3n9o_B/propedia_3n9o_B_peptide.pdb,propedia
propedia_2zfq_I,/home/igem/unknown_software/datasets/propedia_formatted/propedia_2zfq_I/propedia_2zfq_I_protein_pocket.pdb,/home/igem/unknown_software/datasets/propedia_formatted/propedia_2zfq_I/propedia_2zfq_I_peptide.pdb,propedia
propedia_2axf_C,/home/igem/unknown_software/datasets/propedia_formatted/propedia_2axf_C/propedia_2axf_C_protein_pocket.pdb,/home/igem/unknown_software/datasets/propedia_formatted/propedia_2axf_C/propedia_2axf_C_peptide.pdb,propedia
propedia_3uw9_E,/home/igem/unknown_software/datasets/propedia_formatted/propedia_3uw9_E/propedia_3uw9_E_protein_pocket.pdb,/home/igem/unknown_software/datasets/propedia_formatted/propedia_3uw9_E/propedia_3uw9_E_peptide.pdb,propedia
propedia_3av9_X,/home/igem/unknown_software/datasets/propedia_formatted/propedia_3av9_X/propedia_3av9_X_protein_pocket.pdb,/home/igem/unknown_software/datasets/propedia_formatted/propedia_3av9_X/propedia_3av9_X_peptide.pdb,propedia
propedia_2rt5_B,/home/igem/unknown_software/datasets/propedia_formatted/propedia_2rt5_B/propedia_2rt5_B_protein_pocket.pdb,/home/igem/unknown_software/datasets/propedia_formatted/propedia_2rt5_B/propedia_2rt5_B_peptide.pdb,propedia
propedia_3mxy_L,/home/igem/unknown_software/datasets/propedia_formatted/propedia_3mxy_L/propedia_3mxy_L_protein_pocket.pdb,/home/igem/unknown_software/datasets/propedia_formatted/propedia_3mxy_L/propedia_3mxy_L_peptide.pdb,propedia
propedia_2v8f_C,/home/igem/unknown_software/datasets/propedia_formatted/propedia_2v8f_C/propedia_2v8f_C_protein_pocket.pdb,/home/igem/unknown_software/datasets/propedia_formatted/propedia_2v8f_C/propedia_2v8f_C_peptide.pdb,propedia_long
propedia_3mhr_P,/home/igem/unknown_software/datasets/propedia_formatted/propedia_3mhr_P/propedia_3mhr_P_protein_pocket.pdb,/home/igem/unknown_software/datasets/propedia_formatted/propedia_3mhr_P/propedia_3mhr_P_peptide.pdb,propedia
propedia_4e43_C,/home/igem/unknown_software/datasets/propedia_formatted/propedia_4e43_C/propedia_4e43_C_protein_pocket.pdb,/home/igem/unknown_software/datasets/propedia_formatted/propedia_4e43_C/propedia_4e43_C_peptide.pdb,propedia
propedia_3kqi_B,/home/igem/unknown_software/datasets/propedia_formatted/propedia_3kqi_B/propedia_3kqi_B_protein_pocket.pdb,/home/igem/unknown_software/datasets/propedia_formatted/propedia_3kqi_B/propedia_3kqi_B_peptide.pdb,propedia
propedia_3ds9_B,/home/igem/unknown_software/datasets/propedia_formatted/propedia_3ds9_B/propedia_3ds9_B_protein_pocket.pdb,/home/igem/unknown_software/datasets/propedia_formatted/propedia_3ds9_B/propedia_3ds9_B_peptide.pdb,propedia
propedia_2vof_B,/home/igem/unknown_software/datasets/propedia_formatted/propedia_2vof_B/propedia_2vof_B_protein_pocket.pdb,/home/igem/unknown_software/datasets/propedia_formatted/propedia_2vof_B/propedia_2vof_B_peptide.pdb,propedia_long
propedia_2v3h_I,/home/igem/unknown_software/datasets/propedia_formatted/propedia_2v3h_I/propedia_2v3h_I_protein_pocket.pdb,/home/igem/unknown_software/datasets/propedia_formatted/propedia_2v3h_I/propedia_2v3h_I_peptide.pdb,propedia
propedia_4s15_C,/home/igem/unknown_software/datasets/propedia_formatted/propedia_4s15_C/propedia_4s15_C_protein_pocket.pdb,/home/igem/unknown_software/datasets/propedia_formatted/propedia_4s15_C/propedia_4s15_C_peptide.pdb,propedia
propedia_5c0a_C,/home/igem/unknown_software/datasets/propedia_formatted/propedia_5c0a_C/propedia_5c0a_C_protein_pocket.pdb,/home/igem/unknown_software/datasets/propedia_formatted/propedia_5c0a_C/propedia_5c0a_C_peptide.pdb,propedia
propedia_2ncz_B,/home/igem/unknown_software/datasets/propedia_formatted/propedia_2ncz_B/propedia_2ncz_B_protein_pocket.pdb,/home/igem/unknown_software/datasets/propedia_formatted/propedia_2ncz_B/propedia_2ncz_B_peptide.pdb,propedia
propedia_3muk_D,/home/igem/unknown_software/datasets/propedia_formatted/propedia_3muk_D/propedia_3muk_D_protein_pocket.pdb,/home/igem/unknown_software/datasets/propedia_formatted/propedia_3muk_D/propedia_3muk_D_peptide.pdb,propedia
propedia_1rjy_P,/home/igem/unknown_software/datasets/propedia_formatted/propedia_1rjy_P/propedia_1rjy_P_protein_pocket.pdb,/home/igem/unknown_software/datasets/propedia_formatted/propedia_1rjy_P/propedia_1rjy_P_peptide.pdb,propedia
propedia_1afq_A,/home/igem/unknown_software/datasets/propedia_formatted/propedia_1afq_A/propedia_1afq_A_protein_pocket.pdb,/home/igem/unknown_software/datasets/propedia_formatted/propedia_1afq_A/propedia_1afq_A_peptide.pdb,propedia
propedia_4hw4_C,/home/igem/unknown_software/datasets/propedia_formatted/propedia_4hw4_C/propedia_4hw4_C_protein_pocket.pdb,/home/igem/unknown_software/datasets/propedia_formatted/propedia_4hw4_C/propedia_4hw4_C_peptide.pdb,propedia_long
propedia_2jk9_B,/home/igem/unknown_software/datasets/propedia_formatted/propedia_2jk9_B/propedia_2jk9_B_protein_pocket.pdb,/home/igem/unknown_software/datasets/propedia_formatted/propedia_2jk9_B/propedia_2jk9_B_peptide.pdb,propedia
propedia_2bvs_I,/home/igem/unknown_software/datasets/propedia_formatted/propedia_2bvs_I/propedia_2bvs_I_protein_pocket.pdb,/home/igem/unknown_software/datasets/propedia_formatted/propedia_2bvs_I/propedia_2bvs_I_peptide.pdb,propedia
propedia_3a1q_C,/home/igem/unknown_software/datasets/propedia_formatted/propedia_3a1q_C/propedia_3a1q_C_protein_pocket.pdb,/home/igem/unknown_software/datasets/propedia_formatted/propedia_3a1q_C/propedia_3a1q_C_peptide.pdb,propedia_long
propedia_3o37_E,/home/igem/unknown_software/datasets/propedia_formatted/propedia_3o37_E/propedia_3o37_E_protein_pocket.pdb,/home/igem/unknown_software/datasets/propedia_formatted/propedia_3o37_E/propedia_3o37_E_peptide.pdb,propedia
propedia_4xal_B,/home/igem/unknown_software/datasets/propedia_formatted/propedia_4xal_B/propedia_4xal_B_protein_pocket.pdb,/home/igem/unknown_software/datasets/propedia_formatted/propedia_4xal_B/propedia_4xal_B_peptide.pdb,propedia
propedia_6n5w_A,/home/igem/unknown_software/datasets/propedia_formatted/propedia_6n5w_A/propedia_6n5w_A_protein_pocket.pdb,/home/igem/unknown_software/datasets/propedia_formatted/propedia_6n5w_A/propedia_6n5w_A_peptide.pdb,propedia_long
propedia_2yka_B,/home/igem/unknown_software/datasets/propedia_formatted/propedia_2yka_B/propedia_2yka_B_protein_pocket.pdb,/home/igem/unknown_software/datasets/propedia_formatted/propedia_2yka_B/propedia_2yka_B_peptide.pdb,propedia_long
propedia_3h5r_E,/home/igem/unknown_software/datasets/propedia_formatted/propedia_3h5r_E/propedia_3h5r_E_protein_pocket.pdb,/home/igem/unknown_software/datasets/propedia_formatted/propedia_3h5r_E/propedia_3h5r_E_peptide.pdb,propedia
propedia_5yqg_E,/home/igem/unknown_software/datasets/propedia_formatted/propedia_5yqg_E/propedia_5yqg_E_protein_pocket.pdb,/home/igem/unknown_software/datasets/propedia_formatted/propedia_5yqg_E/propedia_5yqg_E_peptide.pdb,propedia_long
propedia_2g99_C,/home/igem/unknown_software/datasets/propedia_formatted/propedia_2g99_C/propedia_2g99_C_protein_pocket.pdb,/home/igem/unknown_software/datasets/propedia_formatted/propedia_2g99_C/propedia_2g99_C_peptide.pdb,propedia
propedia_4gqb_C,/home/igem/unknown_software/datasets/propedia_formatted/propedia_4gqb_C/propedia_4gqb_C_protein_pocket.pdb,/home/igem/unknown_software/datasets/propedia_formatted/propedia_4gqb_C/propedia_4gqb_C_peptide.pdb,propedia
propedia_3gjo_E,/home/igem/unknown_software/datasets/propedia_formatted/propedia_3gjo_E/propedia_3gjo_E_protein_pocket.pdb,/home/igem/unknown_software/datasets/propedia_formatted/propedia_3gjo_E/propedia_3gjo_E_peptide.pdb,propedia
propedia_3dvp_C,/home/igem/unknown_software/datasets/propedia_formatted/propedia_3dvp_C/propedia_3dvp_C_protein_pocket.pdb,/home/igem/unknown_software/datasets/propedia_formatted/propedia_3dvp_C/propedia_3dvp_C_peptide.pdb,propedia
propedia_2pxy_P,/home/igem/unknown_software/datasets/propedia_formatted/propedia_2pxy_P/propedia_2pxy_P_protein_pocket.pdb,/home/igem/unknown_software/datasets/propedia_formatted/propedia_2pxy_P/propedia_2pxy_P_peptide.pdb,propedia
propedia_4nmt_C,/home/igem/unknown_software/datasets/propedia_formatted/propedia_4nmt_C/propedia_4nmt_C_protein_pocket.pdb,/home/igem/unknown_software/datasets/propedia_formatted/propedia_4nmt_C/propedia_4nmt_C_peptide.pdb,propedia
propedia_6e3i_B,/home/igem/unknown_software/datasets/propedia_formatted/propedia_6e3i_B/propedia_6e3i_B_protein_pocket.pdb,/home/igem/unknown_software/datasets/propedia_formatted/propedia_6e3i_B/propedia_6e3i_B_peptide.pdb,propedia_long
propedia_3n9n_B,/home/igem/unknown_software/datasets/propedia_formatted/propedia_3n9n_B/propedia_3n9n_B_protein_pocket.pdb,/home/igem/unknown_software/datasets/propedia_formatted/propedia_3n9n_B/propedia_3n9n_B_peptide.pdb,propedia
propedia_2v3s_C,/home/igem/unknown_software/datasets/propedia_formatted/propedia_2v3s_C/propedia_2v3s_C_protein_pocket.pdb,/home/igem/unknown_software/datasets/propedia_formatted/propedia_2v3s_C/propedia_2v3s_C_peptide.pdb,propedia
propedia_4gly_B,/home/igem/unknown_software/datasets/propedia_formatted/propedia_4gly_B/propedia_4gly_B_protein_pocket.pdb,/home/igem/unknown_software/datasets/propedia_formatted/propedia_4gly_B/propedia_4gly_B_peptide.pdb,propedia_long
propedia_2h4y_C,/home/igem/unknown_software/datasets/propedia_formatted/propedia_2h4y_C/propedia_2h4y_C_protein_pocket.pdb,/home/igem/unknown_software/datasets/propedia_formatted/propedia_2h4y_C/propedia_2h4y_C_peptide.pdb,propedia
propedia_4qyd_B,/home/igem/unknown_software/datasets/propedia_formatted/propedia_4qyd_B/propedia_4qyd_B_protein_pocket.pdb,/home/igem/unknown_software/datasets/propedia_formatted/propedia_4qyd_B/propedia_4qyd_B_peptide.pdb,propedia
propedia_3avj_D,/home/igem/unknown_software/datasets/propedia_formatted/propedia_3avj_D/propedia_3avj_D_protein_pocket.pdb,/home/igem/unknown_software/datasets/propedia_formatted/propedia_3avj_D/propedia_3avj_D_peptide.pdb,propedia
propedia_2gde_D,/home/igem/unknown_software/datasets/propedia_formatted/propedia_2gde_D/propedia_2gde_D_protein_pocket.pdb,/home/igem/unknown_software/datasets/propedia_formatted/propedia_2gde_D/propedia_2gde_D_peptide.pdb,propedia
propedia_1v1t_S,/home/igem/unknown_software/datasets/propedia_formatted/propedia_1v1t_S/propedia_1v1t_S_protein_pocket.pdb,/home/igem/unknown_software/datasets/propedia_formatted/propedia_1v1t_S/propedia_1v1t_S_peptide.pdb,propedia
propedia_3ua7_E,/home/igem/unknown_software/datasets/propedia_formatted/propedia_3ua7_E/propedia_3ua7_E_protein_pocket.pdb,/home/igem/unknown_software/datasets/propedia_formatted/propedia_3ua7_E/propedia_3ua7_E_peptide.pdb,propedia
propedia_3sp5_P,/home/igem/unknown_software/datasets/propedia_formatted/propedia_3sp5_P/propedia_3sp5_P_protein_pocket.pdb,/home/igem/unknown_software/datasets/propedia_formatted/propedia_3sp5_P/propedia_3sp5_P_peptide.pdb,propedia
propedia_4gnt_B,/home/igem/unknown_software/datasets/propedia_formatted/propedia_4gnt_B/propedia_4gnt_B_protein_pocket.pdb,/home/igem/unknown_software/datasets/propedia_formatted/propedia_4gnt_B/propedia_4gnt_B_peptide.pdb,propedia_long
propedia_6i2h_D,/home/igem/unknown_software/datasets/propedia_formatted/propedia_6i2h_D/propedia_6i2h_D_protein_pocket.pdb,/home/igem/unknown_software/datasets/propedia_formatted/propedia_6i2h_D/propedia_6i2h_D_peptide.pdb,propedia_long
propedia_1zuz_B,/home/igem/unknown_software/datasets/propedia_formatted/propedia_1zuz_B/propedia_1zuz_B_protein_pocket.pdb,/home/igem/unknown_software/datasets/propedia_formatted/propedia_1zuz_B/propedia_1zuz_B_peptide.pdb,propedia_long
propedia_3ze2_I,/home/igem/unknown_software/datasets/propedia_formatted/propedia_3ze2_I/propedia_3ze2_I_protein_pocket.pdb,/home/igem/unknown_software/datasets/propedia_formatted/propedia_3ze2_I/propedia_3ze2_I_peptide.pdb,propedia
propedia_1lj2_C,/home/igem/unknown_software/datasets/propedia_formatted/propedia_1lj2_C/propedia_1lj2_C_protein_pocket.pdb,/home/igem/unknown_software/datasets/propedia_formatted/propedia_1lj2_C/propedia_1lj2_C_peptide.pdb,propedia_long
propedia_4ipz_B,/home/igem/unknown_software/datasets/propedia_formatted/propedia_4ipz_B/propedia_4ipz_B_protein_pocket.pdb,/home/igem/unknown_software/datasets/propedia_formatted/propedia_4ipz_B/propedia_4ipz_B_peptide.pdb,propedia
propedia_3idi_C,/home/igem/unknown_software/datasets/propedia_formatted/propedia_3idi_C/propedia_3idi_C_protein_pocket.pdb,/home/igem/unknown_software/datasets/propedia_formatted/propedia_3idi_C/propedia_3idi_C_peptide.pdb,propedia
propedia_1f1w_B,/home/igem/unknown_software/datasets/propedia_formatted/propedia_1f1w_B/propedia_1f1w_B_protein_pocket.pdb,/home/igem/unknown_software/datasets/propedia_formatted/propedia_1f1w_B/propedia_1f1w_B_peptide.pdb,propedia
propedia_4cha_A,/home/igem/unknown_software/datasets/propedia_formatted/propedia_4cha_A/propedia_4cha_A_protein_pocket.pdb,/home/igem/unknown_software/datasets/propedia_formatted/propedia_4cha_A/propedia_4cha_A_peptide.pdb,propedia
propedia_3d25_C,/home/igem/unknown_software/datasets/propedia_formatted/propedia_3d25_C/propedia_3d25_C_protein_pocket.pdb,/home/igem/unknown_software/datasets/propedia_formatted/propedia_3d25_C/propedia_3d25_C_peptide.pdb,propedia
propedia_3idn_C,/home/igem/unknown_software/datasets/propedia_formatted/propedia_3idn_C/propedia_3idn_C_protein_pocket.pdb,/home/igem/unknown_software/datasets/propedia_formatted/propedia_3idn_C/propedia_3idn_C_peptide.pdb,propedia
propedia_3p17_I,/home/igem/unknown_software/datasets/propedia_formatted/propedia_3p17_I/propedia_3p17_I_protein_pocket.pdb,/home/igem/unknown_software/datasets/propedia_formatted/propedia_3p17_I/propedia_3p17_I_peptide.pdb,propedia
propedia_3n5e_D,/home/igem/unknown_software/datasets/propedia_formatted/propedia_3n5e_D/propedia_3n5e_D_protein_pocket.pdb,/home/igem/unknown_software/datasets/propedia_formatted/propedia_3n5e_D/propedia_3n5e_D_peptide.pdb,propedia
propedia_3odi_B,/home/igem/unknown_software/datasets/propedia_formatted/propedia_3odi_B/propedia_3odi_B_protein_pocket.pdb,/home/igem/unknown_software/datasets/propedia_formatted/propedia_3odi_B/propedia_3odi_B_peptide.pdb,propedia
propedia_4ktu_B,/home/igem/unknown_software/datasets/propedia_formatted/propedia_4ktu_B/propedia_4ktu_B_protein_pocket.pdb,/home/igem/unknown_software/datasets/propedia_formatted/propedia_4ktu_B/propedia_4ktu_B_peptide.pdb,propedia
propedia_2ci9_L,/home/igem/unknown_software/datasets/propedia_formatted/propedia_2ci9_L/propedia_2ci9_L_protein_pocket.pdb,/home/igem/unknown_software/datasets/propedia_formatted/propedia_2ci9_L/propedia_2ci9_L_peptide.pdb,propedia
propedia_4o51_M,/home/igem/unknown_software/datasets/propedia_formatted/propedia_4o51_M/propedia_4o51_M_protein_pocket.pdb,/home/igem/unknown_software/datasets/propedia_formatted/propedia_4o51_M/propedia_4o51_M_peptide.pdb,propedia
propedia_3mv7_C,/home/igem/unknown_software/datasets/propedia_formatted/propedia_3mv7_C/propedia_3mv7_C_protein_pocket.pdb,/home/igem/unknown_software/datasets/propedia_formatted/propedia_3mv7_C/propedia_3mv7_C_peptide.pdb,propedia
propedia_4x3h_B,/home/igem/unknown_software/datasets/propedia_formatted/propedia_4x3h_B/propedia_4x3h_B_protein_pocket.pdb,/home/igem/unknown_software/datasets/propedia_formatted/propedia_4x3h_B/propedia_4x3h_B_peptide.pdb,propedia
propedia_4j81_C,/home/igem/unknown_software/datasets/propedia_formatted/propedia_4j81_C/propedia_4j81_C_protein_pocket.pdb,/home/igem/unknown_software/datasets/propedia_formatted/propedia_4j81_C/propedia_4j81_C_peptide.pdb,propedia
propedia_5c0e_C,/home/igem/unknown_software/datasets/propedia_formatted/propedia_5c0e_C/propedia_5c0e_C_protein_pocket.pdb,/home/igem/unknown_software/datasets/propedia_formatted/propedia_5c0e_C/propedia_5c0e_C_peptide.pdb,propedia
propedia_2zfr_I,/home/igem/unknown_software/datasets/propedia_formatted/propedia_2zfr_I/propedia_2zfr_I_protein_pocket.pdb,/home/igem/unknown_software/datasets/propedia_formatted/propedia_2zfr_I/propedia_2zfr_I_peptide.pdb,propedia
propedia_4lp9_I,/home/igem/unknown_software/datasets/propedia_formatted/propedia_4lp9_I/propedia_4lp9_I_protein_pocket.pdb,/home/igem/unknown_software/datasets/propedia_formatted/propedia_4lp9_I/propedia_4lp9_I_peptide.pdb,propedia
propedia_3hr5_R,/home/igem/unknown_software/datasets/propedia_formatted/propedia_3hr5_R/propedia_3hr5_R_protein_pocket.pdb,/home/igem/unknown_software/datasets/propedia_formatted/propedia_3hr5_R/propedia_3hr5_R_peptide.pdb,propedia
propedia_4ioi_C,/home/igem/unknown_software/datasets/propedia_formatted/propedia_4ioi_C/propedia_4ioi_C_protein_pocket.pdb,/home/igem/unknown_software/datasets/propedia_formatted/propedia_4ioi_C/propedia_4ioi_C_peptide.pdb,propedia
propedia_5jlz_E,/home/igem/unknown_software/datasets/propedia_formatted/propedia_5jlz_E/propedia_5jlz_E_protein_pocket.pdb,/home/igem/unknown_software/datasets/propedia_formatted/propedia_5jlz_E/propedia_5jlz_E_peptide.pdb,propedia_long
propedia_4j2c_B,/home/igem/unknown_software/datasets/propedia_formatted/propedia_4j2c_B/propedia_4j2c_B_protein_pocket.pdb,/home/igem/unknown_software/datasets/propedia_formatted/propedia_4j2c_B/propedia_4j2c_B_peptide.pdb,propedia
propedia_2p5e_C,/home/igem/unknown_software/datasets/propedia_formatted/propedia_2p5e_C/propedia_2p5e_C_protein_pocket.pdb,/home/igem/unknown_software/datasets/propedia_formatted/propedia_2p5e_C/propedia_2p5e_C_peptide.pdb,propedia
propedia_2l5e_B,/home/igem/unknown_software/datasets/propedia_formatted/propedia_2l5e_B/propedia_2l5e_B_protein_pocket.pdb,/home/igem/unknown_software/datasets/propedia_formatted/propedia_2l5e_B/propedia_2l5e_B_peptide.pdb,propedia
propedia_3iec_E,/home/igem/unknown_software/datasets/propedia_formatted/propedia_3iec_E/propedia_3iec_E_protein_pocket.pdb,/home/igem/unknown_software/datasets/propedia_formatted/propedia_3iec_E/propedia_3iec_E_peptide.pdb,propedia_long
propedia_4gvu_B,/home/igem/unknown_software/datasets/propedia_formatted/propedia_4gvu_B/propedia_4gvu_B_protein_pocket.pdb,/home/igem/unknown_software/datasets/propedia_formatted/propedia_4gvu_B/propedia_4gvu_B_peptide.pdb,propedia
propedia_4e17_B,/home/igem/unknown_software/datasets/propedia_formatted/propedia_4e17_B/propedia_4e17_B_protein_pocket.pdb,/home/igem/unknown_software/datasets/propedia_formatted/propedia_4e17_B/propedia_4e17_B_peptide.pdb,propedia_long
propedia_2hbz_C,/home/igem/unknown_software/datasets/propedia_formatted/propedia_2hbz_C/propedia_2hbz_C_protein_pocket.pdb,/home/igem/unknown_software/datasets/propedia_formatted/propedia_2hbz_C/propedia_2hbz_C_peptide.pdb,propedia
propedia_1jgn_B,/home/igem/unknown_software/datasets/propedia_formatted/propedia_1jgn_B/propedia_1jgn_B_protein_pocket.pdb,/home/igem/unknown_software/datasets/propedia_formatted/propedia_1jgn_B/propedia_1jgn_B_peptide.pdb,propedia_long
propedia_1k2d_P,/home/igem/unknown_software/datasets/propedia_formatted/propedia_1k2d_P/propedia_1k2d_P_protein_pocket.pdb,/home/igem/unknown_software/datasets/propedia_formatted/propedia_1k2d_P/propedia_1k2d_P_peptide.pdb,propedia
propedia_4onf_P,/home/igem/unknown_software/datasets/propedia_formatted/propedia_4onf_P/propedia_4onf_P_protein_pocket.pdb,/home/igem/unknown_software/datasets/propedia_formatted/propedia_4onf_P/propedia_4onf_P_peptide.pdb,propedia
propedia_1u3h_I,/home/igem/unknown_software/datasets/propedia_formatted/propedia_1u3h_I/propedia_1u3h_I_protein_pocket.pdb,/home/igem/unknown_software/datasets/propedia_formatted/propedia_1u3h_I/propedia_1u3h_I_peptide.pdb,propedia
propedia_3mv8_C,/home/igem/unknown_software/datasets/propedia_formatted/propedia_3mv8_C/propedia_3mv8_C_protein_pocket.pdb,/home/igem/unknown_software/datasets/propedia_formatted/propedia_3mv8_C/propedia_3mv8_C_peptide.pdb,propedia
propedia_3bin_B,/home/igem/unknown_software/datasets/propedia_formatted/propedia_3bin_B/propedia_3bin_B_protein_pocket.pdb,/home/igem/unknown_software/datasets/propedia_formatted/propedia_3bin_B/propedia_3bin_B_peptide.pdb,propedia
propedia_2cio_B,/home/igem/unknown_software/datasets/propedia_formatted/propedia_2cio_B/propedia_2cio_B_protein_pocket.pdb,/home/igem/unknown_software/datasets/propedia_formatted/propedia_2cio_B/propedia_2cio_B_peptide.pdb,propedia
propedia_4rxz_C,/home/igem/unknown_software/datasets/propedia_formatted/propedia_4rxz_C/propedia_4rxz_C_protein_pocket.pdb,/home/igem/unknown_software/datasets/propedia_formatted/propedia_4rxz_C/propedia_4rxz_C_peptide.pdb,propedia
propedia_1sys_C,/home/igem/unknown_software/datasets/propedia_formatted/propedia_1sys_C/propedia_1sys_C_protein_pocket.pdb,/home/igem/unknown_software/datasets/propedia_formatted/propedia_1sys_C/propedia_1sys_C_peptide.pdb,propedia
propedia_5t59_C,/home/igem/unknown_software/datasets/propedia_formatted/propedia_5t59_C/propedia_5t59_C_protein_pocket.pdb,/home/igem/unknown_software/datasets/propedia_formatted/propedia_5t59_C/propedia_5t59_C_peptide.pdb,propedia_long
propedia_4po6_B,/home/igem/unknown_software/datasets/propedia_formatted/propedia_4po6_B/propedia_4po6_B_protein_pocket.pdb,/home/igem/unknown_software/datasets/propedia_formatted/propedia_4po6_B/propedia_4po6_B_peptide.pdb,propedia_long
propedia_6jlh_B,/home/igem/unknown_software/datasets/propedia_formatted/propedia_6jlh_B/propedia_6jlh_B_protein_pocket.pdb,/home/igem/unknown_software/datasets/propedia_formatted/propedia_6jlh_B/propedia_6jlh_B_peptide.pdb,propedia_long
propedia_3r7g_B,/home/igem/unknown_software/datasets/propedia_formatted/propedia_3r7g_B/propedia_3r7g_B_protein_pocket.pdb,/home/igem/unknown_software/datasets/propedia_formatted/propedia_3r7g_B/propedia_3r7g_B_peptide.pdb,propedia_long
propedia_3oak_C,/home/igem/unknown_software/datasets/propedia_formatted/propedia_3oak_C/propedia_3oak_C_protein_pocket.pdb,/home/igem/unknown_software/datasets/propedia_formatted/propedia_3oak_C/propedia_3oak_C_peptide.pdb,propedia_long
propedia_2cf8_I,/home/igem/unknown_software/datasets/propedia_formatted/propedia_2cf8_I/propedia_2cf8_I_protein_pocket.pdb,/home/igem/unknown_software/datasets/propedia_formatted/propedia_2cf8_I/propedia_2cf8_I_peptide.pdb,propedia
propedia_3vgc_A,/home/igem/unknown_software/datasets/propedia_formatted/propedia_3vgc_A/propedia_3vgc_A_protein_pocket.pdb,/home/igem/unknown_software/datasets/propedia_formatted/propedia_3vgc_A/propedia_3vgc_A_peptide.pdb,propedia
propedia_3idn_C,/home/igem/unknown_software/datasets/propedia_formatted/propedia_3idn_C/propedia_3idn_C_protein_pocket.pdb,/home/igem/unknown_software/datasets/propedia_formatted/propedia_3idn_C/propedia_3idn_C_peptide.pdb,propedia
propedia_2v1r_P,/home/igem/unknown_software/datasets/propedia_formatted/propedia_2v1r_P/propedia_2v1r_P_protein_pocket.pdb,/home/igem/unknown_software/datasets/propedia_formatted/propedia_2v1r_P/propedia_2v1r_P_peptide.pdb,propedia
propedia_3p34_B,/home/igem/unknown_software/datasets/propedia_formatted/propedia_3p34_B/propedia_3p34_B_protein_pocket.pdb,/home/igem/unknown_software/datasets/propedia_formatted/propedia_3p34_B/propedia_3p34_B_peptide.pdb,propedia
propedia_1g5j_B,/home/igem/unknown_software/datasets/propedia_formatted/propedia_1g5j_B/propedia_1g5j_B_protein_pocket.pdb,/home/igem/unknown_software/datasets/propedia_formatted/propedia_1g5j_B/propedia_1g5j_B_peptide.pdb,propedia_long
propedia_1sbw_I,/home/igem/unknown_software/datasets/propedia_formatted/propedia_1sbw_I/propedia_1sbw_I_protein_pocket.pdb,/home/igem/unknown_software/datasets/propedia_formatted/propedia_1sbw_I/propedia_1sbw_I_peptide.pdb,propedia_long
propedia_3g2s_C,/home/igem/unknown_software/datasets/propedia_formatted/propedia_3g2s_C/propedia_3g2s_C_protein_pocket.pdb,/home/igem/unknown_software/datasets/propedia_formatted/propedia_3g2s_C/propedia_3g2s_C_peptide.pdb,propedia
propedia_3rqd_C,/home/igem/unknown_software/datasets/propedia_formatted/propedia_3rqd_C/propedia_3rqd_C_protein_pocket.pdb,/home/igem/unknown_software/datasets/propedia_formatted/propedia_3rqd_C/propedia_3rqd_C_peptide.pdb,propedia
propedia_3m4c_E,/home/igem/unknown_software/datasets/propedia_formatted/propedia_3m4c_E/propedia_3m4c_E_protein_pocket.pdb,/home/igem/unknown_software/datasets/propedia_formatted/propedia_3m4c_E/propedia_3m4c_E_peptide.pdb,propedia
propedia_5epm_C,/home/igem/unknown_software/datasets/propedia_formatted/propedia_5epm_C/propedia_5epm_C_protein_pocket.pdb,/home/igem/unknown_software/datasets/propedia_formatted/propedia_5epm_C/propedia_5epm_C_peptide.pdb,propedia_long
propedia_2aq9_X,/home/igem/unknown_software/datasets/propedia_formatted/propedia_2aq9_X/propedia_2aq9_X_protein_pocket.pdb,/home/igem/unknown_software/datasets/propedia_formatted/propedia_2aq9_X/propedia_2aq9_X_peptide.pdb,propedia
propedia_4j86_C,/home/igem/unknown_software/datasets/propedia_formatted/propedia_4j86_C/propedia_4j86_C_protein_pocket.pdb,/home/igem/unknown_software/datasets/propedia_formatted/propedia_4j86_C/propedia_4j86_C_peptide.pdb,propedia
propedia_2aoh_C,/home/igem/unknown_software/datasets/propedia_formatted/propedia_2aoh_C/propedia_2aoh_C_protein_pocket.pdb,/home/igem/unknown_software/datasets/propedia_formatted/propedia_2aoh_C/propedia_2aoh_C_peptide.pdb,propedia
propedia_3ley_P,/home/igem/unknown_software/datasets/propedia_formatted/propedia_3ley_P/propedia_3ley_P_protein_pocket.pdb,/home/igem/unknown_software/datasets/propedia_formatted/propedia_3ley_P/propedia_3ley_P_peptide.pdb,propedia
propedia_1s7x_C,/home/igem/unknown_software/datasets/propedia_formatted/propedia_1s7x_C/propedia_1s7x_C_protein_pocket.pdb,/home/igem/unknown_software/datasets/propedia_formatted/propedia_1s7x_C/propedia_1s7x_C_peptide.pdb,propedia
propedia_1s7w_C,/home/igem/unknown_software/datasets/propedia_formatted/propedia_1s7w_C/propedia_1s7w_C_protein_pocket.pdb,/home/igem/unknown_software/datasets/propedia_formatted/propedia_1s7w_C/propedia_1s7w_C_peptide.pdb,propedia
propedia_2l1c_B,/home/igem/unknown_software/datasets/propedia_formatted/propedia_2l1c_B/propedia_2l1c_B_protein_pocket.pdb,/home/igem/unknown_software/datasets/propedia_formatted/propedia_2l1c_B/propedia_2l1c_B_peptide.pdb,propedia_long
propedia_3h3g_B,/home/igem/unknown_software/datasets/propedia_formatted/propedia_3h3g_B/propedia_3h3g_B_protein_pocket.pdb,/home/igem/unknown_software/datasets/propedia_formatted/propedia_3h3g_B/propedia_3h3g_B_peptide.pdb,propedia_long
propedia_1q2c_B,/home/igem/unknown_software/datasets/propedia_formatted/propedia_1q2c_B/propedia_1q2c_B_protein_pocket.pdb,/home/igem/unknown_software/datasets/propedia_formatted/propedia_1q2c_B/propedia_1q2c_B_peptide.pdb,propedia
propedia_2x7k_B,/home/igem/unknown_software/datasets/propedia_formatted/propedia_2x7k_B/propedia_2x7k_B_protein_pocket.pdb,/home/igem/unknown_software/datasets/propedia_formatted/propedia_2x7k_B/propedia_2x7k_B_peptide.pdb,propedia
propedia_3oty_P,/home/igem/unknown_software/datasets/propedia_formatted/propedia_3oty_P/propedia_3oty_P_protein_pocket.pdb,/home/igem/unknown_software/datasets/propedia_formatted/propedia_3oty_P/propedia_3oty_P_peptide.pdb,propedia
propedia_4wlb_D,/home/igem/unknown_software/datasets/propedia_formatted/propedia_4wlb_D/propedia_4wlb_D_protein_pocket.pdb,/home/igem/unknown_software/datasets/propedia_formatted/propedia_4wlb_D/propedia_4wlb_D_peptide.pdb,propedia
propedia_4ak4_B,/home/igem/unknown_software/datasets/propedia_formatted/propedia_4ak4_B/propedia_4ak4_B_protein_pocket.pdb,/home/igem/unknown_software/datasets/propedia_formatted/propedia_4ak4_B/propedia_4ak4_B_peptide.pdb,propedia_long
propedia_3bp4_C,/home/igem/unknown_software/datasets/propedia_formatted/propedia_3bp4_C/propedia_3bp4_C_protein_pocket.pdb,/home/igem/unknown_software/datasets/propedia_formatted/propedia_3bp4_C/propedia_3bp4_C_peptide.pdb,propedia
propedia_3r42_B,/home/igem/unknown_software/datasets/propedia_formatted/propedia_3r42_B/propedia_3r42_B_protein_pocket.pdb,/home/igem/unknown_software/datasets/propedia_formatted/propedia_3r42_B/propedia_3r42_B_peptide.pdb,propedia
propedia_3qhw_J,/home/igem/unknown_software/datasets/propedia_formatted/propedia_3qhw_J/propedia_3qhw_J_protein_pocket.pdb,/home/igem/unknown_software/datasets/propedia_formatted/propedia_3qhw_J/propedia_3qhw_J_peptide.pdb,propedia
propedia_1ee5_B,/home/igem/unknown_software/datasets/propedia_formatted/propedia_1ee5_B/propedia_1ee5_B_protein_pocket.pdb,/home/igem/unknown_software/datasets/propedia_formatted/propedia_1ee5_B/propedia_1ee5_B_peptide.pdb,propedia_long
propedia_2ain_B,/home/igem/unknown_software/datasets/propedia_formatted/propedia_2ain_B/propedia_2ain_B_protein_pocket.pdb,/home/igem/unknown_software/datasets/propedia_formatted/propedia_2ain_B/propedia_2ain_B_peptide.pdb,propedia
propedia_1ddv_B,/home/igem/unknown_software/datasets/propedia_formatted/propedia_1ddv_B/propedia_1ddv_B_protein_pocket.pdb,/home/igem/unknown_software/datasets/propedia_formatted/propedia_1ddv_B/propedia_1ddv_B_peptide.pdb,propedia
propedia_3avh_E,/home/igem/unknown_software/datasets/propedia_formatted/propedia_3avh_E/propedia_3avh_E_protein_pocket.pdb,/home/igem/unknown_software/datasets/propedia_formatted/propedia_3avh_E/propedia_3avh_E_peptide.pdb,propedia
propedia_4qub_D,/home/igem/unknown_software/datasets/propedia_formatted/propedia_4qub_D/propedia_4qub_D_protein_pocket.pdb,/home/igem/unknown_software/datasets/propedia_formatted/propedia_4qub_D/propedia_4qub_D_peptide.pdb,propedia
propedia_4xef_B,/home/igem/unknown_software/datasets/propedia_formatted/propedia_4xef_B/propedia_4xef_B_protein_pocket.pdb,/home/igem/unknown_software/datasets/propedia_formatted/propedia_4xef_B/propedia_4xef_B_peptide.pdb,propedia_long
propedia_2rui_B,/home/igem/unknown_software/datasets/propedia_formatted/propedia_2rui_B/propedia_2rui_B_protein_pocket.pdb,/home/igem/unknown_software/datasets/propedia_formatted/propedia_2rui_B/propedia_2rui_B_peptide.pdb,propedia
propedia_4zdu_B,/home/igem/unknown_software/datasets/propedia_formatted/propedia_4zdu_B/propedia_4zdu_B_protein_pocket.pdb,/home/igem/unknown_software/datasets/propedia_formatted/propedia_4zdu_B/propedia_4zdu_B_peptide.pdb,propedia
propedia_2l7u_B,/home/igem/unknown_software/datasets/propedia_formatted/propedia_2l7u_B/propedia_2l7u_B_protein_pocket.pdb,/home/igem/unknown_software/datasets/propedia_formatted/propedia_2l7u_B/propedia_2l7u_B_peptide.pdb,propedia
propedia_1evh_B,/home/igem/unknown_software/datasets/propedia_formatted/propedia_1evh_B/propedia_1evh_B_protein_pocket.pdb,/home/igem/unknown_software/datasets/propedia_formatted/propedia_1evh_B/propedia_1evh_B_peptide.pdb,propedia
propedia_4xc1_P,/home/igem/unknown_software/datasets/propedia_formatted/propedia_4xc1_P/propedia_4xc1_P_protein_pocket.pdb,/home/igem/unknown_software/datasets/propedia_formatted/propedia_4xc1_P/propedia_4xc1_P_peptide.pdb,propedia_long
propedia_1jpl_E,/home/igem/unknown_software/datasets/propedia_formatted/propedia_1jpl_E/propedia_1jpl_E_protein_pocket.pdb,/home/igem/unknown_software/datasets/propedia_formatted/propedia_1jpl_E/propedia_1jpl_E_peptide.pdb,propedia
propedia_1dlk_A,/home/igem/unknown_software/datasets/propedia_formatted/propedia_1dlk_A/propedia_1dlk_A_protein_pocket.pdb,/home/igem/unknown_software/datasets/propedia_formatted/propedia_1dlk_A/propedia_1dlk_A_peptide.pdb,propedia_long
propedia_6cit_D,/home/igem/unknown_software/datasets/propedia_formatted/propedia_6cit_D/propedia_6cit_D_protein_pocket.pdb,/home/igem/unknown_software/datasets/propedia_formatted/propedia_6cit_D/propedia_6cit_D_peptide.pdb,propedia_long
propedia_3dvp_C,/home/igem/unknown_software/datasets/propedia_formatted/propedia_3dvp_C/propedia_3dvp_C_protein_pocket.pdb,/home/igem/unknown_software/datasets/propedia_formatted/propedia_3dvp_C/propedia_3dvp_C_peptide.pdb,propedia
propedia_3ktr_B,/home/igem/unknown_software/datasets/propedia_formatted/propedia_3ktr_B/propedia_3ktr_B_protein_pocket.pdb,/home/igem/unknown_software/datasets/propedia_formatted/propedia_3ktr_B/propedia_3ktr_B_peptide.pdb,propedia_long
propedia_5hkz_B,/home/igem/unknown_software/datasets/propedia_formatted/propedia_5hkz_B/propedia_5hkz_B_protein_pocket.pdb,/home/igem/unknown_software/datasets/propedia_formatted/propedia_5hkz_B/propedia_5hkz_B_peptide.pdb,propedia_long
propedia_2bsr_C,/home/igem/unknown_software/datasets/propedia_formatted/propedia_2bsr_C/propedia_2bsr_C_protein_pocket.pdb,/home/igem/unknown_software/datasets/propedia_formatted/propedia_2bsr_C/propedia_2bsr_C_peptide.pdb,propedia
propedia_2vzg_A,/home/igem/unknown_software/datasets/propedia_formatted/propedia_2vzg_A/propedia_2vzg_A_protein_pocket.pdb,/home/igem/unknown_software/datasets/propedia_formatted/propedia_2vzg_A/propedia_2vzg_A_peptide.pdb,propedia_long
propedia_5b78_B,/home/igem/unknown_software/datasets/propedia_formatted/propedia_5b78_B/propedia_5b78_B_protein_pocket.pdb,/home/igem/unknown_software/datasets/propedia_formatted/propedia_5b78_B/propedia_5b78_B_peptide.pdb,propedia_long
propedia_4y9w_B,/home/igem/unknown_software/datasets/propedia_formatted/propedia_4y9w_B/propedia_4y9w_B_protein_pocket.pdb,/home/igem/unknown_software/datasets/propedia_formatted/propedia_4y9w_B/propedia_4y9w_B_peptide.pdb,propedia
propedia_3sml_P,/home/igem/unknown_software/datasets/propedia_formatted/propedia_3sml_P/propedia_3sml_P_protein_pocket.pdb,/home/igem/unknown_software/datasets/propedia_formatted/propedia_3sml_P/propedia_3sml_P_peptide.pdb,propedia
propedia_1ta6_B,/home/igem/unknown_software/datasets/propedia_formatted/propedia_1ta6_B/propedia_1ta6_B_protein_pocket.pdb,/home/igem/unknown_software/datasets/propedia_formatted/propedia_1ta6_B/propedia_1ta6_B_peptide.pdb,propedia
propedia_4ufg_I,/home/igem/unknown_software/datasets/propedia_formatted/propedia_4ufg_I/propedia_4ufg_I_protein_pocket.pdb,/home/igem/unknown_software/datasets/propedia_formatted/propedia_4ufg_I/propedia_4ufg_I_peptide.pdb,propedia
propedia_1htr_P,/home/igem/unknown_software/datasets/propedia_formatted/propedia_1htr_P/propedia_1htr_P_protein_pocket.pdb,/home/igem/unknown_software/datasets/propedia_formatted/propedia_1htr_P/propedia_1htr_P_peptide.pdb,propedia_long
propedia_1pcx_B,/home/igem/unknown_software/datasets/propedia_formatted/propedia_1pcx_B/propedia_1pcx_B_protein_pocket.pdb,/home/igem/unknown_software/datasets/propedia_formatted/propedia_1pcx_B/propedia_1pcx_B_peptide.pdb,propedia
propedia_2p5w_C,/home/igem/unknown_software/datasets/propedia_formatted/propedia_2p5w_C/propedia_2p5w_C_protein_pocket.pdb,/home/igem/unknown_software/datasets/propedia_formatted/propedia_2p5w_C/propedia_2p5w_C_peptide.pdb,propedia
propedia_3f68_I,/home/igem/unknown_software/datasets/propedia_formatted/propedia_3f68_I/propedia_3f68_I_protein_pocket.pdb,/home/igem/unknown_software/datasets/propedia_formatted/propedia_3f68_I/propedia_3f68_I_peptide.pdb,propedia
propedia_4qbq_P,/home/igem/unknown_software/datasets/propedia_formatted/propedia_4qbq_P/propedia_4qbq_P_protein_pocket.pdb,/home/igem/unknown_software/datasets/propedia_formatted/propedia_4qbq_P/propedia_4qbq_P_peptide.pdb,propedia
propedia_2b0f_B,/home/igem/unknown_software/datasets/propedia_formatted/propedia_2b0f_B/propedia_2b0f_B_protein_pocket.pdb,/home/igem/unknown_software/datasets/propedia_formatted/propedia_2b0f_B/propedia_2b0f_B_peptide.pdb,propedia
propedia_4doq_B,/home/igem/unknown_software/datasets/propedia_formatted/propedia_4doq_B/propedia_4doq_B_protein_pocket.pdb,/home/igem/unknown_software/datasets/propedia_formatted/propedia_4doq_B/propedia_4doq_B_peptide.pdb,propedia_long
propedia_3g7z_C,/home/igem/unknown_software/datasets/propedia_formatted/propedia_3g7z_C/propedia_3g7z_C_protein_pocket.pdb,/home/igem/unknown_software/datasets/propedia_formatted/propedia_3g7z_C/propedia_3g7z_C_peptide.pdb,propedia_long
propedia_1ku8_B,/home/igem/unknown_software/datasets/propedia_formatted/propedia_1ku8_B/propedia_1ku8_B_protein_pocket.pdb,/home/igem/unknown_software/datasets/propedia_formatted/propedia_1ku8_B/propedia_1ku8_B_peptide.pdb,propedia_long
propedia_3bo7_E,/home/igem/unknown_software/datasets/propedia_formatted/propedia_3bo7_E/propedia_3bo7_E_protein_pocket.pdb,/home/igem/unknown_software/datasets/propedia_formatted/propedia_3bo7_E/propedia_3bo7_E_peptide.pdb,propedia
propedia_2h4f_D,/home/igem/unknown_software/datasets/propedia_formatted/propedia_2h4f_D/propedia_2h4f_D_protein_pocket.pdb,/home/igem/unknown_software/datasets/propedia_formatted/propedia_2h4f_D/propedia_2h4f_D_peptide.pdb,propedia
propedia_1okw_E,/home/igem/unknown_software/datasets/propedia_formatted/propedia_1okw_E/propedia_1okw_E_protein_pocket.pdb,/home/igem/unknown_software/datasets/propedia_formatted/propedia_1okw_E/propedia_1okw_E_peptide.pdb,propedia
propedia_4ong_P,/home/igem/unknown_software/datasets/propedia_formatted/propedia_4ong_P/propedia_4ong_P_protein_pocket.pdb,/home/igem/unknown_software/datasets/propedia_formatted/propedia_4ong_P/propedia_4ong_P_peptide.pdb,propedia
propedia_2h9h_I,/home/igem/unknown_software/datasets/propedia_formatted/propedia_2h9h_I/propedia_2h9h_I_protein_pocket.pdb,/home/igem/unknown_software/datasets/propedia_formatted/propedia_2h9h_I/propedia_2h9h_I_peptide.pdb,propedia
propedia_4x5w_C,/home/igem/unknown_software/datasets/propedia_formatted/propedia_4x5w_C/propedia_4x5w_C_protein_pocket.pdb,/home/igem/unknown_software/datasets/propedia_formatted/propedia_4x5w_C/propedia_4x5w_C_peptide.pdb,propedia_long
propedia_1hcs_A,/home/igem/unknown_software/datasets/propedia_formatted/propedia_1hcs_A/propedia_1hcs_A_protein_pocket.pdb,/home/igem/unknown_software/datasets/propedia_formatted/propedia_1hcs_A/propedia_1hcs_A_peptide.pdb,propedia
propedia_2ck0_P,/home/igem/unknown_software/datasets/propedia_formatted/propedia_2ck0_P/propedia_2ck0_P_protein_pocket.pdb,/home/igem/unknown_software/datasets/propedia_formatted/propedia_2ck0_P/propedia_2ck0_P_peptide.pdb,propedia
propedia_3me9_C,/home/igem/unknown_software/datasets/propedia_formatted/propedia_3me9_C/propedia_3me9_C_protein_pocket.pdb,/home/igem/unknown_software/datasets/propedia_formatted/propedia_3me9_C/propedia_3me9_C_peptide.pdb,propedia
propedia_1f3r_A,/home/igem/unknown_software/datasets/propedia_formatted/propedia_1f3r_A/propedia_1f3r_A_protein_pocket.pdb,/home/igem/unknown_software/datasets/propedia_formatted/propedia_1f3r_A/propedia_1f3r_A_peptide.pdb,propedia
propedia_4yhz_P,/home/igem/unknown_software/datasets/propedia_formatted/propedia_4yhz_P/propedia_4yhz_P_protein_pocket.pdb,/home/igem/unknown_software/datasets/propedia_formatted/propedia_4yhz_P/propedia_4yhz_P_peptide.pdb,propedia
propedia_2ast_D,/home/igem/unknown_software/datasets/propedia_formatted/propedia_2ast_D/propedia_2ast_D_protein_pocket.pdb,/home/igem/unknown_software/datasets/propedia_formatted/propedia_2ast_D/propedia_2ast_D_peptide.pdb,propedia
propedia_1jcs_C,/home/igem/unknown_software/datasets/propedia_formatted/propedia_1jcs_C/propedia_1jcs_C_protein_pocket.pdb,/home/igem/unknown_software/datasets/propedia_formatted/propedia_1jcs_C/propedia_1jcs_C_peptide.pdb,propedia
propedia_3i7z_B,/home/igem/unknown_software/datasets/propedia_formatted/propedia_3i7z_B/propedia_3i7z_B_protein_pocket.pdb,/home/igem/unknown_software/datasets/propedia_formatted/propedia_3i7z_B/propedia_3i7z_B_peptide.pdb,propedia
propedia_1fm9_B,/home/igem/unknown_software/datasets/propedia_formatted/propedia_1fm9_B/propedia_1fm9_B_protein_pocket.pdb,/home/igem/unknown_software/datasets/propedia_formatted/propedia_1fm9_B/propedia_1fm9_B_peptide.pdb,propedia
propedia_3twu_B,/home/igem/unknown_software/datasets/propedia_formatted/propedia_3twu_B/propedia_3twu_B_protein_pocket.pdb,/home/igem/unknown_software/datasets/propedia_formatted/propedia_3twu_B/propedia_3twu_B_peptide.pdb,propedia_long
propedia_3onw_C,/home/igem/unknown_software/datasets/propedia_formatted/propedia_3onw_C/propedia_3onw_C_protein_pocket.pdb,/home/igem/unknown_software/datasets/propedia_formatted/propedia_3onw_C/propedia_3onw_C_peptide.pdb,propedia_long
propedia_2ast_D,/home/igem/unknown_software/datasets/propedia_formatted/propedia_2ast_D/propedia_2ast_D_protein_pocket.pdb,/home/igem/unknown_software/datasets/propedia_formatted/propedia_2ast_D/propedia_2ast_D_peptide.pdb,propedia
propedia_5h2f_f,/home/igem/unknown_software/datasets/propedia_formatted/propedia_5h2f_f/propedia_5h2f_f_protein_pocket.pdb,/home/igem/unknown_software/datasets/propedia_formatted/propedia_5h2f_f/propedia_5h2f_f_peptide.pdb,propedia_long
propedia_1pic_B,/home/igem/unknown_software/datasets/propedia_formatted/propedia_1pic_B/propedia_1pic_B_protein_pocket.pdb,/home/igem/unknown_software/datasets/propedia_formatted/propedia_1pic_B/propedia_1pic_B_peptide.pdb,propedia
propedia_2n8r_B,/home/igem/unknown_software/datasets/propedia_formatted/propedia_2n8r_B/propedia_2n8r_B_protein_pocket.pdb,/home/igem/unknown_software/datasets/propedia_formatted/propedia_2n8r_B/propedia_2n8r_B_peptide.pdb,propedia_long
propedia_2p5w_C,/home/igem/unknown_software/datasets/propedia_formatted/propedia_2p5w_C/propedia_2p5w_C_protein_pocket.pdb,/home/igem/unknown_software/datasets/propedia_formatted/propedia_2p5w_C/propedia_2p5w_C_peptide.pdb,propedia
propedia_5v62_I,/home/igem/unknown_software/datasets/propedia_formatted/propedia_5v62_I/propedia_5v62_I_protein_pocket.pdb,/home/igem/unknown_software/datasets/propedia_formatted/propedia_5v62_I/propedia_5v62_I_peptide.pdb,propedia_long
propedia_3qzt_B,/home/igem/unknown_software/datasets/propedia_formatted/propedia_3qzt_B/propedia_3qzt_B_protein_pocket.pdb,/home/igem/unknown_software/datasets/propedia_formatted/propedia_3qzt_B/propedia_3qzt_B_peptide.pdb,propedia
propedia_4qj2_F,/home/igem/unknown_software/datasets/propedia_formatted/propedia_4qj2_F/propedia_4qj2_F_protein_pocket.pdb,/home/igem/unknown_software/datasets/propedia_formatted/propedia_4qj2_F/propedia_4qj2_F_peptide.pdb,propedia
propedia_6hkp_S,/home/igem/unknown_software/datasets/propedia_formatted/propedia_6hkp_S/propedia_6hkp_S_protein_pocket.pdb,/home/igem/unknown_software/datasets/propedia_formatted/propedia_6hkp_S/propedia_6hkp_S_peptide.pdb,propedia_long
propedia_2flw_B,/home/igem/unknown_software/datasets/propedia_formatted/propedia_2flw_B/propedia_2flw_B_protein_pocket.pdb,/home/igem/unknown_software/datasets/propedia_formatted/propedia_2flw_B/propedia_2flw_B_peptide.pdb,propedia_long
propedia_1fpr_B,/home/igem/unknown_software/datasets/propedia_formatted/propedia_1fpr_B/propedia_1fpr_B_protein_pocket.pdb,/home/igem/unknown_software/datasets/propedia_formatted/propedia_1fpr_B/propedia_1fpr_B_peptide.pdb,propedia
propedia_6rh6_B,/home/igem/unknown_software/datasets/propedia_formatted/propedia_6rh6_B/propedia_6rh6_B_protein_pocket.pdb,/home/igem/unknown_software/datasets/propedia_formatted/propedia_6rh6_B/propedia_6rh6_B_peptide.pdb,propedia_long
propedia_5c0m_C,/home/igem/unknown_software/datasets/propedia_formatted/propedia_5c0m_C/propedia_5c0m_C_protein_pocket.pdb,/home/igem/unknown_software/datasets/propedia_formatted/propedia_5c0m_C/propedia_5c0m_C_peptide.pdb,propedia
propedia_3vxr_C,/home/igem/unknown_software/datasets/propedia_formatted/propedia_3vxr_C/propedia_3vxr_C_protein_pocket.pdb,/home/igem/unknown_software/datasets/propedia_formatted/propedia_3vxr_C/propedia_3vxr_C_peptide.pdb,propedia
propedia_4ikn_B,/home/igem/unknown_software/datasets/propedia_formatted/propedia_4ikn_B/propedia_4ikn_B_protein_pocket.pdb,/home/igem/unknown_software/datasets/propedia_formatted/propedia_4ikn_B/propedia_4ikn_B_peptide.pdb,propedia
propedia_5fml_A,/home/igem/unknown_software/datasets/propedia_formatted/propedia_5fml_A/propedia_5fml_A_protein_pocket.pdb,/home/igem/unknown_software/datasets/propedia_formatted/propedia_5fml_A/propedia_5fml_A_peptide.pdb,propedia_long
propedia_3avh_E,/home/igem/unknown_software/datasets/propedia_formatted/propedia_3avh_E/propedia_3avh_E_protein_pocket.pdb,/home/igem/unknown_software/datasets/propedia_formatted/propedia_3avh_E/propedia_3avh_E_peptide.pdb,propedia
propedia_3emw_B,/home/igem/unknown_software/datasets/propedia_formatted/propedia_3emw_B/propedia_3emw_B_protein_pocket.pdb,/home/igem/unknown_software/datasets/propedia_formatted/propedia_3emw_B/propedia_3emw_B_peptide.pdb,propedia
propedia_4qc1_D,/home/igem/unknown_software/datasets/propedia_formatted/propedia_4qc1_D/propedia_4qc1_D_protein_pocket.pdb,/home/igem/unknown_software/datasets/propedia_formatted/propedia_4qc1_D/propedia_4qc1_D_peptide.pdb,propedia
propedia_1gmh_E,/home/igem/unknown_software/datasets/propedia_formatted/propedia_1gmh_E/propedia_1gmh_E_protein_pocket.pdb,/home/igem/unknown_software/datasets/propedia_formatted/propedia_1gmh_E/propedia_1gmh_E_peptide.pdb,propedia
propedia_6qg8_B,/home/igem/unknown_software/datasets/propedia_formatted/propedia_6qg8_B/propedia_6qg8_B_protein_pocket.pdb,/home/igem/unknown_software/datasets/propedia_formatted/propedia_6qg8_B/propedia_6qg8_B_peptide.pdb,propedia_long
propedia_3ou3_C,/home/igem/unknown_software/datasets/propedia_formatted/propedia_3ou3_C/propedia_3ou3_C_protein_pocket.pdb,/home/igem/unknown_software/datasets/propedia_formatted/propedia_3ou3_C/propedia_3ou3_C_peptide.pdb,propedia
propedia_3uw9_E,/home/igem/unknown_software/datasets/propedia_formatted/propedia_3uw9_E/propedia_3uw9_E_protein_pocket.pdb,/home/igem/unknown_software/datasets/propedia_formatted/propedia_3uw9_E/propedia_3uw9_E_peptide.pdb,propedia
propedia_2p6b_E,/home/igem/unknown_software/datasets/propedia_formatted/propedia_2p6b_E/propedia_2p6b_E_protein_pocket.pdb,/home/igem/unknown_software/datasets/propedia_formatted/propedia_2p6b_E/propedia_2p6b_E_peptide.pdb,propedia_long
propedia_1t4v_I,/home/igem/unknown_software/datasets/propedia_formatted/propedia_1t4v_I/propedia_1t4v_I_protein_pocket.pdb,/home/igem/unknown_software/datasets/propedia_formatted/propedia_1t4v_I/propedia_1t4v_I_peptide.pdb,propedia
propedia_1s9v_C,/home/igem/unknown_software/datasets/propedia_formatted/propedia_1s9v_C/propedia_1s9v_C_protein_pocket.pdb,/home/igem/unknown_software/datasets/propedia_formatted/propedia_1s9v_C/propedia_1s9v_C_peptide.pdb,propedia
propedia_4ezn_C,/home/igem/unknown_software/datasets/propedia_formatted/propedia_4ezn_C/propedia_4ezn_C_protein_pocket.pdb,/home/igem/unknown_software/datasets/propedia_formatted/propedia_4ezn_C/propedia_4ezn_C_peptide.pdb,propedia
propedia_3a9j_C,/home/igem/unknown_software/datasets/propedia_formatted/propedia_3a9j_C/propedia_3a9j_C_protein_pocket.pdb,/home/igem/unknown_software/datasets/propedia_formatted/propedia_3a9j_C/propedia_3a9j_C_peptide.pdb,propedia_long
propedia_3glr_B,/home/igem/unknown_software/datasets/propedia_formatted/propedia_3glr_B/propedia_3glr_B_protein_pocket.pdb,/home/igem/unknown_software/datasets/propedia_formatted/propedia_3glr_B/propedia_3glr_B_peptide.pdb,propedia
propedia_3gi0_C,/home/igem/unknown_software/datasets/propedia_formatted/propedia_3gi0_C/propedia_3gi0_C_protein_pocket.pdb,/home/igem/unknown_software/datasets/propedia_formatted/propedia_3gi0_C/propedia_3gi0_C_peptide.pdb,propedia
propedia_2uwe_C,/home/igem/unknown_software/datasets/propedia_formatted/propedia_2uwe_C/propedia_2uwe_C_protein_pocket.pdb,/home/igem/unknown_software/datasets/propedia_formatted/propedia_2uwe_C/propedia_2uwe_C_peptide.pdb,propedia
propedia_1m0v_B,/home/igem/unknown_software/datasets/propedia_formatted/propedia_1m0v_B/propedia_1m0v_B_protein_pocket.pdb,/home/igem/unknown_software/datasets/propedia_formatted/propedia_1m0v_B/propedia_1m0v_B_peptide.pdb,propedia
propedia_3rlw_I,/home/igem/unknown_software/datasets/propedia_formatted/propedia_3rlw_I/propedia_3rlw_I_protein_pocket.pdb,/home/igem/unknown_software/datasets/propedia_formatted/propedia_3rlw_I/propedia_3rlw_I_peptide.pdb,propedia
propedia_2v88_D,/home/igem/unknown_software/datasets/propedia_formatted/propedia_2v88_D/propedia_2v88_D_protein_pocket.pdb,/home/igem/unknown_software/datasets/propedia_formatted/propedia_2v88_D/propedia_2v88_D_peptide.pdb,propedia
propedia_1cwl_C,/home/igem/unknown_software/datasets/propedia_formatted/propedia_1cwl_C/propedia_1cwl_C_protein_pocket.pdb,/home/igem/unknown_software/datasets/propedia_formatted/propedia_1cwl_C/propedia_1cwl_C_peptide.pdb,propedia
propedia_5gj4_A,/home/igem/unknown_software/datasets/propedia_formatted/propedia_5gj4_A/propedia_5gj4_A_protein_pocket.pdb,/home/igem/unknown_software/datasets/propedia_formatted/propedia_5gj4_A/propedia_5gj4_A_peptide.pdb,propedia_long
propedia_3gjf_C,/home/igem/unknown_software/datasets/propedia_formatted/propedia_3gjf_C/propedia_3gjf_C_protein_pocket.pdb,/home/igem/unknown_software/datasets/propedia_formatted/propedia_3gjf_C/propedia_3gjf_C_peptide.pdb,propedia
propedia_4nut_B,/home/igem/unknown_software/datasets/propedia_formatted/propedia_4nut_B/propedia_4nut_B_protein_pocket.pdb,/home/igem/unknown_software/datasets/propedia_formatted/propedia_4nut_B/propedia_4nut_B_peptide.pdb,propedia_long
propedia_1kzo_C,/home/igem/unknown_software/datasets/propedia_formatted/propedia_1kzo_C/propedia_1kzo_C_protein_pocket.pdb,/home/igem/unknown_software/datasets/propedia_formatted/propedia_1kzo_C/propedia_1kzo_C_peptide.pdb,propedia
propedia_3mgo_C,/home/igem/unknown_software/datasets/propedia_formatted/propedia_3mgo_C/propedia_3mgo_C_protein_pocket.pdb,/home/igem/unknown_software/datasets/propedia_formatted/propedia_3mgo_C/propedia_3mgo_C_peptide.pdb,propedia
propedia_1cf0_C,/home/igem/unknown_software/datasets/propedia_formatted/propedia_1cf0_C/propedia_1cf0_C_protein_pocket.pdb,/home/igem/unknown_software/datasets/propedia_formatted/propedia_1cf0_C/propedia_1cf0_C_peptide.pdb,propedia
propedia_4zj7_B,/home/igem/unknown_software/datasets/propedia_formatted/propedia_4zj7_B/propedia_4zj7_B_protein_pocket.pdb,/home/igem/unknown_software/datasets/propedia_formatted/propedia_4zj7_B/propedia_4zj7_B_peptide.pdb,propedia
propedia_5lsw_B,/home/igem/unknown_software/datasets/propedia_formatted/propedia_5lsw_B/propedia_5lsw_B_protein_pocket.pdb,/home/igem/unknown_software/datasets/propedia_formatted/propedia_5lsw_B/propedia_5lsw_B_peptide.pdb,propedia_long
propedia_1e54_B,/home/igem/unknown_software/datasets/propedia_formatted/propedia_1e54_B/propedia_1e54_B_protein_pocket.pdb,/home/igem/unknown_software/datasets/propedia_formatted/propedia_1e54_B/propedia_1e54_B_peptide.pdb,propedia
propedia_4y6o_C,/home/igem/unknown_software/datasets/propedia_formatted/propedia_4y6o_C/propedia_4y6o_C_protein_pocket.pdb,/home/igem/unknown_software/datasets/propedia_formatted/propedia_4y6o_C/propedia_4y6o_C_peptide.pdb,propedia
propedia_2d1k_C,/home/igem/unknown_software/datasets/propedia_formatted/propedia_2d1k_C/propedia_2d1k_C_protein_pocket.pdb,/home/igem/unknown_software/datasets/propedia_formatted/propedia_2d1k_C/propedia_2d1k_C_peptide.pdb,propedia_long
propedia_4aza_B,/home/igem/unknown_software/datasets/propedia_formatted/propedia_4aza_B/propedia_4aza_B_protein_pocket.pdb,/home/igem/unknown_software/datasets/propedia_formatted/propedia_4aza_B/propedia_4aza_B_peptide.pdb,propedia_long
propedia_1t4f_P,/home/igem/unknown_software/datasets/propedia_formatted/propedia_1t4f_P/propedia_1t4f_P_protein_pocket.pdb,/home/igem/unknown_software/datasets/propedia_formatted/propedia_1t4f_P/propedia_1t4f_P_peptide.pdb,propedia
propedia_4wv6_B,/home/igem/unknown_software/datasets/propedia_formatted/propedia_4wv6_B/propedia_4wv6_B_protein_pocket.pdb,/home/igem/unknown_software/datasets/propedia_formatted/propedia_4wv6_B/propedia_4wv6_B_peptide.pdb,propedia
propedia_3nfn_C,/home/igem/unknown_software/datasets/propedia_formatted/propedia_3nfn_C/propedia_3nfn_C_protein_pocket.pdb,/home/igem/unknown_software/datasets/propedia_formatted/propedia_3nfn_C/propedia_3nfn_C_peptide.pdb,propedia
propedia_1tn6_C,/home/igem/unknown_software/datasets/propedia_formatted/propedia_1tn6_C/propedia_1tn6_C_protein_pocket.pdb,/home/igem/unknown_software/datasets/propedia_formatted/propedia_1tn6_C/propedia_1tn6_C_peptide.pdb,propedia
propedia_3bum_A,/home/igem/unknown_software/datasets/propedia_formatted/propedia_3bum_A/propedia_3bum_A_protein_pocket.pdb,/home/igem/unknown_software/datasets/propedia_formatted/propedia_3bum_A/propedia_3bum_A_peptide.pdb,propedia
propedia_5iay_B,/home/igem/unknown_software/datasets/propedia_formatted/propedia_5iay_B/propedia_5iay_B_protein_pocket.pdb,/home/igem/unknown_software/datasets/propedia_formatted/propedia_5iay_B/propedia_5iay_B_peptide.pdb,propedia_long
propedia_4k7f_C,/home/igem/unknown_software/datasets/propedia_formatted/propedia_4k7f_C/propedia_4k7f_C_protein_pocket.pdb,/home/igem/unknown_software/datasets/propedia_formatted/propedia_4k7f_C/propedia_4k7f_C_peptide.pdb,propedia
propedia_3rwe_C,/home/igem/unknown_software/datasets/propedia_formatted/propedia_3rwe_C/propedia_3rwe_C_protein_pocket.pdb,/home/igem/unknown_software/datasets/propedia_formatted/propedia_3rwe_C/propedia_3rwe_C_peptide.pdb,propedia
propedia_1zkk_E,/home/igem/unknown_software/datasets/propedia_formatted/propedia_1zkk_E/propedia_1zkk_E_protein_pocket.pdb,/home/igem/unknown_software/datasets/propedia_formatted/propedia_1zkk_E/propedia_1zkk_E_peptide.pdb,propedia
propedia_2f3c_I,/home/igem/unknown_software/datasets/propedia_formatted/propedia_2f3c_I/propedia_2f3c_I_protein_pocket.pdb,/home/igem/unknown_software/datasets/propedia_formatted/propedia_2f3c_I/propedia_2f3c_I_peptide.pdb,propedia_long
propedia_2y07_P,/home/igem/unknown_software/datasets/propedia_formatted/propedia_2y07_P/propedia_2y07_P_protein_pocket.pdb,/home/igem/unknown_software/datasets/propedia_formatted/propedia_2y07_P/propedia_2y07_P_peptide.pdb,propedia
propedia_6f0f_B,/home/igem/unknown_software/datasets/propedia_formatted/propedia_6f0f_B/propedia_6f0f_B_protein_pocket.pdb,/home/igem/unknown_software/datasets/propedia_formatted/propedia_6f0f_B/propedia_6f0f_B_peptide.pdb,propedia_long
propedia_5li1_B,/home/igem/unknown_software/datasets/propedia_formatted/propedia_5li1_B/propedia_5li1_B_protein_pocket.pdb,/home/igem/unknown_software/datasets/propedia_formatted/propedia_5li1_B/propedia_5li1_B_peptide.pdb,propedia_long
propedia_4ccn_C,/home/igem/unknown_software/datasets/propedia_formatted/propedia_4ccn_C/propedia_4ccn_C_protein_pocket.pdb,/home/igem/unknown_software/datasets/propedia_formatted/propedia_4ccn_C/propedia_4ccn_C_peptide.pdb,propedia
propedia_1qkz_P,/home/igem/unknown_software/datasets/propedia_formatted/propedia_1qkz_P/propedia_1qkz_P_protein_pocket.pdb,/home/igem/unknown_software/datasets/propedia_formatted/propedia_1qkz_P/propedia_1qkz_P_peptide.pdb,propedia
propedia_2rfi_P,/home/igem/unknown_software/datasets/propedia_formatted/propedia_2rfi_P/propedia_2rfi_P_protein_pocket.pdb,/home/igem/unknown_software/datasets/propedia_formatted/propedia_2rfi_P/propedia_2rfi_P_peptide.pdb,propedia
propedia_3u7d_B,/home/igem/unknown_software/datasets/propedia_formatted/propedia_3u7d_B/propedia_3u7d_B_protein_pocket.pdb,/home/igem/unknown_software/datasets/propedia_formatted/propedia_3u7d_B/propedia_3u7d_B_peptide.pdb,propedia
propedia_4jqv_B,/home/igem/unknown_software/datasets/propedia_formatted/propedia_4jqv_B/propedia_4jqv_B_protein_pocket.pdb,/home/igem/unknown_software/datasets/propedia_formatted/propedia_4jqv_B/propedia_4jqv_B_peptide.pdb,propedia
propedia_1zsg_B,/home/igem/unknown_software/datasets/propedia_formatted/propedia_1zsg_B/propedia_1zsg_B_protein_pocket.pdb,/home/igem/unknown_software/datasets/propedia_formatted/propedia_1zsg_B/propedia_1zsg_B_peptide.pdb,propedia_long
propedia_4dgv_A,/home/igem/unknown_software/datasets/propedia_formatted/propedia_4dgv_A/propedia_4dgv_A_protein_pocket.pdb,/home/igem/unknown_software/datasets/propedia_formatted/propedia_4dgv_A/propedia_4dgv_A_peptide.pdb,propedia_long
propedia_1n8o_A,/home/igem/unknown_software/datasets/propedia_formatted/propedia_1n8o_A/propedia_1n8o_A_protein_pocket.pdb,/home/igem/unknown_software/datasets/propedia_formatted/propedia_1n8o_A/propedia_1n8o_A_peptide.pdb,propedia
propedia_5eio_C,/home/igem/unknown_software/datasets/propedia_formatted/propedia_5eio_C/propedia_5eio_C_protein_pocket.pdb,/home/igem/unknown_software/datasets/propedia_formatted/propedia_5eio_C/propedia_5eio_C_peptide.pdb,propedia_long
propedia_1pz5_C,/home/igem/unknown_software/datasets/propedia_formatted/propedia_1pz5_C/propedia_1pz5_C_protein_pocket.pdb,/home/igem/unknown_software/datasets/propedia_formatted/propedia_1pz5_C/propedia_1pz5_C_peptide.pdb,propedia
propedia_1u9l_C,/home/igem/unknown_software/datasets/propedia_formatted/propedia_1u9l_C/propedia_1u9l_C_protein_pocket.pdb,/home/igem/unknown_software/datasets/propedia_formatted/propedia_1u9l_C/propedia_1u9l_C_peptide.pdb,propedia
propedia_2lnw_B,/home/igem/unknown_software/datasets/propedia_formatted/propedia_2lnw_B/propedia_2lnw_B_protein_pocket.pdb,/home/igem/unknown_software/datasets/propedia_formatted/propedia_2lnw_B/propedia_2lnw_B_peptide.pdb,propedia
propedia_5ybe_B,/home/igem/unknown_software/datasets/propedia_formatted/propedia_5ybe_B/propedia_5ybe_B_protein_pocket.pdb,/home/igem/unknown_software/datasets/propedia_formatted/propedia_5ybe_B/propedia_5ybe_B_peptide.pdb,propedia_long
propedia_1a61_I,/home/igem/unknown_software/datasets/propedia_formatted/propedia_1a61_I/propedia_1a61_I_protein_pocket.pdb,/home/igem/unknown_software/datasets/propedia_formatted/propedia_1a61_I/propedia_1a61_I_peptide.pdb,propedia
propedia_1mhc_C,/home/igem/unknown_software/datasets/propedia_formatted/propedia_1mhc_C/propedia_1mhc_C_protein_pocket.pdb,/home/igem/unknown_software/datasets/propedia_formatted/propedia_1mhc_C/propedia_1mhc_C_peptide.pdb,propedia
propedia_6s07_C,/home/igem/unknown_software/datasets/propedia_formatted/propedia_6s07_C/propedia_6s07_C_protein_pocket.pdb,/home/igem/unknown_software/datasets/propedia_formatted/propedia_6s07_C/propedia_6s07_C_peptide.pdb,propedia_long
propedia_1m1d_B,/home/igem/unknown_software/datasets/propedia_formatted/propedia_1m1d_B/propedia_1m1d_B_protein_pocket.pdb,/home/igem/unknown_software/datasets/propedia_formatted/propedia_1m1d_B/propedia_1m1d_B_peptide.pdb,propedia
propedia_4gag_P,/home/igem/unknown_software/datasets/propedia_formatted/propedia_4gag_P/propedia_4gag_P_protein_pocket.pdb,/home/igem/unknown_software/datasets/propedia_formatted/propedia_4gag_P/propedia_4gag_P_peptide.pdb,propedia
propedia_4obg_E,/home/igem/unknown_software/datasets/propedia_formatted/propedia_4obg_E/propedia_4obg_E_protein_pocket.pdb,/home/igem/unknown_software/datasets/propedia_formatted/propedia_4obg_E/propedia_4obg_E_peptide.pdb,propedia
propedia_2ilm_S,/home/igem/unknown_software/datasets/propedia_formatted/propedia_2ilm_S/propedia_2ilm_S_protein_pocket.pdb,/home/igem/unknown_software/datasets/propedia_formatted/propedia_2ilm_S/propedia_2ilm_S_peptide.pdb,propedia
propedia_2fsa_P,/home/igem/unknown_software/datasets/propedia_formatted/propedia_2fsa_P/propedia_2fsa_P_protein_pocket.pdb,/home/igem/unknown_software/datasets/propedia_formatted/propedia_2fsa_P/propedia_2fsa_P_peptide.pdb,propedia
propedia_2ipu_P,/home/igem/unknown_software/datasets/propedia_formatted/propedia_2ipu_P/propedia_2ipu_P_protein_pocket.pdb,/home/igem/unknown_software/datasets/propedia_formatted/propedia_2ipu_P/propedia_2ipu_P_peptide.pdb,propedia
propedia_5buo_B,/home/igem/unknown_software/datasets/propedia_formatted/propedia_5buo_B/propedia_5buo_B_protein_pocket.pdb,/home/igem/unknown_software/datasets/propedia_formatted/propedia_5buo_B/propedia_5buo_B_peptide.pdb,propedia
propedia_1o2g_I,/home/igem/unknown_software/datasets/propedia_formatted/propedia_1o2g_I/propedia_1o2g_I_protein_pocket.pdb,/home/igem/unknown_software/datasets/propedia_formatted/propedia_1o2g_I/propedia_1o2g_I_peptide.pdb,propedia
propedia_4fgx_B,/home/igem/unknown_software/datasets/propedia_formatted/propedia_4fgx_B/propedia_4fgx_B_protein_pocket.pdb,/home/igem/unknown_software/datasets/propedia_formatted/propedia_4fgx_B/propedia_4fgx_B_peptide.pdb,propedia
propedia_6fj3_B,/home/igem/unknown_software/datasets/propedia_formatted/propedia_6fj3_B/propedia_6fj3_B_protein_pocket.pdb,/home/igem/unknown_software/datasets/propedia_formatted/propedia_6fj3_B/propedia_6fj3_B_peptide.pdb,propedia_long
propedia_3hqr_S,/home/igem/unknown_software/datasets/propedia_formatted/propedia_3hqr_S/propedia_3hqr_S_protein_pocket.pdb,/home/igem/unknown_software/datasets/propedia_formatted/propedia_3hqr_S/propedia_3hqr_S_peptide.pdb,propedia_long
propedia_2b9j_C,/home/igem/unknown_software/datasets/propedia_formatted/propedia_2b9j_C/propedia_2b9j_C_protein_pocket.pdb,/home/igem/unknown_software/datasets/propedia_formatted/propedia_2b9j_C/propedia_2b9j_C_peptide.pdb,propedia
propedia_2otu_P,/home/igem/unknown_software/datasets/propedia_formatted/propedia_2otu_P/propedia_2otu_P_protein_pocket.pdb,/home/igem/unknown_software/datasets/propedia_formatted/propedia_2otu_P/propedia_2otu_P_peptide.pdb,propedia
propedia_3ru4_C,/home/igem/unknown_software/datasets/propedia_formatted/propedia_3ru4_C/propedia_3ru4_C_protein_pocket.pdb,/home/igem/unknown_software/datasets/propedia_formatted/propedia_3ru4_C/propedia_3ru4_C_peptide.pdb,propedia
propedia_1m43_C,/home/igem/unknown_software/datasets/propedia_formatted/propedia_1m43_C/propedia_1m43_C_protein_pocket.pdb,/home/igem/unknown_software/datasets/propedia_formatted/propedia_1m43_C/propedia_1m43_C_peptide.pdb,propedia
propedia_2z3n_C,/home/igem/unknown_software/datasets/propedia_formatted/propedia_2z3n_C/propedia_2z3n_C_protein_pocket.pdb,/home/igem/unknown_software/datasets/propedia_formatted/propedia_2z3n_C/propedia_2z3n_C_peptide.pdb,propedia
propedia_5ojr_E,/home/igem/unknown_software/datasets/propedia_formatted/propedia_5ojr_E/propedia_5ojr_E_protein_pocket.pdb,/home/igem/unknown_software/datasets/propedia_formatted/propedia_5ojr_E/propedia_5ojr_E_peptide.pdb,propedia_long
propedia_4o2c_C,/home/igem/unknown_software/datasets/propedia_formatted/propedia_4o2c_C/propedia_4o2c_C_protein_pocket.pdb,/home/igem/unknown_software/datasets/propedia_formatted/propedia_4o2c_C/propedia_4o2c_C_peptide.pdb,propedia
propedia_3ru4_C,/home/igem/unknown_software/datasets/propedia_formatted/propedia_3ru4_C/propedia_3ru4_C_protein_pocket.pdb,/home/igem/unknown_software/datasets/propedia_formatted/propedia_3ru4_C/propedia_3ru4_C_peptide.pdb,propedia
propedia_1cwj_C,/home/igem/unknown_software/datasets/propedia_formatted/propedia_1cwj_C/propedia_1cwj_C_protein_pocket.pdb,/home/igem/unknown_software/datasets/propedia_formatted/propedia_1cwj_C/propedia_1cwj_C_peptide.pdb,propedia
propedia_5azg_C,/home/igem/unknown_software/datasets/propedia_formatted/propedia_5azg_C/propedia_5azg_C_protein_pocket.pdb,/home/igem/unknown_software/datasets/propedia_formatted/propedia_5azg_C/propedia_5azg_C_peptide.pdb,propedia
propedia_2ych_B,/home/igem/unknown_software/datasets/propedia_formatted/propedia_2ych_B/propedia_2ych_B_protein_pocket.pdb,/home/igem/unknown_software/datasets/propedia_formatted/propedia_2ych_B/propedia_2ych_B_peptide.pdb,propedia
propedia_4z0x_C,/home/igem/unknown_software/datasets/propedia_formatted/propedia_4z0x_C/propedia_4z0x_C_protein_pocket.pdb,/home/igem/unknown_software/datasets/propedia_formatted/propedia_4z0x_C/propedia_4z0x_C_peptide.pdb,propedia
propedia_1z9o_G,/home/igem/unknown_software/datasets/propedia_formatted/propedia_1z9o_G/propedia_1z9o_G_protein_pocket.pdb,/home/igem/unknown_software/datasets/propedia_formatted/propedia_1z9o_G/propedia_1z9o_G_peptide.pdb,propedia
propedia_2jet_A,/home/igem/unknown_software/datasets/propedia_formatted/propedia_2jet_A/propedia_2jet_A_protein_pocket.pdb,/home/igem/unknown_software/datasets/propedia_formatted/propedia_2jet_A/propedia_2jet_A_peptide.pdb,propedia
propedia_4nxr_B,/home/igem/unknown_software/datasets/propedia_formatted/propedia_4nxr_B/propedia_4nxr_B_protein_pocket.pdb,/home/igem/unknown_software/datasets/propedia_formatted/propedia_4nxr_B/propedia_4nxr_B_peptide.pdb,propedia
propedia_1xb7_P,/home/igem/unknown_software/datasets/propedia_formatted/propedia_1xb7_P/propedia_1xb7_P_protein_pocket.pdb,/home/igem/unknown_software/datasets/propedia_formatted/propedia_1xb7_P/propedia_1xb7_P_peptide.pdb,propedia
propedia_3ob2_A,/home/igem/unknown_software/datasets/propedia_formatted/propedia_3ob2_A/propedia_3ob2_A_protein_pocket.pdb,/home/igem/unknown_software/datasets/propedia_formatted/propedia_3ob2_A/propedia_3ob2_A_peptide.pdb,propedia
propedia_1q1j_P,/home/igem/unknown_software/datasets/propedia_formatted/propedia_1q1j_P/propedia_1q1j_P_protein_pocket.pdb,/home/igem/unknown_software/datasets/propedia_formatted/propedia_1q1j_P/propedia_1q1j_P_peptide.pdb,propedia
propedia_4xzr_A,/home/igem/unknown_software/datasets/propedia_formatted/propedia_4xzr_A/propedia_4xzr_A_protein_pocket.pdb,/home/igem/unknown_software/datasets/propedia_formatted/propedia_4xzr_A/propedia_4xzr_A_peptide.pdb,propedia_long
propedia_4um9_E,/home/igem/unknown_software/datasets/propedia_formatted/propedia_4um9_E/propedia_4um9_E_protein_pocket.pdb,/home/igem/unknown_software/datasets/propedia_formatted/propedia_4um9_E/propedia_4um9_E_peptide.pdb,propedia
propedia_3h7b_C,/home/igem/unknown_software/datasets/propedia_formatted/propedia_3h7b_C/propedia_3h7b_C_protein_pocket.pdb,/home/igem/unknown_software/datasets/propedia_formatted/propedia_3h7b_C/propedia_3h7b_C_peptide.pdb,propedia
propedia_1sha_B,/home/igem/unknown_software/datasets/propedia_formatted/propedia_1sha_B/propedia_1sha_B_protein_pocket.pdb,/home/igem/unknown_software/datasets/propedia_formatted/propedia_1sha_B/propedia_1sha_B_peptide.pdb,propedia
propedia_1qqp_4,/home/igem/unknown_software/datasets/propedia_formatted/propedia_1qqp_4/propedia_1qqp_4_protein_pocket.pdb,/home/igem/unknown_software/datasets/propedia_formatted/propedia_1qqp_4/propedia_1qqp_4_peptide.pdb,propedia_long
propedia_1f95_C,/home/igem/unknown_software/datasets/propedia_formatted/propedia_1f95_C/propedia_1f95_C_protein_pocket.pdb,/home/igem/unknown_software/datasets/propedia_formatted/propedia_1f95_C/propedia_1f95_C_peptide.pdb,propedia
propedia_2w0p_C,/home/igem/unknown_software/datasets/propedia_formatted/propedia_2w0p_C/propedia_2w0p_C_protein_pocket.pdb,/home/igem/unknown_software/datasets/propedia_formatted/propedia_2w0p_C/propedia_2w0p_C_peptide.pdb,propedia
propedia_1u93_C,/home/igem/unknown_software/datasets/propedia_formatted/propedia_1u93_C/propedia_1u93_C_protein_pocket.pdb,/home/igem/unknown_software/datasets/propedia_formatted/propedia_1u93_C/propedia_1u93_C_peptide.pdb,propedia
propedia_3cv0_B,/home/igem/unknown_software/datasets/propedia_formatted/propedia_3cv0_B/propedia_3cv0_B_protein_pocket.pdb,/home/igem/unknown_software/datasets/propedia_formatted/propedia_3cv0_B/propedia_3cv0_B_peptide.pdb,propedia
propedia_4h3q_B,/home/igem/unknown_software/datasets/propedia_formatted/propedia_4h3q_B/propedia_4h3q_B_protein_pocket.pdb,/home/igem/unknown_software/datasets/propedia_formatted/propedia_4h3q_B/propedia_4h3q_B_peptide.pdb,propedia
propedia_3i6g_C,/home/igem/unknown_software/datasets/propedia_formatted/propedia_3i6g_C/propedia_3i6g_C_protein_pocket.pdb,/home/igem/unknown_software/datasets/propedia_formatted/propedia_3i6g_C/propedia_3i6g_C_peptide.pdb,propedia
propedia_5ous_B,/home/igem/unknown_software/datasets/propedia_formatted/propedia_5ous_B/propedia_5ous_B_protein_pocket.pdb,/home/igem/unknown_software/datasets/propedia_formatted/propedia_5ous_B/propedia_5ous_B_peptide.pdb,propedia_long
propedia_4h26_C,/home/igem/unknown_software/datasets/propedia_formatted/propedia_4h26_C/propedia_4h26_C_protein_pocket.pdb,/home/igem/unknown_software/datasets/propedia_formatted/propedia_4h26_C/propedia_4h26_C_peptide.pdb,propedia
propedia_5l04_B,/home/igem/unknown_software/datasets/propedia_formatted/propedia_5l04_B/propedia_5l04_B_protein_pocket.pdb,/home/igem/unknown_software/datasets/propedia_formatted/propedia_5l04_B/propedia_5l04_B_peptide.pdb,propedia_long
propedia_6g5g_P,/home/igem/unknown_software/datasets/propedia_formatted/propedia_6g5g_P/propedia_6g5g_P_protein_pocket.pdb,/home/igem/unknown_software/datasets/propedia_formatted/propedia_6g5g_P/propedia_6g5g_P_peptide.pdb,propedia_long
propedia_3oud_P,/home/igem/unknown_software/datasets/propedia_formatted/propedia_3oud_P/propedia_3oud_P_protein_pocket.pdb,/home/igem/unknown_software/datasets/propedia_formatted/propedia_3oud_P/propedia_3oud_P_peptide.pdb,propedia
propedia_6f0y_B,/home/igem/unknown_software/datasets/propedia_formatted/propedia_6f0y_B/propedia_6f0y_B_protein_pocket.pdb,/home/igem/unknown_software/datasets/propedia_formatted/propedia_6f0y_B/propedia_6f0y_B_peptide.pdb,propedia_long
propedia_1eeo_B,/home/igem/unknown_software/datasets/propedia_formatted/propedia_1eeo_B/propedia_1eeo_B_protein_pocket.pdb,/home/igem/unknown_software/datasets/propedia_formatted/propedia_1eeo_B/propedia_1eeo_B_peptide.pdb,propedia
propedia_1i8k_C,/home/igem/unknown_software/datasets/propedia_formatted/propedia_1i8k_C/propedia_1i8k_C_protein_pocket.pdb,/home/igem/unknown_software/datasets/propedia_formatted/propedia_1i8k_C/propedia_1i8k_C_peptide.pdb,propedia
propedia_2fop_B,/home/igem/unknown_software/datasets/propedia_formatted/propedia_2fop_B/propedia_2fop_B_protein_pocket.pdb,/home/igem/unknown_software/datasets/propedia_formatted/propedia_2fop_B/propedia_2fop_B_peptide.pdb,propedia
propedia_2aff_B,/home/igem/unknown_software/datasets/propedia_formatted/propedia_2aff_B/propedia_2aff_B_protein_pocket.pdb,/home/igem/unknown_software/datasets/propedia_formatted/propedia_2aff_B/propedia_2aff_B_peptide.pdb,propedia_long
propedia_4jwi_C,/home/igem/unknown_software/datasets/propedia_formatted/propedia_4jwi_C/propedia_4jwi_C_protein_pocket.pdb,/home/igem/unknown_software/datasets/propedia_formatted/propedia_4jwi_C/propedia_4jwi_C_peptide.pdb,propedia
propedia_1zub_B,/home/igem/unknown_software/datasets/propedia_formatted/propedia_1zub_B/propedia_1zub_B_protein_pocket.pdb,/home/igem/unknown_software/datasets/propedia_formatted/propedia_1zub_B/propedia_1zub_B_peptide.pdb,propedia
propedia_3hsv_M,/home/igem/unknown_software/datasets/propedia_formatted/propedia_3hsv_M/propedia_3hsv_M_protein_pocket.pdb,/home/igem/unknown_software/datasets/propedia_formatted/propedia_3hsv_M/propedia_3hsv_M_peptide.pdb,propedia
propedia_4qj8_E,/home/igem/unknown_software/datasets/propedia_formatted/propedia_4qj8_E/propedia_4qj8_E_protein_pocket.pdb,/home/igem/unknown_software/datasets/propedia_formatted/propedia_4qj8_E/propedia_4qj8_E_peptide.pdb,propedia
propedia_1c5l_I,/home/igem/unknown_software/datasets/propedia_formatted/propedia_1c5l_I/propedia_1c5l_I_protein_pocket.pdb,/home/igem/unknown_software/datasets/propedia_formatted/propedia_1c5l_I/propedia_1c5l_I_peptide.pdb,propedia
propedia_2azm_C,/home/igem/unknown_software/datasets/propedia_formatted/propedia_2azm_C/propedia_2azm_C_protein_pocket.pdb,/home/igem/unknown_software/datasets/propedia_formatted/propedia_2azm_C/propedia_2azm_C_peptide.pdb,propedia
propedia_3avz_B,/home/igem/unknown_software/datasets/propedia_formatted/propedia_3avz_B/propedia_3avz_B_protein_pocket.pdb,/home/igem/unknown_software/datasets/propedia_formatted/propedia_3avz_B/propedia_3avz_B_peptide.pdb,propedia
propedia_3r5j_E,/home/igem/unknown_software/datasets/propedia_formatted/propedia_3r5j_E/propedia_3r5j_E_protein_pocket.pdb,/home/igem/unknown_software/datasets/propedia_formatted/propedia_3r5j_E/propedia_3r5j_E_peptide.pdb,propedia
propedia_1njt_E,/home/igem/unknown_software/datasets/propedia_formatted/propedia_1njt_E/propedia_1njt_E_protein_pocket.pdb,/home/igem/unknown_software/datasets/propedia_formatted/propedia_1njt_E/propedia_1njt_E_peptide.pdb,propedia
propedia_1q1t_A,/home/igem/unknown_software/datasets/propedia_formatted/propedia_1q1t_A/propedia_1q1t_A_protein_pocket.pdb,/home/igem/unknown_software/datasets/propedia_formatted/propedia_1q1t_A/propedia_1q1t_A_peptide.pdb,propedia
propedia_4obj_C,/home/igem/unknown_software/datasets/propedia_formatted/propedia_4obj_C/propedia_4obj_C_protein_pocket.pdb,/home/igem/unknown_software/datasets/propedia_formatted/propedia_4obj_C/propedia_4obj_C_peptide.pdb,propedia
propedia_2sta_I,/home/igem/unknown_software/datasets/propedia_formatted/propedia_2sta_I/propedia_2sta_I_protein_pocket.pdb,/home/igem/unknown_software/datasets/propedia_formatted/propedia_2sta_I/propedia_2sta_I_peptide.pdb,propedia_long
propedia_1g1g_B,/home/igem/unknown_software/datasets/propedia_formatted/propedia_1g1g_B/propedia_1g1g_B_protein_pocket.pdb,/home/igem/unknown_software/datasets/propedia_formatted/propedia_1g1g_B/propedia_1g1g_B_peptide.pdb,propedia
propedia_4lxb_I,/home/igem/unknown_software/datasets/propedia_formatted/propedia_4lxb_I/propedia_4lxb_I_protein_pocket.pdb,/home/igem/unknown_software/datasets/propedia_formatted/propedia_4lxb_I/propedia_4lxb_I_peptide.pdb,propedia
propedia_4x0w_P,/home/igem/unknown_software/datasets/propedia_formatted/propedia_4x0w_P/propedia_4x0w_P_protein_pocket.pdb,/home/igem/unknown_software/datasets/propedia_formatted/propedia_4x0w_P/propedia_4x0w_P_peptide.pdb,propedia
propedia_4f4u_C,/home/igem/unknown_software/datasets/propedia_formatted/propedia_4f4u_C/propedia_4f4u_C_protein_pocket.pdb,/home/igem/unknown_software/datasets/propedia_formatted/propedia_4f4u_C/propedia_4f4u_C_peptide.pdb,propedia
propedia_2pie_F,/home/igem/unknown_software/datasets/propedia_formatted/propedia_2pie_F/propedia_2pie_F_protein_pocket.pdb,/home/igem/unknown_software/datasets/propedia_formatted/propedia_2pie_F/propedia_2pie_F_peptide.pdb,propedia
propedia_1gyb_E,/home/igem/unknown_software/datasets/propedia_formatted/propedia_1gyb_E/propedia_1gyb_E_protein_pocket.pdb,/home/igem/unknown_software/datasets/propedia_formatted/propedia_1gyb_E/propedia_1gyb_E_peptide.pdb,propedia
propedia_4n8v_C,/home/igem/unknown_software/datasets/propedia_formatted/propedia_4n8v_C/propedia_4n8v_C_protein_pocket.pdb,/home/igem/unknown_software/datasets/propedia_formatted/propedia_4n8v_C/propedia_4n8v_C_peptide.pdb,propedia
propedia_3so6_Q,/home/igem/unknown_software/datasets/propedia_formatted/propedia_3so6_Q/propedia_3so6_Q_protein_pocket.pdb,/home/igem/unknown_software/datasets/propedia_formatted/propedia_3so6_Q/propedia_3so6_Q_peptide.pdb,propedia_long
propedia_2x4o_C,/home/igem/unknown_software/datasets/propedia_formatted/propedia_2x4o_C/propedia_2x4o_C_protein_pocket.pdb,/home/igem/unknown_software/datasets/propedia_formatted/propedia_2x4o_C/propedia_2x4o_C_peptide.pdb,propedia
propedia_2dko_I,/home/igem/unknown_software/datasets/propedia_formatted/propedia_2dko_I/propedia_2dko_I_protein_pocket.pdb,/home/igem/unknown_software/datasets/propedia_formatted/propedia_2dko_I/propedia_2dko_I_peptide.pdb,propedia
propedia_2kbm_X,/home/igem/unknown_software/datasets/propedia_formatted/propedia_2kbm_X/propedia_2kbm_X_protein_pocket.pdb,/home/igem/unknown_software/datasets/propedia_formatted/propedia_2kbm_X/propedia_2kbm_X_peptide.pdb,propedia
propedia_3fvh_B,/home/igem/unknown_software/datasets/propedia_formatted/propedia_3fvh_B/propedia_3fvh_B_protein_pocket.pdb,/home/igem/unknown_software/datasets/propedia_formatted/propedia_3fvh_B/propedia_3fvh_B_peptide.pdb,propedia
propedia_1u95_C,/home/igem/unknown_software/datasets/propedia_formatted/propedia_1u95_C/propedia_1u95_C_protein_pocket.pdb,/home/igem/unknown_software/datasets/propedia_formatted/propedia_1u95_C/propedia_1u95_C_peptide.pdb,propedia
propedia_3moa_P,/home/igem/unknown_software/datasets/propedia_formatted/propedia_3moa_P/propedia_3moa_P_protein_pocket.pdb,/home/igem/unknown_software/datasets/propedia_formatted/propedia_3moa_P/propedia_3moa_P_peptide.pdb,propedia_long
propedia_2e7l_P,/home/igem/unknown_software/datasets/propedia_formatted/propedia_2e7l_P/propedia_2e7l_P_protein_pocket.pdb,/home/igem/unknown_software/datasets/propedia_formatted/propedia_2e7l_P/propedia_2e7l_P_peptide.pdb,propedia
propedia_3upr_P,/home/igem/unknown_software/datasets/propedia_formatted/propedia_3upr_P/propedia_3upr_P_protein_pocket.pdb,/home/igem/unknown_software/datasets/propedia_formatted/propedia_3upr_P/propedia_3upr_P_peptide.pdb,propedia
propedia_3eyf_E,/home/igem/unknown_software/datasets/propedia_formatted/propedia_3eyf_E/propedia_3eyf_E_protein_pocket.pdb,/home/igem/unknown_software/datasets/propedia_formatted/propedia_3eyf_E/propedia_3eyf_E_peptide.pdb,propedia
propedia_4gw5_E,/home/igem/unknown_software/datasets/propedia_formatted/propedia_4gw5_E/propedia_4gw5_E_protein_pocket.pdb,/home/igem/unknown_software/datasets/propedia_formatted/propedia_4gw5_E/propedia_4gw5_E_peptide.pdb,propedia
propedia_1cwh_C,/home/igem/unknown_software/datasets/propedia_formatted/propedia_1cwh_C/propedia_1cwh_C_protein_pocket.pdb,/home/igem/unknown_software/datasets/propedia_formatted/propedia_1cwh_C/propedia_1cwh_C_peptide.pdb,propedia
propedia_3s7d_I,/home/igem/unknown_software/datasets/propedia_formatted/propedia_3s7d_I/propedia_3s7d_I_protein_pocket.pdb,/home/igem/unknown_software/datasets/propedia_formatted/propedia_3s7d_I/propedia_3s7d_I_peptide.pdb,propedia
propedia_2g5b_I,/home/igem/unknown_software/datasets/propedia_formatted/propedia_2g5b_I/propedia_2g5b_I_protein_pocket.pdb,/home/igem/unknown_software/datasets/propedia_formatted/propedia_2g5b_I/propedia_2g5b_I_peptide.pdb,propedia
propedia_3idm_C,/home/igem/unknown_software/datasets/propedia_formatted/propedia_3idm_C/propedia_3idm_C_protein_pocket.pdb,/home/igem/unknown_software/datasets/propedia_formatted/propedia_3idm_C/propedia_3idm_C_peptide.pdb,propedia
propedia_2q3z_X,/home/igem/unknown_software/datasets/propedia_formatted/propedia_2q3z_X/propedia_2q3z_X_protein_pocket.pdb,/home/igem/unknown_software/datasets/propedia_formatted/propedia_2q3z_X/propedia_2q3z_X_peptide.pdb,propedia
propedia_5ney_E,/home/igem/unknown_software/datasets/propedia_formatted/propedia_5ney_E/propedia_5ney_E_protein_pocket.pdb,/home/igem/unknown_software/datasets/propedia_formatted/propedia_5ney_E/propedia_5ney_E_peptide.pdb,propedia_long
propedia_1qsc_D,/home/igem/unknown_software/datasets/propedia_formatted/propedia_1qsc_D/propedia_1qsc_D_protein_pocket.pdb,/home/igem/unknown_software/datasets/propedia_formatted/propedia_1qsc_D/propedia_1qsc_D_peptide.pdb,propedia
propedia_4aw9_I,/home/igem/unknown_software/datasets/propedia_formatted/propedia_4aw9_I/propedia_4aw9_I_protein_pocket.pdb,/home/igem/unknown_software/datasets/propedia_formatted/propedia_4aw9_I/propedia_4aw9_I_peptide.pdb,propedia
propedia_2w5z_C,/home/igem/unknown_software/datasets/propedia_formatted/propedia_2w5z_C/propedia_2w5z_C_protein_pocket.pdb,/home/igem/unknown_software/datasets/propedia_formatted/propedia_2w5z_C/propedia_2w5z_C_peptide.pdb,propedia
propedia_1a1o_C,/home/igem/unknown_software/datasets/propedia_formatted/propedia_1a1o_C/propedia_1a1o_C_protein_pocket.pdb,/home/igem/unknown_software/datasets/propedia_formatted/propedia_1a1o_C/propedia_1a1o_C_peptide.pdb,propedia
propedia_2aoj_C,/home/igem/unknown_software/datasets/propedia_formatted/propedia_2aoj_C/propedia_2aoj_C_protein_pocket.pdb,/home/igem/unknown_software/datasets/propedia_formatted/propedia_2aoj_C/propedia_2aoj_C_peptide.pdb,propedia
propedia_4ofr_B,/home/igem/unknown_software/datasets/propedia_formatted/propedia_4ofr_B/propedia_4ofr_B_protein_pocket.pdb,/home/igem/unknown_software/datasets/propedia_formatted/propedia_4ofr_B/propedia_4ofr_B_peptide.pdb,propedia
propedia_5a53_B,/home/igem/unknown_software/datasets/propedia_formatted/propedia_5a53_B/propedia_5a53_B_protein_pocket.pdb,/home/igem/unknown_software/datasets/propedia_formatted/propedia_5a53_B/propedia_5a53_B_peptide.pdb,propedia_long
propedia_3gch_A,/home/igem/unknown_software/datasets/propedia_formatted/propedia_3gch_A/propedia_3gch_A_protein_pocket.pdb,/home/igem/unknown_software/datasets/propedia_formatted/propedia_3gch_A/propedia_3gch_A_peptide.pdb,propedia
propedia_2v85_D,/home/igem/unknown_software/datasets/propedia_formatted/propedia_2v85_D/propedia_2v85_D_protein_pocket.pdb,/home/igem/unknown_software/datasets/propedia_formatted/propedia_2v85_D/propedia_2v85_D_peptide.pdb,propedia
propedia_2zhw_I,/home/igem/unknown_software/datasets/propedia_formatted/propedia_2zhw_I/propedia_2zhw_I_protein_pocket.pdb,/home/igem/unknown_software/datasets/propedia_formatted/propedia_2zhw_I/propedia_2zhw_I_peptide.pdb,propedia
propedia_1kzp_C,/home/igem/unknown_software/datasets/propedia_formatted/propedia_1kzp_C/propedia_1kzp_C_protein_pocket.pdb,/home/igem/unknown_software/datasets/propedia_formatted/propedia_1kzp_C/propedia_1kzp_C_peptide.pdb,propedia
propedia_4jr1_C,/home/igem/unknown_software/datasets/propedia_formatted/propedia_4jr1_C/propedia_4jr1_C_protein_pocket.pdb,/home/igem/unknown_software/datasets/propedia_formatted/propedia_4jr1_C/propedia_4jr1_C_peptide.pdb,propedia
propedia_3vro_B,/home/igem/unknown_software/datasets/propedia_formatted/propedia_3vro_B/propedia_3vro_B_protein_pocket.pdb,/home/igem/unknown_software/datasets/propedia_formatted/propedia_3vro_B/propedia_3vro_B_peptide.pdb,propedia
propedia_1k2d_P,/home/igem/unknown_software/datasets/propedia_formatted/propedia_1k2d_P/propedia_1k2d_P_protein_pocket.pdb,/home/igem/unknown_software/datasets/propedia_formatted/propedia_1k2d_P/propedia_1k2d_P_peptide.pdb,propedia
propedia_6e4y_P,/home/igem/unknown_software/datasets/propedia_formatted/propedia_6e4y_P/propedia_6e4y_P_protein_pocket.pdb,/home/igem/unknown_software/datasets/propedia_formatted/propedia_6e4y_P/propedia_6e4y_P_peptide.pdb,propedia_long
propedia_5y7w_C,/home/igem/unknown_software/datasets/propedia_formatted/propedia_5y7w_C/propedia_5y7w_C_protein_pocket.pdb,/home/igem/unknown_software/datasets/propedia_formatted/propedia_5y7w_C/propedia_5y7w_C_peptide.pdb,propedia_long
propedia_2a7u_A,/home/igem/unknown_software/datasets/propedia_formatted/propedia_2a7u_A/propedia_2a7u_A_protein_pocket.pdb,/home/igem/unknown_software/datasets/propedia_formatted/propedia_2a7u_A/propedia_2a7u_A_peptide.pdb,propedia_long
propedia_1vwq_P,/home/igem/unknown_software/datasets/propedia_formatted/propedia_1vwq_P/propedia_1vwq_P_protein_pocket.pdb,/home/igem/unknown_software/datasets/propedia_formatted/propedia_1vwq_P/propedia_1vwq_P_peptide.pdb,propedia
propedia_5h7y_B,/home/igem/unknown_software/datasets/propedia_formatted/propedia_5h7y_B/propedia_5h7y_B_protein_pocket.pdb,/home/igem/unknown_software/datasets/propedia_formatted/propedia_5h7y_B/propedia_5h7y_B_peptide.pdb,propedia_long
propedia_4wvh_C,/home/igem/unknown_software/datasets/propedia_formatted/propedia_4wvh_C/propedia_4wvh_C_protein_pocket.pdb,/home/igem/unknown_software/datasets/propedia_formatted/propedia_4wvh_C/propedia_4wvh_C_peptide.pdb,propedia
propedia_3s3j_B,/home/igem/unknown_software/datasets/propedia_formatted/propedia_3s3j_B/propedia_3s3j_B_protein_pocket.pdb,/home/igem/unknown_software/datasets/propedia_formatted/propedia_3s3j_B/propedia_3s3j_B_peptide.pdb,propedia
propedia_5xa5_B,/home/igem/unknown_software/datasets/propedia_formatted/propedia_5xa5_B/propedia_5xa5_B_protein_pocket.pdb,/home/igem/unknown_software/datasets/propedia_formatted/propedia_5xa5_B/propedia_5xa5_B_peptide.pdb,propedia_long
propedia_3o3a_C,/home/igem/unknown_software/datasets/propedia_formatted/propedia_3o3a_C/propedia_3o3a_C_protein_pocket.pdb,/home/igem/unknown_software/datasets/propedia_formatted/propedia_3o3a_C/propedia_3o3a_C_peptide.pdb,propedia
propedia_2aoj_C,/home/igem/unknown_software/datasets/propedia_formatted/propedia_2aoj_C/propedia_2aoj_C_protein_pocket.pdb,/home/igem/unknown_software/datasets/propedia_formatted/propedia_2aoj_C/propedia_2aoj_C_peptide.pdb,propedia
propedia_1o6k_C,/home/igem/unknown_software/datasets/propedia_formatted/propedia_1o6k_C/propedia_1o6k_C_protein_pocket.pdb,/home/igem/unknown_software/datasets/propedia_formatted/propedia_1o6k_C/propedia_1o6k_C_peptide.pdb,propedia
propedia_3nzw_3,/home/igem/unknown_software/datasets/propedia_formatted/propedia_3nzw_3/propedia_3nzw_3_protein_pocket.pdb,/home/igem/unknown_software/datasets/propedia_formatted/propedia_3nzw_3/propedia_3nzw_3_peptide.pdb,propedia
propedia_1d0j_G,/home/igem/unknown_software/datasets/propedia_formatted/propedia_1d0j_G/propedia_1d0j_G_protein_pocket.pdb,/home/igem/unknown_software/datasets/propedia_formatted/propedia_1d0j_G/propedia_1d0j_G_peptide.pdb,propedia
propedia_2rqg_A,/home/igem/unknown_software/datasets/propedia_formatted/propedia_2rqg_A/propedia_2rqg_A_protein_pocket.pdb,/home/igem/unknown_software/datasets/propedia_formatted/propedia_2rqg_A/propedia_2rqg_A_peptide.pdb,propedia_long
propedia_4p9z_B,/home/igem/unknown_software/datasets/propedia_formatted/propedia_4p9z_B/propedia_4p9z_B_protein_pocket.pdb,/home/igem/unknown_software/datasets/propedia_formatted/propedia_4p9z_B/propedia_4p9z_B_peptide.pdb,propedia
propedia_3ze2_I,/home/igem/unknown_software/datasets/propedia_formatted/propedia_3ze2_I/propedia_3ze2_I_protein_pocket.pdb,/home/igem/unknown_software/datasets/propedia_formatted/propedia_3ze2_I/propedia_3ze2_I_peptide.pdb,propedia
propedia_4g1c_D,/home/igem/unknown_software/datasets/propedia_formatted/propedia_4g1c_D/propedia_4g1c_D_protein_pocket.pdb,/home/igem/unknown_software/datasets/propedia_formatted/propedia_4g1c_D/propedia_4g1c_D_peptide.pdb,propedia
propedia_3fv3_I,/home/igem/unknown_software/datasets/propedia_formatted/propedia_3fv3_I/propedia_3fv3_I_protein_pocket.pdb,/home/igem/unknown_software/datasets/propedia_formatted/propedia_3fv3_I/propedia_3fv3_I_peptide.pdb,propedia
propedia_2zhr_C,/home/igem/unknown_software/datasets/propedia_formatted/propedia_2zhr_C/propedia_2zhr_C_protein_pocket.pdb,/home/igem/unknown_software/datasets/propedia_formatted/propedia_2zhr_C/propedia_2zhr_C_peptide.pdb,propedia
propedia_2qzx_C,/home/igem/unknown_software/datasets/propedia_formatted/propedia_2qzx_C/propedia_2qzx_C_protein_pocket.pdb,/home/igem/unknown_software/datasets/propedia_formatted/propedia_2qzx_C/propedia_2qzx_C_peptide.pdb,propedia
propedia_3v30_B,/home/igem/unknown_software/datasets/propedia_formatted/propedia_3v30_B/propedia_3v30_B_protein_pocket.pdb,/home/igem/unknown_software/datasets/propedia_formatted/propedia_3v30_B/propedia_3v30_B_peptide.pdb,propedia_long
propedia_2hrp_P,/home/igem/unknown_software/datasets/propedia_formatted/propedia_2hrp_P/propedia_2hrp_P_protein_pocket.pdb,/home/igem/unknown_software/datasets/propedia_formatted/propedia_2hrp_P/propedia_2hrp_P_peptide.pdb,propedia
propedia_6mbj_Y,/home/igem/unknown_software/datasets/propedia_formatted/propedia_6mbj_Y/propedia_6mbj_Y_protein_pocket.pdb,/home/igem/unknown_software/datasets/propedia_formatted/propedia_6mbj_Y/propedia_6mbj_Y_peptide.pdb,propedia_long
propedia_1xn2_E,/home/igem/unknown_software/datasets/propedia_formatted/propedia_1xn2_E/propedia_1xn2_E_protein_pocket.pdb,/home/igem/unknown_software/datasets/propedia_formatted/propedia_1xn2_E/propedia_1xn2_E_peptide.pdb,propedia
propedia_1wrz_B,/home/igem/unknown_software/datasets/propedia_formatted/propedia_1wrz_B/propedia_1wrz_B_protein_pocket.pdb,/home/igem/unknown_software/datasets/propedia_formatted/propedia_1wrz_B/propedia_1wrz_B_peptide.pdb,propedia_long
propedia_4chx_C,/home/igem/unknown_software/datasets/propedia_formatted/propedia_4chx_C/propedia_4chx_C_protein_pocket.pdb,/home/igem/unknown_software/datasets/propedia_formatted/propedia_4chx_C/propedia_4chx_C_peptide.pdb,propedia
propedia_4c5g_B,/home/igem/unknown_software/datasets/propedia_formatted/propedia_4c5g_B/propedia_4c5g_B_protein_pocket.pdb,/home/igem/unknown_software/datasets/propedia_formatted/propedia_4c5g_B/propedia_4c5g_B_peptide.pdb,propedia_long
propedia_2r0w_Q,/home/igem/unknown_software/datasets/propedia_formatted/propedia_2r0w_Q/propedia_2r0w_Q_protein_pocket.pdb,/home/igem/unknown_software/datasets/propedia_formatted/propedia_2r0w_Q/propedia_2r0w_Q_peptide.pdb,propedia
propedia_5mfm_P,/home/igem/unknown_software/datasets/propedia_formatted/propedia_5mfm_P/propedia_5mfm_P_protein_pocket.pdb,/home/igem/unknown_software/datasets/propedia_formatted/propedia_5mfm_P/propedia_5mfm_P_peptide.pdb,propedia_long
propedia_4lk9_B,/home/igem/unknown_software/datasets/propedia_formatted/propedia_4lk9_B/propedia_4lk9_B_protein_pocket.pdb,/home/igem/unknown_software/datasets/propedia_formatted/propedia_4lk9_B/propedia_4lk9_B_peptide.pdb,propedia_long
propedia_1gmh_E,/home/igem/unknown_software/datasets/propedia_formatted/propedia_1gmh_E/propedia_1gmh_E_protein_pocket.pdb,/home/igem/unknown_software/datasets/propedia_formatted/propedia_1gmh_E/propedia_1gmh_E_peptide.pdb,propedia
propedia_3o37_E,/home/igem/unknown_software/datasets/propedia_formatted/propedia_3o37_E/propedia_3o37_E_protein_pocket.pdb,/home/igem/unknown_software/datasets/propedia_formatted/propedia_3o37_E/propedia_3o37_E_peptide.pdb,propedia
propedia_1rtf_A,/home/igem/unknown_software/datasets/propedia_formatted/propedia_1rtf_A/propedia_1rtf_A_protein_pocket.pdb,/home/igem/unknown_software/datasets/propedia_formatted/propedia_1rtf_A/propedia_1rtf_A_peptide.pdb,propedia
propedia_1ihj_C,/home/igem/unknown_software/datasets/propedia_formatted/propedia_1ihj_C/propedia_1ihj_C_protein_pocket.pdb,/home/igem/unknown_software/datasets/propedia_formatted/propedia_1ihj_C/propedia_1ihj_C_peptide.pdb,propedia
propedia_4a8x_B,/home/igem/unknown_software/datasets/propedia_formatted/propedia_4a8x_B/propedia_4a8x_B_protein_pocket.pdb,/home/igem/unknown_software/datasets/propedia_formatted/propedia_4a8x_B/propedia_4a8x_B_peptide.pdb,propedia_long
propedia_3drq_C,/home/igem/unknown_software/datasets/propedia_formatted/propedia_3drq_C/propedia_3drq_C_protein_pocket.pdb,/home/igem/unknown_software/datasets/propedia_formatted/propedia_3drq_C/propedia_3drq_C_peptide.pdb,propedia
propedia_1ghw_I,/home/igem/unknown_software/datasets/propedia_formatted/propedia_1ghw_I/propedia_1ghw_I_protein_pocket.pdb,/home/igem/unknown_software/datasets/propedia_formatted/propedia_1ghw_I/propedia_1ghw_I_peptide.pdb,propedia
propedia_4yym_Z,/home/igem/unknown_software/datasets/propedia_formatted/propedia_4yym_Z/propedia_4yym_Z_protein_pocket.pdb,/home/igem/unknown_software/datasets/propedia_formatted/propedia_4yym_Z/propedia_4yym_Z_peptide.pdb,propedia
propedia_5a2k_P,/home/igem/unknown_software/datasets/propedia_formatted/propedia_5a2k_P/propedia_5a2k_P_protein_pocket.pdb,/home/igem/unknown_software/datasets/propedia_formatted/propedia_5a2k_P/propedia_5a2k_P_peptide.pdb,propedia
propedia_4obg_E,/home/igem/unknown_software/datasets/propedia_formatted/propedia_4obg_E/propedia_4obg_E_protein_pocket.pdb,/home/igem/unknown_software/datasets/propedia_formatted/propedia_4obg_E/propedia_4obg_E_peptide.pdb,propedia
propedia_2g5b_I,/home/igem/unknown_software/datasets/propedia_formatted/propedia_2g5b_I/propedia_2g5b_I_protein_pocket.pdb,/home/igem/unknown_software/datasets/propedia_formatted/propedia_2g5b_I/propedia_2g5b_I_peptide.pdb,propedia
propedia_2x04_C,/home/igem/unknown_software/datasets/propedia_formatted/propedia_2x04_C/propedia_2x04_C_protein_pocket.pdb,/home/igem/unknown_software/datasets/propedia_formatted/propedia_2x04_C/propedia_2x04_C_peptide.pdb,propedia_long
propedia_3k27_B,/home/igem/unknown_software/datasets/propedia_formatted/propedia_3k27_B/propedia_3k27_B_protein_pocket.pdb,/home/igem/unknown_software/datasets/propedia_formatted/propedia_3k27_B/propedia_3k27_B_peptide.pdb,propedia
propedia_1vwh_P,/home/igem/unknown_software/datasets/propedia_formatted/propedia_1vwh_P/propedia_1vwh_P_protein_pocket.pdb,/home/igem/unknown_software/datasets/propedia_formatted/propedia_1vwh_P/propedia_1vwh_P_peptide.pdb,propedia
propedia_4nmo_C,/home/igem/unknown_software/datasets/propedia_formatted/propedia_4nmo_C/propedia_4nmo_C_protein_pocket.pdb,/home/igem/unknown_software/datasets/propedia_formatted/propedia_4nmo_C/propedia_4nmo_C_peptide.pdb,propedia
propedia_5apr_I,/home/igem/unknown_software/datasets/propedia_formatted/propedia_5apr_I/propedia_5apr_I_protein_pocket.pdb,/home/igem/unknown_software/datasets/propedia_formatted/propedia_5apr_I/propedia_5apr_I_peptide.pdb,propedia
propedia_1d5z_D,/home/igem/unknown_software/datasets/propedia_formatted/propedia_1d5z_D/propedia_1d5z_D_protein_pocket.pdb,/home/igem/unknown_software/datasets/propedia_formatted/propedia_1d5z_D/propedia_1d5z_D_peptide.pdb,propedia
propedia_3kuj_B,/home/igem/unknown_software/datasets/propedia_formatted/propedia_3kuj_B/propedia_3kuj_B_protein_pocket.pdb,/home/igem/unknown_software/datasets/propedia_formatted/propedia_3kuj_B/propedia_3kuj_B_peptide.pdb,propedia_long
propedia_2od2_B,/home/igem/unknown_software/datasets/propedia_formatted/propedia_2od2_B/propedia_2od2_B_protein_pocket.pdb,/home/igem/unknown_software/datasets/propedia_formatted/propedia_2od2_B/propedia_2od2_B_peptide.pdb,propedia
propedia_3u98_I,/home/igem/unknown_software/datasets/propedia_formatted/propedia_3u98_I/propedia_3u98_I_protein_pocket.pdb,/home/igem/unknown_software/datasets/propedia_formatted/propedia_3u98_I/propedia_3u98_I_peptide.pdb,propedia
propedia_3wl9_C,/home/igem/unknown_software/datasets/propedia_formatted/propedia_3wl9_C/propedia_3wl9_C_protein_pocket.pdb,/home/igem/unknown_software/datasets/propedia_formatted/propedia_3wl9_C/propedia_3wl9_C_peptide.pdb,propedia
propedia_3d1e_P,/home/igem/unknown_software/datasets/propedia_formatted/propedia_3d1e_P/propedia_3d1e_P_protein_pocket.pdb,/home/igem/unknown_software/datasets/propedia_formatted/propedia_3d1e_P/propedia_3d1e_P_peptide.pdb,propedia
propedia_4l9p_C,/home/igem/unknown_software/datasets/propedia_formatted/propedia_4l9p_C/propedia_4l9p_C_protein_pocket.pdb,/home/igem/unknown_software/datasets/propedia_formatted/propedia_4l9p_C/propedia_4l9p_C_peptide.pdb,propedia
propedia_1kat_X,/home/igem/unknown_software/datasets/propedia_formatted/propedia_1kat_X/propedia_1kat_X_protein_pocket.pdb,/home/igem/unknown_software/datasets/propedia_formatted/propedia_1kat_X/propedia_1kat_X_peptide.pdb,propedia_long
propedia_4ty6_H,/home/igem/unknown_software/datasets/propedia_formatted/propedia_4ty6_H/propedia_4ty6_H_protein_pocket.pdb,/home/igem/unknown_software/datasets/propedia_formatted/propedia_4ty6_H/propedia_4ty6_H_peptide.pdb,propedia
propedia_3tkz_P,/home/igem/unknown_software/datasets/propedia_formatted/propedia_3tkz_P/propedia_3tkz_P_protein_pocket.pdb,/home/igem/unknown_software/datasets/propedia_formatted/propedia_3tkz_P/propedia_3tkz_P_peptide.pdb,propedia
propedia_3drh_B,/home/igem/unknown_software/datasets/propedia_formatted/propedia_3drh_B/propedia_3drh_B_protein_pocket.pdb,/home/igem/unknown_software/datasets/propedia_formatted/propedia_3drh_B/propedia_3drh_B_peptide.pdb,propedia
propedia_3tjh_B,/home/igem/unknown_software/datasets/propedia_formatted/propedia_3tjh_B/propedia_3tjh_B_protein_pocket.pdb,/home/igem/unknown_software/datasets/propedia_formatted/propedia_3tjh_B/propedia_3tjh_B_peptide.pdb,propedia
propedia_3edr_E,/home/igem/unknown_software/datasets/propedia_formatted/propedia_3edr_E/propedia_3edr_E_protein_pocket.pdb,/home/igem/unknown_software/datasets/propedia_formatted/propedia_3edr_E/propedia_3edr_E_peptide.pdb,propedia
propedia_2gfa_C,/home/igem/unknown_software/datasets/propedia_formatted/propedia_2gfa_C/propedia_2gfa_C_protein_pocket.pdb,/home/igem/unknown_software/datasets/propedia_formatted/propedia_2gfa_C/propedia_2gfa_C_peptide.pdb,propedia
propedia_2bnq_C,/home/igem/unknown_software/datasets/propedia_formatted/propedia_2bnq_C/propedia_2bnq_C_protein_pocket.pdb,/home/igem/unknown_software/datasets/propedia_formatted/propedia_2bnq_C/propedia_2bnq_C_peptide.pdb,propedia
propedia_3hs8_P,/home/igem/unknown_software/datasets/propedia_formatted/propedia_3hs8_P/propedia_3hs8_P_protein_pocket.pdb,/home/igem/unknown_software/datasets/propedia_formatted/propedia_3hs8_P/propedia_3hs8_P_peptide.pdb,propedia
propedia_1n12_B,/home/igem/unknown_software/datasets/propedia_formatted/propedia_1n12_B/propedia_1n12_B_protein_pocket.pdb,/home/igem/unknown_software/datasets/propedia_formatted/propedia_1n12_B/propedia_1n12_B_peptide.pdb,propedia
propedia_1d01_G,/home/igem/unknown_software/datasets/propedia_formatted/propedia_1d01_G/propedia_1d01_G_protein_pocket.pdb,/home/igem/unknown_software/datasets/propedia_formatted/propedia_1d01_G/propedia_1d01_G_peptide.pdb,propedia
propedia_2cdr_I,/home/igem/unknown_software/datasets/propedia_formatted/propedia_2cdr_I/propedia_2cdr_I_protein_pocket.pdb,/home/igem/unknown_software/datasets/propedia_formatted/propedia_2cdr_I/propedia_2cdr_I_peptide.pdb,propedia
propedia_1m93_A,/home/igem/unknown_software/datasets/propedia_formatted/propedia_1m93_A/propedia_1m93_A_protein_pocket.pdb,/home/igem/unknown_software/datasets/propedia_formatted/propedia_1m93_A/propedia_1m93_A_peptide.pdb,propedia_long
propedia_2otw_E,/home/igem/unknown_software/datasets/propedia_formatted/propedia_2otw_E/propedia_2otw_E_protein_pocket.pdb,/home/igem/unknown_software/datasets/propedia_formatted/propedia_2otw_E/propedia_2otw_E_peptide.pdb,propedia
propedia_3ro3_B,/home/igem/unknown_software/datasets/propedia_formatted/propedia_3ro3_B/propedia_3ro3_B_protein_pocket.pdb,/home/igem/unknown_software/datasets/propedia_formatted/propedia_3ro3_B/propedia_3ro3_B_peptide.pdb,propedia_long
propedia_1gmd_B,/home/igem/unknown_software/datasets/propedia_formatted/propedia_1gmd_B/propedia_1gmd_B_protein_pocket.pdb,/home/igem/unknown_software/datasets/propedia_formatted/propedia_1gmd_B/propedia_1gmd_B_peptide.pdb,propedia
propedia_1ee4_C,/home/igem/unknown_software/datasets/propedia_formatted/propedia_1ee4_C/propedia_1ee4_C_protein_pocket.pdb,/home/igem/unknown_software/datasets/propedia_formatted/propedia_1ee4_C/propedia_1ee4_C_peptide.pdb,propedia
propedia_4obd_E,/home/igem/unknown_software/datasets/propedia_formatted/propedia_4obd_E/propedia_4obd_E_protein_pocket.pdb,/home/igem/unknown_software/datasets/propedia_formatted/propedia_4obd_E/propedia_4obd_E_peptide.pdb,propedia
propedia_3n7y_D,/home/igem/unknown_software/datasets/propedia_formatted/propedia_3n7y_D/propedia_3n7y_D_protein_pocket.pdb,/home/igem/unknown_software/datasets/propedia_formatted/propedia_3n7y_D/propedia_3n7y_D_peptide.pdb,propedia
propedia_2je4_C,/home/igem/unknown_software/datasets/propedia_formatted/propedia_2je4_C/propedia_2je4_C_protein_pocket.pdb,/home/igem/unknown_software/datasets/propedia_formatted/propedia_2je4_C/propedia_2je4_C_peptide.pdb,propedia
propedia_2hby_C,/home/igem/unknown_software/datasets/propedia_formatted/propedia_2hby_C/propedia_2hby_C_protein_pocket.pdb,/home/igem/unknown_software/datasets/propedia_formatted/propedia_2hby_C/propedia_2hby_C_peptide.pdb,propedia
propedia_3lex_C,/home/igem/unknown_software/datasets/propedia_formatted/propedia_3lex_C/propedia_3lex_C_protein_pocket.pdb,/home/igem/unknown_software/datasets/propedia_formatted/propedia_3lex_C/propedia_3lex_C_peptide.pdb,propedia
propedia_1ca9_G,/home/igem/unknown_software/datasets/propedia_formatted/propedia_1ca9_G/propedia_1ca9_G_protein_pocket.pdb,/home/igem/unknown_software/datasets/propedia_formatted/propedia_1ca9_G/propedia_1ca9_G_peptide.pdb,propedia
propedia_3m59_B,/home/igem/unknown_software/datasets/propedia_formatted/propedia_3m59_B/propedia_3m59_B_protein_pocket.pdb,/home/igem/unknown_software/datasets/propedia_formatted/propedia_3m59_B/propedia_3m59_B_peptide.pdb,propedia
propedia_4yo0_E,/home/igem/unknown_software/datasets/propedia_formatted/propedia_4yo0_E/propedia_4yo0_E_protein_pocket.pdb,/home/igem/unknown_software/datasets/propedia_formatted/propedia_4yo0_E/propedia_4yo0_E_peptide.pdb,propedia
propedia_1r1s_B,/home/igem/unknown_software/datasets/propedia_formatted/propedia_1r1s_B/propedia_1r1s_B_protein_pocket.pdb,/home/igem/unknown_software/datasets/propedia_formatted/propedia_1r1s_B/propedia_1r1s_B_peptide.pdb,propedia
propedia_2peh_C,/home/igem/unknown_software/datasets/propedia_formatted/propedia_2peh_C/propedia_2peh_C_protein_pocket.pdb,/home/igem/unknown_software/datasets/propedia_formatted/propedia_2peh_C/propedia_2peh_C_peptide.pdb,propedia
propedia_2gct_A,/home/igem/unknown_software/datasets/propedia_formatted/propedia_2gct_A/propedia_2gct_A_protein_pocket.pdb,/home/igem/unknown_software/datasets/propedia_formatted/propedia_2gct_A/propedia_2gct_A_peptide.pdb,propedia
propedia_1gwr_C,/home/igem/unknown_software/datasets/propedia_formatted/propedia_1gwr_C/propedia_1gwr_C_protein_pocket.pdb,/home/igem/unknown_software/datasets/propedia_formatted/propedia_1gwr_C/propedia_1gwr_C_peptide.pdb,propedia
propedia_2kwv_A,/home/igem/unknown_software/datasets/propedia_formatted/propedia_2kwv_A/propedia_2kwv_A_protein_pocket.pdb,/home/igem/unknown_software/datasets/propedia_formatted/propedia_2kwv_A/propedia_2kwv_A_peptide.pdb,propedia_long
propedia_2bcd_B,/home/igem/unknown_software/datasets/propedia_formatted/propedia_2bcd_B/propedia_2bcd_B_protein_pocket.pdb,/home/igem/unknown_software/datasets/propedia_formatted/propedia_2bcd_B/propedia_2bcd_B_peptide.pdb,propedia
propedia_3dux_I,/home/igem/unknown_software/datasets/propedia_formatted/propedia_3dux_I/propedia_3dux_I_protein_pocket.pdb,/home/igem/unknown_software/datasets/propedia_formatted/propedia_3dux_I/propedia_3dux_I_peptide.pdb,propedia
propedia_2ifr_B,/home/igem/unknown_software/datasets/propedia_formatted/propedia_2ifr_B/propedia_2ifr_B_protein_pocket.pdb,/home/igem/unknown_software/datasets/propedia_formatted/propedia_2ifr_B/propedia_2ifr_B_peptide.pdb,propedia
propedia_2j31_B,/home/igem/unknown_software/datasets/propedia_formatted/propedia_2j31_B/propedia_2j31_B_protein_pocket.pdb,/home/igem/unknown_software/datasets/propedia_formatted/propedia_2j31_B/propedia_2j31_B_peptide.pdb,propedia
propedia_4yl6_B,/home/igem/unknown_software/datasets/propedia_formatted/propedia_4yl6_B/propedia_4yl6_B_protein_pocket.pdb,/home/igem/unknown_software/datasets/propedia_formatted/propedia_4yl6_B/propedia_4yl6_B_peptide.pdb,propedia_long
propedia_1fo0_P,/home/igem/unknown_software/datasets/propedia_formatted/propedia_1fo0_P/propedia_1fo0_P_protein_pocket.pdb,/home/igem/unknown_software/datasets/propedia_formatted/propedia_1fo0_P/propedia_1fo0_P_peptide.pdb,propedia
propedia_3n5e_D,/home/igem/unknown_software/datasets/propedia_formatted/propedia_3n5e_D/propedia_3n5e_D_protein_pocket.pdb,/home/igem/unknown_software/datasets/propedia_formatted/propedia_3n5e_D/propedia_3n5e_D_peptide.pdb,propedia
propedia_1vgk_C,/home/igem/unknown_software/datasets/propedia_formatted/propedia_1vgk_C/propedia_1vgk_C_protein_pocket.pdb,/home/igem/unknown_software/datasets/propedia_formatted/propedia_1vgk_C/propedia_1vgk_C_peptide.pdb,propedia
propedia_3rdv_E,/home/igem/unknown_software/datasets/propedia_formatted/propedia_3rdv_E/propedia_3rdv_E_protein_pocket.pdb,/home/igem/unknown_software/datasets/propedia_formatted/propedia_3rdv_E/propedia_3rdv_E_peptide.pdb,propedia
propedia_3dxd_B,/home/igem/unknown_software/datasets/propedia_formatted/propedia_3dxd_B/propedia_3dxd_B_protein_pocket.pdb,/home/igem/unknown_software/datasets/propedia_formatted/propedia_3dxd_B/propedia_3dxd_B_peptide.pdb,propedia_long
propedia_1lvb_C,/home/igem/unknown_software/datasets/propedia_formatted/propedia_1lvb_C/propedia_1lvb_C_protein_pocket.pdb,/home/igem/unknown_software/datasets/propedia_formatted/propedia_1lvb_C/propedia_1lvb_C_peptide.pdb,propedia
propedia_4yhz_P,/home/igem/unknown_software/datasets/propedia_formatted/propedia_4yhz_P/propedia_4yhz_P_protein_pocket.pdb,/home/igem/unknown_software/datasets/propedia_formatted/propedia_4yhz_P/propedia_4yhz_P_peptide.pdb,propedia
propedia_4h75_B,/home/igem/unknown_software/datasets/propedia_formatted/propedia_4h75_B/propedia_4h75_B_protein_pocket.pdb,/home/igem/unknown_software/datasets/propedia_formatted/propedia_4h75_B/propedia_4h75_B_peptide.pdb,propedia
propedia_6r00_B,/home/igem/unknown_software/datasets/propedia_formatted/propedia_6r00_B/propedia_6r00_B_protein_pocket.pdb,/home/igem/unknown_software/datasets/propedia_formatted/propedia_6r00_B/propedia_6r00_B_peptide.pdb,propedia_long
propedia_2rod_B,/home/igem/unknown_software/datasets/propedia_formatted/propedia_2rod_B/propedia_2rod_B_protein_pocket.pdb,/home/igem/unknown_software/datasets/propedia_formatted/propedia_2rod_B/propedia_2rod_B_peptide.pdb,propedia_long
propedia_5c09_C,/home/igem/unknown_software/datasets/propedia_formatted/propedia_5c09_C/propedia_5c09_C_protein_pocket.pdb,/home/igem/unknown_software/datasets/propedia_formatted/propedia_5c09_C/propedia_5c09_C_peptide.pdb,propedia
propedia_3jzo_P,/home/igem/unknown_software/datasets/propedia_formatted/propedia_3jzo_P/propedia_3jzo_P_protein_pocket.pdb,/home/igem/unknown_software/datasets/propedia_formatted/propedia_3jzo_P/propedia_3jzo_P_peptide.pdb,propedia
propedia_3o71_B,/home/igem/unknown_software/datasets/propedia_formatted/propedia_3o71_B/propedia_3o71_B_protein_pocket.pdb,/home/igem/unknown_software/datasets/propedia_formatted/propedia_3o71_B/propedia_3o71_B_peptide.pdb,propedia
propedia_3avf_D,/home/igem/unknown_software/datasets/propedia_formatted/propedia_3avf_D/propedia_3avf_D_protein_pocket.pdb,/home/igem/unknown_software/datasets/propedia_formatted/propedia_3avf_D/propedia_3avf_D_peptide.pdb,propedia
propedia_6bir_C,/home/igem/unknown_software/datasets/propedia_formatted/propedia_6bir_C/propedia_6bir_C_protein_pocket.pdb,/home/igem/unknown_software/datasets/propedia_formatted/propedia_6bir_C/propedia_6bir_C_peptide.pdb,propedia_long
propedia_1e6i_P,/home/igem/unknown_software/datasets/propedia_formatted/propedia_1e6i_P/propedia_1e6i_P_protein_pocket.pdb,/home/igem/unknown_software/datasets/propedia_formatted/propedia_1e6i_P/propedia_1e6i_P_peptide.pdb,propedia
propedia_4jfd_C,/home/igem/unknown_software/datasets/propedia_formatted/propedia_4jfd_C/propedia_4jfd_C_protein_pocket.pdb,/home/igem/unknown_software/datasets/propedia_formatted/propedia_4jfd_C/propedia_4jfd_C_peptide.pdb,propedia
propedia_2ovr_C,/home/igem/unknown_software/datasets/propedia_formatted/propedia_2ovr_C/propedia_2ovr_C_protein_pocket.pdb,/home/igem/unknown_software/datasets/propedia_formatted/propedia_2ovr_C/propedia_2ovr_C_peptide.pdb,propedia
propedia_5bs0_C,/home/igem/unknown_software/datasets/propedia_formatted/propedia_5bs0_C/propedia_5bs0_C_protein_pocket.pdb,/home/igem/unknown_software/datasets/propedia_formatted/propedia_5bs0_C/propedia_5bs0_C_peptide.pdb,propedia
propedia_3omg_C,/home/igem/unknown_software/datasets/propedia_formatted/propedia_3omg_C/propedia_3omg_C_protein_pocket.pdb,/home/igem/unknown_software/datasets/propedia_formatted/propedia_3omg_C/propedia_3omg_C_peptide.pdb,propedia
propedia_6ild_C,/home/igem/unknown_software/datasets/propedia_formatted/propedia_6ild_C/propedia_6ild_C_protein_pocket.pdb,/home/igem/unknown_software/datasets/propedia_formatted/propedia_6ild_C/propedia_6ild_C_peptide.pdb,propedia_long
propedia_3sfj_B,/home/igem/unknown_software/datasets/propedia_formatted/propedia_3sfj_B/propedia_3sfj_B_protein_pocket.pdb,/home/igem/unknown_software/datasets/propedia_formatted/propedia_3sfj_B/propedia_3sfj_B_peptide.pdb,propedia
propedia_3m5o_C,/home/igem/unknown_software/datasets/propedia_formatted/propedia_3m5o_C/propedia_3m5o_C_protein_pocket.pdb,/home/igem/unknown_software/datasets/propedia_formatted/propedia_3m5o_C/propedia_3m5o_C_peptide.pdb,propedia
propedia_1t73_B,/home/igem/unknown_software/datasets/propedia_formatted/propedia_1t73_B/propedia_1t73_B_protein_pocket.pdb,/home/igem/unknown_software/datasets/propedia_formatted/propedia_1t73_B/propedia_1t73_B_peptide.pdb,propedia
propedia_3qdj_C,/home/igem/unknown_software/datasets/propedia_formatted/propedia_3qdj_C/propedia_3qdj_C_protein_pocket.pdb,/home/igem/unknown_software/datasets/propedia_formatted/propedia_3qdj_C/propedia_3qdj_C_peptide.pdb,propedia
propedia_2h9n_B,/home/igem/unknown_software/datasets/propedia_formatted/propedia_2h9n_B/propedia_2h9n_B_protein_pocket.pdb,/home/igem/unknown_software/datasets/propedia_formatted/propedia_2h9n_B/propedia_2h9n_B_peptide.pdb,propedia
propedia_1jyr_L,/home/igem/unknown_software/datasets/propedia_formatted/propedia_1jyr_L/propedia_1jyr_L_protein_pocket.pdb,/home/igem/unknown_software/datasets/propedia_formatted/propedia_1jyr_L/propedia_1jyr_L_peptide.pdb,propedia
propedia_4prh_C,/home/igem/unknown_software/datasets/propedia_formatted/propedia_4prh_C/propedia_4prh_C_protein_pocket.pdb,/home/igem/unknown_software/datasets/propedia_formatted/propedia_4prh_C/propedia_4prh_C_peptide.pdb,propedia
propedia_4b1x_M,/home/igem/unknown_software/datasets/propedia_formatted/propedia_4b1x_M/propedia_4b1x_M_protein_pocket.pdb,/home/igem/unknown_software/datasets/propedia_formatted/propedia_4b1x_M/propedia_4b1x_M_peptide.pdb,propedia_long
propedia_2bdy_B,/home/igem/unknown_software/datasets/propedia_formatted/propedia_2bdy_B/propedia_2bdy_B_protein_pocket.pdb,/home/igem/unknown_software/datasets/propedia_formatted/propedia_2bdy_B/propedia_2bdy_B_peptide.pdb,propedia
propedia_4fae_D,/home/igem/unknown_software/datasets/propedia_formatted/propedia_4fae_D/propedia_4fae_D_protein_pocket.pdb,/home/igem/unknown_software/datasets/propedia_formatted/propedia_4fae_D/propedia_4fae_D_peptide.pdb,propedia
propedia_3ou4_C,/home/igem/unknown_software/datasets/propedia_formatted/propedia_3ou4_C/propedia_3ou4_C_protein_pocket.pdb,/home/igem/unknown_software/datasets/propedia_formatted/propedia_3ou4_C/propedia_3ou4_C_peptide.pdb,propedia
propedia_2vlj_C,/home/igem/unknown_software/datasets/propedia_formatted/propedia_2vlj_C/propedia_2vlj_C_protein_pocket.pdb,/home/igem/unknown_software/datasets/propedia_formatted/propedia_2vlj_C/propedia_2vlj_C_peptide.pdb,propedia
propedia_4ny3_C,/home/igem/unknown_software/datasets/propedia_formatted/propedia_4ny3_C/propedia_4ny3_C_protein_pocket.pdb,/home/igem/unknown_software/datasets/propedia_formatted/propedia_4ny3_C/propedia_4ny3_C_peptide.pdb,propedia
propedia_3bwa_C,/home/igem/unknown_software/datasets/propedia_formatted/propedia_3bwa_C/propedia_3bwa_C_protein_pocket.pdb,/home/igem/unknown_software/datasets/propedia_formatted/propedia_3bwa_C/propedia_3bwa_C_peptide.pdb,propedia
propedia_2k6q_B,/home/igem/unknown_software/datasets/propedia_formatted/propedia_2k6q_B/propedia_2k6q_B_protein_pocket.pdb,/home/igem/unknown_software/datasets/propedia_formatted/propedia_2k6q_B/propedia_2k6q_B_peptide.pdb,propedia_long
propedia_2b1n_B,/home/igem/unknown_software/datasets/propedia_formatted/propedia_2b1n_B/propedia_2b1n_B_protein_pocket.pdb,/home/igem/unknown_software/datasets/propedia_formatted/propedia_2b1n_B/propedia_2b1n_B_peptide.pdb,propedia
propedia_2gpo_C,/home/igem/unknown_software/datasets/propedia_formatted/propedia_2gpo_C/propedia_2gpo_C_protein_pocket.pdb,/home/igem/unknown_software/datasets/propedia_formatted/propedia_2gpo_C/propedia_2gpo_C_peptide.pdb,propedia
propedia_3s04_I,/home/igem/unknown_software/datasets/propedia_formatted/propedia_3s04_I/propedia_3s04_I_protein_pocket.pdb,/home/igem/unknown_software/datasets/propedia_formatted/propedia_3s04_I/propedia_3s04_I_peptide.pdb,propedia
propedia_3smm_P,/home/igem/unknown_software/datasets/propedia_formatted/propedia_3smm_P/propedia_3smm_P_protein_pocket.pdb,/home/igem/unknown_software/datasets/propedia_formatted/propedia_3smm_P/propedia_3smm_P_peptide.pdb,propedia
propedia_3o41_C,/home/igem/unknown_software/datasets/propedia_formatted/propedia_3o41_C/propedia_3o41_C_protein_pocket.pdb,/home/igem/unknown_software/datasets/propedia_formatted/propedia_3o41_C/propedia_3o41_C_peptide.pdb,propedia
propedia_3c1k_B,/home/igem/unknown_software/datasets/propedia_formatted/propedia_3c1k_B/propedia_3c1k_B_protein_pocket.pdb,/home/igem/unknown_software/datasets/propedia_formatted/propedia_3c1k_B/propedia_3c1k_B_peptide.pdb,propedia
propedia_3kze_D,/home/igem/unknown_software/datasets/propedia_formatted/propedia_3kze_D/propedia_3kze_D_protein_pocket.pdb,/home/igem/unknown_software/datasets/propedia_formatted/propedia_3kze_D/propedia_3kze_D_peptide.pdb,propedia
propedia_3mly_P,/home/igem/unknown_software/datasets/propedia_formatted/propedia_3mly_P/propedia_3mly_P_protein_pocket.pdb,/home/igem/unknown_software/datasets/propedia_formatted/propedia_3mly_P/propedia_3mly_P_peptide.pdb,propedia
propedia_1jpf_C,/home/igem/unknown_software/datasets/propedia_formatted/propedia_1jpf_C/propedia_1jpf_C_protein_pocket.pdb,/home/igem/unknown_software/datasets/propedia_formatted/propedia_1jpf_C/propedia_1jpf_C_peptide.pdb,propedia
propedia_1svf_B,/home/igem/unknown_software/datasets/propedia_formatted/propedia_1svf_B/propedia_1svf_B_protein_pocket.pdb,/home/igem/unknown_software/datasets/propedia_formatted/propedia_1svf_B/propedia_1svf_B_peptide.pdb,propedia_long
propedia_3bae_A,/home/igem/unknown_software/datasets/propedia_formatted/propedia_3bae_A/propedia_3bae_A_protein_pocket.pdb,/home/igem/unknown_software/datasets/propedia_formatted/propedia_3bae_A/propedia_3bae_A_peptide.pdb,propedia
propedia_4lxl_D,/home/igem/unknown_software/datasets/propedia_formatted/propedia_4lxl_D/propedia_4lxl_D_protein_pocket.pdb,/home/igem/unknown_software/datasets/propedia_formatted/propedia_4lxl_D/propedia_4lxl_D_peptide.pdb,propedia
propedia_3uwj_I,/home/igem/unknown_software/datasets/propedia_formatted/propedia_3uwj_I/propedia_3uwj_I_protein_pocket.pdb,/home/igem/unknown_software/datasets/propedia_formatted/propedia_3uwj_I/propedia_3uwj_I_peptide.pdb,propedia
propedia_6vbp_E,/home/igem/unknown_software/datasets/propedia_formatted/propedia_6vbp_E/propedia_6vbp_E_protein_pocket.pdb,/home/igem/unknown_software/datasets/propedia_formatted/propedia_6vbp_E/propedia_6vbp_E_peptide.pdb,propedia_long
propedia_2mow_B,/home/igem/unknown_software/datasets/propedia_formatted/propedia_2mow_B/propedia_2mow_B_protein_pocket.pdb,/home/igem/unknown_software/datasets/propedia_formatted/propedia_2mow_B/propedia_2mow_B_peptide.pdb,propedia
propedia_1u8h_C,/home/igem/unknown_software/datasets/propedia_formatted/propedia_1u8h_C/propedia_1u8h_C_protein_pocket.pdb,/home/igem/unknown_software/datasets/propedia_formatted/propedia_1u8h_C/propedia_1u8h_C_peptide.pdb,propedia
propedia_2llo_B,/home/igem/unknown_software/datasets/propedia_formatted/propedia_2llo_B/propedia_2llo_B_protein_pocket.pdb,/home/igem/unknown_software/datasets/propedia_formatted/propedia_2llo_B/propedia_2llo_B_peptide.pdb,propedia_long
propedia_1yph_A,/home/igem/unknown_software/datasets/propedia_formatted/propedia_1yph_A/propedia_1yph_A_protein_pocket.pdb,/home/igem/unknown_software/datasets/propedia_formatted/propedia_1yph_A/propedia_1yph_A_peptide.pdb,propedia
propedia_1pnb_A,/home/igem/unknown_software/datasets/propedia_formatted/propedia_1pnb_A/propedia_1pnb_A_protein_pocket.pdb,/home/igem/unknown_software/datasets/propedia_formatted/propedia_1pnb_A/propedia_1pnb_A_peptide.pdb,propedia_long
propedia_1oby_P,/home/igem/unknown_software/datasets/propedia_formatted/propedia_1oby_P/propedia_1oby_P_protein_pocket.pdb,/home/igem/unknown_software/datasets/propedia_formatted/propedia_1oby_P/propedia_1oby_P_peptide.pdb,propedia
propedia_2jmx_B,/home/igem/unknown_software/datasets/propedia_formatted/propedia_2jmx_B/propedia_2jmx_B_protein_pocket.pdb,/home/igem/unknown_software/datasets/propedia_formatted/propedia_2jmx_B/propedia_2jmx_B_peptide.pdb,propedia_long
propedia_1rrv_C,/home/igem/unknown_software/datasets/propedia_formatted/propedia_1rrv_C/propedia_1rrv_C_protein_pocket.pdb,/home/igem/unknown_software/datasets/propedia_formatted/propedia_1rrv_C/propedia_1rrv_C_peptide.pdb,propedia
propedia_1mf4_B,/home/igem/unknown_software/datasets/propedia_formatted/propedia_1mf4_B/propedia_1mf4_B_protein_pocket.pdb,/home/igem/unknown_software/datasets/propedia_formatted/propedia_1mf4_B/propedia_1mf4_B_peptide.pdb,propedia
propedia_1pyo_E,/home/igem/unknown_software/datasets/propedia_formatted/propedia_1pyo_E/propedia_1pyo_E_protein_pocket.pdb,/home/igem/unknown_software/datasets/propedia_formatted/propedia_1pyo_E/propedia_1pyo_E_peptide.pdb,propedia
propedia_3qzv_C,/home/igem/unknown_software/datasets/propedia_formatted/propedia_3qzv_C/propedia_3qzv_C_protein_pocket.pdb,/home/igem/unknown_software/datasets/propedia_formatted/propedia_3qzv_C/propedia_3qzv_C_peptide.pdb,propedia
propedia_2ipu_P,/home/igem/unknown_software/datasets/propedia_formatted/propedia_2ipu_P/propedia_2ipu_P_protein_pocket.pdb,/home/igem/unknown_software/datasets/propedia_formatted/propedia_2ipu_P/propedia_2ipu_P_peptide.pdb,propedia
propedia_4j79_B,/home/igem/unknown_software/datasets/propedia_formatted/propedia_4j79_B/propedia_4j79_B_protein_pocket.pdb,/home/igem/unknown_software/datasets/propedia_formatted/propedia_4j79_B/propedia_4j79_B_peptide.pdb,propedia
propedia_4v0w_B,/home/igem/unknown_software/datasets/propedia_formatted/propedia_4v0w_B/propedia_4v0w_B_protein_pocket.pdb,/home/igem/unknown_software/datasets/propedia_formatted/propedia_4v0w_B/propedia_4v0w_B_peptide.pdb,propedia_long
propedia_3dpo_C,/home/igem/unknown_software/datasets/propedia_formatted/propedia_3dpo_C/propedia_3dpo_C_protein_pocket.pdb,/home/igem/unknown_software/datasets/propedia_formatted/propedia_3dpo_C/propedia_3dpo_C_peptide.pdb,propedia
propedia_4pc0_C,/home/igem/unknown_software/datasets/propedia_formatted/propedia_4pc0_C/propedia_4pc0_C_protein_pocket.pdb,/home/igem/unknown_software/datasets/propedia_formatted/propedia_4pc0_C/propedia_4pc0_C_peptide.pdb,propedia_long
propedia_2byp_F,/home/igem/unknown_software/datasets/propedia_formatted/propedia_2byp_F/propedia_2byp_F_protein_pocket.pdb,/home/igem/unknown_software/datasets/propedia_formatted/propedia_2byp_F/propedia_2byp_F_peptide.pdb,propedia
propedia_4dex_B,/home/igem/unknown_software/datasets/propedia_formatted/propedia_4dex_B/propedia_4dex_B_protein_pocket.pdb,/home/igem/unknown_software/datasets/propedia_formatted/propedia_4dex_B/propedia_4dex_B_peptide.pdb,propedia_long
propedia_1u92_C,/home/igem/unknown_software/datasets/propedia_formatted/propedia_1u92_C/propedia_1u92_C_protein_pocket.pdb,/home/igem/unknown_software/datasets/propedia_formatted/propedia_1u92_C/propedia_1u92_C_peptide.pdb,propedia
propedia_1tsu_P,/home/igem/unknown_software/datasets/propedia_formatted/propedia_1tsu_P/propedia_1tsu_P_protein_pocket.pdb,/home/igem/unknown_software/datasets/propedia_formatted/propedia_1tsu_P/propedia_1tsu_P_peptide.pdb,propedia
propedia_2ynn_P,/home/igem/unknown_software/datasets/propedia_formatted/propedia_2ynn_P/propedia_2ynn_P_protein_pocket.pdb,/home/igem/unknown_software/datasets/propedia_formatted/propedia_2ynn_P/propedia_2ynn_P_peptide.pdb,propedia
propedia_1k2m_P,/home/igem/unknown_software/datasets/propedia_formatted/propedia_1k2m_P/propedia_1k2m_P_protein_pocket.pdb,/home/igem/unknown_software/datasets/propedia_formatted/propedia_1k2m_P/propedia_1k2m_P_peptide.pdb,propedia
propedia_6rir_C,/home/igem/unknown_software/datasets/propedia_formatted/propedia_6rir_C/propedia_6rir_C_protein_pocket.pdb,/home/igem/unknown_software/datasets/propedia_formatted/propedia_6rir_C/propedia_6rir_C_peptide.pdb,propedia_long
propedia_2jcc_C,/home/igem/unknown_software/datasets/propedia_formatted/propedia_2jcc_C/propedia_2jcc_C_protein_pocket.pdb,/home/igem/unknown_software/datasets/propedia_formatted/propedia_2jcc_C/propedia_2jcc_C_peptide.pdb,propedia
propedia_3uyr_P,/home/igem/unknown_software/datasets/propedia_formatted/propedia_3uyr_P/propedia_3uyr_P_protein_pocket.pdb,/home/igem/unknown_software/datasets/propedia_formatted/propedia_3uyr_P/propedia_3uyr_P_peptide.pdb,propedia
propedia_3ou1_P,/home/igem/unknown_software/datasets/propedia_formatted/propedia_3ou1_P/propedia_3ou1_P_protein_pocket.pdb,/home/igem/unknown_software/datasets/propedia_formatted/propedia_3ou1_P/propedia_3ou1_P_peptide.pdb,propedia
propedia_3uvx_B,/home/igem/unknown_software/datasets/propedia_formatted/propedia_3uvx_B/propedia_3uvx_B_protein_pocket.pdb,/home/igem/unknown_software/datasets/propedia_formatted/propedia_3uvx_B/propedia_3uvx_B_peptide.pdb,propedia
propedia_6qfk_B,/home/igem/unknown_software/datasets/propedia_formatted/propedia_6qfk_B/propedia_6qfk_B_protein_pocket.pdb,/home/igem/unknown_software/datasets/propedia_formatted/propedia_6qfk_B/propedia_6qfk_B_peptide.pdb,propedia_long
propedia_1tzg_P,/home/igem/unknown_software/datasets/propedia_formatted/propedia_1tzg_P/propedia_1tzg_P_protein_pocket.pdb,/home/igem/unknown_software/datasets/propedia_formatted/propedia_1tzg_P/propedia_1tzg_P_peptide.pdb,propedia
propedia_3lnz_B,/home/igem/unknown_software/datasets/propedia_formatted/propedia_3lnz_B/propedia_3lnz_B_protein_pocket.pdb,/home/igem/unknown_software/datasets/propedia_formatted/propedia_3lnz_B/propedia_3lnz_B_peptide.pdb,propedia
propedia_2qxv_B,/home/igem/unknown_software/datasets/propedia_formatted/propedia_2qxv_B/propedia_2qxv_B_protein_pocket.pdb,/home/igem/unknown_software/datasets/propedia_formatted/propedia_2qxv_B/propedia_2qxv_B_peptide.pdb,propedia_long
propedia_4qrs_C,/home/igem/unknown_software/datasets/propedia_formatted/propedia_4qrs_C/propedia_4qrs_C_protein_pocket.pdb,/home/igem/unknown_software/datasets/propedia_formatted/propedia_4qrs_C/propedia_4qrs_C_peptide.pdb,propedia
propedia_1p9u_G,/home/igem/unknown_software/datasets/propedia_formatted/propedia_1p9u_G/propedia_1p9u_G_protein_pocket.pdb,/home/igem/unknown_software/datasets/propedia_formatted/propedia_1p9u_G/propedia_1p9u_G_peptide.pdb,propedia
propedia_3h9j_G,/home/igem/unknown_software/datasets/propedia_formatted/propedia_3h9j_G/propedia_3h9j_G_protein_pocket.pdb,/home/igem/unknown_software/datasets/propedia_formatted/propedia_3h9j_G/propedia_3h9j_G_peptide.pdb,propedia
propedia_1fo0_P,/home/igem/unknown_software/datasets/propedia_formatted/propedia_1fo0_P/propedia_1fo0_P_protein_pocket.pdb,/home/igem/unknown_software/datasets/propedia_formatted/propedia_1fo0_P/propedia_1fo0_P_peptide.pdb,propedia
propedia_4yyj_C,/home/igem/unknown_software/datasets/propedia_formatted/propedia_4yyj_C/propedia_4yyj_C_protein_pocket.pdb,/home/igem/unknown_software/datasets/propedia_formatted/propedia_4yyj_C/propedia_4yyj_C_peptide.pdb,propedia
propedia_2ck3_I,/home/igem/unknown_software/datasets/propedia_formatted/propedia_2ck3_I/propedia_2ck3_I_protein_pocket.pdb,/home/igem/unknown_software/datasets/propedia_formatted/propedia_2ck3_I/propedia_2ck3_I_peptide.pdb,propedia_long
propedia_6hon_B,/home/igem/unknown_software/datasets/propedia_formatted/propedia_6hon_B/propedia_6hon_B_protein_pocket.pdb,/home/igem/unknown_software/datasets/propedia_formatted/propedia_6hon_B/propedia_6hon_B_peptide.pdb,propedia_long
propedia_3wdd_B,/home/igem/unknown_software/datasets/propedia_formatted/propedia_3wdd_B/propedia_3wdd_B_protein_pocket.pdb,/home/igem/unknown_software/datasets/propedia_formatted/propedia_3wdd_B/propedia_3wdd_B_peptide.pdb,propedia
propedia_1vwi_M,/home/igem/unknown_software/datasets/propedia_formatted/propedia_1vwi_M/propedia_1vwi_M_protein_pocket.pdb,/home/igem/unknown_software/datasets/propedia_formatted/propedia_1vwi_M/propedia_1vwi_M_peptide.pdb,propedia
propedia_3vrj_C,/home/igem/unknown_software/datasets/propedia_formatted/propedia_3vrj_C/propedia_3vrj_C_protein_pocket.pdb,/home/igem/unknown_software/datasets/propedia_formatted/propedia_3vrj_C/propedia_3vrj_C_peptide.pdb,propedia
propedia_4y2g_B,/home/igem/unknown_software/datasets/propedia_formatted/propedia_4y2g_B/propedia_4y2g_B_protein_pocket.pdb,/home/igem/unknown_software/datasets/propedia_formatted/propedia_4y2g_B/propedia_4y2g_B_peptide.pdb,propedia
propedia_3wg5_C,/home/igem/unknown_software/datasets/propedia_formatted/propedia_3wg5_C/propedia_3wg5_C_protein_pocket.pdb,/home/igem/unknown_software/datasets/propedia_formatted/propedia_3wg5_C/propedia_3wg5_C_peptide.pdb,propedia
propedia_4bjt_D,/home/igem/unknown_software/datasets/propedia_formatted/propedia_4bjt_D/propedia_4bjt_D_protein_pocket.pdb,/home/igem/unknown_software/datasets/propedia_formatted/propedia_4bjt_D/propedia_4bjt_D_peptide.pdb,propedia
propedia_1j7z_A,/home/igem/unknown_software/datasets/propedia_formatted/propedia_1j7z_A/propedia_1j7z_A_protein_pocket.pdb,/home/igem/unknown_software/datasets/propedia_formatted/propedia_1j7z_A/propedia_1j7z_A_peptide.pdb,propedia_long
propedia_2lsk_B,/home/igem/unknown_software/datasets/propedia_formatted/propedia_2lsk_B/propedia_2lsk_B_protein_pocket.pdb,/home/igem/unknown_software/datasets/propedia_formatted/propedia_2lsk_B/propedia_2lsk_B_peptide.pdb,propedia_long
propedia_4h26_C,/home/igem/unknown_software/datasets/propedia_formatted/propedia_4h26_C/propedia_4h26_C_protein_pocket.pdb,/home/igem/unknown_software/datasets/propedia_formatted/propedia_4h26_C/propedia_4h26_C_peptide.pdb,propedia
propedia_4onf_P,/home/igem/unknown_software/datasets/propedia_formatted/propedia_4onf_P/propedia_4onf_P_protein_pocket.pdb,/home/igem/unknown_software/datasets/propedia_formatted/propedia_4onf_P/propedia_4onf_P_peptide.pdb,propedia
propedia_2uwe_C,/home/igem/unknown_software/datasets/propedia_formatted/propedia_2uwe_C/propedia_2uwe_C_protein_pocket.pdb,/home/igem/unknown_software/datasets/propedia_formatted/propedia_2uwe_C/propedia_2uwe_C_peptide.pdb,propedia
propedia_4qbq_P,/home/igem/unknown_software/datasets/propedia_formatted/propedia_4qbq_P/propedia_4qbq_P_protein_pocket.pdb,/home/igem/unknown_software/datasets/propedia_formatted/propedia_4qbq_P/propedia_4qbq_P_peptide.pdb,propedia
propedia_4ht6_B,/home/igem/unknown_software/datasets/propedia_formatted/propedia_4ht6_B/propedia_4ht6_B_protein_pocket.pdb,/home/igem/unknown_software/datasets/propedia_formatted/propedia_4ht6_B/propedia_4ht6_B_peptide.pdb,propedia
propedia_4quf_Q,/home/igem/unknown_software/datasets/propedia_formatted/propedia_4quf_Q/propedia_4quf_Q_protein_pocket.pdb,/home/igem/unknown_software/datasets/propedia_formatted/propedia_4quf_Q/propedia_4quf_Q_peptide.pdb,propedia
propedia_4wqp_P,/home/igem/unknown_software/datasets/propedia_formatted/propedia_4wqp_P/propedia_4wqp_P_protein_pocket.pdb,/home/igem/unknown_software/datasets/propedia_formatted/propedia_4wqp_P/propedia_4wqp_P_peptide.pdb,propedia_long
propedia_2cha_A,/home/igem/unknown_software/datasets/propedia_formatted/propedia_2cha_A/propedia_2cha_A_protein_pocket.pdb,/home/igem/unknown_software/datasets/propedia_formatted/propedia_2cha_A/propedia_2cha_A_peptide.pdb,propedia
propedia_1u3r_C,/home/igem/unknown_software/datasets/propedia_formatted/propedia_1u3r_C/propedia_1u3r_C_protein_pocket.pdb,/home/igem/unknown_software/datasets/propedia_formatted/propedia_1u3r_C/propedia_1u3r_C_peptide.pdb,propedia
propedia_1ywt_C,/home/igem/unknown_software/datasets/propedia_formatted/propedia_1ywt_C/propedia_1ywt_C_protein_pocket.pdb,/home/igem/unknown_software/datasets/propedia_formatted/propedia_1ywt_C/propedia_1ywt_C_peptide.pdb,propedia
propedia_3qdj_C,/home/igem/unknown_software/datasets/propedia_formatted/propedia_3qdj_C/propedia_3qdj_C_protein_pocket.pdb,/home/igem/unknown_software/datasets/propedia_formatted/propedia_3qdj_C/propedia_3qdj_C_peptide.pdb,propedia
propedia_2f6j_P,/home/igem/unknown_software/datasets/propedia_formatted/propedia_2f6j_P/propedia_2f6j_P_protein_pocket.pdb,/home/igem/unknown_software/datasets/propedia_formatted/propedia_2f6j_P/propedia_2f6j_P_peptide.pdb,propedia
propedia_3zdy_I,/home/igem/unknown_software/datasets/propedia_formatted/propedia_3zdy_I/propedia_3zdy_I_protein_pocket.pdb,/home/igem/unknown_software/datasets/propedia_formatted/propedia_3zdy_I/propedia_3zdy_I_peptide.pdb,propedia
propedia_4ioi_C,/home/igem/unknown_software/datasets/propedia_formatted/propedia_4ioi_C/propedia_4ioi_C_protein_pocket.pdb,/home/igem/unknown_software/datasets/propedia_formatted/propedia_4ioi_C/propedia_4ioi_C_peptide.pdb,propedia
propedia_4bos_F,/home/igem/unknown_software/datasets/propedia_formatted/propedia_4bos_F/propedia_4bos_F_protein_pocket.pdb,/home/igem/unknown_software/datasets/propedia_formatted/propedia_4bos_F/propedia_4bos_F_peptide.pdb,propedia
propedia_4er4_I,/home/igem/unknown_software/datasets/propedia_formatted/propedia_4er4_I/propedia_4er4_I_protein_pocket.pdb,/home/igem/unknown_software/datasets/propedia_formatted/propedia_4er4_I/propedia_4er4_I_peptide.pdb,propedia
propedia_1ypj_I,/home/igem/unknown_software/datasets/propedia_formatted/propedia_1ypj_I/propedia_1ypj_I_protein_pocket.pdb,/home/igem/unknown_software/datasets/propedia_formatted/propedia_1ypj_I/propedia_1ypj_I_peptide.pdb,propedia
propedia_4wjq_B,/home/igem/unknown_software/datasets/propedia_formatted/propedia_4wjq_B/propedia_4wjq_B_protein_pocket.pdb,/home/igem/unknown_software/datasets/propedia_formatted/propedia_4wjq_B/propedia_4wjq_B_peptide.pdb,propedia
propedia_4prp_C,/home/igem/unknown_software/datasets/propedia_formatted/propedia_4prp_C/propedia_4prp_C_protein_pocket.pdb,/home/igem/unknown_software/datasets/propedia_formatted/propedia_4prp_C/propedia_4prp_C_peptide.pdb,propedia
propedia_1kjf_P,/home/igem/unknown_software/datasets/propedia_formatted/propedia_1kjf_P/propedia_1kjf_P_protein_pocket.pdb,/home/igem/unknown_software/datasets/propedia_formatted/propedia_1kjf_P/propedia_1kjf_P_peptide.pdb,propedia
propedia_4gkv_P,/home/igem/unknown_software/datasets/propedia_formatted/propedia_4gkv_P/propedia_4gkv_P_protein_pocket.pdb,/home/igem/unknown_software/datasets/propedia_formatted/propedia_4gkv_P/propedia_4gkv_P_peptide.pdb,propedia
propedia_3obq_B,/home/igem/unknown_software/datasets/propedia_formatted/propedia_3obq_B/propedia_3obq_B_protein_pocket.pdb,/home/igem/unknown_software/datasets/propedia_formatted/propedia_3obq_B/propedia_3obq_B_peptide.pdb,propedia
propedia_1zt1_P,/home/igem/unknown_software/datasets/propedia_formatted/propedia_1zt1_P/propedia_1zt1_P_protein_pocket.pdb,/home/igem/unknown_software/datasets/propedia_formatted/propedia_1zt1_P/propedia_1zt1_P_peptide.pdb,propedia
propedia_1tom_I,/home/igem/unknown_software/datasets/propedia_formatted/propedia_1tom_I/propedia_1tom_I_protein_pocket.pdb,/home/igem/unknown_software/datasets/propedia_formatted/propedia_1tom_I/propedia_1tom_I_peptide.pdb,propedia
propedia_3nkx_P,/home/igem/unknown_software/datasets/propedia_formatted/propedia_3nkx_P/propedia_3nkx_P_protein_pocket.pdb,/home/igem/unknown_software/datasets/propedia_formatted/propedia_3nkx_P/propedia_3nkx_P_peptide.pdb,propedia
propedia_3jpx_B,/home/igem/unknown_software/datasets/propedia_formatted/propedia_3jpx_B/propedia_3jpx_B_protein_pocket.pdb,/home/igem/unknown_software/datasets/propedia_formatted/propedia_3jpx_B/propedia_3jpx_B_peptide.pdb,propedia
propedia_3pfv_C,/home/igem/unknown_software/datasets/propedia_formatted/propedia_3pfv_C/propedia_3pfv_C_protein_pocket.pdb,/home/igem/unknown_software/datasets/propedia_formatted/propedia_3pfv_C/propedia_3pfv_C_peptide.pdb,propedia
propedia_2m9q_B,/home/igem/unknown_software/datasets/propedia_formatted/propedia_2m9q_B/propedia_2m9q_B_protein_pocket.pdb,/home/igem/unknown_software/datasets/propedia_formatted/propedia_2m9q_B/propedia_2m9q_B_peptide.pdb,propedia
propedia_5ok3_D,/home/igem/unknown_software/datasets/propedia_formatted/propedia_5ok3_D/propedia_5ok3_D_protein_pocket.pdb,/home/igem/unknown_software/datasets/propedia_formatted/propedia_5ok3_D/propedia_5ok3_D_peptide.pdb,propedia_long
propedia_1xr9_C,/home/igem/unknown_software/datasets/propedia_formatted/propedia_1xr9_C/propedia_1xr9_C_protein_pocket.pdb,/home/igem/unknown_software/datasets/propedia_formatted/propedia_1xr9_C/propedia_1xr9_C_peptide.pdb,propedia
propedia_1tn8_C,/home/igem/unknown_software/datasets/propedia_formatted/propedia_1tn8_C/propedia_1tn8_C_protein_pocket.pdb,/home/igem/unknown_software/datasets/propedia_formatted/propedia_1tn8_C/propedia_1tn8_C_peptide.pdb,propedia
propedia_4e81_C,/home/igem/unknown_software/datasets/propedia_formatted/propedia_4e81_C/propedia_4e81_C_protein_pocket.pdb,/home/igem/unknown_software/datasets/propedia_formatted/propedia_4e81_C/propedia_4e81_C_peptide.pdb,propedia
propedia_1z8g_L,/home/igem/unknown_software/datasets/propedia_formatted/propedia_1z8g_L/propedia_1z8g_L_protein_pocket.pdb,/home/igem/unknown_software/datasets/propedia_formatted/propedia_1z8g_L/propedia_1z8g_L_peptide.pdb,propedia
propedia_5b76_B,/home/igem/unknown_software/datasets/propedia_formatted/propedia_5b76_B/propedia_5b76_B_protein_pocket.pdb,/home/igem/unknown_software/datasets/propedia_formatted/propedia_5b76_B/propedia_5b76_B_peptide.pdb,propedia_long
propedia_5d2m_G,/home/igem/unknown_software/datasets/propedia_formatted/propedia_5d2m_G/propedia_5d2m_G_protein_pocket.pdb,/home/igem/unknown_software/datasets/propedia_formatted/propedia_5d2m_G/propedia_5d2m_G_peptide.pdb,propedia_long
propedia_1s7w_C,/home/igem/unknown_software/datasets/propedia_formatted/propedia_1s7w_C/propedia_1s7w_C_protein_pocket.pdb,/home/igem/unknown_software/datasets/propedia_formatted/propedia_1s7w_C/propedia_1s7w_C_peptide.pdb,propedia
propedia_3vb5_E,/home/igem/unknown_software/datasets/propedia_formatted/propedia_3vb5_E/propedia_3vb5_E_protein_pocket.pdb,/home/igem/unknown_software/datasets/propedia_formatted/propedia_3vb5_E/propedia_3vb5_E_peptide.pdb,propedia
propedia_4jfx_P,/home/igem/unknown_software/datasets/propedia_formatted/propedia_4jfx_P/propedia_4jfx_P_protein_pocket.pdb,/home/igem/unknown_software/datasets/propedia_formatted/propedia_4jfx_P/propedia_4jfx_P_peptide.pdb,propedia
propedia_1jcs_C,/home/igem/unknown_software/datasets/propedia_formatted/propedia_1jcs_C/propedia_1jcs_C_protein_pocket.pdb,/home/igem/unknown_software/datasets/propedia_formatted/propedia_1jcs_C/propedia_1jcs_C_peptide.pdb,propedia
propedia_2ofq_B,/home/igem/unknown_software/datasets/propedia_formatted/propedia_2ofq_B/propedia_2ofq_B_protein_pocket.pdb,/home/igem/unknown_software/datasets/propedia_formatted/propedia_2ofq_B/propedia_2ofq_B_peptide.pdb,propedia_long
propedia_4oni_C,/home/igem/unknown_software/datasets/propedia_formatted/propedia_4oni_C/propedia_4oni_C_protein_pocket.pdb,/home/igem/unknown_software/datasets/propedia_formatted/propedia_4oni_C/propedia_4oni_C_peptide.pdb,propedia_long
propedia_3mnz_P,/home/igem/unknown_software/datasets/propedia_formatted/propedia_3mnz_P/propedia_3mnz_P_protein_pocket.pdb,/home/igem/unknown_software/datasets/propedia_formatted/propedia_3mnz_P/propedia_3mnz_P_peptide.pdb,propedia_long
propedia_5nvn_B,/home/igem/unknown_software/datasets/propedia_formatted/propedia_5nvn_B/propedia_5nvn_B_protein_pocket.pdb,/home/igem/unknown_software/datasets/propedia_formatted/propedia_5nvn_B/propedia_5nvn_B_peptide.pdb,propedia_long
propedia_1xdh_C,/home/igem/unknown_software/datasets/propedia_formatted/propedia_1xdh_C/propedia_1xdh_C_protein_pocket.pdb,/home/igem/unknown_software/datasets/propedia_formatted/propedia_1xdh_C/propedia_1xdh_C_peptide.pdb,propedia
propedia_3wu2_f,/home/igem/unknown_software/datasets/propedia_formatted/propedia_3wu2_f/propedia_3wu2_f_protein_pocket.pdb,/home/igem/unknown_software/datasets/propedia_formatted/propedia_3wu2_f/propedia_3wu2_f_peptide.pdb,propedia_long
propedia_4zeq_B,/home/igem/unknown_software/datasets/propedia_formatted/propedia_4zeq_B/propedia_4zeq_B_protein_pocket.pdb,/home/igem/unknown_software/datasets/propedia_formatted/propedia_4zeq_B/propedia_4zeq_B_peptide.pdb,propedia_long
propedia_1m05_E,/home/igem/unknown_software/datasets/propedia_formatted/propedia_1m05_E/propedia_1m05_E_protein_pocket.pdb,/home/igem/unknown_software/datasets/propedia_formatted/propedia_1m05_E/propedia_1m05_E_peptide.pdb,propedia
propedia_1ntv_B,/home/igem/unknown_software/datasets/propedia_formatted/propedia_1ntv_B/propedia_1ntv_B_protein_pocket.pdb,/home/igem/unknown_software/datasets/propedia_formatted/propedia_1ntv_B/propedia_1ntv_B_peptide.pdb,propedia
propedia_1u3h_I,/home/igem/unknown_software/datasets/propedia_formatted/propedia_1u3h_I/propedia_1u3h_I_protein_pocket.pdb,/home/igem/unknown_software/datasets/propedia_formatted/propedia_1u3h_I/propedia_1u3h_I_peptide.pdb,propedia
propedia_3bfq_F,/home/igem/unknown_software/datasets/propedia_formatted/propedia_3bfq_F/propedia_3bfq_F_protein_pocket.pdb,/home/igem/unknown_software/datasets/propedia_formatted/propedia_3bfq_F/propedia_3bfq_F_peptide.pdb,propedia_long
propedia_4jna_H,/home/igem/unknown_software/datasets/propedia_formatted/propedia_4jna_H/propedia_4jna_H_protein_pocket.pdb,/home/igem/unknown_software/datasets/propedia_formatted/propedia_4jna_H/propedia_4jna_H_peptide.pdb,propedia
propedia_1kcs_P,/home/igem/unknown_software/datasets/propedia_formatted/propedia_1kcs_P/propedia_1kcs_P_protein_pocket.pdb,/home/igem/unknown_software/datasets/propedia_formatted/propedia_1kcs_P/propedia_1kcs_P_peptide.pdb,propedia
propedia_4n78_P,/home/igem/unknown_software/datasets/propedia_formatted/propedia_4n78_P/propedia_4n78_P_protein_pocket.pdb,/home/igem/unknown_software/datasets/propedia_formatted/propedia_4n78_P/propedia_4n78_P_peptide.pdb,propedia
propedia_2v83_D,/home/igem/unknown_software/datasets/propedia_formatted/propedia_2v83_D/propedia_2v83_D_protein_pocket.pdb,/home/igem/unknown_software/datasets/propedia_formatted/propedia_2v83_D/propedia_2v83_D_peptide.pdb,propedia
propedia_4x8n_B,/home/igem/unknown_software/datasets/propedia_formatted/propedia_4x8n_B/propedia_4x8n_B_protein_pocket.pdb,/home/igem/unknown_software/datasets/propedia_formatted/propedia_4x8n_B/propedia_4x8n_B_peptide.pdb,propedia
propedia_1cwd_P,/home/igem/unknown_software/datasets/propedia_formatted/propedia_1cwd_P/propedia_1cwd_P_protein_pocket.pdb,/home/igem/unknown_software/datasets/propedia_formatted/propedia_1cwd_P/propedia_1cwd_P_peptide.pdb,propedia
propedia_3hds_E,/home/igem/unknown_software/datasets/propedia_formatted/propedia_3hds_E/propedia_3hds_E_protein_pocket.pdb,/home/igem/unknown_software/datasets/propedia_formatted/propedia_3hds_E/propedia_3hds_E_peptide.pdb,propedia
propedia_4qa5_C,/home/igem/unknown_software/datasets/propedia_formatted/propedia_4qa5_C/propedia_4qa5_C_protein_pocket.pdb,/home/igem/unknown_software/datasets/propedia_formatted/propedia_4qa5_C/propedia_4qa5_C_peptide.pdb,propedia
propedia_2jld_E,/home/igem/unknown_software/datasets/propedia_formatted/propedia_2jld_E/propedia_2jld_E_protein_pocket.pdb,/home/igem/unknown_software/datasets/propedia_formatted/propedia_2jld_E/propedia_2jld_E_peptide.pdb,propedia
propedia_2n77_B,/home/igem/unknown_software/datasets/propedia_formatted/propedia_2n77_B/propedia_2n77_B_protein_pocket.pdb,/home/igem/unknown_software/datasets/propedia_formatted/propedia_2n77_B/propedia_2n77_B_peptide.pdb,propedia_long
propedia_3f2o_C,/home/igem/unknown_software/datasets/propedia_formatted/propedia_3f2o_C/propedia_3f2o_C_protein_pocket.pdb,/home/igem/unknown_software/datasets/propedia_formatted/propedia_3f2o_C/propedia_3f2o_C_peptide.pdb,propedia_long
propedia_1epl_I,/home/igem/unknown_software/datasets/propedia_formatted/propedia_1epl_I/propedia_1epl_I_protein_pocket.pdb,/home/igem/unknown_software/datasets/propedia_formatted/propedia_1epl_I/propedia_1epl_I_peptide.pdb,propedia
propedia_2f5b_P,/home/igem/unknown_software/datasets/propedia_formatted/propedia_2f5b_P/propedia_2f5b_P_protein_pocket.pdb,/home/igem/unknown_software/datasets/propedia_formatted/propedia_2f5b_P/propedia_2f5b_P_peptide.pdb,propedia
propedia_4obf_E,/home/igem/unknown_software/datasets/propedia_formatted/propedia_4obf_E/propedia_4obf_E_protein_pocket.pdb,/home/igem/unknown_software/datasets/propedia_formatted/propedia_4obf_E/propedia_4obf_E_peptide.pdb,propedia
propedia_4ms8_B,/home/igem/unknown_software/datasets/propedia_formatted/propedia_4ms8_B/propedia_4ms8_B_protein_pocket.pdb,/home/igem/unknown_software/datasets/propedia_formatted/propedia_4ms8_B/propedia_4ms8_B_peptide.pdb,propedia
propedia_3iiq_C,/home/igem/unknown_software/datasets/propedia_formatted/propedia_3iiq_C/propedia_3iiq_C_protein_pocket.pdb,/home/igem/unknown_software/datasets/propedia_formatted/propedia_3iiq_C/propedia_3iiq_C_peptide.pdb,propedia
propedia_2bd3_P,/home/igem/unknown_software/datasets/propedia_formatted/propedia_2bd3_P/propedia_2bd3_P_protein_pocket.pdb,/home/igem/unknown_software/datasets/propedia_formatted/propedia_2bd3_P/propedia_2bd3_P_peptide.pdb,propedia
propedia_3itb_L,/home/igem/unknown_software/datasets/propedia_formatted/propedia_3itb_L/propedia_3itb_L_protein_pocket.pdb,/home/igem/unknown_software/datasets/propedia_formatted/propedia_3itb_L/propedia_3itb_L_peptide.pdb,propedia
propedia_4oez_B,/home/igem/unknown_software/datasets/propedia_formatted/propedia_4oez_B/propedia_4oez_B_protein_pocket.pdb,/home/igem/unknown_software/datasets/propedia_formatted/propedia_4oez_B/propedia_4oez_B_peptide.pdb,propedia
propedia_1ucy_F,/home/igem/unknown_software/datasets/propedia_formatted/propedia_1ucy_F/propedia_1ucy_F_protein_pocket.pdb,/home/igem/unknown_software/datasets/propedia_formatted/propedia_1ucy_F/propedia_1ucy_F_peptide.pdb,propedia
propedia_1p9u_G,/home/igem/unknown_software/datasets/propedia_formatted/propedia_1p9u_G/propedia_1p9u_G_protein_pocket.pdb,/home/igem/unknown_software/datasets/propedia_formatted/propedia_1p9u_G/propedia_1p9u_G_peptide.pdb,propedia
propedia_3a9k_C,/home/igem/unknown_software/datasets/propedia_formatted/propedia_3a9k_C/propedia_3a9k_C_protein_pocket.pdb,/home/igem/unknown_software/datasets/propedia_formatted/propedia_3a9k_C/propedia_3a9k_C_peptide.pdb,propedia_long
propedia_1kjf_P,/home/igem/unknown_software/datasets/propedia_formatted/propedia_1kjf_P/propedia_1kjf_P_protein_pocket.pdb,/home/igem/unknown_software/datasets/propedia_formatted/propedia_1kjf_P/propedia_1kjf_P_peptide.pdb,propedia
propedia_5fmk_B,/home/igem/unknown_software/datasets/propedia_formatted/propedia_5fmk_B/propedia_5fmk_B_protein_pocket.pdb,/home/igem/unknown_software/datasets/propedia_formatted/propedia_5fmk_B/propedia_5fmk_B_peptide.pdb,propedia_long
propedia_1ztz_P,/home/igem/unknown_software/datasets/propedia_formatted/propedia_1ztz_P/propedia_1ztz_P_protein_pocket.pdb,/home/igem/unknown_software/datasets/propedia_formatted/propedia_1ztz_P/propedia_1ztz_P_peptide.pdb,propedia
propedia_1l6x_B,/home/igem/unknown_software/datasets/propedia_formatted/propedia_1l6x_B/propedia_1l6x_B_protein_pocket.pdb,/home/igem/unknown_software/datasets/propedia_formatted/propedia_1l6x_B/propedia_1l6x_B_peptide.pdb,propedia_long
propedia_4yr6_C,/home/igem/unknown_software/datasets/propedia_formatted/propedia_4yr6_C/propedia_4yr6_C_protein_pocket.pdb,/home/igem/unknown_software/datasets/propedia_formatted/propedia_4yr6_C/propedia_4yr6_C_peptide.pdb,propedia
propedia_4a2a_C,/home/igem/unknown_software/datasets/propedia_formatted/propedia_4a2a_C/propedia_4a2a_C_protein_pocket.pdb,/home/igem/unknown_software/datasets/propedia_formatted/propedia_4a2a_C/propedia_4a2a_C_peptide.pdb,propedia_long
propedia_1z71_B,/home/igem/unknown_software/datasets/propedia_formatted/propedia_1z71_B/propedia_1z71_B_protein_pocket.pdb,/home/igem/unknown_software/datasets/propedia_formatted/propedia_1z71_B/propedia_1z71_B_peptide.pdb,propedia
propedia_4nuu_C,/home/igem/unknown_software/datasets/propedia_formatted/propedia_4nuu_C/propedia_4nuu_C_protein_pocket.pdb,/home/igem/unknown_software/datasets/propedia_formatted/propedia_4nuu_C/propedia_4nuu_C_peptide.pdb,propedia
propedia_4z0y_E,/home/igem/unknown_software/datasets/propedia_formatted/propedia_4z0y_E/propedia_4z0y_E_protein_pocket.pdb,/home/igem/unknown_software/datasets/propedia_formatted/propedia_4z0y_E/propedia_4z0y_E_peptide.pdb,propedia
propedia_4k45_B,/home/igem/unknown_software/datasets/propedia_formatted/propedia_4k45_B/propedia_4k45_B_protein_pocket.pdb,/home/igem/unknown_software/datasets/propedia_formatted/propedia_4k45_B/propedia_4k45_B_peptide.pdb,propedia
propedia_4gw1_E,/home/igem/unknown_software/datasets/propedia_formatted/propedia_4gw1_E/propedia_4gw1_E_protein_pocket.pdb,/home/igem/unknown_software/datasets/propedia_formatted/propedia_4gw1_E/propedia_4gw1_E_peptide.pdb,propedia
propedia_4a1u_B,/home/igem/unknown_software/datasets/propedia_formatted/propedia_4a1u_B/propedia_4a1u_B_protein_pocket.pdb,/home/igem/unknown_software/datasets/propedia_formatted/propedia_4a1u_B/propedia_4a1u_B_peptide.pdb,propedia_long
propedia_2bqz_B,/home/igem/unknown_software/datasets/propedia_formatted/propedia_2bqz_B/propedia_2bqz_B_protein_pocket.pdb,/home/igem/unknown_software/datasets/propedia_formatted/propedia_2bqz_B/propedia_2bqz_B_peptide.pdb,propedia
propedia_4cim_P,/home/igem/unknown_software/datasets/propedia_formatted/propedia_4cim_P/propedia_4cim_P_protein_pocket.pdb,/home/igem/unknown_software/datasets/propedia_formatted/propedia_4cim_P/propedia_4cim_P_peptide.pdb,propedia_long
propedia_2pxy_P,/home/igem/unknown_software/datasets/propedia_formatted/propedia_2pxy_P/propedia_2pxy_P_protein_pocket.pdb,/home/igem/unknown_software/datasets/propedia_formatted/propedia_2pxy_P/propedia_2pxy_P_peptide.pdb,propedia
propedia_4g6a_A,/home/igem/unknown_software/datasets/propedia_formatted/propedia_4g6a_A/propedia_4g6a_A_protein_pocket.pdb,/home/igem/unknown_software/datasets/propedia_formatted/propedia_4g6a_A/propedia_4g6a_A_peptide.pdb,propedia
propedia_2vlr_C,/home/igem/unknown_software/datasets/propedia_formatted/propedia_2vlr_C/propedia_2vlr_C_protein_pocket.pdb,/home/igem/unknown_software/datasets/propedia_formatted/propedia_2vlr_C/propedia_2vlr_C_peptide.pdb,propedia
propedia_4ue7_I,/home/igem/unknown_software/datasets/propedia_formatted/propedia_4ue7_I/propedia_4ue7_I_protein_pocket.pdb,/home/igem/unknown_software/datasets/propedia_formatted/propedia_4ue7_I/propedia_4ue7_I_peptide.pdb,propedia
propedia_3ax3_B,/home/igem/unknown_software/datasets/propedia_formatted/propedia_3ax3_B/propedia_3ax3_B_protein_pocket.pdb,/home/igem/unknown_software/datasets/propedia_formatted/propedia_3ax3_B/propedia_3ax3_B_peptide.pdb,propedia
propedia_4jje_B,/home/igem/unknown_software/datasets/propedia_formatted/propedia_4jje_B/propedia_4jje_B_protein_pocket.pdb,/home/igem/unknown_software/datasets/propedia_formatted/propedia_4jje_B/propedia_4jje_B_peptide.pdb,propedia
propedia_4ehq_G,/home/igem/unknown_software/datasets/propedia_formatted/propedia_4ehq_G/propedia_4ehq_G_protein_pocket.pdb,/home/igem/unknown_software/datasets/propedia_formatted/propedia_4ehq_G/propedia_4ehq_G_peptide.pdb,propedia_long
propedia_1ai8_I,/home/igem/unknown_software/datasets/propedia_formatted/propedia_1ai8_I/propedia_1ai8_I_protein_pocket.pdb,/home/igem/unknown_software/datasets/propedia_formatted/propedia_1ai8_I/propedia_1ai8_I_peptide.pdb,propedia
propedia_4yk9_B,/home/igem/unknown_software/datasets/propedia_formatted/propedia_4yk9_B/propedia_4yk9_B_protein_pocket.pdb,/home/igem/unknown_software/datasets/propedia_formatted/propedia_4yk9_B/propedia_4yk9_B_peptide.pdb,propedia_long
propedia_2er9_I,/home/igem/unknown_software/datasets/propedia_formatted/propedia_2er9_I/propedia_2er9_I_protein_pocket.pdb,/home/igem/unknown_software/datasets/propedia_formatted/propedia_2er9_I/propedia_2er9_I_peptide.pdb,propedia
propedia_2hkf_P,/home/igem/unknown_software/datasets/propedia_formatted/propedia_2hkf_P/propedia_2hkf_P_protein_pocket.pdb,/home/igem/unknown_software/datasets/propedia_formatted/propedia_2hkf_P/propedia_2hkf_P_peptide.pdb,propedia
propedia_1hja_A,/home/igem/unknown_software/datasets/propedia_formatted/propedia_1hja_A/propedia_1hja_A_protein_pocket.pdb,/home/igem/unknown_software/datasets/propedia_formatted/propedia_1hja_A/propedia_1hja_A_peptide.pdb,propedia
propedia_4gux_D,/home/igem/unknown_software/datasets/propedia_formatted/propedia_4gux_D/propedia_4gux_D_protein_pocket.pdb,/home/igem/unknown_software/datasets/propedia_formatted/propedia_4gux_D/propedia_4gux_D_peptide.pdb,propedia_long
propedia_2atp_E,/home/igem/unknown_software/datasets/propedia_formatted/propedia_2atp_E/propedia_2atp_E_protein_pocket.pdb,/home/igem/unknown_software/datasets/propedia_formatted/propedia_2atp_E/propedia_2atp_E_peptide.pdb,propedia
propedia_1lcj_B,/home/igem/unknown_software/datasets/propedia_formatted/propedia_1lcj_B/propedia_1lcj_B_protein_pocket.pdb,/home/igem/unknown_software/datasets/propedia_formatted/propedia_1lcj_B/propedia_1lcj_B_peptide.pdb,propedia
propedia_4hki_C,/home/igem/unknown_software/datasets/propedia_formatted/propedia_4hki_C/propedia_4hki_C_protein_pocket.pdb,/home/igem/unknown_software/datasets/propedia_formatted/propedia_4hki_C/propedia_4hki_C_peptide.pdb,propedia_long
propedia_4obk_C,/home/igem/unknown_software/datasets/propedia_formatted/propedia_4obk_C/propedia_4obk_C_protein_pocket.pdb,/home/igem/unknown_software/datasets/propedia_formatted/propedia_4obk_C/propedia_4obk_C_peptide.pdb,propedia
propedia_1p4u_B,/home/igem/unknown_software/datasets/propedia_formatted/propedia_1p4u_B/propedia_1p4u_B_protein_pocket.pdb,/home/igem/unknown_software/datasets/propedia_formatted/propedia_1p4u_B/propedia_1p4u_B_peptide.pdb,propedia
propedia_3qx5_I,/home/igem/unknown_software/datasets/propedia_formatted/propedia_3qx5_I/propedia_3qx5_I_protein_pocket.pdb,/home/igem/unknown_software/datasets/propedia_formatted/propedia_3qx5_I/propedia_3qx5_I_peptide.pdb,propedia
propedia_2oi9_Q,/home/igem/unknown_software/datasets/propedia_formatted/propedia_2oi9_Q/propedia_2oi9_Q_protein_pocket.pdb,/home/igem/unknown_software/datasets/propedia_formatted/propedia_2oi9_Q/propedia_2oi9_Q_peptide.pdb,propedia
propedia_3wy9_C,/home/igem/unknown_software/datasets/propedia_formatted/propedia_3wy9_C/propedia_3wy9_C_protein_pocket.pdb,/home/igem/unknown_software/datasets/propedia_formatted/propedia_3wy9_C/propedia_3wy9_C_peptide.pdb,propedia_long
propedia_1tk2_B,/home/igem/unknown_software/datasets/propedia_formatted/propedia_1tk2_B/propedia_1tk2_B_protein_pocket.pdb,/home/igem/unknown_software/datasets/propedia_formatted/propedia_1tk2_B/propedia_1tk2_B_peptide.pdb,propedia
propedia_1clv_I,/home/igem/unknown_software/datasets/propedia_formatted/propedia_1clv_I/propedia_1clv_I_protein_pocket.pdb,/home/igem/unknown_software/datasets/propedia_formatted/propedia_1clv_I/propedia_1clv_I_peptide.pdb,propedia_long
propedia_4aen_C,/home/igem/unknown_software/datasets/propedia_formatted/propedia_4aen_C/propedia_4aen_C_protein_pocket.pdb,/home/igem/unknown_software/datasets/propedia_formatted/propedia_4aen_C/propedia_4aen_C_peptide.pdb,propedia_long
propedia_4wy7_P,/home/igem/unknown_software/datasets/propedia_formatted/propedia_4wy7_P/propedia_4wy7_P_protein_pocket.pdb,/home/igem/unknown_software/datasets/propedia_formatted/propedia_4wy7_P/propedia_4wy7_P_peptide.pdb,propedia_long
propedia_4z2p_C,/home/igem/unknown_software/datasets/propedia_formatted/propedia_4z2p_C/propedia_4z2p_C_protein_pocket.pdb,/home/igem/unknown_software/datasets/propedia_formatted/propedia_4z2p_C/propedia_4z2p_C_peptide.pdb,propedia
propedia_2h6g_P,/home/igem/unknown_software/datasets/propedia_formatted/propedia_2h6g_P/propedia_2h6g_P_protein_pocket.pdb,/home/igem/unknown_software/datasets/propedia_formatted/propedia_2h6g_P/propedia_2h6g_P_peptide.pdb,propedia
propedia_2rol_B,/home/igem/unknown_software/datasets/propedia_formatted/propedia_2rol_B/propedia_2rol_B_protein_pocket.pdb,/home/igem/unknown_software/datasets/propedia_formatted/propedia_2rol_B/propedia_2rol_B_peptide.pdb,propedia
propedia_2j9j_C,/home/igem/unknown_software/datasets/propedia_formatted/propedia_2j9j_C/propedia_2j9j_C_protein_pocket.pdb,/home/igem/unknown_software/datasets/propedia_formatted/propedia_2j9j_C/propedia_2j9j_C_peptide.pdb,propedia
propedia_3u8x_B,/home/igem/unknown_software/datasets/propedia_formatted/propedia_3u8x_B/propedia_3u8x_B_protein_pocket.pdb,/home/igem/unknown_software/datasets/propedia_formatted/propedia_3u8x_B/propedia_3u8x_B_peptide.pdb,propedia_long
propedia_3d9n_Y,/home/igem/unknown_software/datasets/propedia_formatted/propedia_3d9n_Y/propedia_3d9n_Y_protein_pocket.pdb,/home/igem/unknown_software/datasets/propedia_formatted/propedia_3d9n_Y/propedia_3d9n_Y_peptide.pdb,propedia
propedia_4no5_C,/home/igem/unknown_software/datasets/propedia_formatted/propedia_4no5_C/propedia_4no5_C_protein_pocket.pdb,/home/igem/unknown_software/datasets/propedia_formatted/propedia_4no5_C/propedia_4no5_C_peptide.pdb,propedia
propedia_5vkl_B,/home/igem/unknown_software/datasets/propedia_formatted/propedia_5vkl_B/propedia_5vkl_B_protein_pocket.pdb,/home/igem/unknown_software/datasets/propedia_formatted/propedia_5vkl_B/propedia_5vkl_B_peptide.pdb,propedia_long
propedia_1kl5_E,/home/igem/unknown_software/datasets/propedia_formatted/propedia_1kl5_E/propedia_1kl5_E_protein_pocket.pdb,/home/igem/unknown_software/datasets/propedia_formatted/propedia_1kl5_E/propedia_1kl5_E_peptide.pdb,propedia
propedia_1cho_E,/home/igem/unknown_software/datasets/propedia_formatted/propedia_1cho_E/propedia_1cho_E_protein_pocket.pdb,/home/igem/unknown_software/datasets/propedia_formatted/propedia_1cho_E/propedia_1cho_E_peptide.pdb,propedia
propedia_4y3b_C,/home/igem/unknown_software/datasets/propedia_formatted/propedia_4y3b_C/propedia_4y3b_C_protein_pocket.pdb,/home/igem/unknown_software/datasets/propedia_formatted/propedia_4y3b_C/propedia_4y3b_C_peptide.pdb,propedia
propedia_4u9w_E,/home/igem/unknown_software/datasets/propedia_formatted/propedia_4u9w_E/propedia_4u9w_E_protein_pocket.pdb,/home/igem/unknown_software/datasets/propedia_formatted/propedia_4u9w_E/propedia_4u9w_E_peptide.pdb,propedia
propedia_2xby_L,/home/igem/unknown_software/datasets/propedia_formatted/propedia_2xby_L/propedia_2xby_L_protein_pocket.pdb,/home/igem/unknown_software/datasets/propedia_formatted/propedia_2xby_L/propedia_2xby_L_peptide.pdb,propedia_long
propedia_6j68_C,/home/igem/unknown_software/datasets/propedia_formatted/propedia_6j68_C/propedia_6j68_C_protein_pocket.pdb,/home/igem/unknown_software/datasets/propedia_formatted/propedia_6j68_C/propedia_6j68_C_peptide.pdb,propedia_long
propedia_3u8r_I,/home/igem/unknown_software/datasets/propedia_formatted/propedia_3u8r_I/propedia_3u8r_I_protein_pocket.pdb,/home/igem/unknown_software/datasets/propedia_formatted/propedia_3u8r_I/propedia_3u8r_I_peptide.pdb,propedia
propedia_4hvw_B,/home/igem/unknown_software/datasets/propedia_formatted/propedia_4hvw_B/propedia_4hvw_B_protein_pocket.pdb,/home/igem/unknown_software/datasets/propedia_formatted/propedia_4hvw_B/propedia_4hvw_B_peptide.pdb,propedia
propedia_4cy5_C,/home/igem/unknown_software/datasets/propedia_formatted/propedia_4cy5_C/propedia_4cy5_C_protein_pocket.pdb,/home/igem/unknown_software/datasets/propedia_formatted/propedia_4cy5_C/propedia_4cy5_C_peptide.pdb,propedia
propedia_2wev_E,/home/igem/unknown_software/datasets/propedia_formatted/propedia_2wev_E/propedia_2wev_E_protein_pocket.pdb,/home/igem/unknown_software/datasets/propedia_formatted/propedia_2wev_E/propedia_2wev_E_peptide.pdb,propedia
propedia_4k75_B,/home/igem/unknown_software/datasets/propedia_formatted/propedia_4k75_B/propedia_4k75_B_protein_pocket.pdb,/home/igem/unknown_software/datasets/propedia_formatted/propedia_4k75_B/propedia_4k75_B_peptide.pdb,propedia
propedia_1rsu_P,/home/igem/unknown_software/datasets/propedia_formatted/propedia_1rsu_P/propedia_1rsu_P_protein_pocket.pdb,/home/igem/unknown_software/datasets/propedia_formatted/propedia_1rsu_P/propedia_1rsu_P_peptide.pdb,propedia
propedia_4udw_I,/home/igem/unknown_software/datasets/propedia_formatted/propedia_4udw_I/propedia_4udw_I_protein_pocket.pdb,/home/igem/unknown_software/datasets/propedia_formatted/propedia_4udw_I/propedia_4udw_I_peptide.pdb,propedia
propedia_3zir_B,/home/igem/unknown_software/datasets/propedia_formatted/propedia_3zir_B/propedia_3zir_B_protein_pocket.pdb,/home/igem/unknown_software/datasets/propedia_formatted/propedia_3zir_B/propedia_3zir_B_peptide.pdb,propedia
propedia_2npa_B,/home/igem/unknown_software/datasets/propedia_formatted/propedia_2npa_B/propedia_2npa_B_protein_pocket.pdb,/home/igem/unknown_software/datasets/propedia_formatted/propedia_2npa_B/propedia_2npa_B_peptide.pdb,propedia_long
propedia_6cpn_C,/home/igem/unknown_software/datasets/propedia_formatted/propedia_6cpn_C/propedia_6cpn_C_protein_pocket.pdb,/home/igem/unknown_software/datasets/propedia_formatted/propedia_6cpn_C/propedia_6cpn_C_peptide.pdb,propedia_long
propedia_3fn0_P,/home/igem/unknown_software/datasets/propedia_formatted/propedia_3fn0_P/propedia_3fn0_P_protein_pocket.pdb,/home/igem/unknown_software/datasets/propedia_formatted/propedia_3fn0_P/propedia_3fn0_P_peptide.pdb,propedia
propedia_2flu_P,/home/igem/unknown_software/datasets/propedia_formatted/propedia_2flu_P/propedia_2flu_P_protein_pocket.pdb,/home/igem/unknown_software/datasets/propedia_formatted/propedia_2flu_P/propedia_2flu_P_peptide.pdb,propedia_long
propedia_5az8_B,/home/igem/unknown_software/datasets/propedia_formatted/propedia_5az8_B/propedia_5az8_B_protein_pocket.pdb,/home/igem/unknown_software/datasets/propedia_formatted/propedia_5az8_B/propedia_5az8_B_peptide.pdb,propedia_long
propedia_1wby_C,/home/igem/unknown_software/datasets/propedia_formatted/propedia_1wby_C/propedia_1wby_C_protein_pocket.pdb,/home/igem/unknown_software/datasets/propedia_formatted/propedia_1wby_C/propedia_1wby_C_peptide.pdb,propedia
propedia_6h22_C,/home/igem/unknown_software/datasets/propedia_formatted/propedia_6h22_C/propedia_6h22_C_protein_pocket.pdb,/home/igem/unknown_software/datasets/propedia_formatted/propedia_6h22_C/propedia_6h22_C_peptide.pdb,propedia_long
propedia_3ayu_B,/home/igem/unknown_software/datasets/propedia_formatted/propedia_3ayu_B/propedia_3ayu_B_protein_pocket.pdb,/home/igem/unknown_software/datasets/propedia_formatted/propedia_3ayu_B/propedia_3ayu_B_peptide.pdb,propedia
propedia_5w2j_F,/home/igem/unknown_software/datasets/propedia_formatted/propedia_5w2j_F/propedia_5w2j_F_protein_pocket.pdb,/home/igem/unknown_software/datasets/propedia_formatted/propedia_5w2j_F/propedia_5w2j_F_peptide.pdb,propedia_long
propedia_4xc2_E,/home/igem/unknown_software/datasets/propedia_formatted/propedia_4xc2_E/propedia_4xc2_E_protein_pocket.pdb,/home/igem/unknown_software/datasets/propedia_formatted/propedia_4xc2_E/propedia_4xc2_E_peptide.pdb,propedia
propedia_1u95_C,/home/igem/unknown_software/datasets/propedia_formatted/propedia_1u95_C/propedia_1u95_C_protein_pocket.pdb,/home/igem/unknown_software/datasets/propedia_formatted/propedia_1u95_C/propedia_1u95_C_peptide.pdb,propedia
propedia_2rr4_B,/home/igem/unknown_software/datasets/propedia_formatted/propedia_2rr4_B/propedia_2rr4_B_protein_pocket.pdb,/home/igem/unknown_software/datasets/propedia_formatted/propedia_2rr4_B/propedia_2rr4_B_peptide.pdb,propedia
propedia_4mcy_C,/home/igem/unknown_software/datasets/propedia_formatted/propedia_4mcy_C/propedia_4mcy_C_protein_pocket.pdb,/home/igem/unknown_software/datasets/propedia_formatted/propedia_4mcy_C/propedia_4mcy_C_peptide.pdb,propedia_long
propedia_3mt6_1,/home/igem/unknown_software/datasets/propedia_formatted/propedia_3mt6_1/propedia_3mt6_1_protein_pocket.pdb,/home/igem/unknown_software/datasets/propedia_formatted/propedia_3mt6_1/propedia_3mt6_1_peptide.pdb,propedia
propedia_3m58_B,/home/igem/unknown_software/datasets/propedia_formatted/propedia_3m58_B/propedia_3m58_B_protein_pocket.pdb,/home/igem/unknown_software/datasets/propedia_formatted/propedia_3m58_B/propedia_3m58_B_peptide.pdb,propedia
propedia_4bve_B,/home/igem/unknown_software/datasets/propedia_formatted/propedia_4bve_B/propedia_4bve_B_protein_pocket.pdb,/home/igem/unknown_software/datasets/propedia_formatted/propedia_4bve_B/propedia_4bve_B_peptide.pdb,propedia
propedia_4v11_B,/home/igem/unknown_software/datasets/propedia_formatted/propedia_4v11_B/propedia_4v11_B_protein_pocket.pdb,/home/igem/unknown_software/datasets/propedia_formatted/propedia_4v11_B/propedia_4v11_B_peptide.pdb,propedia
propedia_5i3l_C,/home/igem/unknown_software/datasets/propedia_formatted/propedia_5i3l_C/propedia_5i3l_C_protein_pocket.pdb,/home/igem/unknown_software/datasets/propedia_formatted/propedia_5i3l_C/propedia_5i3l_C_peptide.pdb,propedia_long
propedia_1u8j_C,/home/igem/unknown_software/datasets/propedia_formatted/propedia_1u8j_C/propedia_1u8j_C_protein_pocket.pdb,/home/igem/unknown_software/datasets/propedia_formatted/propedia_1u8j_C/propedia_1u8j_C_peptide.pdb,propedia
propedia_2id4_C,/home/igem/unknown_software/datasets/propedia_formatted/propedia_2id4_C/propedia_2id4_C_protein_pocket.pdb,/home/igem/unknown_software/datasets/propedia_formatted/propedia_2id4_C/propedia_2id4_C_peptide.pdb,propedia
propedia_4gch_E,/home/igem/unknown_software/datasets/propedia_formatted/propedia_4gch_E/propedia_4gch_E_protein_pocket.pdb,/home/igem/unknown_software/datasets/propedia_formatted/propedia_4gch_E/propedia_4gch_E_peptide.pdb,propedia
propedia_1u8k_C,/home/igem/unknown_software/datasets/propedia_formatted/propedia_1u8k_C/propedia_1u8k_C_protein_pocket.pdb,/home/igem/unknown_software/datasets/propedia_formatted/propedia_1u8k_C/propedia_1u8k_C_peptide.pdb,propedia
propedia_1cmi_C,/home/igem/unknown_software/datasets/propedia_formatted/propedia_1cmi_C/propedia_1cmi_C_protein_pocket.pdb,/home/igem/unknown_software/datasets/propedia_formatted/propedia_1cmi_C/propedia_1cmi_C_peptide.pdb,propedia
propedia_3bo7_E,/home/igem/unknown_software/datasets/propedia_formatted/propedia_3bo7_E/propedia_3bo7_E_protein_pocket.pdb,/home/igem/unknown_software/datasets/propedia_formatted/propedia_3bo7_E/propedia_3bo7_E_peptide.pdb,propedia
propedia_1nln_B,/home/igem/unknown_software/datasets/propedia_formatted/propedia_1nln_B/propedia_1nln_B_protein_pocket.pdb,/home/igem/unknown_software/datasets/propedia_formatted/propedia_1nln_B/propedia_1nln_B_peptide.pdb,propedia
propedia_3r5j_E,/home/igem/unknown_software/datasets/propedia_formatted/propedia_3r5j_E/propedia_3r5j_E_protein_pocket.pdb,/home/igem/unknown_software/datasets/propedia_formatted/propedia_3r5j_E/propedia_3r5j_E_peptide.pdb,propedia
propedia_4lx2_B,/home/igem/unknown_software/datasets/propedia_formatted/propedia_4lx2_B/propedia_4lx2_B_protein_pocket.pdb,/home/igem/unknown_software/datasets/propedia_formatted/propedia_4lx2_B/propedia_4lx2_B_peptide.pdb,propedia
propedia_4z2p_C,/home/igem/unknown_software/datasets/propedia_formatted/propedia_4z2p_C/propedia_4z2p_C_protein_pocket.pdb,/home/igem/unknown_software/datasets/propedia_formatted/propedia_4z2p_C/propedia_4z2p_C_peptide.pdb,propedia
propedia_4gye_C,/home/igem/unknown_software/datasets/propedia_formatted/propedia_4gye_C/propedia_4gye_C_protein_pocket.pdb,/home/igem/unknown_software/datasets/propedia_formatted/propedia_4gye_C/propedia_4gye_C_peptide.pdb,propedia
propedia_3apr_I,/home/igem/unknown_software/datasets/propedia_formatted/propedia_3apr_I/propedia_3apr_I_protein_pocket.pdb,/home/igem/unknown_software/datasets/propedia_formatted/propedia_3apr_I/propedia_3apr_I_peptide.pdb,propedia
propedia_3qw5_B,/home/igem/unknown_software/datasets/propedia_formatted/propedia_3qw5_B/propedia_3qw5_B_protein_pocket.pdb,/home/igem/unknown_software/datasets/propedia_formatted/propedia_3qw5_B/propedia_3qw5_B_peptide.pdb,propedia
propedia_6j8f_A,/home/igem/unknown_software/datasets/propedia_formatted/propedia_6j8f_A/propedia_6j8f_A_protein_pocket.pdb,/home/igem/unknown_software/datasets/propedia_formatted/propedia_6j8f_A/propedia_6j8f_A_peptide.pdb,propedia_long
propedia_3rmn_I,/home/igem/unknown_software/datasets/propedia_formatted/propedia_3rmn_I/propedia_3rmn_I_protein_pocket.pdb,/home/igem/unknown_software/datasets/propedia_formatted/propedia_3rmn_I/propedia_3rmn_I_peptide.pdb,propedia
propedia_4n78_P,/home/igem/unknown_software/datasets/propedia_formatted/propedia_4n78_P/propedia_4n78_P_protein_pocket.pdb,/home/igem/unknown_software/datasets/propedia_formatted/propedia_4n78_P/propedia_4n78_P_peptide.pdb,propedia
propedia_2cf9_I,/home/igem/unknown_software/datasets/propedia_formatted/propedia_2cf9_I/propedia_2cf9_I_protein_pocket.pdb,/home/igem/unknown_software/datasets/propedia_formatted/propedia_2cf9_I/propedia_2cf9_I_peptide.pdb,propedia
propedia_2aph_C,/home/igem/unknown_software/datasets/propedia_formatted/propedia_2aph_C/propedia_2aph_C_protein_pocket.pdb,/home/igem/unknown_software/datasets/propedia_formatted/propedia_2aph_C/propedia_2aph_C_peptide.pdb,propedia
propedia_2rjf_B,/home/igem/unknown_software/datasets/propedia_formatted/propedia_2rjf_B/propedia_2rjf_B_protein_pocket.pdb,/home/igem/unknown_software/datasets/propedia_formatted/propedia_2rjf_B/propedia_2rjf_B_peptide.pdb,propedia
propedia_3twx_C,/home/igem/unknown_software/datasets/propedia_formatted/propedia_3twx_C/propedia_3twx_C_protein_pocket.pdb,/home/igem/unknown_software/datasets/propedia_formatted/propedia_3twx_C/propedia_3twx_C_peptide.pdb,propedia
propedia_4xbu_B,/home/igem/unknown_software/datasets/propedia_formatted/propedia_4xbu_B/propedia_4xbu_B_protein_pocket.pdb,/home/igem/unknown_software/datasets/propedia_formatted/propedia_4xbu_B/propedia_4xbu_B_peptide.pdb,propedia_long
propedia_2zo3_I,/home/igem/unknown_software/datasets/propedia_formatted/propedia_2zo3_I/propedia_2zo3_I_protein_pocket.pdb,/home/igem/unknown_software/datasets/propedia_formatted/propedia_2zo3_I/propedia_2zo3_I_peptide.pdb,propedia
propedia_4abj_B,/home/igem/unknown_software/datasets/propedia_formatted/propedia_4abj_B/propedia_4abj_B_protein_pocket.pdb,/home/igem/unknown_software/datasets/propedia_formatted/propedia_4abj_B/propedia_4abj_B_peptide.pdb,propedia
propedia_1tu3_F,/home/igem/unknown_software/datasets/propedia_formatted/propedia_1tu3_F/propedia_1tu3_F_protein_pocket.pdb,/home/igem/unknown_software/datasets/propedia_formatted/propedia_1tu3_F/propedia_1tu3_F_peptide.pdb,propedia_long
propedia_2ck0_P,/home/igem/unknown_software/datasets/propedia_formatted/propedia_2ck0_P/propedia_2ck0_P_protein_pocket.pdb,/home/igem/unknown_software/datasets/propedia_formatted/propedia_2ck0_P/propedia_2ck0_P_peptide.pdb,propedia
propedia_4oaj_B,/home/igem/unknown_software/datasets/propedia_formatted/propedia_4oaj_B/propedia_4oaj_B_protein_pocket.pdb,/home/igem/unknown_software/datasets/propedia_formatted/propedia_4oaj_B/propedia_4oaj_B_peptide.pdb,propedia
propedia_3t6r_D,/home/igem/unknown_software/datasets/propedia_formatted/propedia_3t6r_D/propedia_3t6r_D_protein_pocket.pdb,/home/igem/unknown_software/datasets/propedia_formatted/propedia_3t6r_D/propedia_3t6r_D_peptide.pdb,propedia
propedia_3ux0_P,/home/igem/unknown_software/datasets/propedia_formatted/propedia_3ux0_P/propedia_3ux0_P_protein_pocket.pdb,/home/igem/unknown_software/datasets/propedia_formatted/propedia_3ux0_P/propedia_3ux0_P_peptide.pdb,propedia
propedia_2jxc_B,/home/igem/unknown_software/datasets/propedia_formatted/propedia_2jxc_B/propedia_2jxc_B_protein_pocket.pdb,/home/igem/unknown_software/datasets/propedia_formatted/propedia_2jxc_B/propedia_2jxc_B_peptide.pdb,propedia_long
propedia_3u6b_C,/home/igem/unknown_software/datasets/propedia_formatted/propedia_3u6b_C/propedia_3u6b_C_protein_pocket.pdb,/home/igem/unknown_software/datasets/propedia_formatted/propedia_3u6b_C/propedia_3u6b_C_peptide.pdb,propedia
propedia_1ca0_A,/home/igem/unknown_software/datasets/propedia_formatted/propedia_1ca0_A/propedia_1ca0_A_protein_pocket.pdb,/home/igem/unknown_software/datasets/propedia_formatted/propedia_1ca0_A/propedia_1ca0_A_peptide.pdb,propedia
propedia_1nop_C,/home/igem/unknown_software/datasets/propedia_formatted/propedia_1nop_C/propedia_1nop_C_protein_pocket.pdb,/home/igem/unknown_software/datasets/propedia_formatted/propedia_1nop_C/propedia_1nop_C_peptide.pdb,propedia
propedia_1yvh_B,/home/igem/unknown_software/datasets/propedia_formatted/propedia_1yvh_B/propedia_1yvh_B_protein_pocket.pdb,/home/igem/unknown_software/datasets/propedia_formatted/propedia_1yvh_B/propedia_1yvh_B_peptide.pdb,propedia
propedia_3qn7_B,/home/igem/unknown_software/datasets/propedia_formatted/propedia_3qn7_B/propedia_3qn7_B_protein_pocket.pdb,/home/igem/unknown_software/datasets/propedia_formatted/propedia_3qn7_B/propedia_3qn7_B_peptide.pdb,propedia_long
propedia_4rh5_B,/home/igem/unknown_software/datasets/propedia_formatted/propedia_4rh5_B/propedia_4rh5_B_protein_pocket.pdb,/home/igem/unknown_software/datasets/propedia_formatted/propedia_4rh5_B/propedia_4rh5_B_peptide.pdb,propedia
propedia_2l3r_B,/home/igem/unknown_software/datasets/propedia_formatted/propedia_2l3r_B/propedia_2l3r_B_protein_pocket.pdb,/home/igem/unknown_software/datasets/propedia_formatted/propedia_2l3r_B/propedia_2l3r_B_peptide.pdb,propedia
propedia_2vlk_C,/home/igem/unknown_software/datasets/propedia_formatted/propedia_2vlk_C/propedia_2vlk_C_protein_pocket.pdb,/home/igem/unknown_software/datasets/propedia_formatted/propedia_2vlk_C/propedia_2vlk_C_peptide.pdb,propedia
propedia_3drq_C,/home/igem/unknown_software/datasets/propedia_formatted/propedia_3drq_C/propedia_3drq_C_protein_pocket.pdb,/home/igem/unknown_software/datasets/propedia_formatted/propedia_3drq_C/propedia_3drq_C_peptide.pdb,propedia
propedia_1e4w_P,/home/igem/unknown_software/datasets/propedia_formatted/propedia_1e4w_P/propedia_1e4w_P_protein_pocket.pdb,/home/igem/unknown_software/datasets/propedia_formatted/propedia_1e4w_P/propedia_1e4w_P_peptide.pdb,propedia
propedia_4jjm_E,/home/igem/unknown_software/datasets/propedia_formatted/propedia_4jjm_E/propedia_4jjm_E_protein_pocket.pdb,/home/igem/unknown_software/datasets/propedia_formatted/propedia_4jjm_E/propedia_4jjm_E_peptide.pdb,propedia
propedia_4prh_C,/home/igem/unknown_software/datasets/propedia_formatted/propedia_4prh_C/propedia_4prh_C_protein_pocket.pdb,/home/igem/unknown_software/datasets/propedia_formatted/propedia_4prh_C/propedia_4prh_C_peptide.pdb,propedia
propedia_4j84_C,/home/igem/unknown_software/datasets/propedia_formatted/propedia_4j84_C/propedia_4j84_C_protein_pocket.pdb,/home/igem/unknown_software/datasets/propedia_formatted/propedia_4j84_C/propedia_4j84_C_peptide.pdb,propedia
propedia_4cy3_D,/home/igem/unknown_software/datasets/propedia_formatted/propedia_4cy3_D/propedia_4cy3_D_protein_pocket.pdb,/home/igem/unknown_software/datasets/propedia_formatted/propedia_4cy3_D/propedia_4cy3_D_peptide.pdb,propedia
propedia_2ak4_C,/home/igem/unknown_software/datasets/propedia_formatted/propedia_2ak4_C/propedia_2ak4_C_protein_pocket.pdb,/home/igem/unknown_software/datasets/propedia_formatted/propedia_2ak4_C/propedia_2ak4_C_peptide.pdb,propedia_long
propedia_3oua_P,/home/igem/unknown_software/datasets/propedia_formatted/propedia_3oua_P/propedia_3oua_P_protein_pocket.pdb,/home/igem/unknown_software/datasets/propedia_formatted/propedia_3oua_P/propedia_3oua_P_peptide.pdb,propedia
propedia_4x3p_C,/home/igem/unknown_software/datasets/propedia_formatted/propedia_4x3p_C/propedia_4x3p_C_protein_pocket.pdb,/home/igem/unknown_software/datasets/propedia_formatted/propedia_4x3p_C/propedia_4x3p_C_peptide.pdb,propedia
propedia_3p1n_P,/home/igem/unknown_software/datasets/propedia_formatted/propedia_3p1n_P/propedia_3p1n_P_protein_pocket.pdb,/home/igem/unknown_software/datasets/propedia_formatted/propedia_3p1n_P/propedia_3p1n_P_peptide.pdb,propedia
propedia_2d5w_C,/home/igem/unknown_software/datasets/propedia_formatted/propedia_2d5w_C/propedia_2d5w_C_protein_pocket.pdb,/home/igem/unknown_software/datasets/propedia_formatted/propedia_2d5w_C/propedia_2d5w_C_peptide.pdb,propedia
propedia_3m53_B,/home/igem/unknown_software/datasets/propedia_formatted/propedia_3m53_B/propedia_3m53_B_protein_pocket.pdb,/home/igem/unknown_software/datasets/propedia_formatted/propedia_3m53_B/propedia_3m53_B_peptide.pdb,propedia
propedia_3wuw_C,/home/igem/unknown_software/datasets/propedia_formatted/propedia_3wuw_C/propedia_3wuw_C_protein_pocket.pdb,/home/igem/unknown_software/datasets/propedia_formatted/propedia_3wuw_C/propedia_3wuw_C_peptide.pdb,propedia
propedia_2mg5_B,/home/igem/unknown_software/datasets/propedia_formatted/propedia_2mg5_B/propedia_2mg5_B_protein_pocket.pdb,/home/igem/unknown_software/datasets/propedia_formatted/propedia_2mg5_B/propedia_2mg5_B_peptide.pdb,propedia_long
propedia_3ua7_E,/home/igem/unknown_software/datasets/propedia_formatted/propedia_3ua7_E/propedia_3ua7_E_protein_pocket.pdb,/home/igem/unknown_software/datasets/propedia_formatted/propedia_3ua7_E/propedia_3ua7_E_peptide.pdb,propedia
propedia_4obh_E,/home/igem/unknown_software/datasets/propedia_formatted/propedia_4obh_E/propedia_4obh_E_protein_pocket.pdb,/home/igem/unknown_software/datasets/propedia_formatted/propedia_4obh_E/propedia_4obh_E_peptide.pdb,propedia
propedia_1tg4_I,/home/igem/unknown_software/datasets/propedia_formatted/propedia_1tg4_I/propedia_1tg4_I_protein_pocket.pdb,/home/igem/unknown_software/datasets/propedia_formatted/propedia_1tg4_I/propedia_1tg4_I_peptide.pdb,propedia
propedia_4gq6_B,/home/igem/unknown_software/datasets/propedia_formatted/propedia_4gq6_B/propedia_4gq6_B_protein_pocket.pdb,/home/igem/unknown_software/datasets/propedia_formatted/propedia_4gq6_B/propedia_4gq6_B_peptide.pdb,propedia
propedia_1be9_B,/home/igem/unknown_software/datasets/propedia_formatted/propedia_1be9_B/propedia_1be9_B_protein_pocket.pdb,/home/igem/unknown_software/datasets/propedia_formatted/propedia_1be9_B/propedia_1be9_B_peptide.pdb,propedia
propedia_1aht_I,/home/igem/unknown_software/datasets/propedia_formatted/propedia_1aht_I/propedia_1aht_I_protein_pocket.pdb,/home/igem/unknown_software/datasets/propedia_formatted/propedia_1aht_I/propedia_1aht_I_peptide.pdb,propedia
propedia_1u93_C,/home/igem/unknown_software/datasets/propedia_formatted/propedia_1u93_C/propedia_1u93_C_protein_pocket.pdb,/home/igem/unknown_software/datasets/propedia_formatted/propedia_1u93_C/propedia_1u93_C_peptide.pdb,propedia
propedia_2p5b_I,/home/igem/unknown_software/datasets/propedia_formatted/propedia_2p5b_I/propedia_2p5b_I_protein_pocket.pdb,/home/igem/unknown_software/datasets/propedia_formatted/propedia_2p5b_I/propedia_2p5b_I_peptide.pdb,propedia_long
propedia_1zgx_B,/home/igem/unknown_software/datasets/propedia_formatted/propedia_1zgx_B/propedia_1zgx_B_protein_pocket.pdb,/home/igem/unknown_software/datasets/propedia_formatted/propedia_1zgx_B/propedia_1zgx_B_peptide.pdb,propedia_long
propedia_4nmr_C,/home/igem/unknown_software/datasets/propedia_formatted/propedia_4nmr_C/propedia_4nmr_C_protein_pocket.pdb,/home/igem/unknown_software/datasets/propedia_formatted/propedia_4nmr_C/propedia_4nmr_C_peptide.pdb,propedia
propedia_5aei_D,/home/igem/unknown_software/datasets/propedia_formatted/propedia_5aei_D/propedia_5aei_D_protein_pocket.pdb,/home/igem/unknown_software/datasets/propedia_formatted/propedia_5aei_D/propedia_5aei_D_peptide.pdb,propedia
propedia_3ap1_S,/home/igem/unknown_software/datasets/propedia_formatted/propedia_3ap1_S/propedia_3ap1_S_protein_pocket.pdb,/home/igem/unknown_software/datasets/propedia_formatted/propedia_3ap1_S/propedia_3ap1_S_peptide.pdb,propedia
propedia_5lxm_D,/home/igem/unknown_software/datasets/propedia_formatted/propedia_5lxm_D/propedia_5lxm_D_protein_pocket.pdb,/home/igem/unknown_software/datasets/propedia_formatted/propedia_5lxm_D/propedia_5lxm_D_peptide.pdb,propedia_long
propedia_3viv_C,/home/igem/unknown_software/datasets/propedia_formatted/propedia_3viv_C/propedia_3viv_C_protein_pocket.pdb,/home/igem/unknown_software/datasets/propedia_formatted/propedia_3viv_C/propedia_3viv_C_peptide.pdb,propedia
propedia_4o62_D,/home/igem/unknown_software/datasets/propedia_formatted/propedia_4o62_D/propedia_4o62_D_protein_pocket.pdb,/home/igem/unknown_software/datasets/propedia_formatted/propedia_4o62_D/propedia_4o62_D_peptide.pdb,propedia
propedia_4v3i_B,/home/igem/unknown_software/datasets/propedia_formatted/propedia_4v3i_B/propedia_4v3i_B_protein_pocket.pdb,/home/igem/unknown_software/datasets/propedia_formatted/propedia_4v3i_B/propedia_4v3i_B_peptide.pdb,propedia
propedia_4gus_B,/home/igem/unknown_software/datasets/propedia_formatted/propedia_4gus_B/propedia_4gus_B_protein_pocket.pdb,/home/igem/unknown_software/datasets/propedia_formatted/propedia_4gus_B/propedia_4gus_B_peptide.pdb,propedia
propedia_4l9p_C,/home/igem/unknown_software/datasets/propedia_formatted/propedia_4l9p_C/propedia_4l9p_C_protein_pocket.pdb,/home/igem/unknown_software/datasets/propedia_formatted/propedia_4l9p_C/propedia_4l9p_C_peptide.pdb,propedia
propedia_2hby_C,/home/igem/unknown_software/datasets/propedia_formatted/propedia_2hby_C/propedia_2hby_C_protein_pocket.pdb,/home/igem/unknown_software/datasets/propedia_formatted/propedia_2hby_C/propedia_2hby_C_peptide.pdb,propedia
propedia_5v3g_G,/home/igem/unknown_software/datasets/propedia_formatted/propedia_5v3g_G/propedia_5v3g_G_protein_pocket.pdb,/home/igem/unknown_software/datasets/propedia_formatted/propedia_5v3g_G/propedia_5v3g_G_peptide.pdb,propedia_long
propedia_1sza_Z,/home/igem/unknown_software/datasets/propedia_formatted/propedia_1sza_Z/propedia_1sza_Z_protein_pocket.pdb,/home/igem/unknown_software/datasets/propedia_formatted/propedia_1sza_Z/propedia_1sza_Z_peptide.pdb,propedia
propedia_1muj_C,/home/igem/unknown_software/datasets/propedia_formatted/propedia_1muj_C/propedia_1muj_C_protein_pocket.pdb,/home/igem/unknown_software/datasets/propedia_formatted/propedia_1muj_C/propedia_1muj_C_peptide.pdb,propedia_long
propedia_3boo_B,/home/igem/unknown_software/datasets/propedia_formatted/propedia_3boo_B/propedia_3boo_B_protein_pocket.pdb,/home/igem/unknown_software/datasets/propedia_formatted/propedia_3boo_B/propedia_3boo_B_peptide.pdb,propedia
propedia_2zda_I,/home/igem/unknown_software/datasets/propedia_formatted/propedia_2zda_I/propedia_2zda_I_protein_pocket.pdb,/home/igem/unknown_software/datasets/propedia_formatted/propedia_2zda_I/propedia_2zda_I_peptide.pdb,propedia
propedia_2vlk_C,/home/igem/unknown_software/datasets/propedia_formatted/propedia_2vlk_C/propedia_2vlk_C_protein_pocket.pdb,/home/igem/unknown_software/datasets/propedia_formatted/propedia_2vlk_C/propedia_2vlk_C_peptide.pdb,propedia
propedia_1xr0_A,/home/igem/unknown_software/datasets/propedia_formatted/propedia_1xr0_A/propedia_1xr0_A_protein_pocket.pdb,/home/igem/unknown_software/datasets/propedia_formatted/propedia_1xr0_A/propedia_1xr0_A_peptide.pdb,propedia_long
propedia_3spv_C,/home/igem/unknown_software/datasets/propedia_formatted/propedia_3spv_C/propedia_3spv_C_protein_pocket.pdb,/home/igem/unknown_software/datasets/propedia_formatted/propedia_3spv_C/propedia_3spv_C_peptide.pdb,propedia
propedia_2mc6_B,/home/igem/unknown_software/datasets/propedia_formatted/propedia_2mc6_B/propedia_2mc6_B_protein_pocket.pdb,/home/igem/unknown_software/datasets/propedia_formatted/propedia_2mc6_B/propedia_2mc6_B_peptide.pdb,propedia
propedia_2h59_D,/home/igem/unknown_software/datasets/propedia_formatted/propedia_2h59_D/propedia_2h59_D_protein_pocket.pdb,/home/igem/unknown_software/datasets/propedia_formatted/propedia_2h59_D/propedia_2h59_D_peptide.pdb,propedia
propedia_3rwg_C,/home/igem/unknown_software/datasets/propedia_formatted/propedia_3rwg_C/propedia_3rwg_C_protein_pocket.pdb,/home/igem/unknown_software/datasets/propedia_formatted/propedia_3rwg_C/propedia_3rwg_C_peptide.pdb,propedia
propedia_4o4y_A,/home/igem/unknown_software/datasets/propedia_formatted/propedia_4o4y_A/propedia_4o4y_A_protein_pocket.pdb,/home/igem/unknown_software/datasets/propedia_formatted/propedia_4o4y_A/propedia_4o4y_A_peptide.pdb,propedia
propedia_4fvt_B,/home/igem/unknown_software/datasets/propedia_formatted/propedia_4fvt_B/propedia_4fvt_B_protein_pocket.pdb,/home/igem/unknown_software/datasets/propedia_formatted/propedia_4fvt_B/propedia_4fvt_B_peptide.pdb,propedia
propedia_5xiu_A,/home/igem/unknown_software/datasets/propedia_formatted/propedia_5xiu_A/propedia_5xiu_A_protein_pocket.pdb,/home/igem/unknown_software/datasets/propedia_formatted/propedia_5xiu_A/propedia_5xiu_A_peptide.pdb,propedia_long
propedia_4apo_D,/home/igem/unknown_software/datasets/propedia_formatted/propedia_4apo_D/propedia_4apo_D_protein_pocket.pdb,/home/igem/unknown_software/datasets/propedia_formatted/propedia_4apo_D/propedia_4apo_D_peptide.pdb,propedia
propedia_3idi_C,/home/igem/unknown_software/datasets/propedia_formatted/propedia_3idi_C/propedia_3idi_C_protein_pocket.pdb,/home/igem/unknown_software/datasets/propedia_formatted/propedia_3idi_C/propedia_3idi_C_peptide.pdb,propedia
propedia_3zed_D,/home/igem/unknown_software/datasets/propedia_formatted/propedia_3zed_D/propedia_3zed_D_protein_pocket.pdb,/home/igem/unknown_software/datasets/propedia_formatted/propedia_3zed_D/propedia_3zed_D_peptide.pdb,propedia
propedia_4i51_C,/home/igem/unknown_software/datasets/propedia_formatted/propedia_4i51_C/propedia_4i51_C_protein_pocket.pdb,/home/igem/unknown_software/datasets/propedia_formatted/propedia_4i51_C/propedia_4i51_C_peptide.pdb,propedia
propedia_6biy_C,/home/igem/unknown_software/datasets/propedia_formatted/propedia_6biy_C/propedia_6biy_C_protein_pocket.pdb,/home/igem/unknown_software/datasets/propedia_formatted/propedia_6biy_C/propedia_6biy_C_peptide.pdb,propedia_long
propedia_1url_B,/home/igem/unknown_software/datasets/propedia_formatted/propedia_1url_B/propedia_1url_B_protein_pocket.pdb,/home/igem/unknown_software/datasets/propedia_formatted/propedia_1url_B/propedia_1url_B_peptide.pdb,propedia
propedia_4mzk_T,/home/igem/unknown_software/datasets/propedia_formatted/propedia_4mzk_T/propedia_4mzk_T_protein_pocket.pdb,/home/igem/unknown_software/datasets/propedia_formatted/propedia_4mzk_T/propedia_4mzk_T_peptide.pdb,propedia_long
propedia_3avg_D,/home/igem/unknown_software/datasets/propedia_formatted/propedia_3avg_D/propedia_3avg_D_protein_pocket.pdb,/home/igem/unknown_software/datasets/propedia_formatted/propedia_3avg_D/propedia_3avg_D_peptide.pdb,propedia
propedia_4ehf_B,/home/igem/unknown_software/datasets/propedia_formatted/propedia_4ehf_B/propedia_4ehf_B_protein_pocket.pdb,/home/igem/unknown_software/datasets/propedia_formatted/propedia_4ehf_B/propedia_4ehf_B_peptide.pdb,propedia
propedia_3rz9_B,/home/igem/unknown_software/datasets/propedia_formatted/propedia_3rz9_B/propedia_3rz9_B_protein_pocket.pdb,/home/igem/unknown_software/datasets/propedia_formatted/propedia_3rz9_B/propedia_3rz9_B_peptide.pdb,propedia
propedia_1gj4_I,/home/igem/unknown_software/datasets/propedia_formatted/propedia_1gj4_I/propedia_1gj4_I_protein_pocket.pdb,/home/igem/unknown_software/datasets/propedia_formatted/propedia_1gj4_I/propedia_1gj4_I_peptide.pdb,propedia
propedia_5wrv_A,/home/igem/unknown_software/datasets/propedia_formatted/propedia_5wrv_A/propedia_5wrv_A_protein_pocket.pdb,/home/igem/unknown_software/datasets/propedia_formatted/propedia_5wrv_A/propedia_5wrv_A_peptide.pdb,propedia_long
propedia_4ojf_A,/home/igem/unknown_software/datasets/propedia_formatted/propedia_4ojf_A/propedia_4ojf_A_protein_pocket.pdb,/home/igem/unknown_software/datasets/propedia_formatted/propedia_4ojf_A/propedia_4ojf_A_peptide.pdb,propedia
propedia_4ux9_F,/home/igem/unknown_software/datasets/propedia_formatted/propedia_4ux9_F/propedia_4ux9_F_protein_pocket.pdb,/home/igem/unknown_software/datasets/propedia_formatted/propedia_4ux9_F/propedia_4ux9_F_peptide.pdb,propedia
propedia_5xbo_B,/home/igem/unknown_software/datasets/propedia_formatted/propedia_5xbo_B/propedia_5xbo_B_protein_pocket.pdb,/home/igem/unknown_software/datasets/propedia_formatted/propedia_5xbo_B/propedia_5xbo_B_peptide.pdb,propedia_long
propedia_2vif_P,/home/igem/unknown_software/datasets/propedia_formatted/propedia_2vif_P/propedia_2vif_P_protein_pocket.pdb,/home/igem/unknown_software/datasets/propedia_formatted/propedia_2vif_P/propedia_2vif_P_peptide.pdb,propedia
propedia_4ifi_B,/home/igem/unknown_software/datasets/propedia_formatted/propedia_4ifi_B/propedia_4ifi_B_protein_pocket.pdb,/home/igem/unknown_software/datasets/propedia_formatted/propedia_4ifi_B/propedia_4ifi_B_peptide.pdb,propedia
propedia_5vk0_B,/home/igem/unknown_software/datasets/propedia_formatted/propedia_5vk0_B/propedia_5vk0_B_protein_pocket.pdb,/home/igem/unknown_software/datasets/propedia_formatted/propedia_5vk0_B/propedia_5vk0_B_peptide.pdb,propedia_long
propedia_4oih_B,/home/igem/unknown_software/datasets/propedia_formatted/propedia_4oih_B/propedia_4oih_B_protein_pocket.pdb,/home/igem/unknown_software/datasets/propedia_formatted/propedia_4oih_B/propedia_4oih_B_peptide.pdb,propedia_long
propedia_2n4q_A,/home/igem/unknown_software/datasets/propedia_formatted/propedia_2n4q_A/propedia_2n4q_A_protein_pocket.pdb,/home/igem/unknown_software/datasets/propedia_formatted/propedia_2n4q_A/propedia_2n4q_A_peptide.pdb,propedia_long
propedia_3mn7_S,/home/igem/unknown_software/datasets/propedia_formatted/propedia_3mn7_S/propedia_3mn7_S_protein_pocket.pdb,/home/igem/unknown_software/datasets/propedia_formatted/propedia_3mn7_S/propedia_3mn7_S_peptide.pdb,propedia_long
propedia_1h25_E,/home/igem/unknown_software/datasets/propedia_formatted/propedia_1h25_E/propedia_1h25_E_protein_pocket.pdb,/home/igem/unknown_software/datasets/propedia_formatted/propedia_1h25_E/propedia_1h25_E_peptide.pdb,propedia
propedia_5xxe_C,/home/igem/unknown_software/datasets/propedia_formatted/propedia_5xxe_C/propedia_5xxe_C_protein_pocket.pdb,/home/igem/unknown_software/datasets/propedia_formatted/propedia_5xxe_C/propedia_5xxe_C_peptide.pdb,propedia_long
propedia_4nu8_A,/home/igem/unknown_software/datasets/propedia_formatted/propedia_4nu8_A/propedia_4nu8_A_protein_pocket.pdb,/home/igem/unknown_software/datasets/propedia_formatted/propedia_4nu8_A/propedia_4nu8_A_peptide.pdb,propedia
propedia_2bnr_C,/home/igem/unknown_software/datasets/propedia_formatted/propedia_2bnr_C/propedia_2bnr_C_protein_pocket.pdb,/home/igem/unknown_software/datasets/propedia_formatted/propedia_2bnr_C/propedia_2bnr_C_peptide.pdb,propedia
propedia_2bss_C,/home/igem/unknown_software/datasets/propedia_formatted/propedia_2bss_C/propedia_2bss_C_protein_pocket.pdb,/home/igem/unknown_software/datasets/propedia_formatted/propedia_2bss_C/propedia_2bss_C_peptide.pdb,propedia
propedia_4zuh_C,/home/igem/unknown_software/datasets/propedia_formatted/propedia_4zuh_C/propedia_4zuh_C_protein_pocket.pdb,/home/igem/unknown_software/datasets/propedia_formatted/propedia_4zuh_C/propedia_4zuh_C_peptide.pdb,propedia
propedia_5c0j_C,/home/igem/unknown_software/datasets/propedia_formatted/propedia_5c0j_C/propedia_5c0j_C_protein_pocket.pdb,/home/igem/unknown_software/datasets/propedia_formatted/propedia_5c0j_C/propedia_5c0j_C_peptide.pdb,propedia
propedia_2i04_C,/home/igem/unknown_software/datasets/propedia_formatted/propedia_2i04_C/propedia_2i04_C_protein_pocket.pdb,/home/igem/unknown_software/datasets/propedia_formatted/propedia_2i04_C/propedia_2i04_C_peptide.pdb,propedia
propedia_3oxr_C,/home/igem/unknown_software/datasets/propedia_formatted/propedia_3oxr_C/propedia_3oxr_C_protein_pocket.pdb,/home/igem/unknown_software/datasets/propedia_formatted/propedia_3oxr_C/propedia_3oxr_C_peptide.pdb,propedia
propedia_6bix_C,/home/igem/unknown_software/datasets/propedia_formatted/propedia_6bix_C/propedia_6bix_C_protein_pocket.pdb,/home/igem/unknown_software/datasets/propedia_formatted/propedia_6bix_C/propedia_6bix_C_peptide.pdb,propedia_long
propedia_2gv2_B,/home/igem/unknown_software/datasets/propedia_formatted/propedia_2gv2_B/propedia_2gv2_B_protein_pocket.pdb,/home/igem/unknown_software/datasets/propedia_formatted/propedia_2gv2_B/propedia_2gv2_B_peptide.pdb,propedia
propedia_4hrg_C,/home/igem/unknown_software/datasets/propedia_formatted/propedia_4hrg_C/propedia_4hrg_C_protein_pocket.pdb,/home/igem/unknown_software/datasets/propedia_formatted/propedia_4hrg_C/propedia_4hrg_C_peptide.pdb,propedia
propedia_3prk_I,/home/igem/unknown_software/datasets/propedia_formatted/propedia_3prk_I/propedia_3prk_I_protein_pocket.pdb,/home/igem/unknown_software/datasets/propedia_formatted/propedia_3prk_I/propedia_3prk_I_peptide.pdb,propedia
propedia_1fzk_P,/home/igem/unknown_software/datasets/propedia_formatted/propedia_1fzk_P/propedia_1fzk_P_protein_pocket.pdb,/home/igem/unknown_software/datasets/propedia_formatted/propedia_1fzk_P/propedia_1fzk_P_peptide.pdb,propedia
propedia_4k6y_C,/home/igem/unknown_software/datasets/propedia_formatted/propedia_4k6y_C/propedia_4k6y_C_protein_pocket.pdb,/home/igem/unknown_software/datasets/propedia_formatted/propedia_4k6y_C/propedia_4k6y_C_peptide.pdb,propedia
propedia_4f7p_C,/home/igem/unknown_software/datasets/propedia_formatted/propedia_4f7p_C/propedia_4f7p_C_protein_pocket.pdb,/home/igem/unknown_software/datasets/propedia_formatted/propedia_4f7p_C/propedia_4f7p_C_peptide.pdb,propedia
propedia_4um9_E,/home/igem/unknown_software/datasets/propedia_formatted/propedia_4um9_E/propedia_4um9_E_protein_pocket.pdb,/home/igem/unknown_software/datasets/propedia_formatted/propedia_4um9_E/propedia_4um9_E_peptide.pdb,propedia
propedia_4jo1_P,/home/igem/unknown_software/datasets/propedia_formatted/propedia_4jo1_P/propedia_4jo1_P_protein_pocket.pdb,/home/igem/unknown_software/datasets/propedia_formatted/propedia_4jo1_P/propedia_4jo1_P_peptide.pdb,propedia
propedia_3hat_I,/home/igem/unknown_software/datasets/propedia_formatted/propedia_3hat_I/propedia_3hat_I_protein_pocket.pdb,/home/igem/unknown_software/datasets/propedia_formatted/propedia_3hat_I/propedia_3hat_I_peptide.pdb,propedia
propedia_3kyo_P,/home/igem/unknown_software/datasets/propedia_formatted/propedia_3kyo_P/propedia_3kyo_P_protein_pocket.pdb,/home/igem/unknown_software/datasets/propedia_formatted/propedia_3kyo_P/propedia_3kyo_P_peptide.pdb,propedia
propedia_6dnq_A,/home/igem/unknown_software/datasets/propedia_formatted/propedia_6dnq_A/propedia_6dnq_A_protein_pocket.pdb,/home/igem/unknown_software/datasets/propedia_formatted/propedia_6dnq_A/propedia_6dnq_A_peptide.pdb,propedia_long
propedia_4k76_E,/home/igem/unknown_software/datasets/propedia_formatted/propedia_4k76_E/propedia_4k76_E_protein_pocket.pdb,/home/igem/unknown_software/datasets/propedia_formatted/propedia_4k76_E/propedia_4k76_E_peptide.pdb,propedia
propedia_3oud_P,/home/igem/unknown_software/datasets/propedia_formatted/propedia_3oud_P/propedia_3oud_P_protein_pocket.pdb,/home/igem/unknown_software/datasets/propedia_formatted/propedia_3oud_P/propedia_3oud_P_peptide.pdb,propedia
propedia_2h6k_C,/home/igem/unknown_software/datasets/propedia_formatted/propedia_2h6k_C/propedia_2h6k_C_protein_pocket.pdb,/home/igem/unknown_software/datasets/propedia_formatted/propedia_2h6k_C/propedia_2h6k_C_peptide.pdb,propedia
propedia_3vri_C,/home/igem/unknown_software/datasets/propedia_formatted/propedia_3vri_C/propedia_3vri_C_protein_pocket.pdb,/home/igem/unknown_software/datasets/propedia_formatted/propedia_3vri_C/propedia_3vri_C_peptide.pdb,propedia
propedia_1wbx_C,/home/igem/unknown_software/datasets/propedia_formatted/propedia_1wbx_C/propedia_1wbx_C_protein_pocket.pdb,/home/igem/unknown_software/datasets/propedia_formatted/propedia_1wbx_C/propedia_1wbx_C_peptide.pdb,propedia
propedia_1jmt_B,/home/igem/unknown_software/datasets/propedia_formatted/propedia_1jmt_B/propedia_1jmt_B_protein_pocket.pdb,/home/igem/unknown_software/datasets/propedia_formatted/propedia_1jmt_B/propedia_1jmt_B_peptide.pdb,propedia_long
propedia_4ueh_I,/home/igem/unknown_software/datasets/propedia_formatted/propedia_4ueh_I/propedia_4ueh_I_protein_pocket.pdb,/home/igem/unknown_software/datasets/propedia_formatted/propedia_4ueh_I/propedia_4ueh_I_peptide.pdb,propedia
propedia_1xdh_C,/home/igem/unknown_software/datasets/propedia_formatted/propedia_1xdh_C/propedia_1xdh_C_protein_pocket.pdb,/home/igem/unknown_software/datasets/propedia_formatted/propedia_1xdh_C/propedia_1xdh_C_peptide.pdb,propedia
propedia_5m9d_B,/home/igem/unknown_software/datasets/propedia_formatted/propedia_5m9d_B/propedia_5m9d_B_protein_pocket.pdb,/home/igem/unknown_software/datasets/propedia_formatted/propedia_5m9d_B/propedia_5m9d_B_peptide.pdb,propedia_long
propedia_1a2x_B,/home/igem/unknown_software/datasets/propedia_formatted/propedia_1a2x_B/propedia_1a2x_B_protein_pocket.pdb,/home/igem/unknown_software/datasets/propedia_formatted/propedia_1a2x_B/propedia_1a2x_B_peptide.pdb,propedia_long
propedia_3o3d_C,/home/igem/unknown_software/datasets/propedia_formatted/propedia_3o3d_C/propedia_3o3d_C_protein_pocket.pdb,/home/igem/unknown_software/datasets/propedia_formatted/propedia_3o3d_C/propedia_3o3d_C_peptide.pdb,propedia
propedia_1tet_P,/home/igem/unknown_software/datasets/propedia_formatted/propedia_1tet_P/propedia_1tet_P_protein_pocket.pdb,/home/igem/unknown_software/datasets/propedia_formatted/propedia_1tet_P/propedia_1tet_P_peptide.pdb,propedia
propedia_4tr9_E,/home/igem/unknown_software/datasets/propedia_formatted/propedia_4tr9_E/propedia_4tr9_E_protein_pocket.pdb,/home/igem/unknown_software/datasets/propedia_formatted/propedia_4tr9_E/propedia_4tr9_E_peptide.pdb,propedia
propedia_1qmz_E,/home/igem/unknown_software/datasets/propedia_formatted/propedia_1qmz_E/propedia_1qmz_E_protein_pocket.pdb,/home/igem/unknown_software/datasets/propedia_formatted/propedia_1qmz_E/propedia_1qmz_E_peptide.pdb,propedia
propedia_1umw_E,/home/igem/unknown_software/datasets/propedia_formatted/propedia_1umw_E/propedia_1umw_E_protein_pocket.pdb,/home/igem/unknown_software/datasets/propedia_formatted/propedia_1umw_E/propedia_1umw_E_peptide.pdb,propedia
propedia_2zpk_P,/home/igem/unknown_software/datasets/propedia_formatted/propedia_2zpk_P/propedia_2zpk_P_protein_pocket.pdb,/home/igem/unknown_software/datasets/propedia_formatted/propedia_2zpk_P/propedia_2zpk_P_peptide.pdb,propedia
propedia_4jzn_K,/home/igem/unknown_software/datasets/propedia_formatted/propedia_4jzn_K/propedia_4jzn_K_protein_pocket.pdb,/home/igem/unknown_software/datasets/propedia_formatted/propedia_4jzn_K/propedia_4jzn_K_peptide.pdb,propedia
propedia_2zvw_I,/home/igem/unknown_software/datasets/propedia_formatted/propedia_2zvw_I/propedia_2zvw_I_protein_pocket.pdb,/home/igem/unknown_software/datasets/propedia_formatted/propedia_2zvw_I/propedia_2zvw_I_peptide.pdb,propedia
propedia_5c07_C,/home/igem/unknown_software/datasets/propedia_formatted/propedia_5c07_C/propedia_5c07_C_protein_pocket.pdb,/home/igem/unknown_software/datasets/propedia_formatted/propedia_5c07_C/propedia_5c07_C_peptide.pdb,propedia
propedia_1f7a_P,/home/igem/unknown_software/datasets/propedia_formatted/propedia_1f7a_P/propedia_1f7a_P_protein_pocket.pdb,/home/igem/unknown_software/datasets/propedia_formatted/propedia_1f7a_P/propedia_1f7a_P_peptide.pdb,propedia
propedia_4jo2_P,/home/igem/unknown_software/datasets/propedia_formatted/propedia_4jo2_P/propedia_4jo2_P_protein_pocket.pdb,/home/igem/unknown_software/datasets/propedia_formatted/propedia_4jo2_P/propedia_4jo2_P_peptide.pdb,propedia
propedia_3u0t_E,/home/igem/unknown_software/datasets/propedia_formatted/propedia_3u0t_E/propedia_3u0t_E_protein_pocket.pdb,/home/igem/unknown_software/datasets/propedia_formatted/propedia_3u0t_E/propedia_3u0t_E_peptide.pdb,propedia
propedia_3sm1_J,/home/igem/unknown_software/datasets/propedia_formatted/propedia_3sm1_J/propedia_3sm1_J_protein_pocket.pdb,/home/igem/unknown_software/datasets/propedia_formatted/propedia_3sm1_J/propedia_3sm1_J_peptide.pdb,propedia
propedia_4jr0_C,/home/igem/unknown_software/datasets/propedia_formatted/propedia_4jr0_C/propedia_4jr0_C_protein_pocket.pdb,/home/igem/unknown_software/datasets/propedia_formatted/propedia_4jr0_C/propedia_4jr0_C_peptide.pdb,propedia
propedia_5ah2_E,/home/igem/unknown_software/datasets/propedia_formatted/propedia_5ah2_E/propedia_5ah2_E_protein_pocket.pdb,/home/igem/unknown_software/datasets/propedia_formatted/propedia_5ah2_E/propedia_5ah2_E_peptide.pdb,propedia
propedia_1j4l_P,/home/igem/unknown_software/datasets/propedia_formatted/propedia_1j4l_P/propedia_1j4l_P_protein_pocket.pdb,/home/igem/unknown_software/datasets/propedia_formatted/propedia_1j4l_P/propedia_1j4l_P_peptide.pdb,propedia
propedia_2pye_C,/home/igem/unknown_software/datasets/propedia_formatted/propedia_2pye_C/propedia_2pye_C_protein_pocket.pdb,/home/igem/unknown_software/datasets/propedia_formatted/propedia_2pye_C/propedia_2pye_C_peptide.pdb,propedia
propedia_5c0b_C,/home/igem/unknown_software/datasets/propedia_formatted/propedia_5c0b_C/propedia_5c0b_C_protein_pocket.pdb,/home/igem/unknown_software/datasets/propedia_formatted/propedia_5c0b_C/propedia_5c0b_C_peptide.pdb,propedia
propedia_3vxm_C,/home/igem/unknown_software/datasets/propedia_formatted/propedia_3vxm_C/propedia_3vxm_C_protein_pocket.pdb,/home/igem/unknown_software/datasets/propedia_formatted/propedia_3vxm_C/propedia_3vxm_C_peptide.pdb,propedia
propedia_4b3b_C,/home/igem/unknown_software/datasets/propedia_formatted/propedia_4b3b_C/propedia_4b3b_C_protein_pocket.pdb,/home/igem/unknown_software/datasets/propedia_formatted/propedia_4b3b_C/propedia_4b3b_C_peptide.pdb,propedia
propedia_4nql_C,/home/igem/unknown_software/datasets/propedia_formatted/propedia_4nql_C/propedia_4nql_C_protein_pocket.pdb,/home/igem/unknown_software/datasets/propedia_formatted/propedia_4nql_C/propedia_4nql_C_peptide.pdb,propedia_long
propedia_2foo_B,/home/igem/unknown_software/datasets/propedia_formatted/propedia_2foo_B/propedia_2foo_B_protein_pocket.pdb,/home/igem/unknown_software/datasets/propedia_formatted/propedia_2foo_B/propedia_2foo_B_peptide.pdb,propedia
propedia_2mnu_B,/home/igem/unknown_software/datasets/propedia_formatted/propedia_2mnu_B/propedia_2mnu_B_protein_pocket.pdb,/home/igem/unknown_software/datasets/propedia_formatted/propedia_2mnu_B/propedia_2mnu_B_peptide.pdb,propedia_long
propedia_6c0a_B,/home/igem/unknown_software/datasets/propedia_formatted/propedia_6c0a_B/propedia_6c0a_B_protein_pocket.pdb,/home/igem/unknown_software/datasets/propedia_formatted/propedia_6c0a_B/propedia_6c0a_B_peptide.pdb,propedia_long
propedia_3bo7_E,/home/igem/unknown_software/datasets/propedia_formatted/propedia_3bo7_E/propedia_3bo7_E_protein_pocket.pdb,/home/igem/unknown_software/datasets/propedia_formatted/propedia_3bo7_E/propedia_3bo7_E_peptide.pdb,propedia
propedia_4u1p_B,/home/igem/unknown_software/datasets/propedia_formatted/propedia_4u1p_B/propedia_4u1p_B_protein_pocket.pdb,/home/igem/unknown_software/datasets/propedia_formatted/propedia_4u1p_B/propedia_4u1p_B_peptide.pdb,propedia
propedia_2jgc_B,/home/igem/unknown_software/datasets/propedia_formatted/propedia_2jgc_B/propedia_2jgc_B_protein_pocket.pdb,/home/igem/unknown_software/datasets/propedia_formatted/propedia_2jgc_B/propedia_2jgc_B_peptide.pdb,propedia_long
propedia_5af9_I,/home/igem/unknown_software/datasets/propedia_formatted/propedia_5af9_I/propedia_5af9_I_protein_pocket.pdb,/home/igem/unknown_software/datasets/propedia_formatted/propedia_5af9_I/propedia_5af9_I_peptide.pdb,propedia
propedia_3b6s_C,/home/igem/unknown_software/datasets/propedia_formatted/propedia_3b6s_C/propedia_3b6s_C_protein_pocket.pdb,/home/igem/unknown_software/datasets/propedia_formatted/propedia_3b6s_C/propedia_3b6s_C_peptide.pdb,propedia
propedia_3u3d_B,/home/igem/unknown_software/datasets/propedia_formatted/propedia_3u3d_B/propedia_3u3d_B_protein_pocket.pdb,/home/igem/unknown_software/datasets/propedia_formatted/propedia_3u3d_B/propedia_3u3d_B_peptide.pdb,propedia
propedia_1kc2_B,/home/igem/unknown_software/datasets/propedia_formatted/propedia_1kc2_B/propedia_1kc2_B_protein_pocket.pdb,/home/igem/unknown_software/datasets/propedia_formatted/propedia_1kc2_B/propedia_1kc2_B_peptide.pdb,propedia
propedia_3ktp_B,/home/igem/unknown_software/datasets/propedia_formatted/propedia_3ktp_B/propedia_3ktp_B_protein_pocket.pdb,/home/igem/unknown_software/datasets/propedia_formatted/propedia_3ktp_B/propedia_3ktp_B_peptide.pdb,propedia_long
propedia_2q6g_C,/home/igem/unknown_software/datasets/propedia_formatted/propedia_2q6g_C/propedia_2q6g_C_protein_pocket.pdb,/home/igem/unknown_software/datasets/propedia_formatted/propedia_2q6g_C/propedia_2q6g_C_peptide.pdb,propedia
propedia_4h3h_F,/home/igem/unknown_software/datasets/propedia_formatted/propedia_4h3h_F/propedia_4h3h_F_protein_pocket.pdb,/home/igem/unknown_software/datasets/propedia_formatted/propedia_4h3h_F/propedia_4h3h_F_peptide.pdb,propedia
propedia_3qhr_J,/home/igem/unknown_software/datasets/propedia_formatted/propedia_3qhr_J/propedia_3qhr_J_protein_pocket.pdb,/home/igem/unknown_software/datasets/propedia_formatted/propedia_3qhr_J/propedia_3qhr_J_peptide.pdb,propedia
propedia_3gct_B,/home/igem/unknown_software/datasets/propedia_formatted/propedia_3gct_B/propedia_3gct_B_protein_pocket.pdb,/home/igem/unknown_software/datasets/propedia_formatted/propedia_3gct_B/propedia_3gct_B_peptide.pdb,propedia
propedia_2p1l_B,/home/igem/unknown_software/datasets/propedia_formatted/propedia_2p1l_B/propedia_2p1l_B_protein_pocket.pdb,/home/igem/unknown_software/datasets/propedia_formatted/propedia_2p1l_B/propedia_2p1l_B_peptide.pdb,propedia_long
propedia_1wbz_P,/home/igem/unknown_software/datasets/propedia_formatted/propedia_1wbz_P/propedia_1wbz_P_protein_pocket.pdb,/home/igem/unknown_software/datasets/propedia_formatted/propedia_1wbz_P/propedia_1wbz_P_peptide.pdb,propedia
propedia_4hon_F,/home/igem/unknown_software/datasets/propedia_formatted/propedia_4hon_F/propedia_4hon_F_protein_pocket.pdb,/home/igem/unknown_software/datasets/propedia_formatted/propedia_4hon_F/propedia_4hon_F_peptide.pdb,propedia
propedia_1h3h_B,/home/igem/unknown_software/datasets/propedia_formatted/propedia_1h3h_B/propedia_1h3h_B_protein_pocket.pdb,/home/igem/unknown_software/datasets/propedia_formatted/propedia_1h3h_B/propedia_1h3h_B_peptide.pdb,propedia
propedia_3eys_Q,/home/igem/unknown_software/datasets/propedia_formatted/propedia_3eys_Q/propedia_3eys_Q_protein_pocket.pdb,/home/igem/unknown_software/datasets/propedia_formatted/propedia_3eys_Q/propedia_3eys_Q_peptide.pdb,propedia
propedia_4nms_C,/home/igem/unknown_software/datasets/propedia_formatted/propedia_4nms_C/propedia_4nms_C_protein_pocket.pdb,/home/igem/unknown_software/datasets/propedia_formatted/propedia_4nms_C/propedia_4nms_C_peptide.pdb,propedia
propedia_1cf0_C,/home/igem/unknown_software/datasets/propedia_formatted/propedia_1cf0_C/propedia_1cf0_C_protein_pocket.pdb,/home/igem/unknown_software/datasets/propedia_formatted/propedia_1cf0_C/propedia_1cf0_C_peptide.pdb,propedia
propedia_4e0r_C,/home/igem/unknown_software/datasets/propedia_formatted/propedia_4e0r_C/propedia_4e0r_C_protein_pocket.pdb,/home/igem/unknown_software/datasets/propedia_formatted/propedia_4e0r_C/propedia_4e0r_C_peptide.pdb,propedia
propedia_1kc5_P,/home/igem/unknown_software/datasets/propedia_formatted/propedia_1kc5_P/propedia_1kc5_P_protein_pocket.pdb,/home/igem/unknown_software/datasets/propedia_formatted/propedia_1kc5_P/propedia_1kc5_P_peptide.pdb,propedia
propedia_3er5_I,/home/igem/unknown_software/datasets/propedia_formatted/propedia_3er5_I/propedia_3er5_I_protein_pocket.pdb,/home/igem/unknown_software/datasets/propedia_formatted/propedia_3er5_I/propedia_3er5_I_peptide.pdb,propedia
propedia_3tm7_A,/home/igem/unknown_software/datasets/propedia_formatted/propedia_3tm7_A/propedia_3tm7_A_protein_pocket.pdb,/home/igem/unknown_software/datasets/propedia_formatted/propedia_3tm7_A/propedia_3tm7_A_peptide.pdb,propedia_long
propedia_2gmt_A,/home/igem/unknown_software/datasets/propedia_formatted/propedia_2gmt_A/propedia_2gmt_A_protein_pocket.pdb,/home/igem/unknown_software/datasets/propedia_formatted/propedia_2gmt_A/propedia_2gmt_A_peptide.pdb,propedia
propedia_4l1u_G,/home/igem/unknown_software/datasets/propedia_formatted/propedia_4l1u_G/propedia_4l1u_G_protein_pocket.pdb,/home/igem/unknown_software/datasets/propedia_formatted/propedia_4l1u_G/propedia_4l1u_G_peptide.pdb,propedia
propedia_3rm2_I,/home/igem/unknown_software/datasets/propedia_formatted/propedia_3rm2_I/propedia_3rm2_I_protein_pocket.pdb,/home/igem/unknown_software/datasets/propedia_formatted/propedia_3rm2_I/propedia_3rm2_I_peptide.pdb,propedia
propedia_1ca9_G,/home/igem/unknown_software/datasets/propedia_formatted/propedia_1ca9_G/propedia_1ca9_G_protein_pocket.pdb,/home/igem/unknown_software/datasets/propedia_formatted/propedia_1ca9_G/propedia_1ca9_G_peptide.pdb,propedia
propedia_4wvj_D,/home/igem/unknown_software/datasets/propedia_formatted/propedia_4wvj_D/propedia_4wvj_D_protein_pocket.pdb,/home/igem/unknown_software/datasets/propedia_formatted/propedia_4wvj_D/propedia_4wvj_D_peptide.pdb,propedia_long
propedia_1vwo_P,/home/igem/unknown_software/datasets/propedia_formatted/propedia_1vwo_P/propedia_1vwo_P_protein_pocket.pdb,/home/igem/unknown_software/datasets/propedia_formatted/propedia_1vwo_P/propedia_1vwo_P_peptide.pdb,propedia
propedia_3mgo_C,/home/igem/unknown_software/datasets/propedia_formatted/propedia_3mgo_C/propedia_3mgo_C_protein_pocket.pdb,/home/igem/unknown_software/datasets/propedia_formatted/propedia_3mgo_C/propedia_3mgo_C_peptide.pdb,propedia
propedia_4wht_a,/home/igem/unknown_software/datasets/propedia_formatted/propedia_4wht_a/propedia_4wht_a_protein_pocket.pdb,/home/igem/unknown_software/datasets/propedia_formatted/propedia_4wht_a/propedia_4wht_a_peptide.pdb,propedia
propedia_4qa7_B,/home/igem/unknown_software/datasets/propedia_formatted/propedia_4qa7_B/propedia_4qa7_B_protein_pocket.pdb,/home/igem/unknown_software/datasets/propedia_formatted/propedia_4qa7_B/propedia_4qa7_B_peptide.pdb,propedia
propedia_5c13_D,/home/igem/unknown_software/datasets/propedia_formatted/propedia_5c13_D/propedia_5c13_D_protein_pocket.pdb,/home/igem/unknown_software/datasets/propedia_formatted/propedia_5c13_D/propedia_5c13_D_peptide.pdb,propedia
propedia_3s9c_B,/home/igem/unknown_software/datasets/propedia_formatted/propedia_3s9c_B/propedia_3s9c_B_protein_pocket.pdb,/home/igem/unknown_software/datasets/propedia_formatted/propedia_3s9c_B/propedia_3s9c_B_peptide.pdb,propedia
propedia_1yjm_E,/home/igem/unknown_software/datasets/propedia_formatted/propedia_1yjm_E/propedia_1yjm_E_protein_pocket.pdb,/home/igem/unknown_software/datasets/propedia_formatted/propedia_1yjm_E/propedia_1yjm_E_peptide.pdb,propedia
propedia_4y8l_c,/home/igem/unknown_software/datasets/propedia_formatted/propedia_4y8l_c/propedia_4y8l_c_protein_pocket.pdb,/home/igem/unknown_software/datasets/propedia_formatted/propedia_4y8l_c/propedia_4y8l_c_peptide.pdb,propedia
propedia_4f27_Q,/home/igem/unknown_software/datasets/propedia_formatted/propedia_4f27_Q/propedia_4f27_Q_protein_pocket.pdb,/home/igem/unknown_software/datasets/propedia_formatted/propedia_4f27_Q/propedia_4f27_Q_peptide.pdb,propedia_long
propedia_3lcn_C,/home/igem/unknown_software/datasets/propedia_formatted/propedia_3lcn_C/propedia_3lcn_C_protein_pocket.pdb,/home/igem/unknown_software/datasets/propedia_formatted/propedia_3lcn_C/propedia_3lcn_C_peptide.pdb,propedia_long
propedia_3u9a_I,/home/igem/unknown_software/datasets/propedia_formatted/propedia_3u9a_I/propedia_3u9a_I_protein_pocket.pdb,/home/igem/unknown_software/datasets/propedia_formatted/propedia_3u9a_I/propedia_3u9a_I_peptide.pdb,propedia
propedia_2yjd_C,/home/igem/unknown_software/datasets/propedia_formatted/propedia_2yjd_C/propedia_2yjd_C_protein_pocket.pdb,/home/igem/unknown_software/datasets/propedia_formatted/propedia_2yjd_C/propedia_2yjd_C_peptide.pdb,propedia
propedia_2w10_C,/home/igem/unknown_software/datasets/propedia_formatted/propedia_2w10_C/propedia_2w10_C_protein_pocket.pdb,/home/igem/unknown_software/datasets/propedia_formatted/propedia_2w10_C/propedia_2w10_C_peptide.pdb,propedia
propedia_6ekj_B,/home/igem/unknown_software/datasets/propedia_formatted/propedia_6ekj_B/propedia_6ekj_B_protein_pocket.pdb,/home/igem/unknown_software/datasets/propedia_formatted/propedia_6ekj_B/propedia_6ekj_B_peptide.pdb,propedia_long
propedia_2nxd_P,/home/igem/unknown_software/datasets/propedia_formatted/propedia_2nxd_P/propedia_2nxd_P_protein_pocket.pdb,/home/igem/unknown_software/datasets/propedia_formatted/propedia_2nxd_P/propedia_2nxd_P_peptide.pdb,propedia
propedia_1c5o_I,/home/igem/unknown_software/datasets/propedia_formatted/propedia_1c5o_I/propedia_1c5o_I_protein_pocket.pdb,/home/igem/unknown_software/datasets/propedia_formatted/propedia_1c5o_I/propedia_1c5o_I_peptide.pdb,propedia
propedia_3twx_C,/home/igem/unknown_software/datasets/propedia_formatted/propedia_3twx_C/propedia_3twx_C_protein_pocket.pdb,/home/igem/unknown_software/datasets/propedia_formatted/propedia_3twx_C/propedia_3twx_C_peptide.pdb,propedia
propedia_4au7_C,/home/igem/unknown_software/datasets/propedia_formatted/propedia_4au7_C/propedia_4au7_C_protein_pocket.pdb,/home/igem/unknown_software/datasets/propedia_formatted/propedia_4au7_C/propedia_4au7_C_peptide.pdb,propedia
propedia_1h9h_I,/home/igem/unknown_software/datasets/propedia_formatted/propedia_1h9h_I/propedia_1h9h_I_protein_pocket.pdb,/home/igem/unknown_software/datasets/propedia_formatted/propedia_1h9h_I/propedia_1h9h_I_peptide.pdb,propedia_long
propedia_2z3c_B,/home/igem/unknown_software/datasets/propedia_formatted/propedia_2z3c_B/propedia_2z3c_B_protein_pocket.pdb,/home/igem/unknown_software/datasets/propedia_formatted/propedia_2z3c_B/propedia_2z3c_B_peptide.pdb,propedia
propedia_1dp5_B,/home/igem/unknown_software/datasets/propedia_formatted/propedia_1dp5_B/propedia_1dp5_B_protein_pocket.pdb,/home/igem/unknown_software/datasets/propedia_formatted/propedia_1dp5_B/propedia_1dp5_B_peptide.pdb,propedia_long
propedia_4n4f_C,/home/igem/unknown_software/datasets/propedia_formatted/propedia_4n4f_C/propedia_4n4f_C_protein_pocket.pdb,/home/igem/unknown_software/datasets/propedia_formatted/propedia_4n4f_C/propedia_4n4f_C_peptide.pdb,propedia
propedia_1jmo_L,/home/igem/unknown_software/datasets/propedia_formatted/propedia_1jmo_L/propedia_1jmo_L_protein_pocket.pdb,/home/igem/unknown_software/datasets/propedia_formatted/propedia_1jmo_L/propedia_1jmo_L_peptide.pdb,propedia_long
propedia_6dig_C,/home/igem/unknown_software/datasets/propedia_formatted/propedia_6dig_C/propedia_6dig_C_protein_pocket.pdb,/home/igem/unknown_software/datasets/propedia_formatted/propedia_6dig_C/propedia_6dig_C_peptide.pdb,propedia_long
propedia_3ou1_P,/home/igem/unknown_software/datasets/propedia_formatted/propedia_3ou1_P/propedia_3ou1_P_protein_pocket.pdb,/home/igem/unknown_software/datasets/propedia_formatted/propedia_3ou1_P/propedia_3ou1_P_peptide.pdb,propedia
propedia_5gow_A,/home/igem/unknown_software/datasets/propedia_formatted/propedia_5gow_A/propedia_5gow_A_protein_pocket.pdb,/home/igem/unknown_software/datasets/propedia_formatted/propedia_5gow_A/propedia_5gow_A_peptide.pdb,propedia_long
propedia_3kee_E,/home/igem/unknown_software/datasets/propedia_formatted/propedia_3kee_E/propedia_3kee_E_protein_pocket.pdb,/home/igem/unknown_software/datasets/propedia_formatted/propedia_3kee_E/propedia_3kee_E_peptide.pdb,propedia
propedia_4w50_E,/home/igem/unknown_software/datasets/propedia_formatted/propedia_4w50_E/propedia_4w50_E_protein_pocket.pdb,/home/igem/unknown_software/datasets/propedia_formatted/propedia_4w50_E/propedia_4w50_E_peptide.pdb,propedia
propedia_4qbm_C,/home/igem/unknown_software/datasets/propedia_formatted/propedia_4qbm_C/propedia_4qbm_C_protein_pocket.pdb,/home/igem/unknown_software/datasets/propedia_formatted/propedia_4qbm_C/propedia_4qbm_C_peptide.pdb,propedia
propedia_4wjo_B,/home/igem/unknown_software/datasets/propedia_formatted/propedia_4wjo_B/propedia_4wjo_B_protein_pocket.pdb,/home/igem/unknown_software/datasets/propedia_formatted/propedia_4wjo_B/propedia_4wjo_B_peptide.pdb,propedia_long
propedia_3mrn_P,/home/igem/unknown_software/datasets/propedia_formatted/propedia_3mrn_P/propedia_3mrn_P_protein_pocket.pdb,/home/igem/unknown_software/datasets/propedia_formatted/propedia_3mrn_P/propedia_3mrn_P_peptide.pdb,propedia
propedia_4od7_D,/home/igem/unknown_software/datasets/propedia_formatted/propedia_4od7_D/propedia_4od7_D_protein_pocket.pdb,/home/igem/unknown_software/datasets/propedia_formatted/propedia_4od7_D/propedia_4od7_D_peptide.pdb,propedia
propedia_1a1n_C,/home/igem/unknown_software/datasets/propedia_formatted/propedia_1a1n_C/propedia_1a1n_C_protein_pocket.pdb,/home/igem/unknown_software/datasets/propedia_formatted/propedia_1a1n_C/propedia_1a1n_C_peptide.pdb,propedia
propedia_1ukh_B,/home/igem/unknown_software/datasets/propedia_formatted/propedia_1ukh_B/propedia_1ukh_B_protein_pocket.pdb,/home/igem/unknown_software/datasets/propedia_formatted/propedia_1ukh_B/propedia_1ukh_B_peptide.pdb,propedia
propedia_1gec_I,/home/igem/unknown_software/datasets/propedia_formatted/propedia_1gec_I/propedia_1gec_I_protein_pocket.pdb,/home/igem/unknown_software/datasets/propedia_formatted/propedia_1gec_I/propedia_1gec_I_peptide.pdb,propedia
propedia_3d0l_C,/home/igem/unknown_software/datasets/propedia_formatted/propedia_3d0l_C/propedia_3d0l_C_protein_pocket.pdb,/home/igem/unknown_software/datasets/propedia_formatted/propedia_3d0l_C/propedia_3d0l_C_peptide.pdb,propedia
propedia_3k05_C,/home/igem/unknown_software/datasets/propedia_formatted/propedia_3k05_C/propedia_3k05_C_protein_pocket.pdb,/home/igem/unknown_software/datasets/propedia_formatted/propedia_3k05_C/propedia_3k05_C_peptide.pdb,propedia
propedia_1u9l_C,/home/igem/unknown_software/datasets/propedia_formatted/propedia_1u9l_C/propedia_1u9l_C_protein_pocket.pdb,/home/igem/unknown_software/datasets/propedia_formatted/propedia_1u9l_C/propedia_1u9l_C_peptide.pdb,propedia
propedia_3mre_P,/home/igem/unknown_software/datasets/propedia_formatted/propedia_3mre_P/propedia_3mre_P_protein_pocket.pdb,/home/igem/unknown_software/datasets/propedia_formatted/propedia_3mre_P/propedia_3mre_P_peptide.pdb,propedia
propedia_4qua_D,/home/igem/unknown_software/datasets/propedia_formatted/propedia_4qua_D/propedia_4qua_D_protein_pocket.pdb,/home/igem/unknown_software/datasets/propedia_formatted/propedia_4qua_D/propedia_4qua_D_peptide.pdb,propedia
propedia_2oju_C,/home/igem/unknown_software/datasets/propedia_formatted/propedia_2oju_C/propedia_2oju_C_protein_pocket.pdb,/home/igem/unknown_software/datasets/propedia_formatted/propedia_2oju_C/propedia_2oju_C_peptide.pdb,propedia
propedia_2my2_B,/home/igem/unknown_software/datasets/propedia_formatted/propedia_2my2_B/propedia_2my2_B_protein_pocket.pdb,/home/igem/unknown_software/datasets/propedia_formatted/propedia_2my2_B/propedia_2my2_B_peptide.pdb,propedia_long
propedia_3kik_E,/home/igem/unknown_software/datasets/propedia_formatted/propedia_3kik_E/propedia_3kik_E_protein_pocket.pdb,/home/igem/unknown_software/datasets/propedia_formatted/propedia_3kik_E/propedia_3kik_E_peptide.pdb,propedia_long
propedia_4xnh_F,/home/igem/unknown_software/datasets/propedia_formatted/propedia_4xnh_F/propedia_4xnh_F_protein_pocket.pdb,/home/igem/unknown_software/datasets/propedia_formatted/propedia_4xnh_F/propedia_4xnh_F_peptide.pdb,propedia
propedia_3nfl_E,/home/igem/unknown_software/datasets/propedia_formatted/propedia_3nfl_E/propedia_3nfl_E_protein_pocket.pdb,/home/igem/unknown_software/datasets/propedia_formatted/propedia_3nfl_E/propedia_3nfl_E_peptide.pdb,propedia
propedia_2v17_A,/home/igem/unknown_software/datasets/propedia_formatted/propedia_2v17_A/propedia_2v17_A_protein_pocket.pdb,/home/igem/unknown_software/datasets/propedia_formatted/propedia_2v17_A/propedia_2v17_A_peptide.pdb,propedia
propedia_2x4t_C,/home/igem/unknown_software/datasets/propedia_formatted/propedia_2x4t_C/propedia_2x4t_C_protein_pocket.pdb,/home/igem/unknown_software/datasets/propedia_formatted/propedia_2x4t_C/propedia_2x4t_C_peptide.pdb,propedia
propedia_4jwc_C,/home/igem/unknown_software/datasets/propedia_formatted/propedia_4jwc_C/propedia_4jwc_C_protein_pocket.pdb,/home/igem/unknown_software/datasets/propedia_formatted/propedia_4jwc_C/propedia_4jwc_C_peptide.pdb,propedia
propedia_2vlk_C,/home/igem/unknown_software/datasets/propedia_formatted/propedia_2vlk_C/propedia_2vlk_C_protein_pocket.pdb,/home/igem/unknown_software/datasets/propedia_formatted/propedia_2vlk_C/propedia_2vlk_C_peptide.pdb,propedia
propedia_4gvd_C,/home/igem/unknown_software/datasets/propedia_formatted/propedia_4gvd_C/propedia_4gvd_C_protein_pocket.pdb,/home/igem/unknown_software/datasets/propedia_formatted/propedia_4gvd_C/propedia_4gvd_C_peptide.pdb,propedia
propedia_3pwj_C,/home/igem/unknown_software/datasets/propedia_formatted/propedia_3pwj_C/propedia_3pwj_C_protein_pocket.pdb,/home/igem/unknown_software/datasets/propedia_formatted/propedia_3pwj_C/propedia_3pwj_C_peptide.pdb,propedia
propedia_1ckk_B,/home/igem/unknown_software/datasets/propedia_formatted/propedia_1ckk_B/propedia_1ckk_B_protein_pocket.pdb,/home/igem/unknown_software/datasets/propedia_formatted/propedia_1ckk_B/propedia_1ckk_B_peptide.pdb,propedia_long
propedia_2kid_C,/home/igem/unknown_software/datasets/propedia_formatted/propedia_2kid_C/propedia_2kid_C_protein_pocket.pdb,/home/igem/unknown_software/datasets/propedia_formatted/propedia_2kid_C/propedia_2kid_C_peptide.pdb,propedia
propedia_2zdv_I,/home/igem/unknown_software/datasets/propedia_formatted/propedia_2zdv_I/propedia_2zdv_I_protein_pocket.pdb,/home/igem/unknown_software/datasets/propedia_formatted/propedia_2zdv_I/propedia_2zdv_I_peptide.pdb,propedia
propedia_3uyr_P,/home/igem/unknown_software/datasets/propedia_formatted/propedia_3uyr_P/propedia_3uyr_P_protein_pocket.pdb,/home/igem/unknown_software/datasets/propedia_formatted/propedia_3uyr_P/propedia_3uyr_P_peptide.pdb,propedia
propedia_2o9q_C,/home/igem/unknown_software/datasets/propedia_formatted/propedia_2o9q_C/propedia_2o9q_C_protein_pocket.pdb,/home/igem/unknown_software/datasets/propedia_formatted/propedia_2o9q_C/propedia_2o9q_C_peptide.pdb,propedia_long
propedia_2m9p_B,/home/igem/unknown_software/datasets/propedia_formatted/propedia_2m9p_B/propedia_2m9p_B_protein_pocket.pdb,/home/igem/unknown_software/datasets/propedia_formatted/propedia_2m9p_B/propedia_2m9p_B_peptide.pdb,propedia
propedia_2nxd_P,/home/igem/unknown_software/datasets/propedia_formatted/propedia_2nxd_P/propedia_2nxd_P_protein_pocket.pdb,/home/igem/unknown_software/datasets/propedia_formatted/propedia_2nxd_P/propedia_2nxd_P_peptide.pdb,propedia
propedia_4l1u_G,/home/igem/unknown_software/datasets/propedia_formatted/propedia_4l1u_G/propedia_4l1u_G_protein_pocket.pdb,/home/igem/unknown_software/datasets/propedia_formatted/propedia_4l1u_G/propedia_4l1u_G_peptide.pdb,propedia
propedia_3iet_Q,/home/igem/unknown_software/datasets/propedia_formatted/propedia_3iet_Q/propedia_3iet_Q_protein_pocket.pdb,/home/igem/unknown_software/datasets/propedia_formatted/propedia_3iet_Q/propedia_3iet_Q_peptide.pdb,propedia
propedia_1kjm_P,/home/igem/unknown_software/datasets/propedia_formatted/propedia_1kjm_P/propedia_1kjm_P_protein_pocket.pdb,/home/igem/unknown_software/datasets/propedia_formatted/propedia_1kjm_P/propedia_1kjm_P_peptide.pdb,propedia
propedia_3sm1_J,/home/igem/unknown_software/datasets/propedia_formatted/propedia_3sm1_J/propedia_3sm1_J_protein_pocket.pdb,/home/igem/unknown_software/datasets/propedia_formatted/propedia_3sm1_J/propedia_3sm1_J_peptide.pdb,propedia
propedia_3u6k_C,/home/igem/unknown_software/datasets/propedia_formatted/propedia_3u6k_C/propedia_3u6k_C_protein_pocket.pdb,/home/igem/unknown_software/datasets/propedia_formatted/propedia_3u6k_C/propedia_3u6k_C_peptide.pdb,propedia
propedia_3g2u_C,/home/igem/unknown_software/datasets/propedia_formatted/propedia_3g2u_C/propedia_3g2u_C_protein_pocket.pdb,/home/igem/unknown_software/datasets/propedia_formatted/propedia_3g2u_C/propedia_3g2u_C_peptide.pdb,propedia
propedia_3bkj_A,/home/igem/unknown_software/datasets/propedia_formatted/propedia_3bkj_A/propedia_3bkj_A_protein_pocket.pdb,/home/igem/unknown_software/datasets/propedia_formatted/propedia_3bkj_A/propedia_3bkj_A_peptide.pdb,propedia
propedia_3ewf_I,/home/igem/unknown_software/datasets/propedia_formatted/propedia_3ewf_I/propedia_3ewf_I_protein_pocket.pdb,/home/igem/unknown_software/datasets/propedia_formatted/propedia_3ewf_I/propedia_3ewf_I_peptide.pdb,propedia
propedia_1p4b_P,/home/igem/unknown_software/datasets/propedia_formatted/propedia_1p4b_P/propedia_1p4b_P_protein_pocket.pdb,/home/igem/unknown_software/datasets/propedia_formatted/propedia_1p4b_P/propedia_1p4b_P_peptide.pdb,propedia
propedia_3vxs_C,/home/igem/unknown_software/datasets/propedia_formatted/propedia_3vxs_C/propedia_3vxs_C_protein_pocket.pdb,/home/igem/unknown_software/datasets/propedia_formatted/propedia_3vxs_C/propedia_3vxs_C_peptide.pdb,propedia
propedia_4uqz_B,/home/igem/unknown_software/datasets/propedia_formatted/propedia_4uqz_B/propedia_4uqz_B_protein_pocket.pdb,/home/igem/unknown_software/datasets/propedia_formatted/propedia_4uqz_B/propedia_4uqz_B_peptide.pdb,propedia_long
propedia_4j86_C,/home/igem/unknown_software/datasets/propedia_formatted/propedia_4j86_C/propedia_4j86_C_protein_pocket.pdb,/home/igem/unknown_software/datasets/propedia_formatted/propedia_4j86_C/propedia_4j86_C_peptide.pdb,propedia
propedia_3cys_B,/home/igem/unknown_software/datasets/propedia_formatted/propedia_3cys_B/propedia_3cys_B_protein_pocket.pdb,/home/igem/unknown_software/datasets/propedia_formatted/propedia_3cys_B/propedia_3cys_B_peptide.pdb,propedia
propedia_3t7k_C,/home/igem/unknown_software/datasets/propedia_formatted/propedia_3t7k_C/propedia_3t7k_C_protein_pocket.pdb,/home/igem/unknown_software/datasets/propedia_formatted/propedia_3t7k_C/propedia_3t7k_C_peptide.pdb,propedia
propedia_1gmd_B,/home/igem/unknown_software/datasets/propedia_formatted/propedia_1gmd_B/propedia_1gmd_B_protein_pocket.pdb,/home/igem/unknown_software/datasets/propedia_formatted/propedia_1gmd_B/propedia_1gmd_B_peptide.pdb,propedia
propedia_3g7l_P,/home/igem/unknown_software/datasets/propedia_formatted/propedia_3g7l_P/propedia_3g7l_P_protein_pocket.pdb,/home/igem/unknown_software/datasets/propedia_formatted/propedia_3g7l_P/propedia_3g7l_P_peptide.pdb,propedia
propedia_5vla_Z,/home/igem/unknown_software/datasets/propedia_formatted/propedia_5vla_Z/propedia_5vla_Z_protein_pocket.pdb,/home/igem/unknown_software/datasets/propedia_formatted/propedia_5vla_Z/propedia_5vla_Z_peptide.pdb,propedia_long
propedia_4x2o_C,/home/igem/unknown_software/datasets/propedia_formatted/propedia_4x2o_C/propedia_4x2o_C_protein_pocket.pdb,/home/igem/unknown_software/datasets/propedia_formatted/propedia_4x2o_C/propedia_4x2o_C_peptide.pdb,propedia
propedia_3ifl_P,/home/igem/unknown_software/datasets/propedia_formatted/propedia_3ifl_P/propedia_3ifl_P_protein_pocket.pdb,/home/igem/unknown_software/datasets/propedia_formatted/propedia_3ifl_P/propedia_3ifl_P_peptide.pdb,propedia
propedia_4ehh_B,/home/igem/unknown_software/datasets/propedia_formatted/propedia_4ehh_B/propedia_4ehh_B_protein_pocket.pdb,/home/igem/unknown_software/datasets/propedia_formatted/propedia_4ehh_B/propedia_4ehh_B_peptide.pdb,propedia
propedia_1vwd_P,/home/igem/unknown_software/datasets/propedia_formatted/propedia_1vwd_P/propedia_1vwd_P_protein_pocket.pdb,/home/igem/unknown_software/datasets/propedia_formatted/propedia_1vwd_P/propedia_1vwd_P_peptide.pdb,propedia
propedia_4ejk_N,/home/igem/unknown_software/datasets/propedia_formatted/propedia_4ejk_N/propedia_4ejk_N_protein_pocket.pdb,/home/igem/unknown_software/datasets/propedia_formatted/propedia_4ejk_N/propedia_4ejk_N_peptide.pdb,propedia
propedia_2dew_A,/home/igem/unknown_software/datasets/propedia_formatted/propedia_2dew_A/propedia_2dew_A_protein_pocket.pdb,/home/igem/unknown_software/datasets/propedia_formatted/propedia_2dew_A/propedia_2dew_A_peptide.pdb,propedia
propedia_2bvo_C,/home/igem/unknown_software/datasets/propedia_formatted/propedia_2bvo_C/propedia_2bvo_C_protein_pocket.pdb,/home/igem/unknown_software/datasets/propedia_formatted/propedia_2bvo_C/propedia_2bvo_C_peptide.pdb,propedia
propedia_1b6j_C,/home/igem/unknown_software/datasets/propedia_formatted/propedia_1b6j_C/propedia_1b6j_C_protein_pocket.pdb,/home/igem/unknown_software/datasets/propedia_formatted/propedia_1b6j_C/propedia_1b6j_C_peptide.pdb,propedia
propedia_2cnx_P,/home/igem/unknown_software/datasets/propedia_formatted/propedia_2cnx_P/propedia_2cnx_P_protein_pocket.pdb,/home/igem/unknown_software/datasets/propedia_formatted/propedia_2cnx_P/propedia_2cnx_P_peptide.pdb,propedia
propedia_3b7v_C,/home/igem/unknown_software/datasets/propedia_formatted/propedia_3b7v_C/propedia_3b7v_C_protein_pocket.pdb,/home/igem/unknown_software/datasets/propedia_formatted/propedia_3b7v_C/propedia_3b7v_C_peptide.pdb,propedia
propedia_2hcj_A,/home/igem/unknown_software/datasets/propedia_formatted/propedia_2hcj_A/propedia_2hcj_A_protein_pocket.pdb,/home/igem/unknown_software/datasets/propedia_formatted/propedia_2hcj_A/propedia_2hcj_A_peptide.pdb,propedia_long
propedia_1w80_P,/home/igem/unknown_software/datasets/propedia_formatted/propedia_1w80_P/propedia_1w80_P_protein_pocket.pdb,/home/igem/unknown_software/datasets/propedia_formatted/propedia_1w80_P/propedia_1w80_P_peptide.pdb,propedia
propedia_2egn_B,/home/igem/unknown_software/datasets/propedia_formatted/propedia_2egn_B/propedia_2egn_B_protein_pocket.pdb,/home/igem/unknown_software/datasets/propedia_formatted/propedia_2egn_B/propedia_2egn_B_peptide.pdb,propedia
propedia_1vgc_A,/home/igem/unknown_software/datasets/propedia_formatted/propedia_1vgc_A/propedia_1vgc_A_protein_pocket.pdb,/home/igem/unknown_software/datasets/propedia_formatted/propedia_1vgc_A/propedia_1vgc_A_peptide.pdb,propedia
propedia_3i6l_F,/home/igem/unknown_software/datasets/propedia_formatted/propedia_3i6l_F/propedia_3i6l_F_protein_pocket.pdb,/home/igem/unknown_software/datasets/propedia_formatted/propedia_3i6l_F/propedia_3i6l_F_peptide.pdb,propedia
propedia_3hda_Z,/home/igem/unknown_software/datasets/propedia_formatted/propedia_3hda_Z/propedia_3hda_Z_protein_pocket.pdb,/home/igem/unknown_software/datasets/propedia_formatted/propedia_3hda_Z/propedia_3hda_Z_peptide.pdb,propedia
propedia_4hee_Y,/home/igem/unknown_software/datasets/propedia_formatted/propedia_4hee_Y/propedia_4hee_Y_protein_pocket.pdb,/home/igem/unknown_software/datasets/propedia_formatted/propedia_4hee_Y/propedia_4hee_Y_peptide.pdb,propedia_long
propedia_2ymt_B,/home/igem/unknown_software/datasets/propedia_formatted/propedia_2ymt_B/propedia_2ymt_B_protein_pocket.pdb,/home/igem/unknown_software/datasets/propedia_formatted/propedia_2ymt_B/propedia_2ymt_B_peptide.pdb,propedia
propedia_4lkf_C,/home/igem/unknown_software/datasets/propedia_formatted/propedia_4lkf_C/propedia_4lkf_C_protein_pocket.pdb,/home/igem/unknown_software/datasets/propedia_formatted/propedia_4lkf_C/propedia_4lkf_C_peptide.pdb,propedia
propedia_3bze_P,/home/igem/unknown_software/datasets/propedia_formatted/propedia_3bze_P/propedia_3bze_P_protein_pocket.pdb,/home/igem/unknown_software/datasets/propedia_formatted/propedia_3bze_P/propedia_3bze_P_peptide.pdb,propedia
propedia_2ms4_B,/home/igem/unknown_software/datasets/propedia_formatted/propedia_2ms4_B/propedia_2ms4_B_protein_pocket.pdb,/home/igem/unknown_software/datasets/propedia_formatted/propedia_2ms4_B/propedia_2ms4_B_peptide.pdb,propedia
propedia_4u0c_B,/home/igem/unknown_software/datasets/propedia_formatted/propedia_4u0c_B/propedia_4u0c_B_protein_pocket.pdb,/home/igem/unknown_software/datasets/propedia_formatted/propedia_4u0c_B/propedia_4u0c_B_peptide.pdb,propedia
propedia_3vfs_C,/home/igem/unknown_software/datasets/propedia_formatted/propedia_3vfs_C/propedia_3vfs_C_protein_pocket.pdb,/home/igem/unknown_software/datasets/propedia_formatted/propedia_3vfs_C/propedia_3vfs_C_peptide.pdb,propedia_long
propedia_2xjy_B,/home/igem/unknown_software/datasets/propedia_formatted/propedia_2xjy_B/propedia_2xjy_B_protein_pocket.pdb,/home/igem/unknown_software/datasets/propedia_formatted/propedia_2xjy_B/propedia_2xjy_B_peptide.pdb,propedia_long
propedia_3hqu_S,/home/igem/unknown_software/datasets/propedia_formatted/propedia_3hqu_S/propedia_3hqu_S_protein_pocket.pdb,/home/igem/unknown_software/datasets/propedia_formatted/propedia_3hqu_S/propedia_3hqu_S_peptide.pdb,propedia
propedia_4kts_B,/home/igem/unknown_software/datasets/propedia_formatted/propedia_4kts_B/propedia_4kts_B_protein_pocket.pdb,/home/igem/unknown_software/datasets/propedia_formatted/propedia_4kts_B/propedia_4kts_B_peptide.pdb,propedia_long
propedia_1ky7_P,/home/igem/unknown_software/datasets/propedia_formatted/propedia_1ky7_P/propedia_1ky7_P_protein_pocket.pdb,/home/igem/unknown_software/datasets/propedia_formatted/propedia_1ky7_P/propedia_1ky7_P_peptide.pdb,propedia
propedia_2y8o_B,/home/igem/unknown_software/datasets/propedia_formatted/propedia_2y8o_B/propedia_2y8o_B_protein_pocket.pdb,/home/igem/unknown_software/datasets/propedia_formatted/propedia_2y8o_B/propedia_2y8o_B_peptide.pdb,propedia
propedia_2er7_I,/home/igem/unknown_software/datasets/propedia_formatted/propedia_2er7_I/propedia_2er7_I_protein_pocket.pdb,/home/igem/unknown_software/datasets/propedia_formatted/propedia_2er7_I/propedia_2er7_I_peptide.pdb,propedia
propedia_1ov3_C,/home/igem/unknown_software/datasets/propedia_formatted/propedia_1ov3_C/propedia_1ov3_C_protein_pocket.pdb,/home/igem/unknown_software/datasets/propedia_formatted/propedia_1ov3_C/propedia_1ov3_C_peptide.pdb,propedia
propedia_4n5t_B,/home/igem/unknown_software/datasets/propedia_formatted/propedia_4n5t_B/propedia_4n5t_B_protein_pocket.pdb,/home/igem/unknown_software/datasets/propedia_formatted/propedia_4n5t_B/propedia_4n5t_B_peptide.pdb,propedia_long
propedia_3dks_E,/home/igem/unknown_software/datasets/propedia_formatted/propedia_3dks_E/propedia_3dks_E_protein_pocket.pdb,/home/igem/unknown_software/datasets/propedia_formatted/propedia_3dks_E/propedia_3dks_E_peptide.pdb,propedia
propedia_3ap2_S,/home/igem/unknown_software/datasets/propedia_formatted/propedia_3ap2_S/propedia_3ap2_S_protein_pocket.pdb,/home/igem/unknown_software/datasets/propedia_formatted/propedia_3ap2_S/propedia_3ap2_S_peptide.pdb,propedia
propedia_4usl_D,/home/igem/unknown_software/datasets/propedia_formatted/propedia_4usl_D/propedia_4usl_D_protein_pocket.pdb,/home/igem/unknown_software/datasets/propedia_formatted/propedia_4usl_D/propedia_4usl_D_peptide.pdb,propedia
propedia_4b8p_C,/home/igem/unknown_software/datasets/propedia_formatted/propedia_4b8p_C/propedia_4b8p_C_protein_pocket.pdb,/home/igem/unknown_software/datasets/propedia_formatted/propedia_4b8p_C/propedia_4b8p_C_peptide.pdb,propedia
propedia_1qew_C,/home/igem/unknown_software/datasets/propedia_formatted/propedia_1qew_C/propedia_1qew_C_protein_pocket.pdb,/home/igem/unknown_software/datasets/propedia_formatted/propedia_1qew_C/propedia_1qew_C_peptide.pdb,propedia
propedia_2w2q_E,/home/igem/unknown_software/datasets/propedia_formatted/propedia_2w2q_E/propedia_2w2q_E_protein_pocket.pdb,/home/igem/unknown_software/datasets/propedia_formatted/propedia_2w2q_E/propedia_2w2q_E_peptide.pdb,propedia_long
propedia_1oxg_B,/home/igem/unknown_software/datasets/propedia_formatted/propedia_1oxg_B/propedia_1oxg_B_protein_pocket.pdb,/home/igem/unknown_software/datasets/propedia_formatted/propedia_1oxg_B/propedia_1oxg_B_peptide.pdb,propedia_long
propedia_4utv_C,/home/igem/unknown_software/datasets/propedia_formatted/propedia_4utv_C/propedia_4utv_C_protein_pocket.pdb,/home/igem/unknown_software/datasets/propedia_formatted/propedia_4utv_C/propedia_4utv_C_peptide.pdb,propedia
propedia_1w9u_C,/home/igem/unknown_software/datasets/propedia_formatted/propedia_1w9u_C/propedia_1w9u_C_protein_pocket.pdb,/home/igem/unknown_software/datasets/propedia_formatted/propedia_1w9u_C/propedia_1w9u_C_peptide.pdb,propedia
propedia_1qgr_B,/home/igem/unknown_software/datasets/propedia_formatted/propedia_1qgr_B/propedia_1qgr_B_protein_pocket.pdb,/home/igem/unknown_software/datasets/propedia_formatted/propedia_1qgr_B/propedia_1qgr_B_peptide.pdb,propedia_long
propedia_4yyi_C,/home/igem/unknown_software/datasets/propedia_formatted/propedia_4yyi_C/propedia_4yyi_C_protein_pocket.pdb,/home/igem/unknown_software/datasets/propedia_formatted/propedia_4yyi_C/propedia_4yyi_C_peptide.pdb,propedia
propedia_2oi9_Q,/home/igem/unknown_software/datasets/propedia_formatted/propedia_2oi9_Q/propedia_2oi9_Q_protein_pocket.pdb,/home/igem/unknown_software/datasets/propedia_formatted/propedia_2oi9_Q/propedia_2oi9_Q_peptide.pdb,propedia
propedia_4obf_E,/home/igem/unknown_software/datasets/propedia_formatted/propedia_4obf_E/propedia_4obf_E_protein_pocket.pdb,/home/igem/unknown_software/datasets/propedia_formatted/propedia_4obf_E/propedia_4obf_E_peptide.pdb,propedia
propedia_3q75_G,/home/igem/unknown_software/datasets/propedia_formatted/propedia_3q75_G/propedia_3q75_G_protein_pocket.pdb,/home/igem/unknown_software/datasets/propedia_formatted/propedia_3q75_G/propedia_3q75_G_peptide.pdb,propedia
propedia_1iwq_B,/home/igem/unknown_software/datasets/propedia_formatted/propedia_1iwq_B/propedia_1iwq_B_protein_pocket.pdb,/home/igem/unknown_software/datasets/propedia_formatted/propedia_1iwq_B/propedia_1iwq_B_peptide.pdb,propedia_long
propedia_6f0g_C,/home/igem/unknown_software/datasets/propedia_formatted/propedia_6f0g_C/propedia_6f0g_C_protein_pocket.pdb,/home/igem/unknown_software/datasets/propedia_formatted/propedia_6f0g_C/propedia_6f0g_C_peptide.pdb,propedia_long
propedia_4ps1_E,/home/igem/unknown_software/datasets/propedia_formatted/propedia_4ps1_E/propedia_4ps1_E_protein_pocket.pdb,/home/igem/unknown_software/datasets/propedia_formatted/propedia_4ps1_E/propedia_4ps1_E_peptide.pdb,propedia
propedia_5l9v_C,/home/igem/unknown_software/datasets/propedia_formatted/propedia_5l9v_C/propedia_5l9v_C_protein_pocket.pdb,/home/igem/unknown_software/datasets/propedia_formatted/propedia_5l9v_C/propedia_5l9v_C_peptide.pdb,propedia_long
propedia_1qbv_E,/home/igem/unknown_software/datasets/propedia_formatted/propedia_1qbv_E/propedia_1qbv_E_protein_pocket.pdb,/home/igem/unknown_software/datasets/propedia_formatted/propedia_1qbv_E/propedia_1qbv_E_peptide.pdb,propedia
propedia_3url_B,/home/igem/unknown_software/datasets/propedia_formatted/propedia_3url_B/propedia_3url_B_protein_pocket.pdb,/home/igem/unknown_software/datasets/propedia_formatted/propedia_3url_B/propedia_3url_B_peptide.pdb,propedia
propedia_1kj3_P,/home/igem/unknown_software/datasets/propedia_formatted/propedia_1kj3_P/propedia_1kj3_P_protein_pocket.pdb,/home/igem/unknown_software/datasets/propedia_formatted/propedia_1kj3_P/propedia_1kj3_P_peptide.pdb,propedia
propedia_2gfa_C,/home/igem/unknown_software/datasets/propedia_formatted/propedia_2gfa_C/propedia_2gfa_C_protein_pocket.pdb,/home/igem/unknown_software/datasets/propedia_formatted/propedia_2gfa_C/propedia_2gfa_C_peptide.pdb,propedia
propedia_4z10_G,/home/igem/unknown_software/datasets/propedia_formatted/propedia_4z10_G/propedia_4z10_G_protein_pocket.pdb,/home/igem/unknown_software/datasets/propedia_formatted/propedia_4z10_G/propedia_4z10_G_peptide.pdb,propedia
propedia_2cbl_B,/home/igem/unknown_software/datasets/propedia_formatted/propedia_2cbl_B/propedia_2cbl_B_protein_pocket.pdb,/home/igem/unknown_software/datasets/propedia_formatted/propedia_2cbl_B/propedia_2cbl_B_peptide.pdb,propedia
propedia_2br9_P,/home/igem/unknown_software/datasets/propedia_formatted/propedia_2br9_P/propedia_2br9_P_protein_pocket.pdb,/home/igem/unknown_software/datasets/propedia_formatted/propedia_2br9_P/propedia_2br9_P_peptide.pdb,propedia
propedia_2je4_C,/home/igem/unknown_software/datasets/propedia_formatted/propedia_2je4_C/propedia_2je4_C_protein_pocket.pdb,/home/igem/unknown_software/datasets/propedia_formatted/propedia_2je4_C/propedia_2je4_C_peptide.pdb,propedia
propedia_4qyl_E,/home/igem/unknown_software/datasets/propedia_formatted/propedia_4qyl_E/propedia_4qyl_E_protein_pocket.pdb,/home/igem/unknown_software/datasets/propedia_formatted/propedia_4qyl_E/propedia_4qyl_E_peptide.pdb,propedia
propedia_3dxe_B,/home/igem/unknown_software/datasets/propedia_formatted/propedia_3dxe_B/propedia_3dxe_B_protein_pocket.pdb,/home/igem/unknown_software/datasets/propedia_formatted/propedia_3dxe_B/propedia_3dxe_B_peptide.pdb,propedia_long
propedia_4nmp_C,/home/igem/unknown_software/datasets/propedia_formatted/propedia_4nmp_C/propedia_4nmp_C_protein_pocket.pdb,/home/igem/unknown_software/datasets/propedia_formatted/propedia_4nmp_C/propedia_4nmp_C_peptide.pdb,propedia
propedia_1lez_B,/home/igem/unknown_software/datasets/propedia_formatted/propedia_1lez_B/propedia_1lez_B_protein_pocket.pdb,/home/igem/unknown_software/datasets/propedia_formatted/propedia_1lez_B/propedia_1lez_B_peptide.pdb,propedia
propedia_3q78_D,/home/igem/unknown_software/datasets/propedia_formatted/propedia_3q78_D/propedia_3q78_D_protein_pocket.pdb,/home/igem/unknown_software/datasets/propedia_formatted/propedia_3q78_D/propedia_3q78_D_peptide.pdb,propedia
propedia_1sle_M,/home/igem/unknown_software/datasets/propedia_formatted/propedia_1sle_M/propedia_1sle_M_protein_pocket.pdb,/home/igem/unknown_software/datasets/propedia_formatted/propedia_1sle_M/propedia_1sle_M_peptide.pdb,propedia
propedia_3iet_Q,/home/igem/unknown_software/datasets/propedia_formatted/propedia_3iet_Q/propedia_3iet_Q_protein_pocket.pdb,/home/igem/unknown_software/datasets/propedia_formatted/propedia_3iet_Q/propedia_3iet_Q_peptide.pdb,propedia
propedia_3hsv_M,/home/igem/unknown_software/datasets/propedia_formatted/propedia_3hsv_M/propedia_3hsv_M_protein_pocket.pdb,/home/igem/unknown_software/datasets/propedia_formatted/propedia_3hsv_M/propedia_3hsv_M_peptide.pdb,propedia
propedia_4dey_B,/home/igem/unknown_software/datasets/propedia_formatted/propedia_4dey_B/propedia_4dey_B_protein_pocket.pdb,/home/igem/unknown_software/datasets/propedia_formatted/propedia_4dey_B/propedia_4dey_B_peptide.pdb,propedia_long
propedia_3o35_E,/home/igem/unknown_software/datasets/propedia_formatted/propedia_3o35_E/propedia_3o35_E_protein_pocket.pdb,/home/igem/unknown_software/datasets/propedia_formatted/propedia_3o35_E/propedia_3o35_E_peptide.pdb,propedia
propedia_3ln4_C,/home/igem/unknown_software/datasets/propedia_formatted/propedia_3ln4_C/propedia_3ln4_C_protein_pocket.pdb,/home/igem/unknown_software/datasets/propedia_formatted/propedia_3ln4_C/propedia_3ln4_C_peptide.pdb,propedia
propedia_1ydp_P,/home/igem/unknown_software/datasets/propedia_formatted/propedia_1ydp_P/propedia_1ydp_P_protein_pocket.pdb,/home/igem/unknown_software/datasets/propedia_formatted/propedia_1ydp_P/propedia_1ydp_P_peptide.pdb,propedia
propedia_1gg6_A,/home/igem/unknown_software/datasets/propedia_formatted/propedia_1gg6_A/propedia_1gg6_A_protein_pocket.pdb,/home/igem/unknown_software/datasets/propedia_formatted/propedia_1gg6_A/propedia_1gg6_A_peptide.pdb,propedia
propedia_3rmo_I,/home/igem/unknown_software/datasets/propedia_formatted/propedia_3rmo_I/propedia_3rmo_I_protein_pocket.pdb,/home/igem/unknown_software/datasets/propedia_formatted/propedia_3rmo_I/propedia_3rmo_I_peptide.pdb,propedia
propedia_4yfa_B,/home/igem/unknown_software/datasets/propedia_formatted/propedia_4yfa_B/propedia_4yfa_B_protein_pocket.pdb,/home/igem/unknown_software/datasets/propedia_formatted/propedia_4yfa_B/propedia_4yfa_B_peptide.pdb,propedia_long
propedia_4f56_C,/home/igem/unknown_software/datasets/propedia_formatted/propedia_4f56_C/propedia_4f56_C_protein_pocket.pdb,/home/igem/unknown_software/datasets/propedia_formatted/propedia_4f56_C/propedia_4f56_C_peptide.pdb,propedia
propedia_1g3f_B,/home/igem/unknown_software/datasets/propedia_formatted/propedia_1g3f_B/propedia_1g3f_B_protein_pocket.pdb,/home/igem/unknown_software/datasets/propedia_formatted/propedia_1g3f_B/propedia_1g3f_B_peptide.pdb,propedia
propedia_5ibk_B,/home/igem/unknown_software/datasets/propedia_formatted/propedia_5ibk_B/propedia_5ibk_B_protein_pocket.pdb,/home/igem/unknown_software/datasets/propedia_formatted/propedia_5ibk_B/propedia_5ibk_B_peptide.pdb,propedia_long
propedia_4lsj_B,/home/igem/unknown_software/datasets/propedia_formatted/propedia_4lsj_B/propedia_4lsj_B_protein_pocket.pdb,/home/igem/unknown_software/datasets/propedia_formatted/propedia_4lsj_B/propedia_4lsj_B_peptide.pdb,propedia
propedia_2las_B,/home/igem/unknown_software/datasets/propedia_formatted/propedia_2las_B/propedia_2las_B_protein_pocket.pdb,/home/igem/unknown_software/datasets/propedia_formatted/propedia_2las_B/propedia_2las_B_peptide.pdb,propedia_long
propedia_6pv9_B,/home/igem/unknown_software/datasets/propedia_formatted/propedia_6pv9_B/propedia_6pv9_B_protein_pocket.pdb,/home/igem/unknown_software/datasets/propedia_formatted/propedia_6pv9_B/propedia_6pv9_B_peptide.pdb,propedia_long
propedia_1mq1_C,/home/igem/unknown_software/datasets/propedia_formatted/propedia_1mq1_C/propedia_1mq1_C_protein_pocket.pdb,/home/igem/unknown_software/datasets/propedia_formatted/propedia_1mq1_C/propedia_1mq1_C_peptide.pdb,propedia
propedia_4roj_D,/home/igem/unknown_software/datasets/propedia_formatted/propedia_4roj_D/propedia_4roj_D_protein_pocket.pdb,/home/igem/unknown_software/datasets/propedia_formatted/propedia_4roj_D/propedia_4roj_D_peptide.pdb,propedia
propedia_4qj2_F,/home/igem/unknown_software/datasets/propedia_formatted/propedia_4qj2_F/propedia_4qj2_F_protein_pocket.pdb,/home/igem/unknown_software/datasets/propedia_formatted/propedia_4qj2_F/propedia_4qj2_F_peptide.pdb,propedia
propedia_1sb1_I,/home/igem/unknown_software/datasets/propedia_formatted/propedia_1sb1_I/propedia_1sb1_I_protein_pocket.pdb,/home/igem/unknown_software/datasets/propedia_formatted/propedia_1sb1_I/propedia_1sb1_I_peptide.pdb,propedia
propedia_4bg6_Q,/home/igem/unknown_software/datasets/propedia_formatted/propedia_4bg6_Q/propedia_4bg6_Q_protein_pocket.pdb,/home/igem/unknown_software/datasets/propedia_formatted/propedia_4bg6_Q/propedia_4bg6_Q_peptide.pdb,propedia
propedia_3qjm_C,/home/igem/unknown_software/datasets/propedia_formatted/propedia_3qjm_C/propedia_3qjm_C_protein_pocket.pdb,/home/igem/unknown_software/datasets/propedia_formatted/propedia_3qjm_C/propedia_3qjm_C_peptide.pdb,propedia
propedia_4u1s_C,/home/igem/unknown_software/datasets/propedia_formatted/propedia_4u1s_C/propedia_4u1s_C_protein_pocket.pdb,/home/igem/unknown_software/datasets/propedia_formatted/propedia_4u1s_C/propedia_4u1s_C_peptide.pdb,propedia
propedia_2x4n_C,/home/igem/unknown_software/datasets/propedia_formatted/propedia_2x4n_C/propedia_2x4n_C_protein_pocket.pdb,/home/igem/unknown_software/datasets/propedia_formatted/propedia_2x4n_C/propedia_2x4n_C_peptide.pdb,propedia
propedia_5u66_B,/home/igem/unknown_software/datasets/propedia_formatted/propedia_5u66_B/propedia_5u66_B_protein_pocket.pdb,/home/igem/unknown_software/datasets/propedia_formatted/propedia_5u66_B/propedia_5u66_B_peptide.pdb,propedia_long
propedia_3ws6_E,/home/igem/unknown_software/datasets/propedia_formatted/propedia_3ws6_E/propedia_3ws6_E_protein_pocket.pdb,/home/igem/unknown_software/datasets/propedia_formatted/propedia_3ws6_E/propedia_3ws6_E_peptide.pdb,propedia
propedia_2qhr_P,/home/igem/unknown_software/datasets/propedia_formatted/propedia_2qhr_P/propedia_2qhr_P_protein_pocket.pdb,/home/igem/unknown_software/datasets/propedia_formatted/propedia_2qhr_P/propedia_2qhr_P_peptide.pdb,propedia
propedia_2zhf_I,/home/igem/unknown_software/datasets/propedia_formatted/propedia_2zhf_I/propedia_2zhf_I_protein_pocket.pdb,/home/igem/unknown_software/datasets/propedia_formatted/propedia_2zhf_I/propedia_2zhf_I_peptide.pdb,propedia
propedia_1qng_D,/home/igem/unknown_software/datasets/propedia_formatted/propedia_1qng_D/propedia_1qng_D_protein_pocket.pdb,/home/igem/unknown_software/datasets/propedia_formatted/propedia_1qng_D/propedia_1qng_D_peptide.pdb,propedia
propedia_1xtc_C,/home/igem/unknown_software/datasets/propedia_formatted/propedia_1xtc_C/propedia_1xtc_C_protein_pocket.pdb,/home/igem/unknown_software/datasets/propedia_formatted/propedia_1xtc_C/propedia_1xtc_C_peptide.pdb,propedia_long
propedia_4nmq_C,/home/igem/unknown_software/datasets/propedia_formatted/propedia_4nmq_C/propedia_4nmq_C_protein_pocket.pdb,/home/igem/unknown_software/datasets/propedia_formatted/propedia_4nmq_C/propedia_4nmq_C_peptide.pdb,propedia
propedia_4xxd_C,/home/igem/unknown_software/datasets/propedia_formatted/propedia_4xxd_C/propedia_4xxd_C_protein_pocket.pdb,/home/igem/unknown_software/datasets/propedia_formatted/propedia_4xxd_C/propedia_4xxd_C_peptide.pdb,propedia
propedia_3tl0_B,/home/igem/unknown_software/datasets/propedia_formatted/propedia_3tl0_B/propedia_3tl0_B_protein_pocket.pdb,/home/igem/unknown_software/datasets/propedia_formatted/propedia_3tl0_B/propedia_3tl0_B_peptide.pdb,propedia
propedia_1fzj_P,/home/igem/unknown_software/datasets/propedia_formatted/propedia_1fzj_P/propedia_1fzj_P_protein_pocket.pdb,/home/igem/unknown_software/datasets/propedia_formatted/propedia_1fzj_P/propedia_1fzj_P_peptide.pdb,propedia
propedia_4d49_C,/home/igem/unknown_software/datasets/propedia_formatted/propedia_4d49_C/propedia_4d49_C_protein_pocket.pdb,/home/igem/unknown_software/datasets/propedia_formatted/propedia_4d49_C/propedia_4d49_C_peptide.pdb,propedia
propedia_3ery_P,/home/igem/unknown_software/datasets/propedia_formatted/propedia_3ery_P/propedia_3ery_P_protein_pocket.pdb,/home/igem/unknown_software/datasets/propedia_formatted/propedia_3ery_P/propedia_3ery_P_peptide.pdb,propedia
propedia_1m72_D,/home/igem/unknown_software/datasets/propedia_formatted/propedia_1m72_D/propedia_1m72_D_protein_pocket.pdb,/home/igem/unknown_software/datasets/propedia_formatted/propedia_1m72_D/propedia_1m72_D_peptide.pdb,propedia
propedia_3e88_C,/home/igem/unknown_software/datasets/propedia_formatted/propedia_3e88_C/propedia_3e88_C_protein_pocket.pdb,/home/igem/unknown_software/datasets/propedia_formatted/propedia_3e88_C/propedia_3e88_C_peptide.pdb,propedia
propedia_4b9w_P,/home/igem/unknown_software/datasets/propedia_formatted/propedia_4b9w_P/propedia_4b9w_P_protein_pocket.pdb,/home/igem/unknown_software/datasets/propedia_formatted/propedia_4b9w_P/propedia_4b9w_P_peptide.pdb,propedia
propedia_3sov_Z,/home/igem/unknown_software/datasets/propedia_formatted/propedia_3sov_Z/propedia_3sov_Z_protein_pocket.pdb,/home/igem/unknown_software/datasets/propedia_formatted/propedia_3sov_Z/propedia_3sov_Z_peptide.pdb,propedia
propedia_3at0_B,/home/igem/unknown_software/datasets/propedia_formatted/propedia_3at0_B/propedia_3at0_B_protein_pocket.pdb,/home/igem/unknown_software/datasets/propedia_formatted/propedia_3at0_B/propedia_3at0_B_peptide.pdb,propedia
propedia_3tsz_B,/home/igem/unknown_software/datasets/propedia_formatted/propedia_3tsz_B/propedia_3tsz_B_protein_pocket.pdb,/home/igem/unknown_software/datasets/propedia_formatted/propedia_3tsz_B/propedia_3tsz_B_peptide.pdb,propedia
propedia_1jge_C,/home/igem/unknown_software/datasets/propedia_formatted/propedia_1jge_C/propedia_1jge_C_protein_pocket.pdb,/home/igem/unknown_software/datasets/propedia_formatted/propedia_1jge_C/propedia_1jge_C_peptide.pdb,propedia
propedia_4f20_Q,/home/igem/unknown_software/datasets/propedia_formatted/propedia_4f20_Q/propedia_4f20_Q_protein_pocket.pdb,/home/igem/unknown_software/datasets/propedia_formatted/propedia_4f20_Q/propedia_4f20_Q_peptide.pdb,propedia
propedia_3lnz_B,/home/igem/unknown_software/datasets/propedia_formatted/propedia_3lnz_B/propedia_3lnz_B_protein_pocket.pdb,/home/igem/unknown_software/datasets/propedia_formatted/propedia_3lnz_B/propedia_3lnz_B_peptide.pdb,propedia
propedia_1vwn_P,/home/igem/unknown_software/datasets/propedia_formatted/propedia_1vwn_P/propedia_1vwn_P_protein_pocket.pdb,/home/igem/unknown_software/datasets/propedia_formatted/propedia_1vwn_P/propedia_1vwn_P_peptide.pdb,propedia
propedia_3tzx_C,/home/igem/unknown_software/datasets/propedia_formatted/propedia_3tzx_C/propedia_3tzx_C_protein_pocket.pdb,/home/igem/unknown_software/datasets/propedia_formatted/propedia_3tzx_C/propedia_3tzx_C_peptide.pdb,propedia
propedia_1str_M,/home/igem/unknown_software/datasets/propedia_formatted/propedia_1str_M/propedia_1str_M_protein_pocket.pdb,/home/igem/unknown_software/datasets/propedia_formatted/propedia_1str_M/propedia_1str_M_peptide.pdb,propedia
propedia_4ht6_B,/home/igem/unknown_software/datasets/propedia_formatted/propedia_4ht6_B/propedia_4ht6_B_protein_pocket.pdb,/home/igem/unknown_software/datasets/propedia_formatted/propedia_4ht6_B/propedia_4ht6_B_peptide.pdb,propedia
propedia_3qg6_C,/home/igem/unknown_software/datasets/propedia_formatted/propedia_3qg6_C/propedia_3qg6_C_protein_pocket.pdb,/home/igem/unknown_software/datasets/propedia_formatted/propedia_3qg6_C/propedia_3qg6_C_peptide.pdb,propedia
propedia_3r6l_E,/home/igem/unknown_software/datasets/propedia_formatted/propedia_3r6l_E/propedia_3r6l_E_protein_pocket.pdb,/home/igem/unknown_software/datasets/propedia_formatted/propedia_3r6l_E/propedia_3r6l_E_peptide.pdb,propedia
propedia_6hl5_S,/home/igem/unknown_software/datasets/propedia_formatted/propedia_6hl5_S/propedia_6hl5_S_protein_pocket.pdb,/home/igem/unknown_software/datasets/propedia_formatted/propedia_6hl5_S/propedia_6hl5_S_peptide.pdb,propedia_long
propedia_2hbr_C,/home/igem/unknown_software/datasets/propedia_formatted/propedia_2hbr_C/propedia_2hbr_C_protein_pocket.pdb,/home/igem/unknown_software/datasets/propedia_formatted/propedia_2hbr_C/propedia_2hbr_C_peptide.pdb,propedia
propedia_4nmp_C,/home/igem/unknown_software/datasets/propedia_formatted/propedia_4nmp_C/propedia_4nmp_C_protein_pocket.pdb,/home/igem/unknown_software/datasets/propedia_formatted/propedia_4nmp_C/propedia_4nmp_C_peptide.pdb,propedia
propedia_3gkr_B,/home/igem/unknown_software/datasets/propedia_formatted/propedia_3gkr_B/propedia_3gkr_B_protein_pocket.pdb,/home/igem/unknown_software/datasets/propedia_formatted/propedia_3gkr_B/propedia_3gkr_B_peptide.pdb,propedia
propedia_3dbo_A,/home/igem/unknown_software/datasets/propedia_formatted/propedia_3dbo_A/propedia_3dbo_A_protein_pocket.pdb,/home/igem/unknown_software/datasets/propedia_formatted/propedia_3dbo_A/propedia_3dbo_A_peptide.pdb,propedia_long
propedia_2fyy_C,/home/igem/unknown_software/datasets/propedia_formatted/propedia_2fyy_C/propedia_2fyy_C_protein_pocket.pdb,/home/igem/unknown_software/datasets/propedia_formatted/propedia_2fyy_C/propedia_2fyy_C_peptide.pdb,propedia
propedia_4bvg_B,/home/igem/unknown_software/datasets/propedia_formatted/propedia_4bvg_B/propedia_4bvg_B_protein_pocket.pdb,/home/igem/unknown_software/datasets/propedia_formatted/propedia_4bvg_B/propedia_4bvg_B_peptide.pdb,propedia
propedia_2zgb_I,/home/igem/unknown_software/datasets/propedia_formatted/propedia_2zgb_I/propedia_2zgb_I_protein_pocket.pdb,/home/igem/unknown_software/datasets/propedia_formatted/propedia_2zgb_I/propedia_2zgb_I_peptide.pdb,propedia
propedia_2g3q_A,/home/igem/unknown_software/datasets/propedia_formatted/propedia_2g3q_A/propedia_2g3q_A_protein_pocket.pdb,/home/igem/unknown_software/datasets/propedia_formatted/propedia_2g3q_A/propedia_2g3q_A_peptide.pdb,propedia_long
propedia_2bvr_I,/home/igem/unknown_software/datasets/propedia_formatted/propedia_2bvr_I/propedia_2bvr_I_protein_pocket.pdb,/home/igem/unknown_software/datasets/propedia_formatted/propedia_2bvr_I/propedia_2bvr_I_peptide.pdb,propedia
propedia_5abx_B,/home/igem/unknown_software/datasets/propedia_formatted/propedia_5abx_B/propedia_5abx_B_protein_pocket.pdb,/home/igem/unknown_software/datasets/propedia_formatted/propedia_5abx_B/propedia_5abx_B_peptide.pdb,propedia_long
propedia_6da1_C,/home/igem/unknown_software/datasets/propedia_formatted/propedia_6da1_C/propedia_6da1_C_protein_pocket.pdb,/home/igem/unknown_software/datasets/propedia_formatted/propedia_6da1_C/propedia_6da1_C_peptide.pdb,propedia_long
propedia_4hpy_P,/home/igem/unknown_software/datasets/propedia_formatted/propedia_4hpy_P/propedia_4hpy_P_protein_pocket.pdb,/home/igem/unknown_software/datasets/propedia_formatted/propedia_4hpy_P/propedia_4hpy_P_peptide.pdb,propedia
propedia_3uot_D,/home/igem/unknown_software/datasets/propedia_formatted/propedia_3uot_D/propedia_3uot_D_protein_pocket.pdb,/home/igem/unknown_software/datasets/propedia_formatted/propedia_3uot_D/propedia_3uot_D_peptide.pdb,propedia
propedia_3rml_I,/home/igem/unknown_software/datasets/propedia_formatted/propedia_3rml_I/propedia_3rml_I_protein_pocket.pdb,/home/igem/unknown_software/datasets/propedia_formatted/propedia_3rml_I/propedia_3rml_I_peptide.pdb,propedia
propedia_5bwo_B,/home/igem/unknown_software/datasets/propedia_formatted/propedia_5bwo_B/propedia_5bwo_B_protein_pocket.pdb,/home/igem/unknown_software/datasets/propedia_formatted/propedia_5bwo_B/propedia_5bwo_B_peptide.pdb,propedia
propedia_1vwb_P,/home/igem/unknown_software/datasets/propedia_formatted/propedia_1vwb_P/propedia_1vwb_P_protein_pocket.pdb,/home/igem/unknown_software/datasets/propedia_formatted/propedia_1vwb_P/propedia_1vwb_P_peptide.pdb,propedia
propedia_2cny_B,/home/igem/unknown_software/datasets/propedia_formatted/propedia_2cny_B/propedia_2cny_B_protein_pocket.pdb,/home/igem/unknown_software/datasets/propedia_formatted/propedia_2cny_B/propedia_2cny_B_peptide.pdb,propedia_long
propedia_3odi_B,/home/igem/unknown_software/datasets/propedia_formatted/propedia_3odi_B/propedia_3odi_B_protein_pocket.pdb,/home/igem/unknown_software/datasets/propedia_formatted/propedia_3odi_B/propedia_3odi_B_peptide.pdb,propedia
propedia_1vwg_P,/home/igem/unknown_software/datasets/propedia_formatted/propedia_1vwg_P/propedia_1vwg_P_protein_pocket.pdb,/home/igem/unknown_software/datasets/propedia_formatted/propedia_1vwg_P/propedia_1vwg_P_peptide.pdb,propedia
propedia_2zpy_B,/home/igem/unknown_software/datasets/propedia_formatted/propedia_2zpy_B/propedia_2zpy_B_protein_pocket.pdb,/home/igem/unknown_software/datasets/propedia_formatted/propedia_2zpy_B/propedia_2zpy_B_peptide.pdb,propedia
propedia_3wde_B,/home/igem/unknown_software/datasets/propedia_formatted/propedia_3wde_B/propedia_3wde_B_protein_pocket.pdb,/home/igem/unknown_software/datasets/propedia_formatted/propedia_3wde_B/propedia_3wde_B_peptide.pdb,propedia
propedia_1jxp_C,/home/igem/unknown_software/datasets/propedia_formatted/propedia_1jxp_C/propedia_1jxp_C_protein_pocket.pdb,/home/igem/unknown_software/datasets/propedia_formatted/propedia_1jxp_C/propedia_1jxp_C_peptide.pdb,propedia
propedia_4ojf_A,/home/igem/unknown_software/datasets/propedia_formatted/propedia_4ojf_A/propedia_4ojf_A_protein_pocket.pdb,/home/igem/unknown_software/datasets/propedia_formatted/propedia_4ojf_A/propedia_4ojf_A_peptide.pdb,propedia
propedia_4y1c_C,/home/igem/unknown_software/datasets/propedia_formatted/propedia_4y1c_C/propedia_4y1c_C_protein_pocket.pdb,/home/igem/unknown_software/datasets/propedia_formatted/propedia_4y1c_C/propedia_4y1c_C_peptide.pdb,propedia
propedia_1v6d_B,/home/igem/unknown_software/datasets/propedia_formatted/propedia_1v6d_B/propedia_1v6d_B_protein_pocket.pdb,/home/igem/unknown_software/datasets/propedia_formatted/propedia_1v6d_B/propedia_1v6d_B_peptide.pdb,propedia
propedia_3q78_D,/home/igem/unknown_software/datasets/propedia_formatted/propedia_3q78_D/propedia_3q78_D_protein_pocket.pdb,/home/igem/unknown_software/datasets/propedia_formatted/propedia_3q78_D/propedia_3q78_D_peptide.pdb,propedia
propedia_3qhw_J,/home/igem/unknown_software/datasets/propedia_formatted/propedia_3qhw_J/propedia_3qhw_J_protein_pocket.pdb,/home/igem/unknown_software/datasets/propedia_formatted/propedia_3qhw_J/propedia_3qhw_J_peptide.pdb,propedia
propedia_4epj_D,/home/igem/unknown_software/datasets/propedia_formatted/propedia_4epj_D/propedia_4epj_D_protein_pocket.pdb,/home/igem/unknown_software/datasets/propedia_formatted/propedia_4epj_D/propedia_4epj_D_peptide.pdb,propedia
propedia_4fm6_C,/home/igem/unknown_software/datasets/propedia_formatted/propedia_4fm6_C/propedia_4fm6_C_protein_pocket.pdb,/home/igem/unknown_software/datasets/propedia_formatted/propedia_4fm6_C/propedia_4fm6_C_peptide.pdb,propedia
propedia_2hpl_B,/home/igem/unknown_software/datasets/propedia_formatted/propedia_2hpl_B/propedia_2hpl_B_protein_pocket.pdb,/home/igem/unknown_software/datasets/propedia_formatted/propedia_2hpl_B/propedia_2hpl_B_peptide.pdb,propedia
propedia_4u7y_B,/home/igem/unknown_software/datasets/propedia_formatted/propedia_4u7y_B/propedia_4u7y_B_protein_pocket.pdb,/home/igem/unknown_software/datasets/propedia_formatted/propedia_4u7y_B/propedia_4u7y_B_peptide.pdb,propedia_long
propedia_4bd2_C,/home/igem/unknown_software/datasets/propedia_formatted/propedia_4bd2_C/propedia_4bd2_C_protein_pocket.pdb,/home/igem/unknown_software/datasets/propedia_formatted/propedia_4bd2_C/propedia_4bd2_C_peptide.pdb,propedia_long
propedia_1uhd_B,/home/igem/unknown_software/datasets/propedia_formatted/propedia_1uhd_B/propedia_1uhd_B_protein_pocket.pdb,/home/igem/unknown_software/datasets/propedia_formatted/propedia_1uhd_B/propedia_1uhd_B_peptide.pdb,propedia_long
propedia_2zhe_I,/home/igem/unknown_software/datasets/propedia_formatted/propedia_2zhe_I/propedia_2zhe_I_protein_pocket.pdb,/home/igem/unknown_software/datasets/propedia_formatted/propedia_2zhe_I/propedia_2zhe_I_peptide.pdb,propedia
propedia_1b6j_C,/home/igem/unknown_software/datasets/propedia_formatted/propedia_1b6j_C/propedia_1b6j_C_protein_pocket.pdb,/home/igem/unknown_software/datasets/propedia_formatted/propedia_1b6j_C/propedia_1b6j_C_peptide.pdb,propedia
propedia_4ehl_B,/home/igem/unknown_software/datasets/propedia_formatted/propedia_4ehl_B/propedia_4ehl_B_protein_pocket.pdb,/home/igem/unknown_software/datasets/propedia_formatted/propedia_4ehl_B/propedia_4ehl_B_peptide.pdb,propedia
propedia_1d4w_C,/home/igem/unknown_software/datasets/propedia_formatted/propedia_1d4w_C/propedia_1d4w_C_protein_pocket.pdb,/home/igem/unknown_software/datasets/propedia_formatted/propedia_1d4w_C/propedia_1d4w_C_peptide.pdb,propedia
propedia_5c09_C,/home/igem/unknown_software/datasets/propedia_formatted/propedia_5c09_C/propedia_5c09_C_protein_pocket.pdb,/home/igem/unknown_software/datasets/propedia_formatted/propedia_5c09_C/propedia_5c09_C_peptide.pdb,propedia
propedia_4nec_E,/home/igem/unknown_software/datasets/propedia_formatted/propedia_4nec_E/propedia_4nec_E_protein_pocket.pdb,/home/igem/unknown_software/datasets/propedia_formatted/propedia_4nec_E/propedia_4nec_E_peptide.pdb,propedia
propedia_1t7r_B,/home/igem/unknown_software/datasets/propedia_formatted/propedia_1t7r_B/propedia_1t7r_B_protein_pocket.pdb,/home/igem/unknown_software/datasets/propedia_formatted/propedia_1t7r_B/propedia_1t7r_B_peptide.pdb,propedia
propedia_4ezn_C,/home/igem/unknown_software/datasets/propedia_formatted/propedia_4ezn_C/propedia_4ezn_C_protein_pocket.pdb,/home/igem/unknown_software/datasets/propedia_formatted/propedia_4ezn_C/propedia_4ezn_C_peptide.pdb,propedia
propedia_4imi_F,/home/igem/unknown_software/datasets/propedia_formatted/propedia_4imi_F/propedia_4imi_F_protein_pocket.pdb,/home/igem/unknown_software/datasets/propedia_formatted/propedia_4imi_F/propedia_4imi_F_peptide.pdb,propedia
propedia_1ujk_C,/home/igem/unknown_software/datasets/propedia_formatted/propedia_1ujk_C/propedia_1ujk_C_protein_pocket.pdb,/home/igem/unknown_software/datasets/propedia_formatted/propedia_1ujk_C/propedia_1ujk_C_peptide.pdb,propedia
propedia_6b7g_B,/home/igem/unknown_software/datasets/propedia_formatted/propedia_6b7g_B/propedia_6b7g_B_protein_pocket.pdb,/home/igem/unknown_software/datasets/propedia_formatted/propedia_6b7g_B/propedia_6b7g_B_peptide.pdb,propedia_long
propedia_6o5o_C,/home/igem/unknown_software/datasets/propedia_formatted/propedia_6o5o_C/propedia_6o5o_C_protein_pocket.pdb,/home/igem/unknown_software/datasets/propedia_formatted/propedia_6o5o_C/propedia_6o5o_C_peptide.pdb,propedia_long
propedia_3d9n_Y,/home/igem/unknown_software/datasets/propedia_formatted/propedia_3d9n_Y/propedia_3d9n_Y_protein_pocket.pdb,/home/igem/unknown_software/datasets/propedia_formatted/propedia_3d9n_Y/propedia_3d9n_Y_peptide.pdb,propedia
propedia_3tei_B,/home/igem/unknown_software/datasets/propedia_formatted/propedia_3tei_B/propedia_3tei_B_protein_pocket.pdb,/home/igem/unknown_software/datasets/propedia_formatted/propedia_3tei_B/propedia_3tei_B_peptide.pdb,propedia_long
propedia_4jzw_M,/home/igem/unknown_software/datasets/propedia_formatted/propedia_4jzw_M/propedia_4jzw_M_protein_pocket.pdb,/home/igem/unknown_software/datasets/propedia_formatted/propedia_4jzw_M/propedia_4jzw_M_peptide.pdb,propedia_long
propedia_4uy4_C,/home/igem/unknown_software/datasets/propedia_formatted/propedia_4uy4_C/propedia_4uy4_C_protein_pocket.pdb,/home/igem/unknown_software/datasets/propedia_formatted/propedia_4uy4_C/propedia_4uy4_C_peptide.pdb,propedia
propedia_3bun_A,/home/igem/unknown_software/datasets/propedia_formatted/propedia_3bun_A/propedia_3bun_A_protein_pocket.pdb,/home/igem/unknown_software/datasets/propedia_formatted/propedia_3bun_A/propedia_3bun_A_peptide.pdb,propedia
propedia_1gg6_A,/home/igem/unknown_software/datasets/propedia_formatted/propedia_1gg6_A/propedia_1gg6_A_protein_pocket.pdb,/home/igem/unknown_software/datasets/propedia_formatted/propedia_1gg6_A/propedia_1gg6_A_peptide.pdb,propedia
propedia_5dbr_C,/home/igem/unknown_software/datasets/propedia_formatted/propedia_5dbr_C/propedia_5dbr_C_protein_pocket.pdb,/home/igem/unknown_software/datasets/propedia_formatted/propedia_5dbr_C/propedia_5dbr_C_peptide.pdb,propedia_long
propedia_1lta_C,/home/igem/unknown_software/datasets/propedia_formatted/propedia_1lta_C/propedia_1lta_C_protein_pocket.pdb,/home/igem/unknown_software/datasets/propedia_formatted/propedia_1lta_C/propedia_1lta_C_peptide.pdb,propedia_long
propedia_6e5x_B,/home/igem/unknown_software/datasets/propedia_formatted/propedia_6e5x_B/propedia_6e5x_B_protein_pocket.pdb,/home/igem/unknown_software/datasets/propedia_formatted/propedia_6e5x_B/propedia_6e5x_B_peptide.pdb,propedia_long
propedia_2fiv_I,/home/igem/unknown_software/datasets/propedia_formatted/propedia_2fiv_I/propedia_2fiv_I_protein_pocket.pdb,/home/igem/unknown_software/datasets/propedia_formatted/propedia_2fiv_I/propedia_2fiv_I_peptide.pdb,propedia
propedia_5c07_C,/home/igem/unknown_software/datasets/propedia_formatted/propedia_5c07_C/propedia_5c07_C_protein_pocket.pdb,/home/igem/unknown_software/datasets/propedia_formatted/propedia_5c07_C/propedia_5c07_C_peptide.pdb,propedia
propedia_3qrx_B,/home/igem/unknown_software/datasets/propedia_formatted/propedia_3qrx_B/propedia_3qrx_B_protein_pocket.pdb,/home/igem/unknown_software/datasets/propedia_formatted/propedia_3qrx_B/propedia_3qrx_B_peptide.pdb,propedia_long
propedia_3vxm_C,/home/igem/unknown_software/datasets/propedia_formatted/propedia_3vxm_C/propedia_3vxm_C_protein_pocket.pdb,/home/igem/unknown_software/datasets/propedia_formatted/propedia_3vxm_C/propedia_3vxm_C_peptide.pdb,propedia
propedia_4qu5_B,/home/igem/unknown_software/datasets/propedia_formatted/propedia_4qu5_B/propedia_4qu5_B_protein_pocket.pdb,/home/igem/unknown_software/datasets/propedia_formatted/propedia_4qu5_B/propedia_4qu5_B_peptide.pdb,propedia
propedia_3oua_P,/home/igem/unknown_software/datasets/propedia_formatted/propedia_3oua_P/propedia_3oua_P_protein_pocket.pdb,/home/igem/unknown_software/datasets/propedia_formatted/propedia_3oua_P/propedia_3oua_P_peptide.pdb,propedia
propedia_1zgi_B,/home/igem/unknown_software/datasets/propedia_formatted/propedia_1zgi_B/propedia_1zgi_B_protein_pocket.pdb,/home/igem/unknown_software/datasets/propedia_formatted/propedia_1zgi_B/propedia_1zgi_B_peptide.pdb,propedia
propedia_3lly_B,/home/igem/unknown_software/datasets/propedia_formatted/propedia_3lly_B/propedia_3lly_B_protein_pocket.pdb,/home/igem/unknown_software/datasets/propedia_formatted/propedia_3lly_B/propedia_3lly_B_peptide.pdb,propedia_long
propedia_1tg1_C,/home/igem/unknown_software/datasets/propedia_formatted/propedia_1tg1_C/propedia_1tg1_C_protein_pocket.pdb,/home/igem/unknown_software/datasets/propedia_formatted/propedia_1tg1_C/propedia_1tg1_C_peptide.pdb,propedia
propedia_4xc2_E,/home/igem/unknown_software/datasets/propedia_formatted/propedia_4xc2_E/propedia_4xc2_E_protein_pocket.pdb,/home/igem/unknown_software/datasets/propedia_formatted/propedia_4xc2_E/propedia_4xc2_E_peptide.pdb,propedia
propedia_2vlr_C,/home/igem/unknown_software/datasets/propedia_formatted/propedia_2vlr_C/propedia_2vlr_C_protein_pocket.pdb,/home/igem/unknown_software/datasets/propedia_formatted/propedia_2vlr_C/propedia_2vlr_C_peptide.pdb,propedia
propedia_2cnn_I,/home/igem/unknown_software/datasets/propedia_formatted/propedia_2cnn_I/propedia_2cnn_I_protein_pocket.pdb,/home/igem/unknown_software/datasets/propedia_formatted/propedia_2cnn_I/propedia_2cnn_I_peptide.pdb,propedia
propedia_4itz_C,/home/igem/unknown_software/datasets/propedia_formatted/propedia_4itz_C/propedia_4itz_C_protein_pocket.pdb,/home/igem/unknown_software/datasets/propedia_formatted/propedia_4itz_C/propedia_4itz_C_peptide.pdb,propedia
propedia_4x3e_B,/home/igem/unknown_software/datasets/propedia_formatted/propedia_4x3e_B/propedia_4x3e_B_protein_pocket.pdb,/home/igem/unknown_software/datasets/propedia_formatted/propedia_4x3e_B/propedia_4x3e_B_peptide.pdb,propedia
propedia_3b80_C,/home/igem/unknown_software/datasets/propedia_formatted/propedia_3b80_C/propedia_3b80_C_protein_pocket.pdb,/home/igem/unknown_software/datasets/propedia_formatted/propedia_3b80_C/propedia_3b80_C_peptide.pdb,propedia
propedia_4pz6_P,/home/igem/unknown_software/datasets/propedia_formatted/propedia_4pz6_P/propedia_4pz6_P_protein_pocket.pdb,/home/igem/unknown_software/datasets/propedia_formatted/propedia_4pz6_P/propedia_4pz6_P_peptide.pdb,propedia
propedia_1cvu_F,/home/igem/unknown_software/datasets/propedia_formatted/propedia_1cvu_F/propedia_1cvu_F_protein_pocket.pdb,/home/igem/unknown_software/datasets/propedia_formatted/propedia_1cvu_F/propedia_1cvu_F_peptide.pdb,propedia
propedia_2brr_P,/home/igem/unknown_software/datasets/propedia_formatted/propedia_2brr_P/propedia_2brr_P_protein_pocket.pdb,/home/igem/unknown_software/datasets/propedia_formatted/propedia_2brr_P/propedia_2brr_P_peptide.pdb,propedia
propedia_1h8i_I,/home/igem/unknown_software/datasets/propedia_formatted/propedia_1h8i_I/propedia_1h8i_I_protein_pocket.pdb,/home/igem/unknown_software/datasets/propedia_formatted/propedia_1h8i_I/propedia_1h8i_I_peptide.pdb,propedia
propedia_4psi_D,/home/igem/unknown_software/datasets/propedia_formatted/propedia_4psi_D/propedia_4psi_D_protein_pocket.pdb,/home/igem/unknown_software/datasets/propedia_formatted/propedia_4psi_D/propedia_4psi_D_peptide.pdb,propedia
propedia_5aum_C,/home/igem/unknown_software/datasets/propedia_formatted/propedia_5aum_C/propedia_5aum_C_protein_pocket.pdb,/home/igem/unknown_software/datasets/propedia_formatted/propedia_5aum_C/propedia_5aum_C_peptide.pdb,propedia
propedia_4gfv_E,/home/igem/unknown_software/datasets/propedia_formatted/propedia_4gfv_E/propedia_4gfv_E_protein_pocket.pdb,/home/igem/unknown_software/datasets/propedia_formatted/propedia_4gfv_E/propedia_4gfv_E_peptide.pdb,propedia
propedia_5nqg_B,/home/igem/unknown_software/datasets/propedia_formatted/propedia_5nqg_B/propedia_5nqg_B_protein_pocket.pdb,/home/igem/unknown_software/datasets/propedia_formatted/propedia_5nqg_B/propedia_5nqg_B_peptide.pdb,propedia_long
propedia_3c0t_B,/home/igem/unknown_software/datasets/propedia_formatted/propedia_3c0t_B/propedia_3c0t_B_protein_pocket.pdb,/home/igem/unknown_software/datasets/propedia_formatted/propedia_3c0t_B/propedia_3c0t_B_peptide.pdb,propedia_long
propedia_5c0a_C,/home/igem/unknown_software/datasets/propedia_formatted/propedia_5c0a_C/propedia_5c0a_C_protein_pocket.pdb,/home/igem/unknown_software/datasets/propedia_formatted/propedia_5c0a_C/propedia_5c0a_C_peptide.pdb,propedia
propedia_1ir3_B,/home/igem/unknown_software/datasets/propedia_formatted/propedia_1ir3_B/propedia_1ir3_B_protein_pocket.pdb,/home/igem/unknown_software/datasets/propedia_formatted/propedia_1ir3_B/propedia_1ir3_B_peptide.pdb,propedia
propedia_4r3s_Q,/home/igem/unknown_software/datasets/propedia_formatted/propedia_4r3s_Q/propedia_4r3s_Q_protein_pocket.pdb,/home/igem/unknown_software/datasets/propedia_formatted/propedia_4r3s_Q/propedia_4r3s_Q_peptide.pdb,propedia_long
propedia_1yy6_B,/home/igem/unknown_software/datasets/propedia_formatted/propedia_1yy6_B/propedia_1yy6_B_protein_pocket.pdb,/home/igem/unknown_software/datasets/propedia_formatted/propedia_1yy6_B/propedia_1yy6_B_peptide.pdb,propedia
propedia_2mjv_A,/home/igem/unknown_software/datasets/propedia_formatted/propedia_2mjv_A/propedia_2mjv_A_protein_pocket.pdb,/home/igem/unknown_software/datasets/propedia_formatted/propedia_2mjv_A/propedia_2mjv_A_peptide.pdb,propedia
propedia_4z10_G,/home/igem/unknown_software/datasets/propedia_formatted/propedia_4z10_G/propedia_4z10_G_protein_pocket.pdb,/home/igem/unknown_software/datasets/propedia_formatted/propedia_4z10_G/propedia_4z10_G_peptide.pdb,propedia
propedia_3d6h_C,/home/igem/unknown_software/datasets/propedia_formatted/propedia_3d6h_C/propedia_3d6h_C_protein_pocket.pdb,/home/igem/unknown_software/datasets/propedia_formatted/propedia_3d6h_C/propedia_3d6h_C_peptide.pdb,propedia
propedia_2p5w_C,/home/igem/unknown_software/datasets/propedia_formatted/propedia_2p5w_C/propedia_2p5w_C_protein_pocket.pdb,/home/igem/unknown_software/datasets/propedia_formatted/propedia_2p5w_C/propedia_2p5w_C_peptide.pdb,propedia
propedia_4qa6_C,/home/igem/unknown_software/datasets/propedia_formatted/propedia_4qa6_C/propedia_4qa6_C_protein_pocket.pdb,/home/igem/unknown_software/datasets/propedia_formatted/propedia_4qa6_C/propedia_4qa6_C_peptide.pdb,propedia
propedia_4nmt_C,/home/igem/unknown_software/datasets/propedia_formatted/propedia_4nmt_C/propedia_4nmt_C_protein_pocket.pdb,/home/igem/unknown_software/datasets/propedia_formatted/propedia_4nmt_C/propedia_4nmt_C_peptide.pdb,propedia
propedia_4zuu_C,/home/igem/unknown_software/datasets/propedia_formatted/propedia_4zuu_C/propedia_4zuu_C_protein_pocket.pdb,/home/igem/unknown_software/datasets/propedia_formatted/propedia_4zuu_C/propedia_4zuu_C_peptide.pdb,propedia
propedia_1h0g_C,/home/igem/unknown_software/datasets/propedia_formatted/propedia_1h0g_C/propedia_1h0g_C_protein_pocket.pdb,/home/igem/unknown_software/datasets/propedia_formatted/propedia_1h0g_C/propedia_1h0g_C_peptide.pdb,propedia
propedia_3biu_I,/home/igem/unknown_software/datasets/propedia_formatted/propedia_3biu_I/propedia_3biu_I_protein_pocket.pdb,/home/igem/unknown_software/datasets/propedia_formatted/propedia_3biu_I/propedia_3biu_I_peptide.pdb,propedia
propedia_2dko_I,/home/igem/unknown_software/datasets/propedia_formatted/propedia_2dko_I/propedia_2dko_I_protein_pocket.pdb,/home/igem/unknown_software/datasets/propedia_formatted/propedia_2dko_I/propedia_2dko_I_peptide.pdb,propedia
propedia_1kbg_P,/home/igem/unknown_software/datasets/propedia_formatted/propedia_1kbg_P/propedia_1kbg_P_protein_pocket.pdb,/home/igem/unknown_software/datasets/propedia_formatted/propedia_1kbg_P/propedia_1kbg_P_peptide.pdb,propedia
propedia_1dev_B,/home/igem/unknown_software/datasets/propedia_formatted/propedia_1dev_B/propedia_1dev_B_protein_pocket.pdb,/home/igem/unknown_software/datasets/propedia_formatted/propedia_1dev_B/propedia_1dev_B_peptide.pdb,propedia_long
propedia_4gzf_C,/home/igem/unknown_software/datasets/propedia_formatted/propedia_4gzf_C/propedia_4gzf_C_protein_pocket.pdb,/home/igem/unknown_software/datasets/propedia_formatted/propedia_4gzf_C/propedia_4gzf_C_peptide.pdb,propedia
propedia_2z7x_C,/home/igem/unknown_software/datasets/propedia_formatted/propedia_2z7x_C/propedia_2z7x_C_protein_pocket.pdb,/home/igem/unknown_software/datasets/propedia_formatted/propedia_2z7x_C/propedia_2z7x_C_peptide.pdb,propedia
propedia_3qhe_B,/home/igem/unknown_software/datasets/propedia_formatted/propedia_3qhe_B/propedia_3qhe_B_protein_pocket.pdb,/home/igem/unknown_software/datasets/propedia_formatted/propedia_3qhe_B/propedia_3qhe_B_peptide.pdb,propedia
propedia_1nt1_H,/home/igem/unknown_software/datasets/propedia_formatted/propedia_1nt1_H/propedia_1nt1_H_protein_pocket.pdb,/home/igem/unknown_software/datasets/propedia_formatted/propedia_1nt1_H/propedia_1nt1_H_peptide.pdb,propedia
propedia_1ztz_P,/home/igem/unknown_software/datasets/propedia_formatted/propedia_1ztz_P/propedia_1ztz_P_protein_pocket.pdb,/home/igem/unknown_software/datasets/propedia_formatted/propedia_1ztz_P/propedia_1ztz_P_peptide.pdb,propedia
propedia_1tzg_P,/home/igem/unknown_software/datasets/propedia_formatted/propedia_1tzg_P/propedia_1tzg_P_protein_pocket.pdb,/home/igem/unknown_software/datasets/propedia_formatted/propedia_1tzg_P/propedia_1tzg_P_peptide.pdb,propedia
propedia_6me1_E,/home/igem/unknown_software/datasets/propedia_formatted/propedia_6me1_E/propedia_6me1_E_protein_pocket.pdb,/home/igem/unknown_software/datasets/propedia_formatted/propedia_6me1_E/propedia_6me1_E_peptide.pdb,propedia_long
propedia_3ghb_P,/home/igem/unknown_software/datasets/propedia_formatted/propedia_3ghb_P/propedia_3ghb_P_protein_pocket.pdb,/home/igem/unknown_software/datasets/propedia_formatted/propedia_3ghb_P/propedia_3ghb_P_peptide.pdb,propedia
propedia_1hsa_C,/home/igem/unknown_software/datasets/propedia_formatted/propedia_1hsa_C/propedia_1hsa_C_protein_pocket.pdb,/home/igem/unknown_software/datasets/propedia_formatted/propedia_1hsa_C/propedia_1hsa_C_peptide.pdb,propedia
propedia_1i8i_C,/home/igem/unknown_software/datasets/propedia_formatted/propedia_1i8i_C/propedia_1i8i_C_protein_pocket.pdb,/home/igem/unknown_software/datasets/propedia_formatted/propedia_1i8i_C/propedia_1i8i_C_peptide.pdb,propedia
propedia_1t7d_C,/home/igem/unknown_software/datasets/propedia_formatted/propedia_1t7d_C/propedia_1t7d_C_protein_pocket.pdb,/home/igem/unknown_software/datasets/propedia_formatted/propedia_1t7d_C/propedia_1t7d_C_peptide.pdb,propedia
propedia_4ezs_B,/home/igem/unknown_software/datasets/propedia_formatted/propedia_4ezs_B/propedia_4ezs_B_protein_pocket.pdb,/home/igem/unknown_software/datasets/propedia_formatted/propedia_4ezs_B/propedia_4ezs_B_peptide.pdb,propedia
propedia_4yv9_E,/home/igem/unknown_software/datasets/propedia_formatted/propedia_4yv9_E/propedia_4yv9_E_protein_pocket.pdb,/home/igem/unknown_software/datasets/propedia_formatted/propedia_4yv9_E/propedia_4yv9_E_peptide.pdb,propedia
propedia_3woo_C,/home/igem/unknown_software/datasets/propedia_formatted/propedia_3woo_C/propedia_3woo_C_protein_pocket.pdb,/home/igem/unknown_software/datasets/propedia_formatted/propedia_3woo_C/propedia_3woo_C_peptide.pdb,propedia
propedia_4pk3_B,/home/igem/unknown_software/datasets/propedia_formatted/propedia_4pk3_B/propedia_4pk3_B_protein_pocket.pdb,/home/igem/unknown_software/datasets/propedia_formatted/propedia_4pk3_B/propedia_4pk3_B_peptide.pdb,propedia
propedia_3mmg_C,/home/igem/unknown_software/datasets/propedia_formatted/propedia_3mmg_C/propedia_3mmg_C_protein_pocket.pdb,/home/igem/unknown_software/datasets/propedia_formatted/propedia_3mmg_C/propedia_3mmg_C_peptide.pdb,propedia
propedia_3g03_B,/home/igem/unknown_software/datasets/propedia_formatted/propedia_3g03_B/propedia_3g03_B_protein_pocket.pdb,/home/igem/unknown_software/datasets/propedia_formatted/propedia_3g03_B/propedia_3g03_B_peptide.pdb,propedia
propedia_4no2_C,/home/igem/unknown_software/datasets/propedia_formatted/propedia_4no2_C/propedia_4no2_C_protein_pocket.pdb,/home/igem/unknown_software/datasets/propedia_formatted/propedia_4no2_C/propedia_4no2_C_peptide.pdb,propedia_long
propedia_3cvl_B,/home/igem/unknown_software/datasets/propedia_formatted/propedia_3cvl_B/propedia_3cvl_B_protein_pocket.pdb,/home/igem/unknown_software/datasets/propedia_formatted/propedia_3cvl_B/propedia_3cvl_B_peptide.pdb,propedia
propedia_1ox1_B,/home/igem/unknown_software/datasets/propedia_formatted/propedia_1ox1_B/propedia_1ox1_B_protein_pocket.pdb,/home/igem/unknown_software/datasets/propedia_formatted/propedia_1ox1_B/propedia_1ox1_B_peptide.pdb,propedia
propedia_3zrl_X,/home/igem/unknown_software/datasets/propedia_formatted/propedia_3zrl_X/propedia_3zrl_X_protein_pocket.pdb,/home/igem/unknown_software/datasets/propedia_formatted/propedia_3zrl_X/propedia_3zrl_X_peptide.pdb,propedia_long
propedia_1dkd_E,/home/igem/unknown_software/datasets/propedia_formatted/propedia_1dkd_E/propedia_1dkd_E_protein_pocket.pdb,/home/igem/unknown_software/datasets/propedia_formatted/propedia_1dkd_E/propedia_1dkd_E_peptide.pdb,propedia
propedia_1o9s_K,/home/igem/unknown_software/datasets/propedia_formatted/propedia_1o9s_K/propedia_1o9s_K_protein_pocket.pdb,/home/igem/unknown_software/datasets/propedia_formatted/propedia_1o9s_K/propedia_1o9s_K_peptide.pdb,propedia
propedia_4ru2_B,/home/igem/unknown_software/datasets/propedia_formatted/propedia_4ru2_B/propedia_4ru2_B_protein_pocket.pdb,/home/igem/unknown_software/datasets/propedia_formatted/propedia_4ru2_B/propedia_4ru2_B_peptide.pdb,propedia
propedia_3ley_P,/home/igem/unknown_software/datasets/propedia_formatted/propedia_3ley_P/propedia_3ley_P_protein_pocket.pdb,/home/igem/unknown_software/datasets/propedia_formatted/propedia_3ley_P/propedia_3ley_P_peptide.pdb,propedia
propedia_4o6w_C,/home/igem/unknown_software/datasets/propedia_formatted/propedia_4o6w_C/propedia_4o6w_C_protein_pocket.pdb,/home/igem/unknown_software/datasets/propedia_formatted/propedia_4o6w_C/propedia_4o6w_C_peptide.pdb,propedia
propedia_3e8u_P,/home/igem/unknown_software/datasets/propedia_formatted/propedia_3e8u_P/propedia_3e8u_P_protein_pocket.pdb,/home/igem/unknown_software/datasets/propedia_formatted/propedia_3e8u_P/propedia_3e8u_P_peptide.pdb,propedia
propedia_6j8o_A,/home/igem/unknown_software/datasets/propedia_formatted/propedia_6j8o_A/propedia_6j8o_A_protein_pocket.pdb,/home/igem/unknown_software/datasets/propedia_formatted/propedia_6j8o_A/propedia_6j8o_A_peptide.pdb,propedia_long
propedia_3tjh_B,/home/igem/unknown_software/datasets/propedia_formatted/propedia_3tjh_B/propedia_3tjh_B_protein_pocket.pdb,/home/igem/unknown_software/datasets/propedia_formatted/propedia_3tjh_B/propedia_3tjh_B_peptide.pdb,propedia
propedia_1hah_I,/home/igem/unknown_software/datasets/propedia_formatted/propedia_1hah_I/propedia_1hah_I_protein_pocket.pdb,/home/igem/unknown_software/datasets/propedia_formatted/propedia_1hah_I/propedia_1hah_I_peptide.pdb,propedia
propedia_2xc8_C,/home/igem/unknown_software/datasets/propedia_formatted/propedia_2xc8_C/propedia_2xc8_C_protein_pocket.pdb,/home/igem/unknown_software/datasets/propedia_formatted/propedia_2xc8_C/propedia_2xc8_C_peptide.pdb,propedia
propedia_2w3i_B,/home/igem/unknown_software/datasets/propedia_formatted/propedia_2w3i_B/propedia_2w3i_B_protein_pocket.pdb,/home/igem/unknown_software/datasets/propedia_formatted/propedia_2w3i_B/propedia_2w3i_B_peptide.pdb,propedia_long
propedia_1ab9_A,/home/igem/unknown_software/datasets/propedia_formatted/propedia_1ab9_A/propedia_1ab9_A_protein_pocket.pdb,/home/igem/unknown_software/datasets/propedia_formatted/propedia_1ab9_A/propedia_1ab9_A_peptide.pdb,propedia
propedia_4ht6_B,/home/igem/unknown_software/datasets/propedia_formatted/propedia_4ht6_B/propedia_4ht6_B_protein_pocket.pdb,/home/igem/unknown_software/datasets/propedia_formatted/propedia_4ht6_B/propedia_4ht6_B_peptide.pdb,propedia
propedia_4is6_C,/home/igem/unknown_software/datasets/propedia_formatted/propedia_4is6_C/propedia_4is6_C_protein_pocket.pdb,/home/igem/unknown_software/datasets/propedia_formatted/propedia_4is6_C/propedia_4is6_C_peptide.pdb,propedia_long
propedia_4iv1_D,/home/igem/unknown_software/datasets/propedia_formatted/propedia_4iv1_D/propedia_4iv1_D_protein_pocket.pdb,/home/igem/unknown_software/datasets/propedia_formatted/propedia_4iv1_D/propedia_4iv1_D_peptide.pdb,propedia_long
propedia_3jxt_C,/home/igem/unknown_software/datasets/propedia_formatted/propedia_3jxt_C/propedia_3jxt_C_protein_pocket.pdb,/home/igem/unknown_software/datasets/propedia_formatted/propedia_3jxt_C/propedia_3jxt_C_peptide.pdb,propedia
propedia_1sl3_B,/home/igem/unknown_software/datasets/propedia_formatted/propedia_1sl3_B/propedia_1sl3_B_protein_pocket.pdb,/home/igem/unknown_software/datasets/propedia_formatted/propedia_1sl3_B/propedia_1sl3_B_peptide.pdb,propedia
propedia_1g6g_E,/home/igem/unknown_software/datasets/propedia_formatted/propedia_1g6g_E/propedia_1g6g_E_protein_pocket.pdb,/home/igem/unknown_software/datasets/propedia_formatted/propedia_1g6g_E/propedia_1g6g_E_peptide.pdb,propedia
propedia_1vwl_M,/home/igem/unknown_software/datasets/propedia_formatted/propedia_1vwl_M/propedia_1vwl_M_protein_pocket.pdb,/home/igem/unknown_software/datasets/propedia_formatted/propedia_1vwl_M/propedia_1vwl_M_peptide.pdb,propedia
propedia_1uk4_G,/home/igem/unknown_software/datasets/propedia_formatted/propedia_1uk4_G/propedia_1uk4_G_protein_pocket.pdb,/home/igem/unknown_software/datasets/propedia_formatted/propedia_1uk4_G/propedia_1uk4_G_peptide.pdb,propedia
propedia_4qut_B,/home/igem/unknown_software/datasets/propedia_formatted/propedia_4qut_B/propedia_4qut_B_protein_pocket.pdb,/home/igem/unknown_software/datasets/propedia_formatted/propedia_4qut_B/propedia_4qut_B_peptide.pdb,propedia
propedia_2g5b_I,/home/igem/unknown_software/datasets/propedia_formatted/propedia_2g5b_I/propedia_2g5b_I_protein_pocket.pdb,/home/igem/unknown_software/datasets/propedia_formatted/propedia_2g5b_I/propedia_2g5b_I_peptide.pdb,propedia
propedia_3rig_C,/home/igem/unknown_software/datasets/propedia_formatted/propedia_3rig_C/propedia_3rig_C_protein_pocket.pdb,/home/igem/unknown_software/datasets/propedia_formatted/propedia_3rig_C/propedia_3rig_C_peptide.pdb,propedia
propedia_4pri_C,/home/igem/unknown_software/datasets/propedia_formatted/propedia_4pri_C/propedia_4pri_C_protein_pocket.pdb,/home/igem/unknown_software/datasets/propedia_formatted/propedia_4pri_C/propedia_4pri_C_peptide.pdb,propedia
propedia_4qxt_Q,/home/igem/unknown_software/datasets/propedia_formatted/propedia_4qxt_Q/propedia_4qxt_Q_protein_pocket.pdb,/home/igem/unknown_software/datasets/propedia_formatted/propedia_4qxt_Q/propedia_4qxt_Q_peptide.pdb,propedia
propedia_1bxp_B,/home/igem/unknown_software/datasets/propedia_formatted/propedia_1bxp_B/propedia_1bxp_B_protein_pocket.pdb,/home/igem/unknown_software/datasets/propedia_formatted/propedia_1bxp_B/propedia_1bxp_B_peptide.pdb,propedia_long
propedia_4qui_C,/home/igem/unknown_software/datasets/propedia_formatted/propedia_4qui_C/propedia_4qui_C_protein_pocket.pdb,/home/igem/unknown_software/datasets/propedia_formatted/propedia_4qui_C/propedia_4qui_C_peptide.pdb,propedia
propedia_4ms8_B,/home/igem/unknown_software/datasets/propedia_formatted/propedia_4ms8_B/propedia_4ms8_B_protein_pocket.pdb,/home/igem/unknown_software/datasets/propedia_formatted/propedia_4ms8_B/propedia_4ms8_B_peptide.pdb,propedia
propedia_5a2i_P,/home/igem/unknown_software/datasets/propedia_formatted/propedia_5a2i_P/propedia_5a2i_P_protein_pocket.pdb,/home/igem/unknown_software/datasets/propedia_formatted/propedia_5a2i_P/propedia_5a2i_P_peptide.pdb,propedia
propedia_3fma_L,/home/igem/unknown_software/datasets/propedia_formatted/propedia_3fma_L/propedia_3fma_L_protein_pocket.pdb,/home/igem/unknown_software/datasets/propedia_formatted/propedia_3fma_L/propedia_3fma_L_peptide.pdb,propedia
propedia_3c3o_B,/home/igem/unknown_software/datasets/propedia_formatted/propedia_3c3o_B/propedia_3c3o_B_protein_pocket.pdb,/home/igem/unknown_software/datasets/propedia_formatted/propedia_3c3o_B/propedia_3c3o_B_peptide.pdb,propedia_long
propedia_4nxq_D,/home/igem/unknown_software/datasets/propedia_formatted/propedia_4nxq_D/propedia_4nxq_D_protein_pocket.pdb,/home/igem/unknown_software/datasets/propedia_formatted/propedia_4nxq_D/propedia_4nxq_D_peptide.pdb,propedia
propedia_2jqi_B,/home/igem/unknown_software/datasets/propedia_formatted/propedia_2jqi_B/propedia_2jqi_B_protein_pocket.pdb,/home/igem/unknown_software/datasets/propedia_formatted/propedia_2jqi_B/propedia_2jqi_B_peptide.pdb,propedia
propedia_4j82_C,/home/igem/unknown_software/datasets/propedia_formatted/propedia_4j82_C/propedia_4j82_C_protein_pocket.pdb,/home/igem/unknown_software/datasets/propedia_formatted/propedia_4j82_C/propedia_4j82_C_peptide.pdb,propedia
propedia_6mbb_B,/home/igem/unknown_software/datasets/propedia_formatted/propedia_6mbb_B/propedia_6mbb_B_protein_pocket.pdb,/home/igem/unknown_software/datasets/propedia_formatted/propedia_6mbb_B/propedia_6mbb_B_peptide.pdb,propedia_long
propedia_2x70_C,/home/igem/unknown_software/datasets/propedia_formatted/propedia_2x70_C/propedia_2x70_C_protein_pocket.pdb,/home/igem/unknown_software/datasets/propedia_formatted/propedia_2x70_C/propedia_2x70_C_peptide.pdb,propedia
propedia_3bae_A,/home/igem/unknown_software/datasets/propedia_formatted/propedia_3bae_A/propedia_3bae_A_protein_pocket.pdb,/home/igem/unknown_software/datasets/propedia_formatted/propedia_3bae_A/propedia_3bae_A_peptide.pdb,propedia
propedia_3rk2_A,/home/igem/unknown_software/datasets/propedia_formatted/propedia_3rk2_A/propedia_3rk2_A_protein_pocket.pdb,/home/igem/unknown_software/datasets/propedia_formatted/propedia_3rk2_A/propedia_3rk2_A_peptide.pdb,propedia_long
propedia_1p4b_P,/home/igem/unknown_software/datasets/propedia_formatted/propedia_1p4b_P/propedia_1p4b_P_protein_pocket.pdb,/home/igem/unknown_software/datasets/propedia_formatted/propedia_1p4b_P/propedia_1p4b_P_peptide.pdb,propedia
propedia_2f69_B,/home/igem/unknown_software/datasets/propedia_formatted/propedia_2f69_B/propedia_2f69_B_protein_pocket.pdb,/home/igem/unknown_software/datasets/propedia_formatted/propedia_2f69_B/propedia_2f69_B_peptide.pdb,propedia
propedia_3t6r_D,/home/igem/unknown_software/datasets/propedia_formatted/propedia_3t6r_D/propedia_3t6r_D_protein_pocket.pdb,/home/igem/unknown_software/datasets/propedia_formatted/propedia_3t6r_D/propedia_3t6r_D_peptide.pdb,propedia
propedia_4ds1_B,/home/igem/unknown_software/datasets/propedia_formatted/propedia_4ds1_B/propedia_4ds1_B_protein_pocket.pdb,/home/igem/unknown_software/datasets/propedia_formatted/propedia_4ds1_B/propedia_4ds1_B_peptide.pdb,propedia
propedia_4qug_B,/home/igem/unknown_software/datasets/propedia_formatted/propedia_4qug_B/propedia_4qug_B_protein_pocket.pdb,/home/igem/unknown_software/datasets/propedia_formatted/propedia_4qug_B/propedia_4qug_B_peptide.pdb,propedia
propedia_4i5b_C,/home/igem/unknown_software/datasets/propedia_formatted/propedia_4i5b_C/propedia_4i5b_C_protein_pocket.pdb,/home/igem/unknown_software/datasets/propedia_formatted/propedia_4i5b_C/propedia_4i5b_C_peptide.pdb,propedia
propedia_5c0b_C,/home/igem/unknown_software/datasets/propedia_formatted/propedia_5c0b_C/propedia_5c0b_C_protein_pocket.pdb,/home/igem/unknown_software/datasets/propedia_formatted/propedia_5c0b_C/propedia_5c0b_C_peptide.pdb,propedia
propedia_3ou3_C,/home/igem/unknown_software/datasets/propedia_formatted/propedia_3ou3_C/propedia_3ou3_C_protein_pocket.pdb,/home/igem/unknown_software/datasets/propedia_formatted/propedia_3ou3_C/propedia_3ou3_C_peptide.pdb,propedia
propedia_3eu7_X,/home/igem/unknown_software/datasets/propedia_formatted/propedia_3eu7_X/propedia_3eu7_X_protein_pocket.pdb,/home/igem/unknown_software/datasets/propedia_formatted/propedia_3eu7_X/propedia_3eu7_X_peptide.pdb,propedia_long
propedia_1dpj_B,/home/igem/unknown_software/datasets/propedia_formatted/propedia_1dpj_B/propedia_1dpj_B_protein_pocket.pdb,/home/igem/unknown_software/datasets/propedia_formatted/propedia_1dpj_B/propedia_1dpj_B_peptide.pdb,propedia_long
propedia_2otu_P,/home/igem/unknown_software/datasets/propedia_formatted/propedia_2otu_P/propedia_2otu_P_protein_pocket.pdb,/home/igem/unknown_software/datasets/propedia_formatted/propedia_2otu_P/propedia_2otu_P_peptide.pdb,propedia
propedia_4jmh_B,/home/igem/unknown_software/datasets/propedia_formatted/propedia_4jmh_B/propedia_4jmh_B_protein_pocket.pdb,/home/igem/unknown_software/datasets/propedia_formatted/propedia_4jmh_B/propedia_4jmh_B_peptide.pdb,propedia
propedia_4htc_L,/home/igem/unknown_software/datasets/propedia_formatted/propedia_4htc_L/propedia_4htc_L_protein_pocket.pdb,/home/igem/unknown_software/datasets/propedia_formatted/propedia_4htc_L/propedia_4htc_L_peptide.pdb,propedia_long
propedia_1cdm_B,/home/igem/unknown_software/datasets/propedia_formatted/propedia_1cdm_B/propedia_1cdm_B_protein_pocket.pdb,/home/igem/unknown_software/datasets/propedia_formatted/propedia_1cdm_B/propedia_1cdm_B_peptide.pdb,propedia_long
propedia_4jof_C,/home/igem/unknown_software/datasets/propedia_formatted/propedia_4jof_C/propedia_4jof_C_protein_pocket.pdb,/home/igem/unknown_software/datasets/propedia_formatted/propedia_4jof_C/propedia_4jof_C_peptide.pdb,propedia
propedia_1d5x_D,/home/igem/unknown_software/datasets/propedia_formatted/propedia_1d5x_D/propedia_1d5x_D_protein_pocket.pdb,/home/igem/unknown_software/datasets/propedia_formatted/propedia_1d5x_D/propedia_1d5x_D_peptide.pdb,propedia
propedia_1pyo_E,/home/igem/unknown_software/datasets/propedia_formatted/propedia_1pyo_E/propedia_1pyo_E_protein_pocket.pdb,/home/igem/unknown_software/datasets/propedia_formatted/propedia_1pyo_E/propedia_1pyo_E_peptide.pdb,propedia
propedia_3e50_C,/home/igem/unknown_software/datasets/propedia_formatted/propedia_3e50_C/propedia_3e50_C_protein_pocket.pdb,/home/igem/unknown_software/datasets/propedia_formatted/propedia_3e50_C/propedia_3e50_C_peptide.pdb,propedia
propedia_6gr9_B,/home/igem/unknown_software/datasets/propedia_formatted/propedia_6gr9_B/propedia_6gr9_B_protein_pocket.pdb,/home/igem/unknown_software/datasets/propedia_formatted/propedia_6gr9_B/propedia_6gr9_B_peptide.pdb,propedia_long
propedia_4cc2_B,/home/igem/unknown_software/datasets/propedia_formatted/propedia_4cc2_B/propedia_4cc2_B_protein_pocket.pdb,/home/igem/unknown_software/datasets/propedia_formatted/propedia_4cc2_B/propedia_4cc2_B_peptide.pdb,propedia
propedia_5b6g_B,/home/igem/unknown_software/datasets/propedia_formatted/propedia_5b6g_B/propedia_5b6g_B_protein_pocket.pdb,/home/igem/unknown_software/datasets/propedia_formatted/propedia_5b6g_B/propedia_5b6g_B_peptide.pdb,propedia
propedia_4n0y_A,/home/igem/unknown_software/datasets/propedia_formatted/propedia_4n0y_A/propedia_4n0y_A_protein_pocket.pdb,/home/igem/unknown_software/datasets/propedia_formatted/propedia_4n0y_A/propedia_4n0y_A_peptide.pdb,propedia
propedia_1epm_I,/home/igem/unknown_software/datasets/propedia_formatted/propedia_1epm_I/propedia_1epm_I_protein_pocket.pdb,/home/igem/unknown_software/datasets/propedia_formatted/propedia_1epm_I/propedia_1epm_I_peptide.pdb,propedia
propedia_6bij_C,/home/igem/unknown_software/datasets/propedia_formatted/propedia_6bij_C/propedia_6bij_C_protein_pocket.pdb,/home/igem/unknown_software/datasets/propedia_formatted/propedia_6bij_C/propedia_6bij_C_peptide.pdb,propedia_long
propedia_1q94_C,/home/igem/unknown_software/datasets/propedia_formatted/propedia_1q94_C/propedia_1q94_C_protein_pocket.pdb,/home/igem/unknown_software/datasets/propedia_formatted/propedia_1q94_C/propedia_1q94_C_peptide.pdb,propedia
propedia_3fy2_B,/home/igem/unknown_software/datasets/propedia_formatted/propedia_3fy2_B/propedia_3fy2_B_protein_pocket.pdb,/home/igem/unknown_software/datasets/propedia_formatted/propedia_3fy2_B/propedia_3fy2_B_peptide.pdb,propedia
propedia_2h4y_C,/home/igem/unknown_software/datasets/propedia_formatted/propedia_2h4y_C/propedia_2h4y_C_protein_pocket.pdb,/home/igem/unknown_software/datasets/propedia_formatted/propedia_2h4y_C/propedia_2h4y_C_peptide.pdb,propedia
propedia_4bh8_P,/home/igem/unknown_software/datasets/propedia_formatted/propedia_4bh8_P/propedia_4bh8_P_protein_pocket.pdb,/home/igem/unknown_software/datasets/propedia_formatted/propedia_4bh8_P/propedia_4bh8_P_peptide.pdb,propedia
propedia_4j73_B,/home/igem/unknown_software/datasets/propedia_formatted/propedia_4j73_B/propedia_4j73_B_protein_pocket.pdb,/home/igem/unknown_software/datasets/propedia_formatted/propedia_4j73_B/propedia_4j73_B_peptide.pdb,propedia
propedia_3oa6_G,/home/igem/unknown_software/datasets/propedia_formatted/propedia_3oa6_G/propedia_3oa6_G_protein_pocket.pdb,/home/igem/unknown_software/datasets/propedia_formatted/propedia_3oa6_G/propedia_3oa6_G_peptide.pdb,propedia
propedia_4b7e_B,/home/igem/unknown_software/datasets/propedia_formatted/propedia_4b7e_B/propedia_4b7e_B_protein_pocket.pdb,/home/igem/unknown_software/datasets/propedia_formatted/propedia_4b7e_B/propedia_4b7e_B_peptide.pdb,propedia_long
propedia_3v5d_C,/home/igem/unknown_software/datasets/propedia_formatted/propedia_3v5d_C/propedia_3v5d_C_protein_pocket.pdb,/home/igem/unknown_software/datasets/propedia_formatted/propedia_3v5d_C/propedia_3v5d_C_peptide.pdb,propedia
propedia_3si4_I,/home/igem/unknown_software/datasets/propedia_formatted/propedia_3si4_I/propedia_3si4_I_protein_pocket.pdb,/home/igem/unknown_software/datasets/propedia_formatted/propedia_3si4_I/propedia_3si4_I_peptide.pdb,propedia
propedia_1m4p_B,/home/igem/unknown_software/datasets/propedia_formatted/propedia_1m4p_B/propedia_1m4p_B_protein_pocket.pdb,/home/igem/unknown_software/datasets/propedia_formatted/propedia_1m4p_B/propedia_1m4p_B_peptide.pdb,propedia
propedia_4qli_B,/home/igem/unknown_software/datasets/propedia_formatted/propedia_4qli_B/propedia_4qli_B_protein_pocket.pdb,/home/igem/unknown_software/datasets/propedia_formatted/propedia_4qli_B/propedia_4qli_B_peptide.pdb,propedia
propedia_1u8i_C,/home/igem/unknown_software/datasets/propedia_formatted/propedia_1u8i_C/propedia_1u8i_C_protein_pocket.pdb,/home/igem/unknown_software/datasets/propedia_formatted/propedia_1u8i_C/propedia_1u8i_C_peptide.pdb,propedia
propedia_2fp7_A,/home/igem/unknown_software/datasets/propedia_formatted/propedia_2fp7_A/propedia_2fp7_A_protein_pocket.pdb,/home/igem/unknown_software/datasets/propedia_formatted/propedia_2fp7_A/propedia_2fp7_A_peptide.pdb,propedia_long
propedia_1sp4_A,/home/igem/unknown_software/datasets/propedia_formatted/propedia_1sp4_A/propedia_1sp4_A_protein_pocket.pdb,/home/igem/unknown_software/datasets/propedia_formatted/propedia_1sp4_A/propedia_1sp4_A_peptide.pdb,propedia_long
propedia_4wvt_C,/home/igem/unknown_software/datasets/propedia_formatted/propedia_4wvt_C/propedia_4wvt_C_protein_pocket.pdb,/home/igem/unknown_software/datasets/propedia_formatted/propedia_4wvt_C/propedia_4wvt_C_peptide.pdb,propedia
propedia_4xib_C,/home/igem/unknown_software/datasets/propedia_formatted/propedia_4xib_C/propedia_4xib_C_protein_pocket.pdb,/home/igem/unknown_software/datasets/propedia_formatted/propedia_4xib_C/propedia_4xib_C_peptide.pdb,propedia
propedia_2pku_B,/home/igem/unknown_software/datasets/propedia_formatted/propedia_2pku_B/propedia_2pku_B_protein_pocket.pdb,/home/igem/unknown_software/datasets/propedia_formatted/propedia_2pku_B/propedia_2pku_B_peptide.pdb,propedia
propedia_2gch_E,/home/igem/unknown_software/datasets/propedia_formatted/propedia_2gch_E/propedia_2gch_E_protein_pocket.pdb,/home/igem/unknown_software/datasets/propedia_formatted/propedia_2gch_E/propedia_2gch_E_peptide.pdb,propedia
propedia_2z8p_B,/home/igem/unknown_software/datasets/propedia_formatted/propedia_2z8p_B/propedia_2z8p_B_protein_pocket.pdb,/home/igem/unknown_software/datasets/propedia_formatted/propedia_2z8p_B/propedia_2z8p_B_peptide.pdb,propedia
propedia_4faf_D,/home/igem/unknown_software/datasets/propedia_formatted/propedia_4faf_D/propedia_4faf_D_protein_pocket.pdb,/home/igem/unknown_software/datasets/propedia_formatted/propedia_4faf_D/propedia_4faf_D_peptide.pdb,propedia
propedia_3ots_P,/home/igem/unknown_software/datasets/propedia_formatted/propedia_3ots_P/propedia_3ots_P_protein_pocket.pdb,/home/igem/unknown_software/datasets/propedia_formatted/propedia_3ots_P/propedia_3ots_P_peptide.pdb,propedia
propedia_6iua_B,/home/igem/unknown_software/datasets/propedia_formatted/propedia_6iua_B/propedia_6iua_B_protein_pocket.pdb,/home/igem/unknown_software/datasets/propedia_formatted/propedia_6iua_B/propedia_6iua_B_peptide.pdb,propedia_long
propedia_1sld_P,/home/igem/unknown_software/datasets/propedia_formatted/propedia_1sld_P/propedia_1sld_P_protein_pocket.pdb,/home/igem/unknown_software/datasets/propedia_formatted/propedia_1sld_P/propedia_1sld_P_peptide.pdb,propedia
propedia_3rq7_B,/home/igem/unknown_software/datasets/propedia_formatted/propedia_3rq7_B/propedia_3rq7_B_protein_pocket.pdb,/home/igem/unknown_software/datasets/propedia_formatted/propedia_3rq7_B/propedia_3rq7_B_peptide.pdb,propedia
propedia_4qyo_Q,/home/igem/unknown_software/datasets/propedia_formatted/propedia_4qyo_Q/propedia_4qyo_Q_protein_pocket.pdb,/home/igem/unknown_software/datasets/propedia_formatted/propedia_4qyo_Q/propedia_4qyo_Q_peptide.pdb,propedia
propedia_4x3s_C,/home/igem/unknown_software/datasets/propedia_formatted/propedia_4x3s_C/propedia_4x3s_C_protein_pocket.pdb,/home/igem/unknown_software/datasets/propedia_formatted/propedia_4x3s_C/propedia_4x3s_C_peptide.pdb,propedia
propedia_1qd6_A,/home/igem/unknown_software/datasets/propedia_formatted/propedia_1qd6_A/propedia_1qd6_A_protein_pocket.pdb,/home/igem/unknown_software/datasets/propedia_formatted/propedia_1qd6_A/propedia_1qd6_A_peptide.pdb,propedia_long
propedia_3qq4_C,/home/igem/unknown_software/datasets/propedia_formatted/propedia_3qq4_C/propedia_3qq4_C_protein_pocket.pdb,/home/igem/unknown_software/datasets/propedia_formatted/propedia_3qq4_C/propedia_3qq4_C_peptide.pdb,propedia
propedia_4jg1_P,/home/igem/unknown_software/datasets/propedia_formatted/propedia_4jg1_P/propedia_4jg1_P_protein_pocket.pdb,/home/igem/unknown_software/datasets/propedia_formatted/propedia_4jg1_P/propedia_4jg1_P_peptide.pdb,propedia
propedia_2d10_E,/home/igem/unknown_software/datasets/propedia_formatted/propedia_2d10_E/propedia_2d10_E_protein_pocket.pdb,/home/igem/unknown_software/datasets/propedia_formatted/propedia_2d10_E/propedia_2d10_E_peptide.pdb,propedia_long
propedia_3fiv_I,/home/igem/unknown_software/datasets/propedia_formatted/propedia_3fiv_I/propedia_3fiv_I_protein_pocket.pdb,/home/igem/unknown_software/datasets/propedia_formatted/propedia_3fiv_I/propedia_3fiv_I_peptide.pdb,propedia
propedia_2pld_B,/home/igem/unknown_software/datasets/propedia_formatted/propedia_2pld_B/propedia_2pld_B_protein_pocket.pdb,/home/igem/unknown_software/datasets/propedia_formatted/propedia_2pld_B/propedia_2pld_B_peptide.pdb,propedia
propedia_1jgd_C,/home/igem/unknown_software/datasets/propedia_formatted/propedia_1jgd_C/propedia_1jgd_C_protein_pocket.pdb,/home/igem/unknown_software/datasets/propedia_formatted/propedia_1jgd_C/propedia_1jgd_C_peptide.pdb,propedia
propedia_4j2c_B,/home/igem/unknown_software/datasets/propedia_formatted/propedia_4j2c_B/propedia_4j2c_B_protein_pocket.pdb,/home/igem/unknown_software/datasets/propedia_formatted/propedia_4j2c_B/propedia_4j2c_B_peptide.pdb,propedia
propedia_1n7t_B,/home/igem/unknown_software/datasets/propedia_formatted/propedia_1n7t_B/propedia_1n7t_B_protein_pocket.pdb,/home/igem/unknown_software/datasets/propedia_formatted/propedia_1n7t_B/propedia_1n7t_B_peptide.pdb,propedia
propedia_4yy6_Z,/home/igem/unknown_software/datasets/propedia_formatted/propedia_4yy6_Z/propedia_4yy6_Z_protein_pocket.pdb,/home/igem/unknown_software/datasets/propedia_formatted/propedia_4yy6_Z/propedia_4yy6_Z_peptide.pdb,propedia
propedia_4bpj_D,/home/igem/unknown_software/datasets/propedia_formatted/propedia_4bpj_D/propedia_4bpj_D_protein_pocket.pdb,/home/igem/unknown_software/datasets/propedia_formatted/propedia_4bpj_D/propedia_4bpj_D_peptide.pdb,propedia_long
propedia_3sge_K,/home/igem/unknown_software/datasets/propedia_formatted/propedia_3sge_K/propedia_3sge_K_protein_pocket.pdb,/home/igem/unknown_software/datasets/propedia_formatted/propedia_3sge_K/propedia_3sge_K_peptide.pdb,propedia
propedia_3wnf_C,/home/igem/unknown_software/datasets/propedia_formatted/propedia_3wnf_C/propedia_3wnf_C_protein_pocket.pdb,/home/igem/unknown_software/datasets/propedia_formatted/propedia_3wnf_C/propedia_3wnf_C_peptide.pdb,propedia
propedia_3c5t_B,/home/igem/unknown_software/datasets/propedia_formatted/propedia_3c5t_B/propedia_3c5t_B_protein_pocket.pdb,/home/igem/unknown_software/datasets/propedia_formatted/propedia_3c5t_B/propedia_3c5t_B_peptide.pdb,propedia_long
propedia_1vbs_B,/home/igem/unknown_software/datasets/propedia_formatted/propedia_1vbs_B/propedia_1vbs_B_protein_pocket.pdb,/home/igem/unknown_software/datasets/propedia_formatted/propedia_1vbs_B/propedia_1vbs_B_peptide.pdb,propedia
propedia_2x4y_B,/home/igem/unknown_software/datasets/propedia_formatted/propedia_2x4y_B/propedia_2x4y_B_protein_pocket.pdb,/home/igem/unknown_software/datasets/propedia_formatted/propedia_2x4y_B/propedia_2x4y_B_peptide.pdb,propedia_long
propedia_5bxu_B,/home/igem/unknown_software/datasets/propedia_formatted/propedia_5bxu_B/propedia_5bxu_B_protein_pocket.pdb,/home/igem/unknown_software/datasets/propedia_formatted/propedia_5bxu_B/propedia_5bxu_B_peptide.pdb,propedia
propedia_3sjk_B,/home/igem/unknown_software/datasets/propedia_formatted/propedia_3sjk_B/propedia_3sjk_B_protein_pocket.pdb,/home/igem/unknown_software/datasets/propedia_formatted/propedia_3sjk_B/propedia_3sjk_B_peptide.pdb,propedia
propedia_2x4p_C,/home/igem/unknown_software/datasets/propedia_formatted/propedia_2x4p_C/propedia_2x4p_C_protein_pocket.pdb,/home/igem/unknown_software/datasets/propedia_formatted/propedia_2x4p_C/propedia_2x4p_C_peptide.pdb,propedia
propedia_1pyw_C,/home/igem/unknown_software/datasets/propedia_formatted/propedia_1pyw_C/propedia_1pyw_C_protein_pocket.pdb,/home/igem/unknown_software/datasets/propedia_formatted/propedia_1pyw_C/propedia_1pyw_C_peptide.pdb,propedia
propedia_5cjb_B,/home/igem/unknown_software/datasets/propedia_formatted/propedia_5cjb_B/propedia_5cjb_B_protein_pocket.pdb,/home/igem/unknown_software/datasets/propedia_formatted/propedia_5cjb_B/propedia_5cjb_B_peptide.pdb,propedia_long
propedia_6h8c_B,/home/igem/unknown_software/datasets/propedia_formatted/propedia_6h8c_B/propedia_6h8c_B_protein_pocket.pdb,/home/igem/unknown_software/datasets/propedia_formatted/propedia_6h8c_B/propedia_6h8c_B_peptide.pdb,propedia_long
propedia_4x9r_B,/home/igem/unknown_software/datasets/propedia_formatted/propedia_4x9r_B/propedia_4x9r_B_protein_pocket.pdb,/home/igem/unknown_software/datasets/propedia_formatted/propedia_4x9r_B/propedia_4x9r_B_peptide.pdb,propedia
propedia_1t7m_B,/home/igem/unknown_software/datasets/propedia_formatted/propedia_1t7m_B/propedia_1t7m_B_protein_pocket.pdb,/home/igem/unknown_software/datasets/propedia_formatted/propedia_1t7m_B/propedia_1t7m_B_peptide.pdb,propedia
propedia_2h6h_P,/home/igem/unknown_software/datasets/propedia_formatted/propedia_2h6h_P/propedia_2h6h_P_protein_pocket.pdb,/home/igem/unknown_software/datasets/propedia_formatted/propedia_2h6h_P/propedia_2h6h_P_peptide.pdb,propedia
propedia_4z8j_B,/home/igem/unknown_software/datasets/propedia_formatted/propedia_4z8j_B/propedia_4z8j_B_protein_pocket.pdb,/home/igem/unknown_software/datasets/propedia_formatted/propedia_4z8j_B/propedia_4z8j_B_peptide.pdb,propedia
propedia_2m0j_B,/home/igem/unknown_software/datasets/propedia_formatted/propedia_2m0j_B/propedia_2m0j_B_protein_pocket.pdb,/home/igem/unknown_software/datasets/propedia_formatted/propedia_2m0j_B/propedia_2m0j_B_peptide.pdb,propedia_long
propedia_2fx8_P,/home/igem/unknown_software/datasets/propedia_formatted/propedia_2fx8_P/propedia_2fx8_P_protein_pocket.pdb,/home/igem/unknown_software/datasets/propedia_formatted/propedia_2fx8_P/propedia_2fx8_P_peptide.pdb,propedia
propedia_2i60_M,/home/igem/unknown_software/datasets/propedia_formatted/propedia_2i60_M/propedia_2i60_M_protein_pocket.pdb,/home/igem/unknown_software/datasets/propedia_formatted/propedia_2i60_M/propedia_2i60_M_peptide.pdb,propedia_long
propedia_3sj9_B,/home/igem/unknown_software/datasets/propedia_formatted/propedia_3sj9_B/propedia_3sj9_B_protein_pocket.pdb,/home/igem/unknown_software/datasets/propedia_formatted/propedia_3sj9_B/propedia_3sj9_B_peptide.pdb,propedia
propedia_3rl1_C,/home/igem/unknown_software/datasets/propedia_formatted/propedia_3rl1_C/propedia_3rl1_C_protein_pocket.pdb,/home/igem/unknown_software/datasets/propedia_formatted/propedia_3rl1_C/propedia_3rl1_C_peptide.pdb,propedia
propedia_3ln5_C,/home/igem/unknown_software/datasets/propedia_formatted/propedia_3ln5_C/propedia_3ln5_C_protein_pocket.pdb,/home/igem/unknown_software/datasets/propedia_formatted/propedia_3ln5_C/propedia_3ln5_C_peptide.pdb,propedia
propedia_1u8h_C,/home/igem/unknown_software/datasets/propedia_formatted/propedia_1u8h_C/propedia_1u8h_C_protein_pocket.pdb,/home/igem/unknown_software/datasets/propedia_formatted/propedia_1u8h_C/propedia_1u8h_C_peptide.pdb,propedia
propedia_2c2z_C,/home/igem/unknown_software/datasets/propedia_formatted/propedia_2c2z_C/propedia_2c2z_C_protein_pocket.pdb,/home/igem/unknown_software/datasets/propedia_formatted/propedia_2c2z_C/propedia_2c2z_C_peptide.pdb,propedia
propedia_4gba_F,/home/igem/unknown_software/datasets/propedia_formatted/propedia_4gba_F/propedia_4gba_F_protein_pocket.pdb,/home/igem/unknown_software/datasets/propedia_formatted/propedia_4gba_F/propedia_4gba_F_peptide.pdb,propedia
propedia_4hkc_B,/home/igem/unknown_software/datasets/propedia_formatted/propedia_4hkc_B/propedia_4hkc_B_protein_pocket.pdb,/home/igem/unknown_software/datasets/propedia_formatted/propedia_4hkc_B/propedia_4hkc_B_peptide.pdb,propedia
propedia_2h51_C,/home/igem/unknown_software/datasets/propedia_formatted/propedia_2h51_C/propedia_2h51_C_protein_pocket.pdb,/home/igem/unknown_software/datasets/propedia_formatted/propedia_2h51_C/propedia_2h51_C_peptide.pdb,propedia
propedia_4ihh_H,/home/igem/unknown_software/datasets/propedia_formatted/propedia_4ihh_H/propedia_4ihh_H_protein_pocket.pdb,/home/igem/unknown_software/datasets/propedia_formatted/propedia_4ihh_H/propedia_4ihh_H_peptide.pdb,propedia
propedia_1pz5_C,/home/igem/unknown_software/datasets/propedia_formatted/propedia_1pz5_C/propedia_1pz5_C_protein_pocket.pdb,/home/igem/unknown_software/datasets/propedia_formatted/propedia_1pz5_C/propedia_1pz5_C_peptide.pdb,propedia
propedia_1r17_C,/home/igem/unknown_software/datasets/propedia_formatted/propedia_1r17_C/propedia_1r17_C_protein_pocket.pdb,/home/igem/unknown_software/datasets/propedia_formatted/propedia_1r17_C/propedia_1r17_C_peptide.pdb,propedia
propedia_1sqk_B,/home/igem/unknown_software/datasets/propedia_formatted/propedia_1sqk_B/propedia_1sqk_B_protein_pocket.pdb,/home/igem/unknown_software/datasets/propedia_formatted/propedia_1sqk_B/propedia_1sqk_B_peptide.pdb,propedia_long
propedia_1n4q_M,/home/igem/unknown_software/datasets/propedia_formatted/propedia_1n4q_M/propedia_1n4q_M_protein_pocket.pdb,/home/igem/unknown_software/datasets/propedia_formatted/propedia_1n4q_M/propedia_1n4q_M_peptide.pdb,propedia
propedia_4nms_C,/home/igem/unknown_software/datasets/propedia_formatted/propedia_4nms_C/propedia_4nms_C_protein_pocket.pdb,/home/igem/unknown_software/datasets/propedia_formatted/propedia_4nms_C/propedia_4nms_C_peptide.pdb,propedia
propedia_2age_A,/home/igem/unknown_software/datasets/propedia_formatted/propedia_2age_A/propedia_2age_A_protein_pocket.pdb,/home/igem/unknown_software/datasets/propedia_formatted/propedia_2age_A/propedia_2age_A_peptide.pdb,propedia
propedia_5ypr_B,/home/igem/unknown_software/datasets/propedia_formatted/propedia_5ypr_B/propedia_5ypr_B_protein_pocket.pdb,/home/igem/unknown_software/datasets/propedia_formatted/propedia_5ypr_B/propedia_5ypr_B_peptide.pdb,propedia_long
propedia_3s3s_B,/home/igem/unknown_software/datasets/propedia_formatted/propedia_3s3s_B/propedia_3s3s_B_protein_pocket.pdb,/home/igem/unknown_software/datasets/propedia_formatted/propedia_3s3s_B/propedia_3s3s_B_peptide.pdb,propedia
propedia_2vgc_A,/home/igem/unknown_software/datasets/propedia_formatted/propedia_2vgc_A/propedia_2vgc_A_protein_pocket.pdb,/home/igem/unknown_software/datasets/propedia_formatted/propedia_2vgc_A/propedia_2vgc_A_peptide.pdb,propedia
propedia_1t74_B,/home/igem/unknown_software/datasets/propedia_formatted/propedia_1t74_B/propedia_1t74_B_protein_pocket.pdb,/home/igem/unknown_software/datasets/propedia_formatted/propedia_1t74_B/propedia_1t74_B_peptide.pdb,propedia
propedia_3v4o_B,/home/igem/unknown_software/datasets/propedia_formatted/propedia_3v4o_B/propedia_3v4o_B_protein_pocket.pdb,/home/igem/unknown_software/datasets/propedia_formatted/propedia_3v4o_B/propedia_3v4o_B_peptide.pdb,propedia
propedia_3m5a_B,/home/igem/unknown_software/datasets/propedia_formatted/propedia_3m5a_B/propedia_3m5a_B_protein_pocket.pdb,/home/igem/unknown_software/datasets/propedia_formatted/propedia_3m5a_B/propedia_3m5a_B_peptide.pdb,propedia
propedia_5b38_C,/home/igem/unknown_software/datasets/propedia_formatted/propedia_5b38_C/propedia_5b38_C_protein_pocket.pdb,/home/igem/unknown_software/datasets/propedia_formatted/propedia_5b38_C/propedia_5b38_C_peptide.pdb,propedia
propedia_2vm6_B,/home/igem/unknown_software/datasets/propedia_formatted/propedia_2vm6_B/propedia_2vm6_B_protein_pocket.pdb,/home/igem/unknown_software/datasets/propedia_formatted/propedia_2vm6_B/propedia_2vm6_B_peptide.pdb,propedia_long
propedia_3ggw_E,/home/igem/unknown_software/datasets/propedia_formatted/propedia_3ggw_E/propedia_3ggw_E_protein_pocket.pdb,/home/igem/unknown_software/datasets/propedia_formatted/propedia_3ggw_E/propedia_3ggw_E_peptide.pdb,propedia
propedia_2h2h_B,/home/igem/unknown_software/datasets/propedia_formatted/propedia_2h2h_B/propedia_2h2h_B_protein_pocket.pdb,/home/igem/unknown_software/datasets/propedia_formatted/propedia_2h2h_B/propedia_2h2h_B_peptide.pdb,propedia
propedia_4icz_F,/home/igem/unknown_software/datasets/propedia_formatted/propedia_4icz_F/propedia_4icz_F_protein_pocket.pdb,/home/igem/unknown_software/datasets/propedia_formatted/propedia_4icz_F/propedia_4icz_F_peptide.pdb,propedia
propedia_2x70_C,/home/igem/unknown_software/datasets/propedia_formatted/propedia_2x70_C/propedia_2x70_C_protein_pocket.pdb,/home/igem/unknown_software/datasets/propedia_formatted/propedia_2x70_C/propedia_2x70_C_peptide.pdb,propedia
propedia_4qja_P,/home/igem/unknown_software/datasets/propedia_formatted/propedia_4qja_P/propedia_4qja_P_protein_pocket.pdb,/home/igem/unknown_software/datasets/propedia_formatted/propedia_4qja_P/propedia_4qja_P_peptide.pdb,propedia
propedia_3hr5_R,/home/igem/unknown_software/datasets/propedia_formatted/propedia_3hr5_R/propedia_3hr5_R_protein_pocket.pdb,/home/igem/unknown_software/datasets/propedia_formatted/propedia_3hr5_R/propedia_3hr5_R_peptide.pdb,propedia
propedia_5hu3_B,/home/igem/unknown_software/datasets/propedia_formatted/propedia_5hu3_B/propedia_5hu3_B_protein_pocket.pdb,/home/igem/unknown_software/datasets/propedia_formatted/propedia_5hu3_B/propedia_5hu3_B_peptide.pdb,propedia_long
propedia_4qwn_E,/home/igem/unknown_software/datasets/propedia_formatted/propedia_4qwn_E/propedia_4qwn_E_protein_pocket.pdb,/home/igem/unknown_software/datasets/propedia_formatted/propedia_4qwn_E/propedia_4qwn_E_peptide.pdb,propedia
propedia_3b3i_C,/home/igem/unknown_software/datasets/propedia_formatted/propedia_3b3i_C/propedia_3b3i_C_protein_pocket.pdb,/home/igem/unknown_software/datasets/propedia_formatted/propedia_3b3i_C/propedia_3b3i_C_peptide.pdb,propedia
propedia_6qfm_B,/home/igem/unknown_software/datasets/propedia_formatted/propedia_6qfm_B/propedia_6qfm_B_protein_pocket.pdb,/home/igem/unknown_software/datasets/propedia_formatted/propedia_6qfm_B/propedia_6qfm_B_peptide.pdb,propedia_long
propedia_3fxx_B,/home/igem/unknown_software/datasets/propedia_formatted/propedia_3fxx_B/propedia_3fxx_B_protein_pocket.pdb,/home/igem/unknown_software/datasets/propedia_formatted/propedia_3fxx_B/propedia_3fxx_B_peptide.pdb,propedia
propedia_2z5s_P,/home/igem/unknown_software/datasets/propedia_formatted/propedia_2z5s_P/propedia_2z5s_P_protein_pocket.pdb,/home/igem/unknown_software/datasets/propedia_formatted/propedia_2z5s_P/propedia_2z5s_P_peptide.pdb,propedia
propedia_3e87_C,/home/igem/unknown_software/datasets/propedia_formatted/propedia_3e87_C/propedia_3e87_C_protein_pocket.pdb,/home/igem/unknown_software/datasets/propedia_formatted/propedia_3e87_C/propedia_3e87_C_peptide.pdb,propedia
propedia_1okv_E,/home/igem/unknown_software/datasets/propedia_formatted/propedia_1okv_E/propedia_1okv_E_protein_pocket.pdb,/home/igem/unknown_software/datasets/propedia_formatted/propedia_1okv_E/propedia_1okv_E_peptide.pdb,propedia
propedia_2w2u_C,/home/igem/unknown_software/datasets/propedia_formatted/propedia_2w2u_C/propedia_2w2u_C_protein_pocket.pdb,/home/igem/unknown_software/datasets/propedia_formatted/propedia_2w2u_C/propedia_2w2u_C_peptide.pdb,propedia
propedia_3tww_C,/home/igem/unknown_software/datasets/propedia_formatted/propedia_3tww_C/propedia_3tww_C_protein_pocket.pdb,/home/igem/unknown_software/datasets/propedia_formatted/propedia_3tww_C/propedia_3tww_C_peptide.pdb,propedia
propedia_6k81_B,/home/igem/unknown_software/datasets/propedia_formatted/propedia_6k81_B/propedia_6k81_B_protein_pocket.pdb,/home/igem/unknown_software/datasets/propedia_formatted/propedia_6k81_B/propedia_6k81_B_peptide.pdb,propedia_long
propedia_3n9q_B,/home/igem/unknown_software/datasets/propedia_formatted/propedia_3n9q_B/propedia_3n9q_B_protein_pocket.pdb,/home/igem/unknown_software/datasets/propedia_formatted/propedia_3n9q_B/propedia_3n9q_B_peptide.pdb,propedia
propedia_1sm3_P,/home/igem/unknown_software/datasets/propedia_formatted/propedia_1sm3_P/propedia_1sm3_P_protein_pocket.pdb,/home/igem/unknown_software/datasets/propedia_formatted/propedia_1sm3_P/propedia_1sm3_P_peptide.pdb,propedia
propedia_1sp5_I,/home/igem/unknown_software/datasets/propedia_formatted/propedia_1sp5_I/propedia_1sp5_I_protein_pocket.pdb,/home/igem/unknown_software/datasets/propedia_formatted/propedia_1sp5_I/propedia_1sp5_I_peptide.pdb,propedia
propedia_4a7j_B,/home/igem/unknown_software/datasets/propedia_formatted/propedia_4a7j_B/propedia_4a7j_B_protein_pocket.pdb,/home/igem/unknown_software/datasets/propedia_formatted/propedia_4a7j_B/propedia_4a7j_B_peptide.pdb,propedia
propedia_4j78_B,/home/igem/unknown_software/datasets/propedia_formatted/propedia_4j78_B/propedia_4j78_B_protein_pocket.pdb,/home/igem/unknown_software/datasets/propedia_formatted/propedia_4j78_B/propedia_4j78_B_peptide.pdb,propedia
propedia_2zf0_I,/home/igem/unknown_software/datasets/propedia_formatted/propedia_2zf0_I/propedia_2zf0_I_protein_pocket.pdb,/home/igem/unknown_software/datasets/propedia_formatted/propedia_2zf0_I/propedia_2zf0_I_peptide.pdb,propedia
propedia_2r28_C,/home/igem/unknown_software/datasets/propedia_formatted/propedia_2r28_C/propedia_2r28_C_protein_pocket.pdb,/home/igem/unknown_software/datasets/propedia_formatted/propedia_2r28_C/propedia_2r28_C_peptide.pdb,propedia_long
propedia_4fr3_P,/home/igem/unknown_software/datasets/propedia_formatted/propedia_4fr3_P/propedia_4fr3_P_protein_pocket.pdb,/home/igem/unknown_software/datasets/propedia_formatted/propedia_4fr3_P/propedia_4fr3_P_peptide.pdb,propedia
propedia_4x1p_P,/home/igem/unknown_software/datasets/propedia_formatted/propedia_4x1p_P/propedia_4x1p_P_protein_pocket.pdb,/home/igem/unknown_software/datasets/propedia_formatted/propedia_4x1p_P/propedia_4x1p_P_peptide.pdb,propedia
propedia_1kyd_P,/home/igem/unknown_software/datasets/propedia_formatted/propedia_1kyd_P/propedia_1kyd_P_protein_pocket.pdb,/home/igem/unknown_software/datasets/propedia_formatted/propedia_1kyd_P/propedia_1kyd_P_peptide.pdb,propedia
propedia_2mkc_B,/home/igem/unknown_software/datasets/propedia_formatted/propedia_2mkc_B/propedia_2mkc_B_protein_pocket.pdb,/home/igem/unknown_software/datasets/propedia_formatted/propedia_2mkc_B/propedia_2mkc_B_peptide.pdb,propedia_long
propedia_1gha_E,/home/igem/unknown_software/datasets/propedia_formatted/propedia_1gha_E/propedia_1gha_E_protein_pocket.pdb,/home/igem/unknown_software/datasets/propedia_formatted/propedia_1gha_E/propedia_1gha_E_peptide.pdb,propedia
propedia_4oz1_C,/home/igem/unknown_software/datasets/propedia_formatted/propedia_4oz1_C/propedia_4oz1_C_protein_pocket.pdb,/home/igem/unknown_software/datasets/propedia_formatted/propedia_4oz1_C/propedia_4oz1_C_peptide.pdb,propedia
propedia_2xzq_P,/home/igem/unknown_software/datasets/propedia_formatted/propedia_2xzq_P/propedia_2xzq_P_protein_pocket.pdb,/home/igem/unknown_software/datasets/propedia_formatted/propedia_2xzq_P/propedia_2xzq_P_peptide.pdb,propedia
propedia_1pjp_I,/home/igem/unknown_software/datasets/propedia_formatted/propedia_1pjp_I/propedia_1pjp_I_protein_pocket.pdb,/home/igem/unknown_software/datasets/propedia_formatted/propedia_1pjp_I/propedia_1pjp_I_peptide.pdb,propedia
propedia_5bwd_C,/home/igem/unknown_software/datasets/propedia_formatted/propedia_5bwd_C/propedia_5bwd_C_protein_pocket.pdb,/home/igem/unknown_software/datasets/propedia_formatted/propedia_5bwd_C/propedia_5bwd_C_peptide.pdb,propedia_long
propedia_3fol_P,/home/igem/unknown_software/datasets/propedia_formatted/propedia_3fol_P/propedia_3fol_P_protein_pocket.pdb,/home/igem/unknown_software/datasets/propedia_formatted/propedia_3fol_P/propedia_3fol_P_peptide.pdb,propedia
propedia_3g5v_C,/home/igem/unknown_software/datasets/propedia_formatted/propedia_3g5v_C/propedia_3g5v_C_protein_pocket.pdb,/home/igem/unknown_software/datasets/propedia_formatted/propedia_3g5v_C/propedia_3g5v_C_peptide.pdb,propedia_long
propedia_4r8t_A,/home/igem/unknown_software/datasets/propedia_formatted/propedia_4r8t_A/propedia_4r8t_A_protein_pocket.pdb,/home/igem/unknown_software/datasets/propedia_formatted/propedia_4r8t_A/propedia_4r8t_A_peptide.pdb,propedia_long
propedia_3run_B,/home/igem/unknown_software/datasets/propedia_formatted/propedia_3run_B/propedia_3run_B_protein_pocket.pdb,/home/igem/unknown_software/datasets/propedia_formatted/propedia_3run_B/propedia_3run_B_peptide.pdb,propedia
propedia_1d6w_I,/home/igem/unknown_software/datasets/propedia_formatted/propedia_1d6w_I/propedia_1d6w_I_protein_pocket.pdb,/home/igem/unknown_software/datasets/propedia_formatted/propedia_1d6w_I/propedia_1d6w_I_peptide.pdb,propedia
propedia_3eys_Q,/home/igem/unknown_software/datasets/propedia_formatted/propedia_3eys_Q/propedia_3eys_Q_protein_pocket.pdb,/home/igem/unknown_software/datasets/propedia_formatted/propedia_3eys_Q/propedia_3eys_Q_peptide.pdb,propedia
propedia_3vrr_C,/home/igem/unknown_software/datasets/propedia_formatted/propedia_3vrr_C/propedia_3vrr_C_protein_pocket.pdb,/home/igem/unknown_software/datasets/propedia_formatted/propedia_3vrr_C/propedia_3vrr_C_peptide.pdb,propedia
propedia_1u91_C,/home/igem/unknown_software/datasets/propedia_formatted/propedia_1u91_C/propedia_1u91_C_protein_pocket.pdb,/home/igem/unknown_software/datasets/propedia_formatted/propedia_1u91_C/propedia_1u91_C_peptide.pdb,propedia
propedia_2seb_E,/home/igem/unknown_software/datasets/propedia_formatted/propedia_2seb_E/propedia_2seb_E_protein_pocket.pdb,/home/igem/unknown_software/datasets/propedia_formatted/propedia_2seb_E/propedia_2seb_E_peptide.pdb,propedia
propedia_1sqz_B,/home/igem/unknown_software/datasets/propedia_formatted/propedia_1sqz_B/propedia_1sqz_B_protein_pocket.pdb,/home/igem/unknown_software/datasets/propedia_formatted/propedia_1sqz_B/propedia_1sqz_B_peptide.pdb,propedia
propedia_1l6o_D,/home/igem/unknown_software/datasets/propedia_formatted/propedia_1l6o_D/propedia_1l6o_D_protein_pocket.pdb,/home/igem/unknown_software/datasets/propedia_formatted/propedia_1l6o_D/propedia_1l6o_D_peptide.pdb,propedia
propedia_4tul_I,/home/igem/unknown_software/datasets/propedia_formatted/propedia_4tul_I/propedia_4tul_I_protein_pocket.pdb,/home/igem/unknown_software/datasets/propedia_formatted/propedia_4tul_I/propedia_4tul_I_peptide.pdb,propedia
propedia_4fl8_C,/home/igem/unknown_software/datasets/propedia_formatted/propedia_4fl8_C/propedia_4fl8_C_protein_pocket.pdb,/home/igem/unknown_software/datasets/propedia_formatted/propedia_4fl8_C/propedia_4fl8_C_peptide.pdb,propedia
propedia_4fz3_B,/home/igem/unknown_software/datasets/propedia_formatted/propedia_4fz3_B/propedia_4fz3_B_protein_pocket.pdb,/home/igem/unknown_software/datasets/propedia_formatted/propedia_4fz3_B/propedia_4fz3_B_peptide.pdb,propedia
propedia_2kbs_B,/home/igem/unknown_software/datasets/propedia_formatted/propedia_2kbs_B/propedia_2kbs_B_protein_pocket.pdb,/home/igem/unknown_software/datasets/propedia_formatted/propedia_2kbs_B/propedia_2kbs_B_peptide.pdb,propedia
propedia_1t3l_B,/home/igem/unknown_software/datasets/propedia_formatted/propedia_1t3l_B/propedia_1t3l_B_protein_pocket.pdb,/home/igem/unknown_software/datasets/propedia_formatted/propedia_1t3l_B/propedia_1t3l_B_peptide.pdb,propedia_long
propedia_3avf_D,/home/igem/unknown_software/datasets/propedia_formatted/propedia_3avf_D/propedia_3avf_D_protein_pocket.pdb,/home/igem/unknown_software/datasets/propedia_formatted/propedia_3avf_D/propedia_3avf_D_peptide.pdb,propedia
propedia_3liy_I,/home/igem/unknown_software/datasets/propedia_formatted/propedia_3liy_I/propedia_3liy_I_protein_pocket.pdb,/home/igem/unknown_software/datasets/propedia_formatted/propedia_3liy_I/propedia_3liy_I_peptide.pdb,propedia
propedia_1m4h_C,/home/igem/unknown_software/datasets/propedia_formatted/propedia_1m4h_C/propedia_1m4h_C_protein_pocket.pdb,/home/igem/unknown_software/datasets/propedia_formatted/propedia_1m4h_C/propedia_1m4h_C_peptide.pdb,propedia
propedia_1d8d_P,/home/igem/unknown_software/datasets/propedia_formatted/propedia_1d8d_P/propedia_1d8d_P_protein_pocket.pdb,/home/igem/unknown_software/datasets/propedia_formatted/propedia_1d8d_P/propedia_1d8d_P_peptide.pdb,propedia
propedia_1xr8_C,/home/igem/unknown_software/datasets/propedia_formatted/propedia_1xr8_C/propedia_1xr8_C_protein_pocket.pdb,/home/igem/unknown_software/datasets/propedia_formatted/propedia_1xr8_C/propedia_1xr8_C_peptide.pdb,propedia
propedia_4gxl_B,/home/igem/unknown_software/datasets/propedia_formatted/propedia_4gxl_B/propedia_4gxl_B_protein_pocket.pdb,/home/igem/unknown_software/datasets/propedia_formatted/propedia_4gxl_B/propedia_4gxl_B_peptide.pdb,propedia
propedia_4lkd_I,/home/igem/unknown_software/datasets/propedia_formatted/propedia_4lkd_I/propedia_4lkd_I_protein_pocket.pdb,/home/igem/unknown_software/datasets/propedia_formatted/propedia_4lkd_I/propedia_4lkd_I_peptide.pdb,propedia
propedia_3bhb_C,/home/igem/unknown_software/datasets/propedia_formatted/propedia_3bhb_C/propedia_3bhb_C_protein_pocket.pdb,/home/igem/unknown_software/datasets/propedia_formatted/propedia_3bhb_C/propedia_3bhb_C_peptide.pdb,propedia
propedia_4rh9_B,/home/igem/unknown_software/datasets/propedia_formatted/propedia_4rh9_B/propedia_4rh9_B_protein_pocket.pdb,/home/igem/unknown_software/datasets/propedia_formatted/propedia_4rh9_B/propedia_4rh9_B_peptide.pdb,propedia
propedia_2bj4_C,/home/igem/unknown_software/datasets/propedia_formatted/propedia_2bj4_C/propedia_2bj4_C_protein_pocket.pdb,/home/igem/unknown_software/datasets/propedia_formatted/propedia_2bj4_C/propedia_2bj4_C_peptide.pdb,propedia
propedia_5azg_C,/home/igem/unknown_software/datasets/propedia_formatted/propedia_5azg_C/propedia_5azg_C_protein_pocket.pdb,/home/igem/unknown_software/datasets/propedia_formatted/propedia_5azg_C/propedia_5azg_C_peptide.pdb,propedia
propedia_4eoy_D,/home/igem/unknown_software/datasets/propedia_formatted/propedia_4eoy_D/propedia_4eoy_D_protein_pocket.pdb,/home/igem/unknown_software/datasets/propedia_formatted/propedia_4eoy_D/propedia_4eoy_D_peptide.pdb,propedia
propedia_4r8m_C,/home/igem/unknown_software/datasets/propedia_formatted/propedia_4r8m_C/propedia_4r8m_C_protein_pocket.pdb,/home/igem/unknown_software/datasets/propedia_formatted/propedia_4r8m_C/propedia_4r8m_C_peptide.pdb,propedia
propedia_1ilp_C,/home/igem/unknown_software/datasets/propedia_formatted/propedia_1ilp_C/propedia_1ilp_C_protein_pocket.pdb,/home/igem/unknown_software/datasets/propedia_formatted/propedia_1ilp_C/propedia_1ilp_C_peptide.pdb,propedia_long
propedia_4yk6_B,/home/igem/unknown_software/datasets/propedia_formatted/propedia_4yk6_B/propedia_4yk6_B_protein_pocket.pdb,/home/igem/unknown_software/datasets/propedia_formatted/propedia_4yk6_B/propedia_4yk6_B_peptide.pdb,propedia
propedia_2pcu_B,/home/igem/unknown_software/datasets/propedia_formatted/propedia_2pcu_B/propedia_2pcu_B_protein_pocket.pdb,/home/igem/unknown_software/datasets/propedia_formatted/propedia_2pcu_B/propedia_2pcu_B_peptide.pdb,propedia
propedia_5ky4_B,/home/igem/unknown_software/datasets/propedia_formatted/propedia_5ky4_B/propedia_5ky4_B_protein_pocket.pdb,/home/igem/unknown_software/datasets/propedia_formatted/propedia_5ky4_B/propedia_5ky4_B_peptide.pdb,propedia_long
propedia_2rl0_C,/home/igem/unknown_software/datasets/propedia_formatted/propedia_2rl0_C/propedia_2rl0_C_protein_pocket.pdb,/home/igem/unknown_software/datasets/propedia_formatted/propedia_2rl0_C/propedia_2rl0_C_peptide.pdb,propedia_long
propedia_3avm_D,/home/igem/unknown_software/datasets/propedia_formatted/propedia_3avm_D/propedia_3avm_D_protein_pocket.pdb,/home/igem/unknown_software/datasets/propedia_formatted/propedia_3avm_D/propedia_3avm_D_peptide.pdb,propedia
propedia_2zg0_I,/home/igem/unknown_software/datasets/propedia_formatted/propedia_2zg0_I/propedia_2zg0_I_protein_pocket.pdb,/home/igem/unknown_software/datasets/propedia_formatted/propedia_2zg0_I/propedia_2zg0_I_peptide.pdb,propedia
propedia_4nxq_D,/home/igem/unknown_software/datasets/propedia_formatted/propedia_4nxq_D/propedia_4nxq_D_protein_pocket.pdb,/home/igem/unknown_software/datasets/propedia_formatted/propedia_4nxq_D/propedia_4nxq_D_peptide.pdb,propedia
propedia_2mre_B,/home/igem/unknown_software/datasets/propedia_formatted/propedia_2mre_B/propedia_2mre_B_protein_pocket.pdb,/home/igem/unknown_software/datasets/propedia_formatted/propedia_2mre_B/propedia_2mre_B_peptide.pdb,propedia_long
propedia_4fm6_C,/home/igem/unknown_software/datasets/propedia_formatted/propedia_4fm6_C/propedia_4fm6_C_protein_pocket.pdb,/home/igem/unknown_software/datasets/propedia_formatted/propedia_4fm6_C/propedia_4fm6_C_peptide.pdb,propedia
propedia_5ni9_C,/home/igem/unknown_software/datasets/propedia_formatted/propedia_5ni9_C/propedia_5ni9_C_protein_pocket.pdb,/home/igem/unknown_software/datasets/propedia_formatted/propedia_5ni9_C/propedia_5ni9_C_peptide.pdb,propedia_long
propedia_3wne_C,/home/igem/unknown_software/datasets/propedia_formatted/propedia_3wne_C/propedia_3wne_C_protein_pocket.pdb,/home/igem/unknown_software/datasets/propedia_formatted/propedia_3wne_C/propedia_3wne_C_peptide.pdb,propedia
propedia_1qmz_E,/home/igem/unknown_software/datasets/propedia_formatted/propedia_1qmz_E/propedia_1qmz_E_protein_pocket.pdb,/home/igem/unknown_software/datasets/propedia_formatted/propedia_1qmz_E/propedia_1qmz_E_peptide.pdb,propedia
propedia_3drk_B,/home/igem/unknown_software/datasets/propedia_formatted/propedia_3drk_B/propedia_3drk_B_protein_pocket.pdb,/home/igem/unknown_software/datasets/propedia_formatted/propedia_3drk_B/propedia_3drk_B_peptide.pdb,propedia
propedia_2v83_D,/home/igem/unknown_software/datasets/propedia_formatted/propedia_2v83_D/propedia_2v83_D_protein_pocket.pdb,/home/igem/unknown_software/datasets/propedia_formatted/propedia_2v83_D/propedia_2v83_D_peptide.pdb,propedia
propedia_1cpi_C,/home/igem/unknown_software/datasets/propedia_formatted/propedia_1cpi_C/propedia_1cpi_C_protein_pocket.pdb,/home/igem/unknown_software/datasets/propedia_formatted/propedia_1cpi_C/propedia_1cpi_C_peptide.pdb,propedia
propedia_4zuh_C,/home/igem/unknown_software/datasets/propedia_formatted/propedia_4zuh_C/propedia_4zuh_C_protein_pocket.pdb,/home/igem/unknown_software/datasets/propedia_formatted/propedia_4zuh_C/propedia_4zuh_C_peptide.pdb,propedia
propedia_4y1c_C,/home/igem/unknown_software/datasets/propedia_formatted/propedia_4y1c_C/propedia_4y1c_C_protein_pocket.pdb,/home/igem/unknown_software/datasets/propedia_formatted/propedia_4y1c_C/propedia_4y1c_C_peptide.pdb,propedia
propedia_3ft2_P,/home/igem/unknown_software/datasets/propedia_formatted/propedia_3ft2_P/propedia_3ft2_P_protein_pocket.pdb,/home/igem/unknown_software/datasets/propedia_formatted/propedia_3ft2_P/propedia_3ft2_P_peptide.pdb,propedia
propedia_4e35_C,/home/igem/unknown_software/datasets/propedia_formatted/propedia_4e35_C/propedia_4e35_C_protein_pocket.pdb,/home/igem/unknown_software/datasets/propedia_formatted/propedia_4e35_C/propedia_4e35_C_peptide.pdb,propedia
propedia_3p1p_P,/home/igem/unknown_software/datasets/propedia_formatted/propedia_3p1p_P/propedia_3p1p_P_protein_pocket.pdb,/home/igem/unknown_software/datasets/propedia_formatted/propedia_3p1p_P/propedia_3p1p_P_peptide.pdb,propedia
propedia_2yyr_P,/home/igem/unknown_software/datasets/propedia_formatted/propedia_2yyr_P/propedia_2yyr_P_protein_pocket.pdb,/home/igem/unknown_software/datasets/propedia_formatted/propedia_2yyr_P/propedia_2yyr_P_peptide.pdb,propedia
propedia_3h9g_E,/home/igem/unknown_software/datasets/propedia_formatted/propedia_3h9g_E/propedia_3h9g_E_protein_pocket.pdb,/home/igem/unknown_software/datasets/propedia_formatted/propedia_3h9g_E/propedia_3h9g_E_peptide.pdb,propedia
propedia_2clv_C,/home/igem/unknown_software/datasets/propedia_formatted/propedia_2clv_C/propedia_2clv_C_protein_pocket.pdb,/home/igem/unknown_software/datasets/propedia_formatted/propedia_2clv_C/propedia_2clv_C_peptide.pdb,propedia
propedia_1bm2_L,/home/igem/unknown_software/datasets/propedia_formatted/propedia_1bm2_L/propedia_1bm2_L_protein_pocket.pdb,/home/igem/unknown_software/datasets/propedia_formatted/propedia_1bm2_L/propedia_1bm2_L_peptide.pdb,propedia
propedia_4e35_C,/home/igem/unknown_software/datasets/propedia_formatted/propedia_4e35_C/propedia_4e35_C_protein_pocket.pdb,/home/igem/unknown_software/datasets/propedia_formatted/propedia_4e35_C/propedia_4e35_C_peptide.pdb,propedia
propedia_2brr_P,/home/igem/unknown_software/datasets/propedia_formatted/propedia_2brr_P/propedia_2brr_P_protein_pocket.pdb,/home/igem/unknown_software/datasets/propedia_formatted/propedia_2brr_P/propedia_2brr_P_peptide.pdb,propedia
propedia_5u6a_D,/home/igem/unknown_software/datasets/propedia_formatted/propedia_5u6a_D/propedia_5u6a_D_protein_pocket.pdb,/home/igem/unknown_software/datasets/propedia_formatted/propedia_5u6a_D/propedia_5u6a_D_peptide.pdb,propedia_long
propedia_2w65_E,/home/igem/unknown_software/datasets/propedia_formatted/propedia_2w65_E/propedia_2w65_E_protein_pocket.pdb,/home/igem/unknown_software/datasets/propedia_formatted/propedia_2w65_E/propedia_2w65_E_peptide.pdb,propedia
propedia_2v86_D,/home/igem/unknown_software/datasets/propedia_formatted/propedia_2v86_D/propedia_2v86_D_protein_pocket.pdb,/home/igem/unknown_software/datasets/propedia_formatted/propedia_2v86_D/propedia_2v86_D_peptide.pdb,propedia
propedia_2ple_B,/home/igem/unknown_software/datasets/propedia_formatted/propedia_2ple_B/propedia_2ple_B_protein_pocket.pdb,/home/igem/unknown_software/datasets/propedia_formatted/propedia_2ple_B/propedia_2ple_B_peptide.pdb,propedia
propedia_4nmq_C,/home/igem/unknown_software/datasets/propedia_formatted/propedia_4nmq_C/propedia_4nmq_C_protein_pocket.pdb,/home/igem/unknown_software/datasets/propedia_formatted/propedia_4nmq_C/propedia_4nmq_C_peptide.pdb,propedia
propedia_5aul_B,/home/igem/unknown_software/datasets/propedia_formatted/propedia_5aul_B/propedia_5aul_B_protein_pocket.pdb,/home/igem/unknown_software/datasets/propedia_formatted/propedia_5aul_B/propedia_5aul_B_peptide.pdb,propedia
propedia_1ghy_I,/home/igem/unknown_software/datasets/propedia_formatted/propedia_1ghy_I/propedia_1ghy_I_protein_pocket.pdb,/home/igem/unknown_software/datasets/propedia_formatted/propedia_1ghy_I/propedia_1ghy_I_peptide.pdb,propedia
propedia_3brd_D,/home/igem/unknown_software/datasets/propedia_formatted/propedia_3brd_D/propedia_3brd_D_protein_pocket.pdb,/home/igem/unknown_software/datasets/propedia_formatted/propedia_3brd_D/propedia_3brd_D_peptide.pdb,propedia_long
propedia_1tsq_P,/home/igem/unknown_software/datasets/propedia_formatted/propedia_1tsq_P/propedia_1tsq_P_protein_pocket.pdb,/home/igem/unknown_software/datasets/propedia_formatted/propedia_1tsq_P/propedia_1tsq_P_peptide.pdb,propedia
propedia_1lck_B,/home/igem/unknown_software/datasets/propedia_formatted/propedia_1lck_B/propedia_1lck_B_protein_pocket.pdb,/home/igem/unknown_software/datasets/propedia_formatted/propedia_1lck_B/propedia_1lck_B_peptide.pdb,propedia
propedia_1vwj_M,/home/igem/unknown_software/datasets/propedia_formatted/propedia_1vwj_M/propedia_1vwj_M_protein_pocket.pdb,/home/igem/unknown_software/datasets/propedia_formatted/propedia_1vwj_M/propedia_1vwj_M_peptide.pdb,propedia
propedia_148l_S,/home/igem/unknown_software/datasets/propedia_formatted/propedia_148l_S/propedia_148l_S_protein_pocket.pdb,/home/igem/unknown_software/datasets/propedia_formatted/propedia_148l_S/propedia_148l_S_peptide.pdb,propedia
propedia_2buo_T,/home/igem/unknown_software/datasets/propedia_formatted/propedia_2buo_T/propedia_2buo_T_protein_pocket.pdb,/home/igem/unknown_software/datasets/propedia_formatted/propedia_2buo_T/propedia_2buo_T_peptide.pdb,propedia
propedia_4e34_C,/home/igem/unknown_software/datasets/propedia_formatted/propedia_4e34_C/propedia_4e34_C_protein_pocket.pdb,/home/igem/unknown_software/datasets/propedia_formatted/propedia_4e34_C/propedia_4e34_C_peptide.pdb,propedia
propedia_3ffd_P,/home/igem/unknown_software/datasets/propedia_formatted/propedia_3ffd_P/propedia_3ffd_P_protein_pocket.pdb,/home/igem/unknown_software/datasets/propedia_formatted/propedia_3ffd_P/propedia_3ffd_P_peptide.pdb,propedia_long
propedia_3ob1_A,/home/igem/unknown_software/datasets/propedia_formatted/propedia_3ob1_A/propedia_3ob1_A_protein_pocket.pdb,/home/igem/unknown_software/datasets/propedia_formatted/propedia_3ob1_A/propedia_3ob1_A_peptide.pdb,propedia
propedia_5was_B,/home/igem/unknown_software/datasets/propedia_formatted/propedia_5was_B/propedia_5was_B_protein_pocket.pdb,/home/igem/unknown_software/datasets/propedia_formatted/propedia_5was_B/propedia_5was_B_peptide.pdb,propedia_long
propedia_4o51_M,/home/igem/unknown_software/datasets/propedia_formatted/propedia_4o51_M/propedia_4o51_M_protein_pocket.pdb,/home/igem/unknown_software/datasets/propedia_formatted/propedia_4o51_M/propedia_4o51_M_peptide.pdb,propedia
propedia_1ow6_D,/home/igem/unknown_software/datasets/propedia_formatted/propedia_1ow6_D/propedia_1ow6_D_protein_pocket.pdb,/home/igem/unknown_software/datasets/propedia_formatted/propedia_1ow6_D/propedia_1ow6_D_peptide.pdb,propedia
propedia_3d6m_C,/home/igem/unknown_software/datasets/propedia_formatted/propedia_3d6m_C/propedia_3d6m_C_protein_pocket.pdb,/home/igem/unknown_software/datasets/propedia_formatted/propedia_3d6m_C/propedia_3d6m_C_peptide.pdb,propedia
propedia_6jjy_U,/home/igem/unknown_software/datasets/propedia_formatted/propedia_6jjy_U/propedia_6jjy_U_protein_pocket.pdb,/home/igem/unknown_software/datasets/propedia_formatted/propedia_6jjy_U/propedia_6jjy_U_peptide.pdb,propedia_long
propedia_4c78_C,/home/igem/unknown_software/datasets/propedia_formatted/propedia_4c78_C/propedia_4c78_C_protein_pocket.pdb,/home/igem/unknown_software/datasets/propedia_formatted/propedia_4c78_C/propedia_4c78_C_peptide.pdb,propedia
propedia_1fev_A,/home/igem/unknown_software/datasets/propedia_formatted/propedia_1fev_A/propedia_1fev_A_protein_pocket.pdb,/home/igem/unknown_software/datasets/propedia_formatted/propedia_1fev_A/propedia_1fev_A_peptide.pdb,propedia_long
propedia_3e87_C,/home/igem/unknown_software/datasets/propedia_formatted/propedia_3e87_C/propedia_3e87_C_protein_pocket.pdb,/home/igem/unknown_software/datasets/propedia_formatted/propedia_3e87_C/propedia_3e87_C_peptide.pdb,propedia
propedia_4qj9_G,/home/igem/unknown_software/datasets/propedia_formatted/propedia_4qj9_G/propedia_4qj9_G_protein_pocket.pdb,/home/igem/unknown_software/datasets/propedia_formatted/propedia_4qj9_G/propedia_4qj9_G_peptide.pdb,propedia
propedia_4qxu_K,/home/igem/unknown_software/datasets/propedia_formatted/propedia_4qxu_K/propedia_4qxu_K_protein_pocket.pdb,/home/igem/unknown_software/datasets/propedia_formatted/propedia_4qxu_K/propedia_4qxu_K_peptide.pdb,propedia
propedia_4qh8_C,/home/igem/unknown_software/datasets/propedia_formatted/propedia_4qh8_C/propedia_4qh8_C_protein_pocket.pdb,/home/igem/unknown_software/datasets/propedia_formatted/propedia_4qh8_C/propedia_4qh8_C_peptide.pdb,propedia
propedia_4pri_C,/home/igem/unknown_software/datasets/propedia_formatted/propedia_4pri_C/propedia_4pri_C_protein_pocket.pdb,/home/igem/unknown_software/datasets/propedia_formatted/propedia_4pri_C/propedia_4pri_C_peptide.pdb,propedia
propedia_3g2v_C,/home/igem/unknown_software/datasets/propedia_formatted/propedia_3g2v_C/propedia_3g2v_C_protein_pocket.pdb,/home/igem/unknown_software/datasets/propedia_formatted/propedia_3g2v_C/propedia_3g2v_C_peptide.pdb,propedia
propedia_4wjq_B,/home/igem/unknown_software/datasets/propedia_formatted/propedia_4wjq_B/propedia_4wjq_B_protein_pocket.pdb,/home/igem/unknown_software/datasets/propedia_formatted/propedia_4wjq_B/propedia_4wjq_B_peptide.pdb,propedia
propedia_2ybp_C,/home/igem/unknown_software/datasets/propedia_formatted/propedia_2ybp_C/propedia_2ybp_C_protein_pocket.pdb,/home/igem/unknown_software/datasets/propedia_formatted/propedia_2ybp_C/propedia_2ybp_C_peptide.pdb,propedia
propedia_1irs_B,/home/igem/unknown_software/datasets/propedia_formatted/propedia_1irs_B/propedia_1irs_B_protein_pocket.pdb,/home/igem/unknown_software/datasets/propedia_formatted/propedia_1irs_B/propedia_1irs_B_peptide.pdb,propedia
propedia_6but_B,/home/igem/unknown_software/datasets/propedia_formatted/propedia_6but_B/propedia_6but_B_protein_pocket.pdb,/home/igem/unknown_software/datasets/propedia_formatted/propedia_6but_B/propedia_6but_B_peptide.pdb,propedia_long
propedia_3exb_B,/home/igem/unknown_software/datasets/propedia_formatted/propedia_3exb_B/propedia_3exb_B_protein_pocket.pdb,/home/igem/unknown_software/datasets/propedia_formatted/propedia_3exb_B/propedia_3exb_B_peptide.pdb,propedia
propedia_2jd5_C,/home/igem/unknown_software/datasets/propedia_formatted/propedia_2jd5_C/propedia_2jd5_C_protein_pocket.pdb,/home/igem/unknown_software/datasets/propedia_formatted/propedia_2jd5_C/propedia_2jd5_C_peptide.pdb,propedia
propedia_1ca0_A,/home/igem/unknown_software/datasets/propedia_formatted/propedia_1ca0_A/propedia_1ca0_A_protein_pocket.pdb,/home/igem/unknown_software/datasets/propedia_formatted/propedia_1ca0_A/propedia_1ca0_A_peptide.pdb,propedia
propedia_1ypl_I,/home/igem/unknown_software/datasets/propedia_formatted/propedia_1ypl_I/propedia_1ypl_I_protein_pocket.pdb,/home/igem/unknown_software/datasets/propedia_formatted/propedia_1ypl_I/propedia_1ypl_I_peptide.pdb,propedia
propedia_1co7_I,/home/igem/unknown_software/datasets/propedia_formatted/propedia_1co7_I/propedia_1co7_I_protein_pocket.pdb,/home/igem/unknown_software/datasets/propedia_formatted/propedia_1co7_I/propedia_1co7_I_peptide.pdb,propedia_long
propedia_6hqu_I,/home/igem/unknown_software/datasets/propedia_formatted/propedia_6hqu_I/propedia_6hqu_I_protein_pocket.pdb,/home/igem/unknown_software/datasets/propedia_formatted/propedia_6hqu_I/propedia_6hqu_I_peptide.pdb,propedia_long
propedia_3up3_P,/home/igem/unknown_software/datasets/propedia_formatted/propedia_3up3_P/propedia_3up3_P_protein_pocket.pdb,/home/igem/unknown_software/datasets/propedia_formatted/propedia_3up3_P/propedia_3up3_P_peptide.pdb,propedia_long
propedia_2h6m_I,/home/igem/unknown_software/datasets/propedia_formatted/propedia_2h6m_I/propedia_2h6m_I_protein_pocket.pdb,/home/igem/unknown_software/datasets/propedia_formatted/propedia_2h6m_I/propedia_2h6m_I_peptide.pdb,propedia
propedia_1czy_D,/home/igem/unknown_software/datasets/propedia_formatted/propedia_1czy_D/propedia_1czy_D_protein_pocket.pdb,/home/igem/unknown_software/datasets/propedia_formatted/propedia_1czy_D/propedia_1czy_D_peptide.pdb,propedia
propedia_2pbk_C,/home/igem/unknown_software/datasets/propedia_formatted/propedia_2pbk_C/propedia_2pbk_C_protein_pocket.pdb,/home/igem/unknown_software/datasets/propedia_formatted/propedia_2pbk_C/propedia_2pbk_C_peptide.pdb,propedia
propedia_2ifw_C,/home/igem/unknown_software/datasets/propedia_formatted/propedia_2ifw_C/propedia_2ifw_C_protein_pocket.pdb,/home/igem/unknown_software/datasets/propedia_formatted/propedia_2ifw_C/propedia_2ifw_C_peptide.pdb,propedia
propedia_3g8f_B,/home/igem/unknown_software/datasets/propedia_formatted/propedia_3g8f_B/propedia_3g8f_B_protein_pocket.pdb,/home/igem/unknown_software/datasets/propedia_formatted/propedia_3g8f_B/propedia_3g8f_B_peptide.pdb,propedia
propedia_1u3h_I,/home/igem/unknown_software/datasets/propedia_formatted/propedia_1u3h_I/propedia_1u3h_I_protein_pocket.pdb,/home/igem/unknown_software/datasets/propedia_formatted/propedia_1u3h_I/propedia_1u3h_I_peptide.pdb,propedia
propedia_5axi_E,/home/igem/unknown_software/datasets/propedia_formatted/propedia_5axi_E/propedia_5axi_E_protein_pocket.pdb,/home/igem/unknown_software/datasets/propedia_formatted/propedia_5axi_E/propedia_5axi_E_peptide.pdb,propedia
propedia_2a0t_B,/home/igem/unknown_software/datasets/propedia_formatted/propedia_2a0t_B/propedia_2a0t_B_protein_pocket.pdb,/home/igem/unknown_software/datasets/propedia_formatted/propedia_2a0t_B/propedia_2a0t_B_peptide.pdb,propedia
propedia_5w3p_P,/home/igem/unknown_software/datasets/propedia_formatted/propedia_5w3p_P/propedia_5w3p_P_protein_pocket.pdb,/home/igem/unknown_software/datasets/propedia_formatted/propedia_5w3p_P/propedia_5w3p_P_peptide.pdb,propedia_long
propedia_2l1w_B,/home/igem/unknown_software/datasets/propedia_formatted/propedia_2l1w_B/propedia_2l1w_B_protein_pocket.pdb,/home/igem/unknown_software/datasets/propedia_formatted/propedia_2l1w_B/propedia_2l1w_B_peptide.pdb,propedia_long
propedia_4d0z_X,/home/igem/unknown_software/datasets/propedia_formatted/propedia_4d0z_X/propedia_4d0z_X_protein_pocket.pdb,/home/igem/unknown_software/datasets/propedia_formatted/propedia_4d0z_X/propedia_4d0z_X_peptide.pdb,propedia
propedia_4gye_C,/home/igem/unknown_software/datasets/propedia_formatted/propedia_4gye_C/propedia_4gye_C_protein_pocket.pdb,/home/igem/unknown_software/datasets/propedia_formatted/propedia_4gye_C/propedia_4gye_C_peptide.pdb,propedia
propedia_1d5d_A,/home/igem/unknown_software/datasets/propedia_formatted/propedia_1d5d_A/propedia_1d5d_A_protein_pocket.pdb,/home/igem/unknown_software/datasets/propedia_formatted/propedia_1d5d_A/propedia_1d5d_A_peptide.pdb,propedia_long
propedia_2h6f_P,/home/igem/unknown_software/datasets/propedia_formatted/propedia_2h6f_P/propedia_2h6f_P_protein_pocket.pdb,/home/igem/unknown_software/datasets/propedia_formatted/propedia_2h6f_P/propedia_2h6f_P_peptide.pdb,propedia
propedia_4xi7_C,/home/igem/unknown_software/datasets/propedia_formatted/propedia_4xi7_C/propedia_4xi7_C_protein_pocket.pdb,/home/igem/unknown_software/datasets/propedia_formatted/propedia_4xi7_C/propedia_4xi7_C_peptide.pdb,propedia
propedia_3t0y_B,/home/igem/unknown_software/datasets/propedia_formatted/propedia_3t0y_B/propedia_3t0y_B_protein_pocket.pdb,/home/igem/unknown_software/datasets/propedia_formatted/propedia_3t0y_B/propedia_3t0y_B_peptide.pdb,propedia_long
propedia_4x1r_P,/home/igem/unknown_software/datasets/propedia_formatted/propedia_4x1r_P/propedia_4x1r_P_protein_pocket.pdb,/home/igem/unknown_software/datasets/propedia_formatted/propedia_4x1r_P/propedia_4x1r_P_peptide.pdb,propedia
propedia_1u8q_C,/home/igem/unknown_software/datasets/propedia_formatted/propedia_1u8q_C/propedia_1u8q_C_protein_pocket.pdb,/home/igem/unknown_software/datasets/propedia_formatted/propedia_1u8q_C/propedia_1u8q_C_peptide.pdb,propedia
propedia_5bs0_C,/home/igem/unknown_software/datasets/propedia_formatted/propedia_5bs0_C/propedia_5bs0_C_protein_pocket.pdb,/home/igem/unknown_software/datasets/propedia_formatted/propedia_5bs0_C/propedia_5bs0_C_peptide.pdb,propedia
propedia_4y1d_D,/home/igem/unknown_software/datasets/propedia_formatted/propedia_4y1d_D/propedia_4y1d_D_protein_pocket.pdb,/home/igem/unknown_software/datasets/propedia_formatted/propedia_4y1d_D/propedia_4y1d_D_peptide.pdb,propedia
propedia_2aka_L,/home/igem/unknown_software/datasets/propedia_formatted/propedia_2aka_L/propedia_2aka_L_protein_pocket.pdb,/home/igem/unknown_software/datasets/propedia_formatted/propedia_2aka_L/propedia_2aka_L_peptide.pdb,propedia
propedia_1kjg_P,/home/igem/unknown_software/datasets/propedia_formatted/propedia_1kjg_P/propedia_1kjg_P_protein_pocket.pdb,/home/igem/unknown_software/datasets/propedia_formatted/propedia_1kjg_P/propedia_1kjg_P_peptide.pdb,propedia
propedia_3dt0_I,/home/igem/unknown_software/datasets/propedia_formatted/propedia_3dt0_I/propedia_3dt0_I_protein_pocket.pdb,/home/igem/unknown_software/datasets/propedia_formatted/propedia_3dt0_I/propedia_3dt0_I_peptide.pdb,propedia
propedia_4lkm_B,/home/igem/unknown_software/datasets/propedia_formatted/propedia_4lkm_B/propedia_4lkm_B_protein_pocket.pdb,/home/igem/unknown_software/datasets/propedia_formatted/propedia_4lkm_B/propedia_4lkm_B_peptide.pdb,propedia
propedia_4nie_C,/home/igem/unknown_software/datasets/propedia_formatted/propedia_4nie_C/propedia_4nie_C_protein_pocket.pdb,/home/igem/unknown_software/datasets/propedia_formatted/propedia_4nie_C/propedia_4nie_C_peptide.pdb,propedia
propedia_2yq7_B,/home/igem/unknown_software/datasets/propedia_formatted/propedia_2yq7_B/propedia_2yq7_B_protein_pocket.pdb,/home/igem/unknown_software/datasets/propedia_formatted/propedia_2yq7_B/propedia_2yq7_B_peptide.pdb,propedia_long
propedia_1uhb_P,/home/igem/unknown_software/datasets/propedia_formatted/propedia_1uhb_P/propedia_1uhb_P_protein_pocket.pdb,/home/igem/unknown_software/datasets/propedia_formatted/propedia_1uhb_P/propedia_1uhb_P_peptide.pdb,propedia
propedia_4uzy_B,/home/igem/unknown_software/datasets/propedia_formatted/propedia_4uzy_B/propedia_4uzy_B_protein_pocket.pdb,/home/igem/unknown_software/datasets/propedia_formatted/propedia_4uzy_B/propedia_4uzy_B_peptide.pdb,propedia_long
propedia_1oex_B,/home/igem/unknown_software/datasets/propedia_formatted/propedia_1oex_B/propedia_1oex_B_protein_pocket.pdb,/home/igem/unknown_software/datasets/propedia_formatted/propedia_1oex_B/propedia_1oex_B_peptide.pdb,propedia
propedia_2c2m_C,/home/igem/unknown_software/datasets/propedia_formatted/propedia_2c2m_C/propedia_2c2m_C_protein_pocket.pdb,/home/igem/unknown_software/datasets/propedia_formatted/propedia_2c2m_C/propedia_2c2m_C_peptide.pdb,propedia
propedia_1vwm_P,/home/igem/unknown_software/datasets/propedia_formatted/propedia_1vwm_P/propedia_1vwm_P_protein_pocket.pdb,/home/igem/unknown_software/datasets/propedia_formatted/propedia_1vwm_P/propedia_1vwm_P_peptide.pdb,propedia
propedia_3utq_C,/home/igem/unknown_software/datasets/propedia_formatted/propedia_3utq_C/propedia_3utq_C_protein_pocket.pdb,/home/igem/unknown_software/datasets/propedia_formatted/propedia_3utq_C/propedia_3utq_C_peptide.pdb,propedia
propedia_5ndc_C,/home/igem/unknown_software/datasets/propedia_formatted/propedia_5ndc_C/propedia_5ndc_C_protein_pocket.pdb,/home/igem/unknown_software/datasets/propedia_formatted/propedia_5ndc_C/propedia_5ndc_C_peptide.pdb,propedia_long
propedia_6h9j_D,/home/igem/unknown_software/datasets/propedia_formatted/propedia_6h9j_D/propedia_6h9j_D_protein_pocket.pdb,/home/igem/unknown_software/datasets/propedia_formatted/propedia_6h9j_D/propedia_6h9j_D_peptide.pdb,propedia_long
propedia_4v1t_C,/home/igem/unknown_software/datasets/propedia_formatted/propedia_4v1t_C/propedia_4v1t_C_protein_pocket.pdb,/home/igem/unknown_software/datasets/propedia_formatted/propedia_4v1t_C/propedia_4v1t_C_peptide.pdb,propedia_long
propedia_5ahg_I,/home/igem/unknown_software/datasets/propedia_formatted/propedia_5ahg_I/propedia_5ahg_I_protein_pocket.pdb,/home/igem/unknown_software/datasets/propedia_formatted/propedia_5ahg_I/propedia_5ahg_I_peptide.pdb,propedia
propedia_2zc9_I,/home/igem/unknown_software/datasets/propedia_formatted/propedia_2zc9_I/propedia_2zc9_I_protein_pocket.pdb,/home/igem/unknown_software/datasets/propedia_formatted/propedia_2zc9_I/propedia_2zc9_I_peptide.pdb,propedia
propedia_2byp_F,/home/igem/unknown_software/datasets/propedia_formatted/propedia_2byp_F/propedia_2byp_F_protein_pocket.pdb,/home/igem/unknown_software/datasets/propedia_formatted/propedia_2byp_F/propedia_2byp_F_peptide.pdb,propedia
propedia_2khs_B,/home/igem/unknown_software/datasets/propedia_formatted/propedia_2khs_B/propedia_2khs_B_protein_pocket.pdb,/home/igem/unknown_software/datasets/propedia_formatted/propedia_2khs_B/propedia_2khs_B_peptide.pdb,propedia_long
propedia_3sge_K,/home/igem/unknown_software/datasets/propedia_formatted/propedia_3sge_K/propedia_3sge_K_protein_pocket.pdb,/home/igem/unknown_software/datasets/propedia_formatted/propedia_3sge_K/propedia_3sge_K_peptide.pdb,propedia
propedia_1nrs_I,/home/igem/unknown_software/datasets/propedia_formatted/propedia_1nrs_I/propedia_1nrs_I_protein_pocket.pdb,/home/igem/unknown_software/datasets/propedia_formatted/propedia_1nrs_I/propedia_1nrs_I_peptide.pdb,propedia
propedia_4up0_F,/home/igem/unknown_software/datasets/propedia_formatted/propedia_4up0_F/propedia_4up0_F_protein_pocket.pdb,/home/igem/unknown_software/datasets/propedia_formatted/propedia_4up0_F/propedia_4up0_F_peptide.pdb,propedia
propedia_3ij1_B,/home/igem/unknown_software/datasets/propedia_formatted/propedia_3ij1_B/propedia_3ij1_B_protein_pocket.pdb,/home/igem/unknown_software/datasets/propedia_formatted/propedia_3ij1_B/propedia_3ij1_B_peptide.pdb,propedia
propedia_2p5e_C,/home/igem/unknown_software/datasets/propedia_formatted/propedia_2p5e_C/propedia_2p5e_C_protein_pocket.pdb,/home/igem/unknown_software/datasets/propedia_formatted/propedia_2p5e_C/propedia_2p5e_C_peptide.pdb,propedia
propedia_3qwc_I,/home/igem/unknown_software/datasets/propedia_formatted/propedia_3qwc_I/propedia_3qwc_I_protein_pocket.pdb,/home/igem/unknown_software/datasets/propedia_formatted/propedia_3qwc_I/propedia_3qwc_I_peptide.pdb,propedia
propedia_3iqu_P,/home/igem/unknown_software/datasets/propedia_formatted/propedia_3iqu_P/propedia_3iqu_P_protein_pocket.pdb,/home/igem/unknown_software/datasets/propedia_formatted/propedia_3iqu_P/propedia_3iqu_P_peptide.pdb,propedia
propedia_3uvu_B,/home/igem/unknown_software/datasets/propedia_formatted/propedia_3uvu_B/propedia_3uvu_B_protein_pocket.pdb,/home/igem/unknown_software/datasets/propedia_formatted/propedia_3uvu_B/propedia_3uvu_B_peptide.pdb,propedia_long
propedia_2zvm_U,/home/igem/unknown_software/datasets/propedia_formatted/propedia_2zvm_U/propedia_2zvm_U_protein_pocket.pdb,/home/igem/unknown_software/datasets/propedia_formatted/propedia_2zvm_U/propedia_2zvm_U_peptide.pdb,propedia_long
propedia_5h7g_C,/home/igem/unknown_software/datasets/propedia_formatted/propedia_5h7g_C/propedia_5h7g_C_protein_pocket.pdb,/home/igem/unknown_software/datasets/propedia_formatted/propedia_5h7g_C/propedia_5h7g_C_peptide.pdb,propedia_long
propedia_1w88_I,/home/igem/unknown_software/datasets/propedia_formatted/propedia_1w88_I/propedia_1w88_I_protein_pocket.pdb,/home/igem/unknown_software/datasets/propedia_formatted/propedia_1w88_I/propedia_1w88_I_peptide.pdb,propedia_long
propedia_1tmb_I,/home/igem/unknown_software/datasets/propedia_formatted/propedia_1tmb_I/propedia_1tmb_I_protein_pocket.pdb,/home/igem/unknown_software/datasets/propedia_formatted/propedia_1tmb_I/propedia_1tmb_I_peptide.pdb,propedia
propedia_1s5p_B,/home/igem/unknown_software/datasets/propedia_formatted/propedia_1s5p_B/propedia_1s5p_B_protein_pocket.pdb,/home/igem/unknown_software/datasets/propedia_formatted/propedia_1s5p_B/propedia_1s5p_B_peptide.pdb,propedia
propedia_4ep2_B,/home/igem/unknown_software/datasets/propedia_formatted/propedia_4ep2_B/propedia_4ep2_B_protein_pocket.pdb,/home/igem/unknown_software/datasets/propedia_formatted/propedia_4ep2_B/propedia_4ep2_B_peptide.pdb,propedia
propedia_4ore_A,/home/igem/unknown_software/datasets/propedia_formatted/propedia_4ore_A/propedia_4ore_A_protein_pocket.pdb,/home/igem/unknown_software/datasets/propedia_formatted/propedia_4ore_A/propedia_4ore_A_peptide.pdb,propedia
propedia_4b60_C,/home/igem/unknown_software/datasets/propedia_formatted/propedia_4b60_C/propedia_4b60_C_protein_pocket.pdb,/home/igem/unknown_software/datasets/propedia_formatted/propedia_4b60_C/propedia_4b60_C_peptide.pdb,propedia_long
propedia_3iet_Q,/home/igem/unknown_software/datasets/propedia_formatted/propedia_3iet_Q/propedia_3iet_Q_protein_pocket.pdb,/home/igem/unknown_software/datasets/propedia_formatted/propedia_3iet_Q/propedia_3iet_Q_peptide.pdb,propedia
propedia_4ds1_B,/home/igem/unknown_software/datasets/propedia_formatted/propedia_4ds1_B/propedia_4ds1_B_protein_pocket.pdb,/home/igem/unknown_software/datasets/propedia_formatted/propedia_4ds1_B/propedia_4ds1_B_peptide.pdb,propedia
propedia_1q4q_K,/home/igem/unknown_software/datasets/propedia_formatted/propedia_1q4q_K/propedia_1q4q_K_protein_pocket.pdb,/home/igem/unknown_software/datasets/propedia_formatted/propedia_1q4q_K/propedia_1q4q_K_peptide.pdb,propedia
propedia_4g8g_C,/home/igem/unknown_software/datasets/propedia_formatted/propedia_4g8g_C/propedia_4g8g_C_protein_pocket.pdb,/home/igem/unknown_software/datasets/propedia_formatted/propedia_4g8g_C/propedia_4g8g_C_peptide.pdb,propedia
propedia_3oux_B,/home/igem/unknown_software/datasets/propedia_formatted/propedia_3oux_B/propedia_3oux_B_protein_pocket.pdb,/home/igem/unknown_software/datasets/propedia_formatted/propedia_3oux_B/propedia_3oux_B_peptide.pdb,propedia_long
propedia_5fmj_B,/home/igem/unknown_software/datasets/propedia_formatted/propedia_5fmj_B/propedia_5fmj_B_protein_pocket.pdb,/home/igem/unknown_software/datasets/propedia_formatted/propedia_5fmj_B/propedia_5fmj_B_peptide.pdb,propedia_long
propedia_3e0m_E,/home/igem/unknown_software/datasets/propedia_formatted/propedia_3e0m_E/propedia_3e0m_E_protein_pocket.pdb,/home/igem/unknown_software/datasets/propedia_formatted/propedia_3e0m_E/propedia_3e0m_E_peptide.pdb,propedia
propedia_1s7x_C,/home/igem/unknown_software/datasets/propedia_formatted/propedia_1s7x_C/propedia_1s7x_C_protein_pocket.pdb,/home/igem/unknown_software/datasets/propedia_formatted/propedia_1s7x_C/propedia_1s7x_C_peptide.pdb,propedia
propedia_3g2u_C,/home/igem/unknown_software/datasets/propedia_formatted/propedia_3g2u_C/propedia_3g2u_C_protein_pocket.pdb,/home/igem/unknown_software/datasets/propedia_formatted/propedia_3g2u_C/propedia_3g2u_C_peptide.pdb,propedia
propedia_1uma_I,/home/igem/unknown_software/datasets/propedia_formatted/propedia_1uma_I/propedia_1uma_I_protein_pocket.pdb,/home/igem/unknown_software/datasets/propedia_formatted/propedia_1uma_I/propedia_1uma_I_peptide.pdb,propedia
propedia_4mp0_B,/home/igem/unknown_software/datasets/propedia_formatted/propedia_4mp0_B/propedia_4mp0_B_protein_pocket.pdb,/home/igem/unknown_software/datasets/propedia_formatted/propedia_4mp0_B/propedia_4mp0_B_peptide.pdb,propedia_long
propedia_2h6n_C,/home/igem/unknown_software/datasets/propedia_formatted/propedia_2h6n_C/propedia_2h6n_C_protein_pocket.pdb,/home/igem/unknown_software/datasets/propedia_formatted/propedia_2h6n_C/propedia_2h6n_C_peptide.pdb,propedia
propedia_4y8h_c,/home/igem/unknown_software/datasets/propedia_formatted/propedia_4y8h_c/propedia_4y8h_c_protein_pocket.pdb,/home/igem/unknown_software/datasets/propedia_formatted/propedia_4y8h_c/propedia_4y8h_c_peptide.pdb,propedia
propedia_2fns_P,/home/igem/unknown_software/datasets/propedia_formatted/propedia_2fns_P/propedia_2fns_P_protein_pocket.pdb,/home/igem/unknown_software/datasets/propedia_formatted/propedia_2fns_P/propedia_2fns_P_peptide.pdb,propedia
propedia_4kty_C,/home/igem/unknown_software/datasets/propedia_formatted/propedia_4kty_C/propedia_4kty_C_protein_pocket.pdb,/home/igem/unknown_software/datasets/propedia_formatted/propedia_4kty_C/propedia_4kty_C_peptide.pdb,propedia
propedia_2kgb_I,/home/igem/unknown_software/datasets/propedia_formatted/propedia_2kgb_I/propedia_2kgb_I_protein_pocket.pdb,/home/igem/unknown_software/datasets/propedia_formatted/propedia_2kgb_I/propedia_2kgb_I_peptide.pdb,propedia_long
propedia_4dm9_X,/home/igem/unknown_software/datasets/propedia_formatted/propedia_4dm9_X/propedia_4dm9_X_protein_pocket.pdb,/home/igem/unknown_software/datasets/propedia_formatted/propedia_4dm9_X/propedia_4dm9_X_peptide.pdb,propedia
propedia_3eq0_I,/home/igem/unknown_software/datasets/propedia_formatted/propedia_3eq0_I/propedia_3eq0_I_protein_pocket.pdb,/home/igem/unknown_software/datasets/propedia_formatted/propedia_3eq0_I/propedia_3eq0_I_peptide.pdb,propedia
propedia_4fae_D,/home/igem/unknown_software/datasets/propedia_formatted/propedia_4fae_D/propedia_4fae_D_protein_pocket.pdb,/home/igem/unknown_software/datasets/propedia_formatted/propedia_4fae_D/propedia_4fae_D_peptide.pdb,propedia
propedia_1uvq_C,/home/igem/unknown_software/datasets/propedia_formatted/propedia_1uvq_C/propedia_1uvq_C_protein_pocket.pdb,/home/igem/unknown_software/datasets/propedia_formatted/propedia_1uvq_C/propedia_1uvq_C_peptide.pdb,propedia_long
propedia_3q75_G,/home/igem/unknown_software/datasets/propedia_formatted/propedia_3q75_G/propedia_3q75_G_protein_pocket.pdb,/home/igem/unknown_software/datasets/propedia_formatted/propedia_3q75_G/propedia_3q75_G_peptide.pdb,propedia
propedia_3edq_E,/home/igem/unknown_software/datasets/propedia_formatted/propedia_3edq_E/propedia_3edq_E_protein_pocket.pdb,/home/igem/unknown_software/datasets/propedia_formatted/propedia_3edq_E/propedia_3edq_E_peptide.pdb,propedia
propedia_2zhq_I,/home/igem/unknown_software/datasets/propedia_formatted/propedia_2zhq_I/propedia_2zhq_I_protein_pocket.pdb,/home/igem/unknown_software/datasets/propedia_formatted/propedia_2zhq_I/propedia_2zhq_I_peptide.pdb,propedia
propedia_4jaa_S,/home/igem/unknown_software/datasets/propedia_formatted/propedia_4jaa_S/propedia_4jaa_S_protein_pocket.pdb,/home/igem/unknown_software/datasets/propedia_formatted/propedia_4jaa_S/propedia_4jaa_S_peptide.pdb,propedia_long
propedia_3drf_B,/home/igem/unknown_software/datasets/propedia_formatted/propedia_3drf_B/propedia_3drf_B_protein_pocket.pdb,/home/igem/unknown_software/datasets/propedia_formatted/propedia_3drf_B/propedia_3drf_B_peptide.pdb,propedia
propedia_3b80_C,/home/igem/unknown_software/datasets/propedia_formatted/propedia_3b80_C/propedia_3b80_C_protein_pocket.pdb,/home/igem/unknown_software/datasets/propedia_formatted/propedia_3b80_C/propedia_3b80_C_peptide.pdb,propedia
propedia_2h6t_B,/home/igem/unknown_software/datasets/propedia_formatted/propedia_2h6t_B/propedia_2h6t_B_protein_pocket.pdb,/home/igem/unknown_software/datasets/propedia_formatted/propedia_2h6t_B/propedia_2h6t_B_peptide.pdb,propedia
propedia_2qos_A,/home/igem/unknown_software/datasets/propedia_formatted/propedia_2qos_A/propedia_2qos_A_protein_pocket.pdb,/home/igem/unknown_software/datasets/propedia_formatted/propedia_2qos_A/propedia_2qos_A_peptide.pdb,propedia
propedia_4jok_C,/home/igem/unknown_software/datasets/propedia_formatted/propedia_4jok_C/propedia_4jok_C_protein_pocket.pdb,/home/igem/unknown_software/datasets/propedia_formatted/propedia_4jok_C/propedia_4jok_C_peptide.pdb,propedia
propedia_1apu_I,/home/igem/unknown_software/datasets/propedia_formatted/propedia_1apu_I/propedia_1apu_I_protein_pocket.pdb,/home/igem/unknown_software/datasets/propedia_formatted/propedia_1apu_I/propedia_1apu_I_peptide.pdb,propedia
propedia_1i3z_B,/home/igem/unknown_software/datasets/propedia_formatted/propedia_1i3z_B/propedia_1i3z_B_protein_pocket.pdb,/home/igem/unknown_software/datasets/propedia_formatted/propedia_1i3z_B/propedia_1i3z_B_peptide.pdb,propedia
propedia_1b8d_G,/home/igem/unknown_software/datasets/propedia_formatted/propedia_1b8d_G/propedia_1b8d_G_protein_pocket.pdb,/home/igem/unknown_software/datasets/propedia_formatted/propedia_1b8d_G/propedia_1b8d_G_peptide.pdb,propedia
propedia_1s5r_A,/home/igem/unknown_software/datasets/propedia_formatted/propedia_1s5r_A/propedia_1s5r_A_protein_pocket.pdb,/home/igem/unknown_software/datasets/propedia_formatted/propedia_1s5r_A/propedia_1s5r_A_peptide.pdb,propedia_long
propedia_2ybs_C,/home/igem/unknown_software/datasets/propedia_formatted/propedia_2ybs_C/propedia_2ybs_C_protein_pocket.pdb,/home/igem/unknown_software/datasets/propedia_formatted/propedia_2ybs_C/propedia_2ybs_C_peptide.pdb,propedia
propedia_4dj9_B,/home/igem/unknown_software/datasets/propedia_formatted/propedia_4dj9_B/propedia_4dj9_B_protein_pocket.pdb,/home/igem/unknown_software/datasets/propedia_formatted/propedia_4dj9_B/propedia_4dj9_B_peptide.pdb,propedia_long
propedia_4p9v_B,/home/igem/unknown_software/datasets/propedia_formatted/propedia_4p9v_B/propedia_4p9v_B_protein_pocket.pdb,/home/igem/unknown_software/datasets/propedia_formatted/propedia_4p9v_B/propedia_4p9v_B_peptide.pdb,propedia
propedia_1bd2_C,/home/igem/unknown_software/datasets/propedia_formatted/propedia_1bd2_C/propedia_1bd2_C_protein_pocket.pdb,/home/igem/unknown_software/datasets/propedia_formatted/propedia_1bd2_C/propedia_1bd2_C_peptide.pdb,propedia
propedia_1utc_P,/home/igem/unknown_software/datasets/propedia_formatted/propedia_1utc_P/propedia_1utc_P_protein_pocket.pdb,/home/igem/unknown_software/datasets/propedia_formatted/propedia_1utc_P/propedia_1utc_P_peptide.pdb,propedia
propedia_1doj_B,/home/igem/unknown_software/datasets/propedia_formatted/propedia_1doj_B/propedia_1doj_B_protein_pocket.pdb,/home/igem/unknown_software/datasets/propedia_formatted/propedia_1doj_B/propedia_1doj_B_peptide.pdb,propedia
propedia_2kxc_B,/home/igem/unknown_software/datasets/propedia_formatted/propedia_2kxc_B/propedia_2kxc_B_protein_pocket.pdb,/home/igem/unknown_software/datasets/propedia_formatted/propedia_2kxc_B/propedia_2kxc_B_peptide.pdb,propedia_long
propedia_4buz_P,/home/igem/unknown_software/datasets/propedia_formatted/propedia_4buz_P/propedia_4buz_P_protein_pocket.pdb,/home/igem/unknown_software/datasets/propedia_formatted/propedia_4buz_P/propedia_4buz_P_peptide.pdb,propedia
propedia_4ehn_B,/home/igem/unknown_software/datasets/propedia_formatted/propedia_4ehn_B/propedia_4ehn_B_protein_pocket.pdb,/home/igem/unknown_software/datasets/propedia_formatted/propedia_4ehn_B/propedia_4ehn_B_peptide.pdb,propedia
propedia_3d6m_C,/home/igem/unknown_software/datasets/propedia_formatted/propedia_3d6m_C/propedia_3d6m_C_protein_pocket.pdb,/home/igem/unknown_software/datasets/propedia_formatted/propedia_3d6m_C/propedia_3d6m_C_peptide.pdb,propedia
propedia_4tky_E,/home/igem/unknown_software/datasets/propedia_formatted/propedia_4tky_E/propedia_4tky_E_protein_pocket.pdb,/home/igem/unknown_software/datasets/propedia_formatted/propedia_4tky_E/propedia_4tky_E_peptide.pdb,propedia
propedia_6ghd_G,/home/igem/unknown_software/datasets/propedia_formatted/propedia_6ghd_G/propedia_6ghd_G_protein_pocket.pdb,/home/igem/unknown_software/datasets/propedia_formatted/propedia_6ghd_G/propedia_6ghd_G_peptide.pdb,propedia_long
propedia_1g7q_P,/home/igem/unknown_software/datasets/propedia_formatted/propedia_1g7q_P/propedia_1g7q_P_protein_pocket.pdb,/home/igem/unknown_software/datasets/propedia_formatted/propedia_1g7q_P/propedia_1g7q_P_peptide.pdb,propedia
propedia_1d00_I,/home/igem/unknown_software/datasets/propedia_formatted/propedia_1d00_I/propedia_1d00_I_protein_pocket.pdb,/home/igem/unknown_software/datasets/propedia_formatted/propedia_1d00_I/propedia_1d00_I_peptide.pdb,propedia
propedia_2riv_B,/home/igem/unknown_software/datasets/propedia_formatted/propedia_2riv_B/propedia_2riv_B_protein_pocket.pdb,/home/igem/unknown_software/datasets/propedia_formatted/propedia_2riv_B/propedia_2riv_B_peptide.pdb,propedia_long
propedia_3p3n_B,/home/igem/unknown_software/datasets/propedia_formatted/propedia_3p3n_B/propedia_3p3n_B_protein_pocket.pdb,/home/igem/unknown_software/datasets/propedia_formatted/propedia_3p3n_B/propedia_3p3n_B_peptide.pdb,propedia
propedia_3vh8_C,/home/igem/unknown_software/datasets/propedia_formatted/propedia_3vh8_C/propedia_3vh8_C_protein_pocket.pdb,/home/igem/unknown_software/datasets/propedia_formatted/propedia_3vh8_C/propedia_3vh8_C_peptide.pdb,propedia
propedia_4z2v_C,/home/igem/unknown_software/datasets/propedia_formatted/propedia_4z2v_C/propedia_4z2v_C_protein_pocket.pdb,/home/igem/unknown_software/datasets/propedia_formatted/propedia_4z2v_C/propedia_4z2v_C_peptide.pdb,propedia
propedia_3avg_D,/home/igem/unknown_software/datasets/propedia_formatted/propedia_3avg_D/propedia_3avg_D_protein_pocket.pdb,/home/igem/unknown_software/datasets/propedia_formatted/propedia_3avg_D/propedia_3avg_D_peptide.pdb,propedia
propedia_1jq9_P,/home/igem/unknown_software/datasets/propedia_formatted/propedia_1jq9_P/propedia_1jq9_P_protein_pocket.pdb,/home/igem/unknown_software/datasets/propedia_formatted/propedia_1jq9_P/propedia_1jq9_P_peptide.pdb,propedia
propedia_3c88_B,/home/igem/unknown_software/datasets/propedia_formatted/propedia_3c88_B/propedia_3c88_B_protein_pocket.pdb,/home/igem/unknown_software/datasets/propedia_formatted/propedia_3c88_B/propedia_3c88_B_peptide.pdb,propedia
propedia_6mtt_P,/home/igem/unknown_software/datasets/propedia_formatted/propedia_6mtt_P/propedia_6mtt_P_protein_pocket.pdb,/home/igem/unknown_software/datasets/propedia_formatted/propedia_6mtt_P/propedia_6mtt_P_peptide.pdb,propedia_long
propedia_1loe_B,/home/igem/unknown_software/datasets/propedia_formatted/propedia_1loe_B/propedia_1loe_B_protein_pocket.pdb,/home/igem/unknown_software/datasets/propedia_formatted/propedia_1loe_B/propedia_1loe_B_peptide.pdb,propedia_long
propedia_5yay_B,/home/igem/unknown_software/datasets/propedia_formatted/propedia_5yay_B/propedia_5yay_B_protein_pocket.pdb,/home/igem/unknown_software/datasets/propedia_formatted/propedia_5yay_B/propedia_5yay_B_peptide.pdb,propedia_long
propedia_3ql9_C,/home/igem/unknown_software/datasets/propedia_formatted/propedia_3ql9_C/propedia_3ql9_C_protein_pocket.pdb,/home/igem/unknown_software/datasets/propedia_formatted/propedia_3ql9_C/propedia_3ql9_C_peptide.pdb,propedia
propedia_2kwk_B,/home/igem/unknown_software/datasets/propedia_formatted/propedia_2kwk_B/propedia_2kwk_B_protein_pocket.pdb,/home/igem/unknown_software/datasets/propedia_formatted/propedia_2kwk_B/propedia_2kwk_B_peptide.pdb,propedia_long
propedia_4yo0_E,/home/igem/unknown_software/datasets/propedia_formatted/propedia_4yo0_E/propedia_4yo0_E_protein_pocket.pdb,/home/igem/unknown_software/datasets/propedia_formatted/propedia_4yo0_E/propedia_4yo0_E_peptide.pdb,propedia
propedia_2xqq_E,/home/igem/unknown_software/datasets/propedia_formatted/propedia_2xqq_E/propedia_2xqq_E_protein_pocket.pdb,/home/igem/unknown_software/datasets/propedia_formatted/propedia_2xqq_E/propedia_2xqq_E_peptide.pdb,propedia
propedia_1ae8_I,/home/igem/unknown_software/datasets/propedia_formatted/propedia_1ae8_I/propedia_1ae8_I_protein_pocket.pdb,/home/igem/unknown_software/datasets/propedia_formatted/propedia_1ae8_I/propedia_1ae8_I_peptide.pdb,propedia
propedia_4kbb_C,/home/igem/unknown_software/datasets/propedia_formatted/propedia_4kbb_C/propedia_4kbb_C_protein_pocket.pdb,/home/igem/unknown_software/datasets/propedia_formatted/propedia_4kbb_C/propedia_4kbb_C_peptide.pdb,propedia_long
propedia_2d7c_C,/home/igem/unknown_software/datasets/propedia_formatted/propedia_2d7c_C/propedia_2d7c_C_protein_pocket.pdb,/home/igem/unknown_software/datasets/propedia_formatted/propedia_2d7c_C/propedia_2d7c_C_peptide.pdb,propedia_long
propedia_4bh8_P,/home/igem/unknown_software/datasets/propedia_formatted/propedia_4bh8_P/propedia_4bh8_P_protein_pocket.pdb,/home/igem/unknown_software/datasets/propedia_formatted/propedia_4bh8_P/propedia_4bh8_P_peptide.pdb,propedia
propedia_2e4h_B,/home/igem/unknown_software/datasets/propedia_formatted/propedia_2e4h_B/propedia_2e4h_B_protein_pocket.pdb,/home/igem/unknown_software/datasets/propedia_formatted/propedia_2e4h_B/propedia_2e4h_B_peptide.pdb,propedia
propedia_6ocx_F,/home/igem/unknown_software/datasets/propedia_formatted/propedia_6ocx_F/propedia_6ocx_F_protein_pocket.pdb,/home/igem/unknown_software/datasets/propedia_formatted/propedia_6ocx_F/propedia_6ocx_F_peptide.pdb,propedia_long
propedia_3oub_P,/home/igem/unknown_software/datasets/propedia_formatted/propedia_3oub_P/propedia_3oub_P_protein_pocket.pdb,/home/igem/unknown_software/datasets/propedia_formatted/propedia_3oub_P/propedia_3oub_P_peptide.pdb,propedia
propedia_2v7d_P,/home/igem/unknown_software/datasets/propedia_formatted/propedia_2v7d_P/propedia_2v7d_P_protein_pocket.pdb,/home/igem/unknown_software/datasets/propedia_formatted/propedia_2v7d_P/propedia_2v7d_P_peptide.pdb,propedia
propedia_3smo_P,/home/igem/unknown_software/datasets/propedia_formatted/propedia_3smo_P/propedia_3smo_P_protein_pocket.pdb,/home/igem/unknown_software/datasets/propedia_formatted/propedia_3smo_P/propedia_3smo_P_peptide.pdb,propedia
propedia_3sow_C,/home/igem/unknown_software/datasets/propedia_formatted/propedia_3sow_C/propedia_3sow_C_protein_pocket.pdb,/home/igem/unknown_software/datasets/propedia_formatted/propedia_3sow_C/propedia_3sow_C_peptide.pdb,propedia
propedia_2lgk_B,/home/igem/unknown_software/datasets/propedia_formatted/propedia_2lgk_B/propedia_2lgk_B_protein_pocket.pdb,/home/igem/unknown_software/datasets/propedia_formatted/propedia_2lgk_B/propedia_2lgk_B_peptide.pdb,propedia
propedia_4mzf_A,/home/igem/unknown_software/datasets/propedia_formatted/propedia_4mzf_A/propedia_4mzf_A_protein_pocket.pdb,/home/igem/unknown_software/datasets/propedia_formatted/propedia_4mzf_A/propedia_4mzf_A_peptide.pdb,propedia
propedia_2j30_B,/home/igem/unknown_software/datasets/propedia_formatted/propedia_2j30_B/propedia_2j30_B_protein_pocket.pdb,/home/igem/unknown_software/datasets/propedia_formatted/propedia_2j30_B/propedia_2j30_B_peptide.pdb,propedia
propedia_3brv_A,/home/igem/unknown_software/datasets/propedia_formatted/propedia_3brv_A/propedia_3brv_A_protein_pocket.pdb,/home/igem/unknown_software/datasets/propedia_formatted/propedia_3brv_A/propedia_3brv_A_peptide.pdb,propedia_long
propedia_3fqn_C,/home/igem/unknown_software/datasets/propedia_formatted/propedia_3fqn_C/propedia_3fqn_C_protein_pocket.pdb,/home/igem/unknown_software/datasets/propedia_formatted/propedia_3fqn_C/propedia_3fqn_C_peptide.pdb,propedia
propedia_1xoc_B,/home/igem/unknown_software/datasets/propedia_formatted/propedia_1xoc_B/propedia_1xoc_B_protein_pocket.pdb,/home/igem/unknown_software/datasets/propedia_formatted/propedia_1xoc_B/propedia_1xoc_B_peptide.pdb,propedia
propedia_1e4x_P,/home/igem/unknown_software/datasets/propedia_formatted/propedia_1e4x_P/propedia_1e4x_P_protein_pocket.pdb,/home/igem/unknown_software/datasets/propedia_formatted/propedia_1e4x_P/propedia_1e4x_P_peptide.pdb,propedia
propedia_2rma_B,/home/igem/unknown_software/datasets/propedia_formatted/propedia_2rma_B/propedia_2rma_B_protein_pocket.pdb,/home/igem/unknown_software/datasets/propedia_formatted/propedia_2rma_B/propedia_2rma_B_peptide.pdb,propedia
propedia_4z2v_C,/home/igem/unknown_software/datasets/propedia_formatted/propedia_4z2v_C/propedia_4z2v_C_protein_pocket.pdb,/home/igem/unknown_software/datasets/propedia_formatted/propedia_4z2v_C/propedia_4z2v_C_peptide.pdb,propedia
propedia_4qy8_Q,/home/igem/unknown_software/datasets/propedia_formatted/propedia_4qy8_Q/propedia_4qy8_Q_protein_pocket.pdb,/home/igem/unknown_software/datasets/propedia_formatted/propedia_4qy8_Q/propedia_4qy8_Q_peptide.pdb,propedia_long
propedia_1fjm_M,/home/igem/unknown_software/datasets/propedia_formatted/propedia_1fjm_M/propedia_1fjm_M_protein_pocket.pdb,/home/igem/unknown_software/datasets/propedia_formatted/propedia_1fjm_M/propedia_1fjm_M_peptide.pdb,propedia
propedia_2lsj_B,/home/igem/unknown_software/datasets/propedia_formatted/propedia_2lsj_B/propedia_2lsj_B_protein_pocket.pdb,/home/igem/unknown_software/datasets/propedia_formatted/propedia_2lsj_B/propedia_2lsj_B_peptide.pdb,propedia_long
propedia_3g2t_C,/home/igem/unknown_software/datasets/propedia_formatted/propedia_3g2t_C/propedia_3g2t_C_protein_pocket.pdb,/home/igem/unknown_software/datasets/propedia_formatted/propedia_3g2t_C/propedia_3g2t_C_peptide.pdb,propedia
propedia_5h7p_B,/home/igem/unknown_software/datasets/propedia_formatted/propedia_5h7p_B/propedia_5h7p_B_protein_pocket.pdb,/home/igem/unknown_software/datasets/propedia_formatted/propedia_5h7p_B/propedia_5h7p_B_peptide.pdb,propedia_long
propedia_1a1m_C,/home/igem/unknown_software/datasets/propedia_formatted/propedia_1a1m_C/propedia_1a1m_C_protein_pocket.pdb,/home/igem/unknown_software/datasets/propedia_formatted/propedia_1a1m_C/propedia_1a1m_C_peptide.pdb,propedia
propedia_3nzw_3,/home/igem/unknown_software/datasets/propedia_formatted/propedia_3nzw_3/propedia_3nzw_3_protein_pocket.pdb,/home/igem/unknown_software/datasets/propedia_formatted/propedia_3nzw_3/propedia_3nzw_3_peptide.pdb,propedia
propedia_1htm_A,/home/igem/unknown_software/datasets/propedia_formatted/propedia_1htm_A/propedia_1htm_A_protein_pocket.pdb,/home/igem/unknown_software/datasets/propedia_formatted/propedia_1htm_A/propedia_1htm_A_peptide.pdb,propedia
propedia_5lvf_B,/home/igem/unknown_software/datasets/propedia_formatted/propedia_5lvf_B/propedia_5lvf_B_protein_pocket.pdb,/home/igem/unknown_software/datasets/propedia_formatted/propedia_5lvf_B/propedia_5lvf_B_peptide.pdb,propedia_long
propedia_4j8r_I,/home/igem/unknown_software/datasets/propedia_formatted/propedia_4j8r_I/propedia_4j8r_I_protein_pocket.pdb,/home/igem/unknown_software/datasets/propedia_formatted/propedia_4j8r_I/propedia_4j8r_I_peptide.pdb,propedia
propedia_3r6g_E,/home/igem/unknown_software/datasets/propedia_formatted/propedia_3r6g_E/propedia_3r6g_E_protein_pocket.pdb,/home/igem/unknown_software/datasets/propedia_formatted/propedia_3r6g_E/propedia_3r6g_E_peptide.pdb,propedia
propedia_2uue_E,/home/igem/unknown_software/datasets/propedia_formatted/propedia_2uue_E/propedia_2uue_E_protein_pocket.pdb,/home/igem/unknown_software/datasets/propedia_formatted/propedia_2uue_E/propedia_2uue_E_peptide.pdb,propedia
propedia_3tbh_B,/home/igem/unknown_software/datasets/propedia_formatted/propedia_3tbh_B/propedia_3tbh_B_protein_pocket.pdb,/home/igem/unknown_software/datasets/propedia_formatted/propedia_3tbh_B/propedia_3tbh_B_peptide.pdb,propedia
propedia_2h65_E,/home/igem/unknown_software/datasets/propedia_formatted/propedia_2h65_E/propedia_2h65_E_protein_pocket.pdb,/home/igem/unknown_software/datasets/propedia_formatted/propedia_2h65_E/propedia_2h65_E_peptide.pdb,propedia
propedia_4n78_P,/home/igem/unknown_software/datasets/propedia_formatted/propedia_4n78_P/propedia_4n78_P_protein_pocket.pdb,/home/igem/unknown_software/datasets/propedia_formatted/propedia_4n78_P/propedia_4n78_P_peptide.pdb,propedia
propedia_3s3p_B,/home/igem/unknown_software/datasets/propedia_formatted/propedia_3s3p_B/propedia_3s3p_B_protein_pocket.pdb,/home/igem/unknown_software/datasets/propedia_formatted/propedia_3s3p_B/propedia_3s3p_B_peptide.pdb,propedia
propedia_2hbz_C,/home/igem/unknown_software/datasets/propedia_formatted/propedia_2hbz_C/propedia_2hbz_C_protein_pocket.pdb,/home/igem/unknown_software/datasets/propedia_formatted/propedia_2hbz_C/propedia_2hbz_C_peptide.pdb,propedia
propedia_4ejk_N,/home/igem/unknown_software/datasets/propedia_formatted/propedia_4ejk_N/propedia_4ejk_N_protein_pocket.pdb,/home/igem/unknown_software/datasets/propedia_formatted/propedia_4ejk_N/propedia_4ejk_N_peptide.pdb,propedia
propedia_1gj5_I,/home/igem/unknown_software/datasets/propedia_formatted/propedia_1gj5_I/propedia_1gj5_I_protein_pocket.pdb,/home/igem/unknown_software/datasets/propedia_formatted/propedia_1gj5_I/propedia_1gj5_I_peptide.pdb,propedia
propedia_3odi_B,/home/igem/unknown_software/datasets/propedia_formatted/propedia_3odi_B/propedia_3odi_B_protein_pocket.pdb,/home/igem/unknown_software/datasets/propedia_formatted/propedia_3odi_B/propedia_3odi_B_peptide.pdb,propedia
propedia_2h4w_C,/home/igem/unknown_software/datasets/propedia_formatted/propedia_2h4w_C/propedia_2h4w_C_protein_pocket.pdb,/home/igem/unknown_software/datasets/propedia_formatted/propedia_2h4w_C/propedia_2h4w_C_peptide.pdb,propedia
propedia_1i8i_C,/home/igem/unknown_software/datasets/propedia_formatted/propedia_1i8i_C/propedia_1i8i_C_protein_pocket.pdb,/home/igem/unknown_software/datasets/propedia_formatted/propedia_1i8i_C/propedia_1i8i_C_peptide.pdb,propedia
propedia_4yyk_C,/home/igem/unknown_software/datasets/propedia_formatted/propedia_4yyk_C/propedia_4yyk_C_protein_pocket.pdb,/home/igem/unknown_software/datasets/propedia_formatted/propedia_4yyk_C/propedia_4yyk_C_peptide.pdb,propedia
propedia_4ehk_B,/home/igem/unknown_software/datasets/propedia_formatted/propedia_4ehk_B/propedia_4ehk_B_protein_pocket.pdb,/home/igem/unknown_software/datasets/propedia_formatted/propedia_4ehk_B/propedia_4ehk_B_peptide.pdb,propedia
propedia_3qdj_C,/home/igem/unknown_software/datasets/propedia_formatted/propedia_3qdj_C/propedia_3qdj_C_protein_pocket.pdb,/home/igem/unknown_software/datasets/propedia_formatted/propedia_3qdj_C/propedia_3qdj_C_peptide.pdb,propedia
propedia_1pfg_B,/home/igem/unknown_software/datasets/propedia_formatted/propedia_1pfg_B/propedia_1pfg_B_protein_pocket.pdb,/home/igem/unknown_software/datasets/propedia_formatted/propedia_1pfg_B/propedia_1pfg_B_peptide.pdb,propedia
propedia_1hoc_C,/home/igem/unknown_software/datasets/propedia_formatted/propedia_1hoc_C/propedia_1hoc_C_protein_pocket.pdb,/home/igem/unknown_software/datasets/propedia_formatted/propedia_1hoc_C/propedia_1hoc_C_peptide.pdb,propedia
propedia_1zvz_B,/home/igem/unknown_software/datasets/propedia_formatted/propedia_1zvz_B/propedia_1zvz_B_protein_pocket.pdb,/home/igem/unknown_software/datasets/propedia_formatted/propedia_1zvz_B/propedia_1zvz_B_peptide.pdb,propedia_long
propedia_4itz_C,/home/igem/unknown_software/datasets/propedia_formatted/propedia_4itz_C/propedia_4itz_C_protein_pocket.pdb,/home/igem/unknown_software/datasets/propedia_formatted/propedia_4itz_C/propedia_4itz_C_peptide.pdb,propedia
propedia_1t7f_B,/home/igem/unknown_software/datasets/propedia_formatted/propedia_1t7f_B/propedia_1t7f_B_protein_pocket.pdb,/home/igem/unknown_software/datasets/propedia_formatted/propedia_1t7f_B/propedia_1t7f_B_peptide.pdb,propedia
propedia_2why_B,/home/igem/unknown_software/datasets/propedia_formatted/propedia_2why_B/propedia_2why_B_protein_pocket.pdb,/home/igem/unknown_software/datasets/propedia_formatted/propedia_2why_B/propedia_2why_B_peptide.pdb,propedia
propedia_1j4k_P,/home/igem/unknown_software/datasets/propedia_formatted/propedia_1j4k_P/propedia_1j4k_P_protein_pocket.pdb,/home/igem/unknown_software/datasets/propedia_formatted/propedia_1j4k_P/propedia_1j4k_P_peptide.pdb,propedia
propedia_5l6n_I,/home/igem/unknown_software/datasets/propedia_formatted/propedia_5l6n_I/propedia_5l6n_I_protein_pocket.pdb,/home/igem/unknown_software/datasets/propedia_formatted/propedia_5l6n_I/propedia_5l6n_I_peptide.pdb,propedia_long
propedia_1xow_B,/home/igem/unknown_software/datasets/propedia_formatted/propedia_1xow_B/propedia_1xow_B_protein_pocket.pdb,/home/igem/unknown_software/datasets/propedia_formatted/propedia_1xow_B/propedia_1xow_B_peptide.pdb,propedia
propedia_4qu0_E,/home/igem/unknown_software/datasets/propedia_formatted/propedia_4qu0_E/propedia_4qu0_E_protein_pocket.pdb,/home/igem/unknown_software/datasets/propedia_formatted/propedia_4qu0_E/propedia_4qu0_E_peptide.pdb,propedia
propedia_1duy_C,/home/igem/unknown_software/datasets/propedia_formatted/propedia_1duy_C/propedia_1duy_C_protein_pocket.pdb,/home/igem/unknown_software/datasets/propedia_formatted/propedia_1duy_C/propedia_1duy_C_peptide.pdb,propedia
propedia_3lny_B,/home/igem/unknown_software/datasets/propedia_formatted/propedia_3lny_B/propedia_3lny_B_protein_pocket.pdb,/home/igem/unknown_software/datasets/propedia_formatted/propedia_3lny_B/propedia_3lny_B_peptide.pdb,propedia
propedia_4nmo_C,/home/igem/unknown_software/datasets/propedia_formatted/propedia_4nmo_C/propedia_4nmo_C_protein_pocket.pdb,/home/igem/unknown_software/datasets/propedia_formatted/propedia_4nmo_C/propedia_4nmo_C_peptide.pdb,propedia
propedia_6s9k_B,/home/igem/unknown_software/datasets/propedia_formatted/propedia_6s9k_B/propedia_6s9k_B_protein_pocket.pdb,/home/igem/unknown_software/datasets/propedia_formatted/propedia_6s9k_B/propedia_6s9k_B_peptide.pdb,propedia_long
propedia_4loy_I,/home/igem/unknown_software/datasets/propedia_formatted/propedia_4loy_I/propedia_4loy_I_protein_pocket.pdb,/home/igem/unknown_software/datasets/propedia_formatted/propedia_4loy_I/propedia_4loy_I_peptide.pdb,propedia
propedia_4prh_C,/home/igem/unknown_software/datasets/propedia_formatted/propedia_4prh_C/propedia_4prh_C_protein_pocket.pdb,/home/igem/unknown_software/datasets/propedia_formatted/propedia_4prh_C/propedia_4prh_C_peptide.pdb,propedia
propedia_1vdn_B,/home/igem/unknown_software/datasets/propedia_formatted/propedia_1vdn_B/propedia_1vdn_B_protein_pocket.pdb,/home/igem/unknown_software/datasets/propedia_formatted/propedia_1vdn_B/propedia_1vdn_B_peptide.pdb,propedia
propedia_2gct_A,/home/igem/unknown_software/datasets/propedia_formatted/propedia_2gct_A/propedia_2gct_A_protein_pocket.pdb,/home/igem/unknown_software/datasets/propedia_formatted/propedia_2gct_A/propedia_2gct_A_peptide.pdb,propedia
propedia_3mrm_P,/home/igem/unknown_software/datasets/propedia_formatted/propedia_3mrm_P/propedia_3mrm_P_protein_pocket.pdb,/home/igem/unknown_software/datasets/propedia_formatted/propedia_3mrm_P/propedia_3mrm_P_peptide.pdb,propedia
propedia_3jxt_C,/home/igem/unknown_software/datasets/propedia_formatted/propedia_3jxt_C/propedia_3jxt_C_protein_pocket.pdb,/home/igem/unknown_software/datasets/propedia_formatted/propedia_3jxt_C/propedia_3jxt_C_peptide.pdb,propedia
propedia_4uq2_E,/home/igem/unknown_software/datasets/propedia_formatted/propedia_4uq2_E/propedia_4uq2_E_protein_pocket.pdb,/home/igem/unknown_software/datasets/propedia_formatted/propedia_4uq2_E/propedia_4uq2_E_peptide.pdb,propedia
propedia_1een_B,/home/igem/unknown_software/datasets/propedia_formatted/propedia_1een_B/propedia_1een_B_protein_pocket.pdb,/home/igem/unknown_software/datasets/propedia_formatted/propedia_1een_B/propedia_1een_B_peptide.pdb,propedia
propedia_2hn7_C,/home/igem/unknown_software/datasets/propedia_formatted/propedia_2hn7_C/propedia_2hn7_C_protein_pocket.pdb,/home/igem/unknown_software/datasets/propedia_formatted/propedia_2hn7_C/propedia_2hn7_C_peptide.pdb,propedia
propedia_1jpg_C,/home/igem/unknown_software/datasets/propedia_formatted/propedia_1jpg_C/propedia_1jpg_C_protein_pocket.pdb,/home/igem/unknown_software/datasets/propedia_formatted/propedia_1jpg_C/propedia_1jpg_C_peptide.pdb,propedia
propedia_2mwp_B,/home/igem/unknown_software/datasets/propedia_formatted/propedia_2mwp_B/propedia_2mwp_B_protein_pocket.pdb,/home/igem/unknown_software/datasets/propedia_formatted/propedia_2mwp_B/propedia_2mwp_B_peptide.pdb,propedia
propedia_5u3n_A,/home/igem/unknown_software/datasets/propedia_formatted/propedia_5u3n_A/propedia_5u3n_A_protein_pocket.pdb,/home/igem/unknown_software/datasets/propedia_formatted/propedia_5u3n_A/propedia_5u3n_A_peptide.pdb,propedia_long
propedia_1a3e_I,/home/igem/unknown_software/datasets/propedia_formatted/propedia_1a3e_I/propedia_1a3e_I_protein_pocket.pdb,/home/igem/unknown_software/datasets/propedia_formatted/propedia_1a3e_I/propedia_1a3e_I_peptide.pdb,propedia
propedia_3p9h_B,/home/igem/unknown_software/datasets/propedia_formatted/propedia_3p9h_B/propedia_3p9h_B_protein_pocket.pdb,/home/igem/unknown_software/datasets/propedia_formatted/propedia_3p9h_B/propedia_3p9h_B_peptide.pdb,propedia
propedia_6db7_P,/home/igem/unknown_software/datasets/propedia_formatted/propedia_6db7_P/propedia_6db7_P_protein_pocket.pdb,/home/igem/unknown_software/datasets/propedia_formatted/propedia_6db7_P/propedia_6db7_P_peptide.pdb,propedia_long
propedia_1b8d_G,/home/igem/unknown_software/datasets/propedia_formatted/propedia_1b8d_G/propedia_1b8d_G_protein_pocket.pdb,/home/igem/unknown_software/datasets/propedia_formatted/propedia_1b8d_G/propedia_1b8d_G_peptide.pdb,propedia
propedia_3lqv_P,/home/igem/unknown_software/datasets/propedia_formatted/propedia_3lqv_P/propedia_3lqv_P_protein_pocket.pdb,/home/igem/unknown_software/datasets/propedia_formatted/propedia_3lqv_P/propedia_3lqv_P_peptide.pdb,propedia_long
propedia_4wrq_C,/home/igem/unknown_software/datasets/propedia_formatted/propedia_4wrq_C/propedia_4wrq_C_protein_pocket.pdb,/home/igem/unknown_software/datasets/propedia_formatted/propedia_4wrq_C/propedia_4wrq_C_peptide.pdb,propedia
propedia_2od7_B,/home/igem/unknown_software/datasets/propedia_formatted/propedia_2od7_B/propedia_2od7_B_protein_pocket.pdb,/home/igem/unknown_software/datasets/propedia_formatted/propedia_2od7_B/propedia_2od7_B_peptide.pdb,propedia
propedia_1vwf_P,/home/igem/unknown_software/datasets/propedia_formatted/propedia_1vwf_P/propedia_1vwf_P_protein_pocket.pdb,/home/igem/unknown_software/datasets/propedia_formatted/propedia_1vwf_P/propedia_1vwf_P_peptide.pdb,propedia
propedia_3zgc_C,/home/igem/unknown_software/datasets/propedia_formatted/propedia_3zgc_C/propedia_3zgc_C_protein_pocket.pdb,/home/igem/unknown_software/datasets/propedia_formatted/propedia_3zgc_C/propedia_3zgc_C_peptide.pdb,propedia
propedia_6j0w_C,/home/igem/unknown_software/datasets/propedia_formatted/propedia_6j0w_C/propedia_6j0w_C_protein_pocket.pdb,/home/igem/unknown_software/datasets/propedia_formatted/propedia_6j0w_C/propedia_6j0w_C_peptide.pdb,propedia_long
propedia_4ynl_C,/home/igem/unknown_software/datasets/propedia_formatted/propedia_4ynl_C/propedia_4ynl_C_protein_pocket.pdb,/home/igem/unknown_software/datasets/propedia_formatted/propedia_4ynl_C/propedia_4ynl_C_peptide.pdb,propedia
propedia_1m7e_D,/home/igem/unknown_software/datasets/propedia_formatted/propedia_1m7e_D/propedia_1m7e_D_protein_pocket.pdb,/home/igem/unknown_software/datasets/propedia_formatted/propedia_1m7e_D/propedia_1m7e_D_peptide.pdb,propedia
propedia_3t7g_C,/home/igem/unknown_software/datasets/propedia_formatted/propedia_3t7g_C/propedia_3t7g_C_protein_pocket.pdb,/home/igem/unknown_software/datasets/propedia_formatted/propedia_3t7g_C/propedia_3t7g_C_peptide.pdb,propedia
propedia_3si3_I,/home/igem/unknown_software/datasets/propedia_formatted/propedia_3si3_I/propedia_3si3_I_protein_pocket.pdb,/home/igem/unknown_software/datasets/propedia_formatted/propedia_3si3_I/propedia_3si3_I_peptide.pdb,propedia
propedia_3hql_C,/home/igem/unknown_software/datasets/propedia_formatted/propedia_3hql_C/propedia_3hql_C_protein_pocket.pdb,/home/igem/unknown_software/datasets/propedia_formatted/propedia_3hql_C/propedia_3hql_C_peptide.pdb,propedia
propedia_4b9w_P,/home/igem/unknown_software/datasets/propedia_formatted/propedia_4b9w_P/propedia_4b9w_P_protein_pocket.pdb,/home/igem/unknown_software/datasets/propedia_formatted/propedia_4b9w_P/propedia_4b9w_P_peptide.pdb,propedia
propedia_2hqw_B,/home/igem/unknown_software/datasets/propedia_formatted/propedia_2hqw_B/propedia_2hqw_B_protein_pocket.pdb,/home/igem/unknown_software/datasets/propedia_formatted/propedia_2hqw_B/propedia_2hqw_B_peptide.pdb,propedia_long
propedia_2h2g_B,/home/igem/unknown_software/datasets/propedia_formatted/propedia_2h2g_B/propedia_2h2g_B_protein_pocket.pdb,/home/igem/unknown_software/datasets/propedia_formatted/propedia_2h2g_B/propedia_2h2g_B_peptide.pdb,propedia
propedia_2wp1_P,/home/igem/unknown_software/datasets/propedia_formatted/propedia_2wp1_P/propedia_2wp1_P_protein_pocket.pdb,/home/igem/unknown_software/datasets/propedia_formatted/propedia_2wp1_P/propedia_2wp1_P_peptide.pdb,propedia
propedia_4k6y_C,/home/igem/unknown_software/datasets/propedia_formatted/propedia_4k6y_C/propedia_4k6y_C_protein_pocket.pdb,/home/igem/unknown_software/datasets/propedia_formatted/propedia_4k6y_C/propedia_4k6y_C_peptide.pdb,propedia
propedia_2jgb_B,/home/igem/unknown_software/datasets/propedia_formatted/propedia_2jgb_B/propedia_2jgb_B_protein_pocket.pdb,/home/igem/unknown_software/datasets/propedia_formatted/propedia_2jgb_B/propedia_2jgb_B_peptide.pdb,propedia_long
propedia_6mbc_B,/home/igem/unknown_software/datasets/propedia_formatted/propedia_6mbc_B/propedia_6mbc_B_protein_pocket.pdb,/home/igem/unknown_software/datasets/propedia_formatted/propedia_6mbc_B/propedia_6mbc_B_peptide.pdb,propedia_long
propedia_4ioi_C,/home/igem/unknown_software/datasets/propedia_formatted/propedia_4ioi_C/propedia_4ioi_C_protein_pocket.pdb,/home/igem/unknown_software/datasets/propedia_formatted/propedia_4ioi_C/propedia_4ioi_C_peptide.pdb,propedia
propedia_4zhm_P,/home/igem/unknown_software/datasets/propedia_formatted/propedia_4zhm_P/propedia_4zhm_P_protein_pocket.pdb,/home/igem/unknown_software/datasets/propedia_formatted/propedia_4zhm_P/propedia_4zhm_P_peptide.pdb,propedia
propedia_1u8m_C,/home/igem/unknown_software/datasets/propedia_formatted/propedia_1u8m_C/propedia_1u8m_C_protein_pocket.pdb,/home/igem/unknown_software/datasets/propedia_formatted/propedia_1u8m_C/propedia_1u8m_C_peptide.pdb,propedia
propedia_3mgo_C,/home/igem/unknown_software/datasets/propedia_formatted/propedia_3mgo_C/propedia_3mgo_C_protein_pocket.pdb,/home/igem/unknown_software/datasets/propedia_formatted/propedia_3mgo_C/propedia_3mgo_C_peptide.pdb,propedia
propedia_4jzo_I,/home/igem/unknown_software/datasets/propedia_formatted/propedia_4jzo_I/propedia_4jzo_I_protein_pocket.pdb,/home/igem/unknown_software/datasets/propedia_formatted/propedia_4jzo_I/propedia_4jzo_I_peptide.pdb,propedia
propedia_1kjh_P,/home/igem/unknown_software/datasets/propedia_formatted/propedia_1kjh_P/propedia_1kjh_P_protein_pocket.pdb,/home/igem/unknown_software/datasets/propedia_formatted/propedia_1kjh_P/propedia_1kjh_P_peptide.pdb,propedia
propedia_5tzq_C,/home/igem/unknown_software/datasets/propedia_formatted/propedia_5tzq_C/propedia_5tzq_C_protein_pocket.pdb,/home/igem/unknown_software/datasets/propedia_formatted/propedia_5tzq_C/propedia_5tzq_C_peptide.pdb,propedia_long
propedia_1z3l_S,/home/igem/unknown_software/datasets/propedia_formatted/propedia_1z3l_S/propedia_1z3l_S_protein_pocket.pdb,/home/igem/unknown_software/datasets/propedia_formatted/propedia_1z3l_S/propedia_1z3l_S_peptide.pdb,propedia_long
propedia_1s9w_C,/home/igem/unknown_software/datasets/propedia_formatted/propedia_1s9w_C/propedia_1s9w_C_protein_pocket.pdb,/home/igem/unknown_software/datasets/propedia_formatted/propedia_1s9w_C/propedia_1s9w_C_peptide.pdb,propedia
propedia_3mrk_P,/home/igem/unknown_software/datasets/propedia_formatted/propedia_3mrk_P/propedia_3mrk_P_protein_pocket.pdb,/home/igem/unknown_software/datasets/propedia_formatted/propedia_3mrk_P/propedia_3mrk_P_peptide.pdb,propedia
propedia_3lqi_R,/home/igem/unknown_software/datasets/propedia_formatted/propedia_3lqi_R/propedia_3lqi_R_protein_pocket.pdb,/home/igem/unknown_software/datasets/propedia_formatted/propedia_3lqi_R/propedia_3lqi_R_peptide.pdb,propedia
propedia_3p36_B,/home/igem/unknown_software/datasets/propedia_formatted/propedia_3p36_B/propedia_3p36_B_protein_pocket.pdb,/home/igem/unknown_software/datasets/propedia_formatted/propedia_3p36_B/propedia_3p36_B_peptide.pdb,propedia
propedia_3omc_C,/home/igem/unknown_software/datasets/propedia_formatted/propedia_3omc_C/propedia_3omc_C_protein_pocket.pdb,/home/igem/unknown_software/datasets/propedia_formatted/propedia_3omc_C/propedia_3omc_C_peptide.pdb,propedia
propedia_2jql_B,/home/igem/unknown_software/datasets/propedia_formatted/propedia_2jql_B/propedia_2jql_B_protein_pocket.pdb,/home/igem/unknown_software/datasets/propedia_formatted/propedia_2jql_B/propedia_2jql_B_peptide.pdb,propedia
propedia_2lp0_B,/home/igem/unknown_software/datasets/propedia_formatted/propedia_2lp0_B/propedia_2lp0_B_protein_pocket.pdb,/home/igem/unknown_software/datasets/propedia_formatted/propedia_2lp0_B/propedia_2lp0_B_peptide.pdb,propedia_long
propedia_3smn_P,/home/igem/unknown_software/datasets/propedia_formatted/propedia_3smn_P/propedia_3smn_P_protein_pocket.pdb,/home/igem/unknown_software/datasets/propedia_formatted/propedia_3smn_P/propedia_3smn_P_peptide.pdb,propedia
propedia_2aiz_U,/home/igem/unknown_software/datasets/propedia_formatted/propedia_2aiz_U/propedia_2aiz_U_protein_pocket.pdb,/home/igem/unknown_software/datasets/propedia_formatted/propedia_2aiz_U/propedia_2aiz_U_peptide.pdb,propedia
propedia_2zfp_I,/home/igem/unknown_software/datasets/propedia_formatted/propedia_2zfp_I/propedia_2zfp_I_protein_pocket.pdb,/home/igem/unknown_software/datasets/propedia_formatted/propedia_2zfp_I/propedia_2zfp_I_peptide.pdb,propedia
propedia_3wnh_C,/home/igem/unknown_software/datasets/propedia_formatted/propedia_3wnh_C/propedia_3wnh_C_protein_pocket.pdb,/home/igem/unknown_software/datasets/propedia_formatted/propedia_3wnh_C/propedia_3wnh_C_peptide.pdb,propedia
propedia_1mtp_B,/home/igem/unknown_software/datasets/propedia_formatted/propedia_1mtp_B/propedia_1mtp_B_protein_pocket.pdb,/home/igem/unknown_software/datasets/propedia_formatted/propedia_1mtp_B/propedia_1mtp_B_peptide.pdb,propedia_long
propedia_4dzu_B,/home/igem/unknown_software/datasets/propedia_formatted/propedia_4dzu_B/propedia_4dzu_B_protein_pocket.pdb,/home/igem/unknown_software/datasets/propedia_formatted/propedia_4dzu_B/propedia_4dzu_B_peptide.pdb,propedia_long
propedia_2ff4_E,/home/igem/unknown_software/datasets/propedia_formatted/propedia_2ff4_E/propedia_2ff4_E_protein_pocket.pdb,/home/igem/unknown_software/datasets/propedia_formatted/propedia_2ff4_E/propedia_2ff4_E_peptide.pdb,propedia
propedia_3tjh_B,/home/igem/unknown_software/datasets/propedia_formatted/propedia_3tjh_B/propedia_3tjh_B_protein_pocket.pdb,/home/igem/unknown_software/datasets/propedia_formatted/propedia_3tjh_B/propedia_3tjh_B_peptide.pdb,propedia
propedia_2w3o_C,/home/igem/unknown_software/datasets/propedia_formatted/propedia_2w3o_C/propedia_2w3o_C_protein_pocket.pdb,/home/igem/unknown_software/datasets/propedia_formatted/propedia_2w3o_C/propedia_2w3o_C_peptide.pdb,propedia
propedia_1wbp_B,/home/igem/unknown_software/datasets/propedia_formatted/propedia_1wbp_B/propedia_1wbp_B_protein_pocket.pdb,/home/igem/unknown_software/datasets/propedia_formatted/propedia_1wbp_B/propedia_1wbp_B_peptide.pdb,propedia
propedia_6s3f_B,/home/igem/unknown_software/datasets/propedia_formatted/propedia_6s3f_B/propedia_6s3f_B_protein_pocket.pdb,/home/igem/unknown_software/datasets/propedia_formatted/propedia_6s3f_B/propedia_6s3f_B_peptide.pdb,propedia_long
propedia_1q1j_P,/home/igem/unknown_software/datasets/propedia_formatted/propedia_1q1j_P/propedia_1q1j_P_protein_pocket.pdb,/home/igem/unknown_software/datasets/propedia_formatted/propedia_1q1j_P/propedia_1q1j_P_peptide.pdb,propedia
propedia_1ees_B,/home/igem/unknown_software/datasets/propedia_formatted/propedia_1ees_B/propedia_1ees_B_protein_pocket.pdb,/home/igem/unknown_software/datasets/propedia_formatted/propedia_1ees_B/propedia_1ees_B_peptide.pdb,propedia_long
propedia_1rbh_S,/home/igem/unknown_software/datasets/propedia_formatted/propedia_1rbh_S/propedia_1rbh_S_protein_pocket.pdb,/home/igem/unknown_software/datasets/propedia_formatted/propedia_1rbh_S/propedia_1rbh_S_peptide.pdb,propedia_long
propedia_3met_C,/home/igem/unknown_software/datasets/propedia_formatted/propedia_3met_C/propedia_3met_C_protein_pocket.pdb,/home/igem/unknown_software/datasets/propedia_formatted/propedia_3met_C/propedia_3met_C_peptide.pdb,propedia
propedia_1ytj_I,/home/igem/unknown_software/datasets/propedia_formatted/propedia_1ytj_I/propedia_1ytj_I_protein_pocket.pdb,/home/igem/unknown_software/datasets/propedia_formatted/propedia_1ytj_I/propedia_1ytj_I_peptide.pdb,propedia
propedia_1tdv_B,/home/igem/unknown_software/datasets/propedia_formatted/propedia_1tdv_B/propedia_1tdv_B_protein_pocket.pdb,/home/igem/unknown_software/datasets/propedia_formatted/propedia_1tdv_B/propedia_1tdv_B_peptide.pdb,propedia
propedia_1xq7_D,/home/igem/unknown_software/datasets/propedia_formatted/propedia_1xq7_D/propedia_1xq7_D_protein_pocket.pdb,/home/igem/unknown_software/datasets/propedia_formatted/propedia_1xq7_D/propedia_1xq7_D_peptide.pdb,propedia
propedia_1tn7_C,/home/igem/unknown_software/datasets/propedia_formatted/propedia_1tn7_C/propedia_1tn7_C_protein_pocket.pdb,/home/igem/unknown_software/datasets/propedia_formatted/propedia_1tn7_C/propedia_1tn7_C_peptide.pdb,propedia
propedia_4apr_I,/home/igem/unknown_software/datasets/propedia_formatted/propedia_4apr_I/propedia_4apr_I_protein_pocket.pdb,/home/igem/unknown_software/datasets/propedia_formatted/propedia_4apr_I/propedia_4apr_I_peptide.pdb,propedia
propedia_2cha_A,/home/igem/unknown_software/datasets/propedia_formatted/propedia_2cha_A/propedia_2cha_A_protein_pocket.pdb,/home/igem/unknown_software/datasets/propedia_formatted/propedia_2cha_A/propedia_2cha_A_peptide.pdb,propedia
propedia_2ktf_B,/home/igem/unknown_software/datasets/propedia_formatted/propedia_2ktf_B/propedia_2ktf_B_protein_pocket.pdb,/home/igem/unknown_software/datasets/propedia_formatted/propedia_2ktf_B/propedia_2ktf_B_peptide.pdb,propedia_long
propedia_4i5l_G,/home/igem/unknown_software/datasets/propedia_formatted/propedia_4i5l_G/propedia_4i5l_G_protein_pocket.pdb,/home/igem/unknown_software/datasets/propedia_formatted/propedia_4i5l_G/propedia_4i5l_G_peptide.pdb,propedia
propedia_2o02_P,/home/igem/unknown_software/datasets/propedia_formatted/propedia_2o02_P/propedia_2o02_P_protein_pocket.pdb,/home/igem/unknown_software/datasets/propedia_formatted/propedia_2o02_P/propedia_2o02_P_peptide.pdb,propedia_long
propedia_3vxs_C,/home/igem/unknown_software/datasets/propedia_formatted/propedia_3vxs_C/propedia_3vxs_C_protein_pocket.pdb,/home/igem/unknown_software/datasets/propedia_formatted/propedia_3vxs_C/propedia_3vxs_C_peptide.pdb,propedia
propedia_3tww_C,/home/igem/unknown_software/datasets/propedia_formatted/propedia_3tww_C/propedia_3tww_C_protein_pocket.pdb,/home/igem/unknown_software/datasets/propedia_formatted/propedia_3tww_C/propedia_3tww_C_peptide.pdb,propedia
propedia_3n9z_C,/home/igem/unknown_software/datasets/propedia_formatted/propedia_3n9z_C/propedia_3n9z_C_protein_pocket.pdb,/home/igem/unknown_software/datasets/propedia_formatted/propedia_3n9z_C/propedia_3n9z_C_peptide.pdb,propedia_long
propedia_2j9a_D,/home/igem/unknown_software/datasets/propedia_formatted/propedia_2j9a_D/propedia_2j9a_D_protein_pocket.pdb,/home/igem/unknown_software/datasets/propedia_formatted/propedia_2j9a_D/propedia_2j9a_D_peptide.pdb,propedia
propedia_3jti_B,/home/igem/unknown_software/datasets/propedia_formatted/propedia_3jti_B/propedia_3jti_B_protein_pocket.pdb,/home/igem/unknown_software/datasets/propedia_formatted/propedia_3jti_B/propedia_3jti_B_peptide.pdb,propedia
propedia_1mct_I,/home/igem/unknown_software/datasets/propedia_formatted/propedia_1mct_I/propedia_1mct_I_protein_pocket.pdb,/home/igem/unknown_software/datasets/propedia_formatted/propedia_1mct_I/propedia_1mct_I_peptide.pdb,propedia_long
propedia_3al3_B,/home/igem/unknown_software/datasets/propedia_formatted/propedia_3al3_B/propedia_3al3_B_protein_pocket.pdb,/home/igem/unknown_software/datasets/propedia_formatted/propedia_3al3_B/propedia_3al3_B_peptide.pdb,propedia
propedia_3gct_B,/home/igem/unknown_software/datasets/propedia_formatted/propedia_3gct_B/propedia_3gct_B_protein_pocket.pdb,/home/igem/unknown_software/datasets/propedia_formatted/propedia_3gct_B/propedia_3gct_B_peptide.pdb,propedia
propedia_2b1a_P,/home/igem/unknown_software/datasets/propedia_formatted/propedia_2b1a_P/propedia_2b1a_P_protein_pocket.pdb,/home/igem/unknown_software/datasets/propedia_formatted/propedia_2b1a_P/propedia_2b1a_P_peptide.pdb,propedia_long
propedia_3spr_P,/home/igem/unknown_software/datasets/propedia_formatted/propedia_3spr_P/propedia_3spr_P_protein_pocket.pdb,/home/igem/unknown_software/datasets/propedia_formatted/propedia_3spr_P/propedia_3spr_P_peptide.pdb,propedia
propedia_3rc4_B,/home/igem/unknown_software/datasets/propedia_formatted/propedia_3rc4_B/propedia_3rc4_B_protein_pocket.pdb,/home/igem/unknown_software/datasets/propedia_formatted/propedia_3rc4_B/propedia_3rc4_B_peptide.pdb,propedia
propedia_4gw1_E,/home/igem/unknown_software/datasets/propedia_formatted/propedia_4gw1_E/propedia_4gw1_E_protein_pocket.pdb,/home/igem/unknown_software/datasets/propedia_formatted/propedia_4gw1_E/propedia_4gw1_E_peptide.pdb,propedia
propedia_2p8o_A,/home/igem/unknown_software/datasets/propedia_formatted/propedia_2p8o_A/propedia_2p8o_A_protein_pocket.pdb,/home/igem/unknown_software/datasets/propedia_formatted/propedia_2p8o_A/propedia_2p8o_A_peptide.pdb,propedia
propedia_2itk_B,/home/igem/unknown_software/datasets/propedia_formatted/propedia_2itk_B/propedia_2itk_B_protein_pocket.pdb,/home/igem/unknown_software/datasets/propedia_formatted/propedia_2itk_B/propedia_2itk_B_peptide.pdb,propedia
propedia_3o34_B,/home/igem/unknown_software/datasets/propedia_formatted/propedia_3o34_B/propedia_3o34_B_protein_pocket.pdb,/home/igem/unknown_software/datasets/propedia_formatted/propedia_3o34_B/propedia_3o34_B_peptide.pdb,propedia_long
propedia_2ykt_B,/home/igem/unknown_software/datasets/propedia_formatted/propedia_2ykt_B/propedia_2ykt_B_protein_pocket.pdb,/home/igem/unknown_software/datasets/propedia_formatted/propedia_2ykt_B/propedia_2ykt_B_peptide.pdb,propedia_long
propedia_3p1r_P,/home/igem/unknown_software/datasets/propedia_formatted/propedia_3p1r_P/propedia_3p1r_P_protein_pocket.pdb,/home/igem/unknown_software/datasets/propedia_formatted/propedia_3p1r_P/propedia_3p1r_P_peptide.pdb,propedia
propedia_1kjh_P,/home/igem/unknown_software/datasets/propedia_formatted/propedia_1kjh_P/propedia_1kjh_P_protein_pocket.pdb,/home/igem/unknown_software/datasets/propedia_formatted/propedia_1kjh_P/propedia_1kjh_P_peptide.pdb,propedia
propedia_4rey_B,/home/igem/unknown_software/datasets/propedia_formatted/propedia_4rey_B/propedia_4rey_B_protein_pocket.pdb,/home/igem/unknown_software/datasets/propedia_formatted/propedia_4rey_B/propedia_4rey_B_peptide.pdb,propedia_long
propedia_5mcq_D,/home/igem/unknown_software/datasets/propedia_formatted/propedia_5mcq_D/propedia_5mcq_D_protein_pocket.pdb,/home/igem/unknown_software/datasets/propedia_formatted/propedia_5mcq_D/propedia_5mcq_D_peptide.pdb,propedia_long
propedia_1r1p_E,/home/igem/unknown_software/datasets/propedia_formatted/propedia_1r1p_E/propedia_1r1p_E_protein_pocket.pdb,/home/igem/unknown_software/datasets/propedia_formatted/propedia_1r1p_E/propedia_1r1p_E_peptide.pdb,propedia
propedia_1mfl_B,/home/igem/unknown_software/datasets/propedia_formatted/propedia_1mfl_B/propedia_1mfl_B_protein_pocket.pdb,/home/igem/unknown_software/datasets/propedia_formatted/propedia_1mfl_B/propedia_1mfl_B_peptide.pdb,propedia
propedia_2q5a_B,/home/igem/unknown_software/datasets/propedia_formatted/propedia_2q5a_B/propedia_2q5a_B_protein_pocket.pdb,/home/igem/unknown_software/datasets/propedia_formatted/propedia_2q5a_B/propedia_2q5a_B_peptide.pdb,propedia
propedia_5b56_C,/home/igem/unknown_software/datasets/propedia_formatted/propedia_5b56_C/propedia_5b56_C_protein_pocket.pdb,/home/igem/unknown_software/datasets/propedia_formatted/propedia_5b56_C/propedia_5b56_C_peptide.pdb,propedia
propedia_3s90_C,/home/igem/unknown_software/datasets/propedia_formatted/propedia_3s90_C/propedia_3s90_C_protein_pocket.pdb,/home/igem/unknown_software/datasets/propedia_formatted/propedia_3s90_C/propedia_3s90_C_peptide.pdb,propedia_long
propedia_2rr3_B,/home/igem/unknown_software/datasets/propedia_formatted/propedia_2rr3_B/propedia_2rr3_B_protein_pocket.pdb,/home/igem/unknown_software/datasets/propedia_formatted/propedia_2rr3_B/propedia_2rr3_B_peptide.pdb,propedia_long
propedia_2pq2_B,/home/igem/unknown_software/datasets/propedia_formatted/propedia_2pq2_B/propedia_2pq2_B_protein_pocket.pdb,/home/igem/unknown_software/datasets/propedia_formatted/propedia_2pq2_B/propedia_2pq2_B_peptide.pdb,propedia
propedia_4qj6_E,/home/igem/unknown_software/datasets/propedia_formatted/propedia_4qj6_E/propedia_4qj6_E_protein_pocket.pdb,/home/igem/unknown_software/datasets/propedia_formatted/propedia_4qj6_E/propedia_4qj6_E_peptide.pdb,propedia
propedia_5c07_C,/home/igem/unknown_software/datasets/propedia_formatted/propedia_5c07_C/propedia_5c07_C_protein_pocket.pdb,/home/igem/unknown_software/datasets/propedia_formatted/propedia_5c07_C/propedia_5c07_C_peptide.pdb,propedia
propedia_2btc_I,/home/igem/unknown_software/datasets/propedia_formatted/propedia_2btc_I/propedia_2btc_I_protein_pocket.pdb,/home/igem/unknown_software/datasets/propedia_formatted/propedia_2btc_I/propedia_2btc_I_peptide.pdb,propedia_long
propedia_3qtv_I,/home/igem/unknown_software/datasets/propedia_formatted/propedia_3qtv_I/propedia_3qtv_I_protein_pocket.pdb,/home/igem/unknown_software/datasets/propedia_formatted/propedia_3qtv_I/propedia_3qtv_I_peptide.pdb,propedia
propedia_4y8h_c,/home/igem/unknown_software/datasets/propedia_formatted/propedia_4y8h_c/propedia_4y8h_c_protein_pocket.pdb,/home/igem/unknown_software/datasets/propedia_formatted/propedia_4y8h_c/propedia_4y8h_c_peptide.pdb,propedia
propedia_4nmx_Z,/home/igem/unknown_software/datasets/propedia_formatted/propedia_4nmx_Z/propedia_4nmx_Z_protein_pocket.pdb,/home/igem/unknown_software/datasets/propedia_formatted/propedia_4nmx_Z/propedia_4nmx_Z_peptide.pdb,propedia_long
propedia_2h4p_B,/home/igem/unknown_software/datasets/propedia_formatted/propedia_2h4p_B/propedia_2h4p_B_protein_pocket.pdb,/home/igem/unknown_software/datasets/propedia_formatted/propedia_2h4p_B/propedia_2h4p_B_peptide.pdb,propedia_long
propedia_3uji_P,/home/igem/unknown_software/datasets/propedia_formatted/propedia_3uji_P/propedia_3uji_P_protein_pocket.pdb,/home/igem/unknown_software/datasets/propedia_formatted/propedia_3uji_P/propedia_3uji_P_peptide.pdb,propedia_long
propedia_3zhf_B,/home/igem/unknown_software/datasets/propedia_formatted/propedia_3zhf_B/propedia_3zhf_B_protein_pocket.pdb,/home/igem/unknown_software/datasets/propedia_formatted/propedia_3zhf_B/propedia_3zhf_B_peptide.pdb,propedia
propedia_4bos_F,/home/igem/unknown_software/datasets/propedia_formatted/propedia_4bos_F/propedia_4bos_F_protein_pocket.pdb,/home/igem/unknown_software/datasets/propedia_formatted/propedia_4bos_F/propedia_4bos_F_peptide.pdb,propedia
propedia_1e27_C,/home/igem/unknown_software/datasets/propedia_formatted/propedia_1e27_C/propedia_1e27_C_protein_pocket.pdb,/home/igem/unknown_software/datasets/propedia_formatted/propedia_1e27_C/propedia_1e27_C_peptide.pdb,propedia
propedia_4yv8_B,/home/igem/unknown_software/datasets/propedia_formatted/propedia_4yv8_B/propedia_4yv8_B_protein_pocket.pdb,/home/igem/unknown_software/datasets/propedia_formatted/propedia_4yv8_B/propedia_4yv8_B_peptide.pdb,propedia
propedia_1ddm_B,/home/igem/unknown_software/datasets/propedia_formatted/propedia_1ddm_B/propedia_1ddm_B_protein_pocket.pdb,/home/igem/unknown_software/datasets/propedia_formatted/propedia_1ddm_B/propedia_1ddm_B_peptide.pdb,propedia
propedia_5ah2_E,/home/igem/unknown_software/datasets/propedia_formatted/propedia_5ah2_E/propedia_5ah2_E_protein_pocket.pdb,/home/igem/unknown_software/datasets/propedia_formatted/propedia_5ah2_E/propedia_5ah2_E_peptide.pdb,propedia
propedia_5bpu_H,/home/igem/unknown_software/datasets/propedia_formatted/propedia_5bpu_H/propedia_5bpu_H_protein_pocket.pdb,/home/igem/unknown_software/datasets/propedia_formatted/propedia_5bpu_H/propedia_5bpu_H_peptide.pdb,propedia
propedia_4au2_E,/home/igem/unknown_software/datasets/propedia_formatted/propedia_4au2_E/propedia_4au2_E_protein_pocket.pdb,/home/igem/unknown_software/datasets/propedia_formatted/propedia_4au2_E/propedia_4au2_E_peptide.pdb,propedia_long
propedia_1iid_O,/home/igem/unknown_software/datasets/propedia_formatted/propedia_1iid_O/propedia_1iid_O_protein_pocket.pdb,/home/igem/unknown_software/datasets/propedia_formatted/propedia_1iid_O/propedia_1iid_O_peptide.pdb,propedia
propedia_2cn0_I,/home/igem/unknown_software/datasets/propedia_formatted/propedia_2cn0_I/propedia_2cn0_I_protein_pocket.pdb,/home/igem/unknown_software/datasets/propedia_formatted/propedia_2cn0_I/propedia_2cn0_I_peptide.pdb,propedia
propedia_5z38_E,/home/igem/unknown_software/datasets/propedia_formatted/propedia_5z38_E/propedia_5z38_E_protein_pocket.pdb,/home/igem/unknown_software/datasets/propedia_formatted/propedia_5z38_E/propedia_5z38_E_peptide.pdb,propedia_long
propedia_4roj_D,/home/igem/unknown_software/datasets/propedia_formatted/propedia_4roj_D/propedia_4roj_D_protein_pocket.pdb,/home/igem/unknown_software/datasets/propedia_formatted/propedia_4roj_D/propedia_4roj_D_peptide.pdb,propedia
propedia_2mip_E,/home/igem/unknown_software/datasets/propedia_formatted/propedia_2mip_E/propedia_2mip_E_protein_pocket.pdb,/home/igem/unknown_software/datasets/propedia_formatted/propedia_2mip_E/propedia_2mip_E_peptide.pdb,propedia
propedia_5csi_C,/home/igem/unknown_software/datasets/propedia_formatted/propedia_5csi_C/propedia_5csi_C_protein_pocket.pdb,/home/igem/unknown_software/datasets/propedia_formatted/propedia_5csi_C/propedia_5csi_C_peptide.pdb,propedia_long
propedia_2ox0_C,/home/igem/unknown_software/datasets/propedia_formatted/propedia_2ox0_C/propedia_2ox0_C_protein_pocket.pdb,/home/igem/unknown_software/datasets/propedia_formatted/propedia_2ox0_C/propedia_2ox0_C_peptide.pdb,propedia
propedia_3vxm_C,/home/igem/unknown_software/datasets/propedia_formatted/propedia_3vxm_C/propedia_3vxm_C_protein_pocket.pdb,/home/igem/unknown_software/datasets/propedia_formatted/propedia_3vxm_C/propedia_3vxm_C_peptide.pdb,propedia
propedia_2ax3_B,/home/igem/unknown_software/datasets/propedia_formatted/propedia_2ax3_B/propedia_2ax3_B_protein_pocket.pdb,/home/igem/unknown_software/datasets/propedia_formatted/propedia_2ax3_B/propedia_2ax3_B_peptide.pdb,propedia
propedia_2h7d_B,/home/igem/unknown_software/datasets/propedia_formatted/propedia_2h7d_B/propedia_2h7d_B_protein_pocket.pdb,/home/igem/unknown_software/datasets/propedia_formatted/propedia_2h7d_B/propedia_2h7d_B_peptide.pdb,propedia_long
propedia_3dpo_C,/home/igem/unknown_software/datasets/propedia_formatted/propedia_3dpo_C/propedia_3dpo_C_protein_pocket.pdb,/home/igem/unknown_software/datasets/propedia_formatted/propedia_3dpo_C/propedia_3dpo_C_peptide.pdb,propedia
propedia_3os5_B,/home/igem/unknown_software/datasets/propedia_formatted/propedia_3os5_B/propedia_3os5_B_protein_pocket.pdb,/home/igem/unknown_software/datasets/propedia_formatted/propedia_3os5_B/propedia_3os5_B_peptide.pdb,propedia
propedia_2dvr_P,/home/igem/unknown_software/datasets/propedia_formatted/propedia_2dvr_P/propedia_2dvr_P_protein_pocket.pdb,/home/igem/unknown_software/datasets/propedia_formatted/propedia_2dvr_P/propedia_2dvr_P_peptide.pdb,propedia
propedia_4jiz_B,/home/igem/unknown_software/datasets/propedia_formatted/propedia_4jiz_B/propedia_4jiz_B_protein_pocket.pdb,/home/igem/unknown_software/datasets/propedia_formatted/propedia_4jiz_B/propedia_4jiz_B_peptide.pdb,propedia
propedia_4ue1_F,/home/igem/unknown_software/datasets/propedia_formatted/propedia_4ue1_F/propedia_4ue1_F_protein_pocket.pdb,/home/igem/unknown_software/datasets/propedia_formatted/propedia_4ue1_F/propedia_4ue1_F_peptide.pdb,propedia_long
propedia_3oty_P,/home/igem/unknown_software/datasets/propedia_formatted/propedia_3oty_P/propedia_3oty_P_protein_pocket.pdb,/home/igem/unknown_software/datasets/propedia_formatted/propedia_3oty_P/propedia_3oty_P_peptide.pdb,propedia
propedia_2cv3_B,/home/igem/unknown_software/datasets/propedia_formatted/propedia_2cv3_B/propedia_2cv3_B_protein_pocket.pdb,/home/igem/unknown_software/datasets/propedia_formatted/propedia_2cv3_B/propedia_2cv3_B_peptide.pdb,propedia
propedia_1f2s_I,/home/igem/unknown_software/datasets/propedia_formatted/propedia_1f2s_I/propedia_1f2s_I_protein_pocket.pdb,/home/igem/unknown_software/datasets/propedia_formatted/propedia_1f2s_I/propedia_1f2s_I_peptide.pdb,propedia_long
propedia_1szd_B,/home/igem/unknown_software/datasets/propedia_formatted/propedia_1szd_B/propedia_1szd_B_protein_pocket.pdb,/home/igem/unknown_software/datasets/propedia_formatted/propedia_1szd_B/propedia_1szd_B_peptide.pdb,propedia
propedia_4jif_B,/home/igem/unknown_software/datasets/propedia_formatted/propedia_4jif_B/propedia_4jif_B_protein_pocket.pdb,/home/igem/unknown_software/datasets/propedia_formatted/propedia_4jif_B/propedia_4jif_B_peptide.pdb,propedia_long
propedia_5bs2_R,/home/igem/unknown_software/datasets/propedia_formatted/propedia_5bs2_R/propedia_5bs2_R_protein_pocket.pdb,/home/igem/unknown_software/datasets/propedia_formatted/propedia_5bs2_R/propedia_5bs2_R_peptide.pdb,propedia
propedia_2rmb_B,/home/igem/unknown_software/datasets/propedia_formatted/propedia_2rmb_B/propedia_2rmb_B_protein_pocket.pdb,/home/igem/unknown_software/datasets/propedia_formatted/propedia_2rmb_B/propedia_2rmb_B_peptide.pdb,propedia
propedia_1ky6_P,/home/igem/unknown_software/datasets/propedia_formatted/propedia_1ky6_P/propedia_1ky6_P_protein_pocket.pdb,/home/igem/unknown_software/datasets/propedia_formatted/propedia_1ky6_P/propedia_1ky6_P_peptide.pdb,propedia
propedia_1nvq_B,/home/igem/unknown_software/datasets/propedia_formatted/propedia_1nvq_B/propedia_1nvq_B_protein_pocket.pdb,/home/igem/unknown_software/datasets/propedia_formatted/propedia_1nvq_B/propedia_1nvq_B_peptide.pdb,propedia
propedia_3avi_D,/home/igem/unknown_software/datasets/propedia_formatted/propedia_3avi_D/propedia_3avi_D_protein_pocket.pdb,/home/igem/unknown_software/datasets/propedia_formatted/propedia_3avi_D/propedia_3avi_D_peptide.pdb,propedia
propedia_3ubw_P,/home/igem/unknown_software/datasets/propedia_formatted/propedia_3ubw_P/propedia_3ubw_P_protein_pocket.pdb,/home/igem/unknown_software/datasets/propedia_formatted/propedia_3ubw_P/propedia_3ubw_P_peptide.pdb,propedia
propedia_3h1z_P,/home/igem/unknown_software/datasets/propedia_formatted/propedia_3h1z_P/propedia_3h1z_P_protein_pocket.pdb,/home/igem/unknown_software/datasets/propedia_formatted/propedia_3h1z_P/propedia_3h1z_P_peptide.pdb,propedia_long
propedia_2ff6_H,/home/igem/unknown_software/datasets/propedia_formatted/propedia_2ff6_H/propedia_2ff6_H_protein_pocket.pdb,/home/igem/unknown_software/datasets/propedia_formatted/propedia_2ff6_H/propedia_2ff6_H_peptide.pdb,propedia
propedia_5v8z_B,/home/igem/unknown_software/datasets/propedia_formatted/propedia_5v8z_B/propedia_5v8z_B_protein_pocket.pdb,/home/igem/unknown_software/datasets/propedia_formatted/propedia_5v8z_B/propedia_5v8z_B_peptide.pdb,propedia_long
propedia_2h48_C,/home/igem/unknown_software/datasets/propedia_formatted/propedia_2h48_C/propedia_2h48_C_protein_pocket.pdb,/home/igem/unknown_software/datasets/propedia_formatted/propedia_2h48_C/propedia_2h48_C_peptide.pdb,propedia
propedia_2brr_P,/home/igem/unknown_software/datasets/propedia_formatted/propedia_2brr_P/propedia_2brr_P_protein_pocket.pdb,/home/igem/unknown_software/datasets/propedia_formatted/propedia_2brr_P/propedia_2brr_P_peptide.pdb,propedia
propedia_3avl_E,/home/igem/unknown_software/datasets/propedia_formatted/propedia_3avl_E/propedia_3avl_E_protein_pocket.pdb,/home/igem/unknown_software/datasets/propedia_formatted/propedia_3avl_E/propedia_3avl_E_peptide.pdb,propedia
propedia_1afq_A,/home/igem/unknown_software/datasets/propedia_formatted/propedia_1afq_A/propedia_1afq_A_protein_pocket.pdb,/home/igem/unknown_software/datasets/propedia_formatted/propedia_1afq_A/propedia_1afq_A_peptide.pdb,propedia
propedia_3l6f_C,/home/igem/unknown_software/datasets/propedia_formatted/propedia_3l6f_C/propedia_3l6f_C_protein_pocket.pdb,/home/igem/unknown_software/datasets/propedia_formatted/propedia_3l6f_C/propedia_3l6f_C_peptide.pdb,propedia_long
propedia_2pv1_B,/home/igem/unknown_software/datasets/propedia_formatted/propedia_2pv1_B/propedia_2pv1_B_protein_pocket.pdb,/home/igem/unknown_software/datasets/propedia_formatted/propedia_2pv1_B/propedia_2pv1_B_peptide.pdb,propedia
propedia_3uvy_B,/home/igem/unknown_software/datasets/propedia_formatted/propedia_3uvy_B/propedia_3uvy_B_protein_pocket.pdb,/home/igem/unknown_software/datasets/propedia_formatted/propedia_3uvy_B/propedia_3uvy_B_peptide.pdb,propedia
propedia_1c5n_I,/home/igem/unknown_software/datasets/propedia_formatted/propedia_1c5n_I/propedia_1c5n_I_protein_pocket.pdb,/home/igem/unknown_software/datasets/propedia_formatted/propedia_1c5n_I/propedia_1c5n_I_peptide.pdb,propedia
propedia_1sdx_E,/home/igem/unknown_software/datasets/propedia_formatted/propedia_1sdx_E/propedia_1sdx_E_protein_pocket.pdb,/home/igem/unknown_software/datasets/propedia_formatted/propedia_1sdx_E/propedia_1sdx_E_peptide.pdb,propedia
propedia_4qtx_E,/home/igem/unknown_software/datasets/propedia_formatted/propedia_4qtx_E/propedia_4qtx_E_protein_pocket.pdb,/home/igem/unknown_software/datasets/propedia_formatted/propedia_4qtx_E/propedia_4qtx_E_peptide.pdb,propedia
propedia_4r10_B,/home/igem/unknown_software/datasets/propedia_formatted/propedia_4r10_B/propedia_4r10_B_protein_pocket.pdb,/home/igem/unknown_software/datasets/propedia_formatted/propedia_4r10_B/propedia_4r10_B_peptide.pdb,propedia_long
propedia_2gmt_A,/home/igem/unknown_software/datasets/propedia_formatted/propedia_2gmt_A/propedia_2gmt_A_protein_pocket.pdb,/home/igem/unknown_software/datasets/propedia_formatted/propedia_2gmt_A/propedia_2gmt_A_peptide.pdb,propedia
propedia_4jqg_P,/home/igem/unknown_software/datasets/propedia_formatted/propedia_4jqg_P/propedia_4jqg_P_protein_pocket.pdb,/home/igem/unknown_software/datasets/propedia_formatted/propedia_4jqg_P/propedia_4jqg_P_peptide.pdb,propedia
propedia_5vwy_B,/home/igem/unknown_software/datasets/propedia_formatted/propedia_5vwy_B/propedia_5vwy_B_protein_pocket.pdb,/home/igem/unknown_software/datasets/propedia_formatted/propedia_5vwy_B/propedia_5vwy_B_peptide.pdb,propedia_long
propedia_3bps_E,/home/igem/unknown_software/datasets/propedia_formatted/propedia_3bps_E/propedia_3bps_E_protein_pocket.pdb,/home/igem/unknown_software/datasets/propedia_formatted/propedia_3bps_E/propedia_3bps_E_peptide.pdb,propedia_long
propedia_5jr2_E,/home/igem/unknown_software/datasets/propedia_formatted/propedia_5jr2_E/propedia_5jr2_E_protein_pocket.pdb,/home/igem/unknown_software/datasets/propedia_formatted/propedia_5jr2_E/propedia_5jr2_E_peptide.pdb,propedia_long
propedia_4hpu_I,/home/igem/unknown_software/datasets/propedia_formatted/propedia_4hpu_I/propedia_4hpu_I_protein_pocket.pdb,/home/igem/unknown_software/datasets/propedia_formatted/propedia_4hpu_I/propedia_4hpu_I_peptide.pdb,propedia_long
propedia_3eab_G,/home/igem/unknown_software/datasets/propedia_formatted/propedia_3eab_G/propedia_3eab_G_protein_pocket.pdb,/home/igem/unknown_software/datasets/propedia_formatted/propedia_3eab_G/propedia_3eab_G_peptide.pdb,propedia_long
propedia_5zk7_C,/home/igem/unknown_software/datasets/propedia_formatted/propedia_5zk7_C/propedia_5zk7_C_protein_pocket.pdb,/home/igem/unknown_software/datasets/propedia_formatted/propedia_5zk7_C/propedia_5zk7_C_peptide.pdb,propedia_long
propedia_1sp5_I,/home/igem/unknown_software/datasets/propedia_formatted/propedia_1sp5_I/propedia_1sp5_I_protein_pocket.pdb,/home/igem/unknown_software/datasets/propedia_formatted/propedia_1sp5_I/propedia_1sp5_I_peptide.pdb,propedia
propedia_2fys_C,/home/igem/unknown_software/datasets/propedia_formatted/propedia_2fys_C/propedia_2fys_C_protein_pocket.pdb,/home/igem/unknown_software/datasets/propedia_formatted/propedia_2fys_C/propedia_2fys_C_peptide.pdb,propedia
propedia_3bh9_C,/home/igem/unknown_software/datasets/propedia_formatted/propedia_3bh9_C/propedia_3bh9_C_protein_pocket.pdb,/home/igem/unknown_software/datasets/propedia_formatted/propedia_3bh9_C/propedia_3bh9_C_peptide.pdb,propedia
propedia_3ij0_B,/home/igem/unknown_software/datasets/propedia_formatted/propedia_3ij0_B/propedia_3ij0_B_protein_pocket.pdb,/home/igem/unknown_software/datasets/propedia_formatted/propedia_3ij0_B/propedia_3ij0_B_peptide.pdb,propedia
propedia_3p9y_E,/home/igem/unknown_software/datasets/propedia_formatted/propedia_3p9y_E/propedia_3p9y_E_protein_pocket.pdb,/home/igem/unknown_software/datasets/propedia_formatted/propedia_3p9y_E/propedia_3p9y_E_peptide.pdb,propedia
propedia_3fqt_C,/home/igem/unknown_software/datasets/propedia_formatted/propedia_3fqt_C/propedia_3fqt_C_protein_pocket.pdb,/home/igem/unknown_software/datasets/propedia_formatted/propedia_3fqt_C/propedia_3fqt_C_peptide.pdb,propedia
propedia_4s0g_B,/home/igem/unknown_software/datasets/propedia_formatted/propedia_4s0g_B/propedia_4s0g_B_protein_pocket.pdb,/home/igem/unknown_software/datasets/propedia_formatted/propedia_4s0g_B/propedia_4s0g_B_peptide.pdb,propedia
propedia_3pwu_C,/home/igem/unknown_software/datasets/propedia_formatted/propedia_3pwu_C/propedia_3pwu_C_protein_pocket.pdb,/home/igem/unknown_software/datasets/propedia_formatted/propedia_3pwu_C/propedia_3pwu_C_peptide.pdb,propedia
propedia_4ms8_B,/home/igem/unknown_software/datasets/propedia_formatted/propedia_4ms8_B/propedia_4ms8_B_protein_pocket.pdb,/home/igem/unknown_software/datasets/propedia_formatted/propedia_4ms8_B/propedia_4ms8_B_peptide.pdb,propedia
propedia_3wor_C,/home/igem/unknown_software/datasets/propedia_formatted/propedia_3wor_C/propedia_3wor_C_protein_pocket.pdb,/home/igem/unknown_software/datasets/propedia_formatted/propedia_3wor_C/propedia_3wor_C_peptide.pdb,propedia
propedia_3olr_E,/home/igem/unknown_software/datasets/propedia_formatted/propedia_3olr_E/propedia_3olr_E_protein_pocket.pdb,/home/igem/unknown_software/datasets/propedia_formatted/propedia_3olr_E/propedia_3olr_E_peptide.pdb,propedia
propedia_3pd1_B,/home/igem/unknown_software/datasets/propedia_formatted/propedia_3pd1_B/propedia_3pd1_B_protein_pocket.pdb,/home/igem/unknown_software/datasets/propedia_formatted/propedia_3pd1_B/propedia_3pd1_B_peptide.pdb,propedia
propedia_3eg6_C,/home/igem/unknown_software/datasets/propedia_formatted/propedia_3eg6_C/propedia_3eg6_C_protein_pocket.pdb,/home/igem/unknown_software/datasets/propedia_formatted/propedia_3eg6_C/propedia_3eg6_C_peptide.pdb,propedia
propedia_3rbq_G,/home/igem/unknown_software/datasets/propedia_formatted/propedia_3rbq_G/propedia_3rbq_G_protein_pocket.pdb,/home/igem/unknown_software/datasets/propedia_formatted/propedia_3rbq_G/propedia_3rbq_G_peptide.pdb,propedia
propedia_4e7r_I,/home/igem/unknown_software/datasets/propedia_formatted/propedia_4e7r_I/propedia_4e7r_I_protein_pocket.pdb,/home/igem/unknown_software/datasets/propedia_formatted/propedia_4e7r_I/propedia_4e7r_I_peptide.pdb,propedia
propedia_1qls_D,/home/igem/unknown_software/datasets/propedia_formatted/propedia_1qls_D/propedia_1qls_D_protein_pocket.pdb,/home/igem/unknown_software/datasets/propedia_formatted/propedia_1qls_D/propedia_1qls_D_peptide.pdb,propedia
propedia_4j77_C,/home/igem/unknown_software/datasets/propedia_formatted/propedia_4j77_C/propedia_4j77_C_protein_pocket.pdb,/home/igem/unknown_software/datasets/propedia_formatted/propedia_4j77_C/propedia_4j77_C_peptide.pdb,propedia
propedia_4auc_B,/home/igem/unknown_software/datasets/propedia_formatted/propedia_4auc_B/propedia_4auc_B_protein_pocket.pdb,/home/igem/unknown_software/datasets/propedia_formatted/propedia_4auc_B/propedia_4auc_B_peptide.pdb,propedia
propedia_1d6e_D,/home/igem/unknown_software/datasets/propedia_formatted/propedia_1d6e_D/propedia_1d6e_D_protein_pocket.pdb,/home/igem/unknown_software/datasets/propedia_formatted/propedia_1d6e_D/propedia_1d6e_D_peptide.pdb,propedia
propedia_1svz_C,/home/igem/unknown_software/datasets/propedia_formatted/propedia_1svz_C/propedia_1svz_C_protein_pocket.pdb,/home/igem/unknown_software/datasets/propedia_formatted/propedia_1svz_C/propedia_1svz_C_peptide.pdb,propedia
propedia_4wm0_D,/home/igem/unknown_software/datasets/propedia_formatted/propedia_4wm0_D/propedia_4wm0_D_protein_pocket.pdb,/home/igem/unknown_software/datasets/propedia_formatted/propedia_4wm0_D/propedia_4wm0_D_peptide.pdb,propedia_long
propedia_4que_D,/home/igem/unknown_software/datasets/propedia_formatted/propedia_4que_D/propedia_4que_D_protein_pocket.pdb,/home/igem/unknown_software/datasets/propedia_formatted/propedia_4que_D/propedia_4que_D_peptide.pdb,propedia
propedia_1c5f_B,/home/igem/unknown_software/datasets/propedia_formatted/propedia_1c5f_B/propedia_1c5f_B_protein_pocket.pdb,/home/igem/unknown_software/datasets/propedia_formatted/propedia_1c5f_B/propedia_1c5f_B_peptide.pdb,propedia
propedia_3shc_I,/home/igem/unknown_software/datasets/propedia_formatted/propedia_3shc_I/propedia_3shc_I_protein_pocket.pdb,/home/igem/unknown_software/datasets/propedia_formatted/propedia_3shc_I/propedia_3shc_I_peptide.pdb,propedia
propedia_4qu8_F,/home/igem/unknown_software/datasets/propedia_formatted/propedia_4qu8_F/propedia_4qu8_F_protein_pocket.pdb,/home/igem/unknown_software/datasets/propedia_formatted/propedia_4qu8_F/propedia_4qu8_F_peptide.pdb,propedia
propedia_2v2f_A,/home/igem/unknown_software/datasets/propedia_formatted/propedia_2v2f_A/propedia_2v2f_A_protein_pocket.pdb,/home/igem/unknown_software/datasets/propedia_formatted/propedia_2v2f_A/propedia_2v2f_A_peptide.pdb,propedia_long
propedia_6dei_C,/home/igem/unknown_software/datasets/propedia_formatted/propedia_6dei_C/propedia_6dei_C_protein_pocket.pdb,/home/igem/unknown_software/datasets/propedia_formatted/propedia_6dei_C/propedia_6dei_C_peptide.pdb,propedia_long
propedia_3v5h_C,/home/igem/unknown_software/datasets/propedia_formatted/propedia_3v5h_C/propedia_3v5h_C_protein_pocket.pdb,/home/igem/unknown_software/datasets/propedia_formatted/propedia_3v5h_C/propedia_3v5h_C_peptide.pdb,propedia
propedia_2qfa_C,/home/igem/unknown_software/datasets/propedia_formatted/propedia_2qfa_C/propedia_2qfa_C_protein_pocket.pdb,/home/igem/unknown_software/datasets/propedia_formatted/propedia_2qfa_C/propedia_2qfa_C_peptide.pdb,propedia_long
propedia_4wb7_I,/home/igem/unknown_software/datasets/propedia_formatted/propedia_4wb7_I/propedia_4wb7_I_protein_pocket.pdb,/home/igem/unknown_software/datasets/propedia_formatted/propedia_4wb7_I/propedia_4wb7_I_peptide.pdb,propedia_long
propedia_1kil_E,/home/igem/unknown_software/datasets/propedia_formatted/propedia_1kil_E/propedia_1kil_E_protein_pocket.pdb,/home/igem/unknown_software/datasets/propedia_formatted/propedia_1kil_E/propedia_1kil_E_peptide.pdb,propedia_long
propedia_2jam_D,/home/igem/unknown_software/datasets/propedia_formatted/propedia_2jam_D/propedia_2jam_D_protein_pocket.pdb,/home/igem/unknown_software/datasets/propedia_formatted/propedia_2jam_D/propedia_2jam_D_peptide.pdb,propedia
propedia_4wnn_T,/home/igem/unknown_software/datasets/propedia_formatted/propedia_4wnn_T/propedia_4wnn_T_protein_pocket.pdb,/home/igem/unknown_software/datasets/propedia_formatted/propedia_4wnn_T/propedia_4wnn_T_peptide.pdb,propedia
propedia_2z32_B,/home/igem/unknown_software/datasets/propedia_formatted/propedia_2z32_B/propedia_2z32_B_protein_pocket.pdb,/home/igem/unknown_software/datasets/propedia_formatted/propedia_2z32_B/propedia_2z32_B_peptide.pdb,propedia
propedia_5nwm_B,/home/igem/unknown_software/datasets/propedia_formatted/propedia_5nwm_B/propedia_5nwm_B_protein_pocket.pdb,/home/igem/unknown_software/datasets/propedia_formatted/propedia_5nwm_B/propedia_5nwm_B_peptide.pdb,propedia_long
propedia_2k17_P,/home/igem/unknown_software/datasets/propedia_formatted/propedia_2k17_P/propedia_2k17_P_protein_pocket.pdb,/home/igem/unknown_software/datasets/propedia_formatted/propedia_2k17_P/propedia_2k17_P_peptide.pdb,propedia_long
propedia_2kwn_B,/home/igem/unknown_software/datasets/propedia_formatted/propedia_2kwn_B/propedia_2kwn_B_protein_pocket.pdb,/home/igem/unknown_software/datasets/propedia_formatted/propedia_2kwn_B/propedia_2kwn_B_peptide.pdb,propedia_long
propedia_1d9i_I,/home/igem/unknown_software/datasets/propedia_formatted/propedia_1d9i_I/propedia_1d9i_I_protein_pocket.pdb,/home/igem/unknown_software/datasets/propedia_formatted/propedia_1d9i_I/propedia_1d9i_I_peptide.pdb,propedia
propedia_2clr_C,/home/igem/unknown_software/datasets/propedia_formatted/propedia_2clr_C/propedia_2clr_C_protein_pocket.pdb,/home/igem/unknown_software/datasets/propedia_formatted/propedia_2clr_C/propedia_2clr_C_peptide.pdb,propedia
propedia_3ouc_P,/home/igem/unknown_software/datasets/propedia_formatted/propedia_3ouc_P/propedia_3ouc_P_protein_pocket.pdb,/home/igem/unknown_software/datasets/propedia_formatted/propedia_3ouc_P/propedia_3ouc_P_peptide.pdb,propedia
propedia_1cwo_C,/home/igem/unknown_software/datasets/propedia_formatted/propedia_1cwo_C/propedia_1cwo_C_protein_pocket.pdb,/home/igem/unknown_software/datasets/propedia_formatted/propedia_1cwo_C/propedia_1cwo_C_peptide.pdb,propedia
propedia_4wsf_B,/home/igem/unknown_software/datasets/propedia_formatted/propedia_4wsf_B/propedia_4wsf_B_protein_pocket.pdb,/home/igem/unknown_software/datasets/propedia_formatted/propedia_4wsf_B/propedia_4wsf_B_peptide.pdb,propedia
propedia_4pvz_C,/home/igem/unknown_software/datasets/propedia_formatted/propedia_4pvz_C/propedia_4pvz_C_protein_pocket.pdb,/home/igem/unknown_software/datasets/propedia_formatted/propedia_4pvz_C/propedia_4pvz_C_peptide.pdb,propedia_long
propedia_6vro_B,/home/igem/unknown_software/datasets/propedia_formatted/propedia_6vro_B/propedia_6vro_B_protein_pocket.pdb,/home/igem/unknown_software/datasets/propedia_formatted/propedia_6vro_B/propedia_6vro_B_peptide.pdb,propedia_long
propedia_1tn7_C,/home/igem/unknown_software/datasets/propedia_formatted/propedia_1tn7_C/propedia_1tn7_C_protein_pocket.pdb,/home/igem/unknown_software/datasets/propedia_formatted/propedia_1tn7_C/propedia_1tn7_C_peptide.pdb,propedia
propedia_1dow_B,/home/igem/unknown_software/datasets/propedia_formatted/propedia_1dow_B/propedia_1dow_B_protein_pocket.pdb,/home/igem/unknown_software/datasets/propedia_formatted/propedia_1dow_B/propedia_1dow_B_peptide.pdb,propedia_long
propedia_4ong_P,/home/igem/unknown_software/datasets/propedia_formatted/propedia_4ong_P/propedia_4ong_P_protein_pocket.pdb,/home/igem/unknown_software/datasets/propedia_formatted/propedia_4ong_P/propedia_4ong_P_peptide.pdb,propedia
propedia_2c1e_C,/home/igem/unknown_software/datasets/propedia_formatted/propedia_2c1e_C/propedia_2c1e_C_protein_pocket.pdb,/home/igem/unknown_software/datasets/propedia_formatted/propedia_2c1e_C/propedia_2c1e_C_peptide.pdb,propedia
propedia_3fn0_P,/home/igem/unknown_software/datasets/propedia_formatted/propedia_3fn0_P/propedia_3fn0_P_protein_pocket.pdb,/home/igem/unknown_software/datasets/propedia_formatted/propedia_3fn0_P/propedia_3fn0_P_peptide.pdb,propedia
propedia_3n2d_B,/home/igem/unknown_software/datasets/propedia_formatted/propedia_3n2d_B/propedia_3n2d_B_protein_pocket.pdb,/home/igem/unknown_software/datasets/propedia_formatted/propedia_3n2d_B/propedia_3n2d_B_peptide.pdb,propedia
propedia_3p35_D,/home/igem/unknown_software/datasets/propedia_formatted/propedia_3p35_D/propedia_3p35_D_protein_pocket.pdb,/home/igem/unknown_software/datasets/propedia_formatted/propedia_3p35_D/propedia_3p35_D_peptide.pdb,propedia
propedia_4zrt_B,/home/igem/unknown_software/datasets/propedia_formatted/propedia_4zrt_B/propedia_4zrt_B_protein_pocket.pdb,/home/igem/unknown_software/datasets/propedia_formatted/propedia_4zrt_B/propedia_4zrt_B_peptide.pdb,propedia
propedia_5t46_B,/home/igem/unknown_software/datasets/propedia_formatted/propedia_5t46_B/propedia_5t46_B_protein_pocket.pdb,/home/igem/unknown_software/datasets/propedia_formatted/propedia_5t46_B/propedia_5t46_B_peptide.pdb,propedia_long
propedia_3zdy_I,/home/igem/unknown_software/datasets/propedia_formatted/propedia_3zdy_I/propedia_3zdy_I_protein_pocket.pdb,/home/igem/unknown_software/datasets/propedia_formatted/propedia_3zdy_I/propedia_3zdy_I_peptide.pdb,propedia
propedia_2pv2_E,/home/igem/unknown_software/datasets/propedia_formatted/propedia_2pv2_E/propedia_2pv2_E_protein_pocket.pdb,/home/igem/unknown_software/datasets/propedia_formatted/propedia_2pv2_E/propedia_2pv2_E_peptide.pdb,propedia
propedia_3bgm_C,/home/igem/unknown_software/datasets/propedia_formatted/propedia_3bgm_C/propedia_3bgm_C_protein_pocket.pdb,/home/igem/unknown_software/datasets/propedia_formatted/propedia_3bgm_C/propedia_3bgm_C_peptide.pdb,propedia
propedia_6qmq_A,/home/igem/unknown_software/datasets/propedia_formatted/propedia_6qmq_A/propedia_6qmq_A_protein_pocket.pdb,/home/igem/unknown_software/datasets/propedia_formatted/propedia_6qmq_A/propedia_6qmq_A_peptide.pdb,propedia_long
propedia_3qnj_C,/home/igem/unknown_software/datasets/propedia_formatted/propedia_3qnj_C/propedia_3qnj_C_protein_pocket.pdb,/home/igem/unknown_software/datasets/propedia_formatted/propedia_3qnj_C/propedia_3qnj_C_peptide.pdb,propedia
propedia_2hrp_P,/home/igem/unknown_software/datasets/propedia_formatted/propedia_2hrp_P/propedia_2hrp_P_protein_pocket.pdb,/home/igem/unknown_software/datasets/propedia_formatted/propedia_2hrp_P/propedia_2hrp_P_peptide.pdb,propedia
propedia_4jg1_P,/home/igem/unknown_software/datasets/propedia_formatted/propedia_4jg1_P/propedia_4jg1_P_protein_pocket.pdb,/home/igem/unknown_software/datasets/propedia_formatted/propedia_4jg1_P/propedia_4jg1_P_peptide.pdb,propedia
propedia_4o51_M,/home/igem/unknown_software/datasets/propedia_formatted/propedia_4o51_M/propedia_4o51_M_protein_pocket.pdb,/home/igem/unknown_software/datasets/propedia_formatted/propedia_4o51_M/propedia_4o51_M_peptide.pdb,propedia
propedia_2k20_B,/home/igem/unknown_software/datasets/propedia_formatted/propedia_2k20_B/propedia_2k20_B_protein_pocket.pdb,/home/igem/unknown_software/datasets/propedia_formatted/propedia_2k20_B/propedia_2k20_B_peptide.pdb,propedia
propedia_1h6w_B,/home/igem/unknown_software/datasets/propedia_formatted/propedia_1h6w_B/propedia_1h6w_B_protein_pocket.pdb,/home/igem/unknown_software/datasets/propedia_formatted/propedia_1h6w_B/propedia_1h6w_B_peptide.pdb,propedia
propedia_3wp0_B,/home/igem/unknown_software/datasets/propedia_formatted/propedia_3wp0_B/propedia_3wp0_B_protein_pocket.pdb,/home/igem/unknown_software/datasets/propedia_formatted/propedia_3wp0_B/propedia_3wp0_B_peptide.pdb,propedia_long
propedia_3cu8_P,/home/igem/unknown_software/datasets/propedia_formatted/propedia_3cu8_P/propedia_3cu8_P_protein_pocket.pdb,/home/igem/unknown_software/datasets/propedia_formatted/propedia_3cu8_P/propedia_3cu8_P_peptide.pdb,propedia
propedia_2v83_D,/home/igem/unknown_software/datasets/propedia_formatted/propedia_2v83_D/propedia_2v83_D_protein_pocket.pdb,/home/igem/unknown_software/datasets/propedia_formatted/propedia_2v83_D/propedia_2v83_D_peptide.pdb,propedia
propedia_3ots_P,/home/igem/unknown_software/datasets/propedia_formatted/propedia_3ots_P/propedia_3ots_P_protein_pocket.pdb,/home/igem/unknown_software/datasets/propedia_formatted/propedia_3ots_P/propedia_3ots_P_peptide.pdb,propedia
propedia_2hv8_F,/home/igem/unknown_software/datasets/propedia_formatted/propedia_2hv8_F/propedia_2hv8_F_protein_pocket.pdb,/home/igem/unknown_software/datasets/propedia_formatted/propedia_2hv8_F/propedia_2hv8_F_peptide.pdb,propedia_long
propedia_4h3k_F,/home/igem/unknown_software/datasets/propedia_formatted/propedia_4h3k_F/propedia_4h3k_F_protein_pocket.pdb,/home/igem/unknown_software/datasets/propedia_formatted/propedia_4h3k_F/propedia_4h3k_F_peptide.pdb,propedia
propedia_1i31_P,/home/igem/unknown_software/datasets/propedia_formatted/propedia_1i31_P/propedia_1i31_P_protein_pocket.pdb,/home/igem/unknown_software/datasets/propedia_formatted/propedia_1i31_P/propedia_1i31_P_peptide.pdb,propedia
propedia_2h6g_P,/home/igem/unknown_software/datasets/propedia_formatted/propedia_2h6g_P/propedia_2h6g_P_protein_pocket.pdb,/home/igem/unknown_software/datasets/propedia_formatted/propedia_2h6g_P/propedia_2h6g_P_peptide.pdb,propedia
propedia_4mzl_C,/home/igem/unknown_software/datasets/propedia_formatted/propedia_4mzl_C/propedia_4mzl_C_protein_pocket.pdb,/home/igem/unknown_software/datasets/propedia_formatted/propedia_4mzl_C/propedia_4mzl_C_peptide.pdb,propedia_long
propedia_3qw8_B,/home/igem/unknown_software/datasets/propedia_formatted/propedia_3qw8_B/propedia_3qw8_B_protein_pocket.pdb,/home/igem/unknown_software/datasets/propedia_formatted/propedia_3qw8_B/propedia_3qw8_B_peptide.pdb,propedia
propedia_2h54_C,/home/igem/unknown_software/datasets/propedia_formatted/propedia_2h54_C/propedia_2h54_C_protein_pocket.pdb,/home/igem/unknown_software/datasets/propedia_formatted/propedia_2h54_C/propedia_2h54_C_peptide.pdb,propedia
propedia_3dks_E,/home/igem/unknown_software/datasets/propedia_formatted/propedia_3dks_E/propedia_3dks_E_protein_pocket.pdb,/home/igem/unknown_software/datasets/propedia_formatted/propedia_3dks_E/propedia_3dks_E_peptide.pdb,propedia
propedia_2b2w_D,/home/igem/unknown_software/datasets/propedia_formatted/propedia_2b2w_D/propedia_2b2w_D_protein_pocket.pdb,/home/igem/unknown_software/datasets/propedia_formatted/propedia_2b2w_D/propedia_2b2w_D_peptide.pdb,propedia
propedia_5tzp_B,/home/igem/unknown_software/datasets/propedia_formatted/propedia_5tzp_B/propedia_5tzp_B_protein_pocket.pdb,/home/igem/unknown_software/datasets/propedia_formatted/propedia_5tzp_B/propedia_5tzp_B_peptide.pdb,propedia_long
propedia_5uwh_D,/home/igem/unknown_software/datasets/propedia_formatted/propedia_5uwh_D/propedia_5uwh_D_protein_pocket.pdb,/home/igem/unknown_software/datasets/propedia_formatted/propedia_5uwh_D/propedia_5uwh_D_peptide.pdb,propedia_long
propedia_1hhj_C,/home/igem/unknown_software/datasets/propedia_formatted/propedia_1hhj_C/propedia_1hhj_C_protein_pocket.pdb,/home/igem/unknown_software/datasets/propedia_formatted/propedia_1hhj_C/propedia_1hhj_C_peptide.pdb,propedia
propedia_3p37_D,/home/igem/unknown_software/datasets/propedia_formatted/propedia_3p37_D/propedia_3p37_D_protein_pocket.pdb,/home/igem/unknown_software/datasets/propedia_formatted/propedia_3p37_D/propedia_3p37_D_peptide.pdb,propedia
propedia_6icv_C,/home/igem/unknown_software/datasets/propedia_formatted/propedia_6icv_C/propedia_6icv_C_protein_pocket.pdb,/home/igem/unknown_software/datasets/propedia_formatted/propedia_6icv_C/propedia_6icv_C_peptide.pdb,propedia_long
propedia_5c09_C,/home/igem/unknown_software/datasets/propedia_formatted/propedia_5c09_C/propedia_5c09_C_protein_pocket.pdb,/home/igem/unknown_software/datasets/propedia_formatted/propedia_5c09_C/propedia_5c09_C_peptide.pdb,propedia
propedia_4jfd_C,/home/igem/unknown_software/datasets/propedia_formatted/propedia_4jfd_C/propedia_4jfd_C_protein_pocket.pdb,/home/igem/unknown_software/datasets/propedia_formatted/propedia_4jfd_C/propedia_4jfd_C_peptide.pdb,propedia
propedia_1jm4_A,/home/igem/unknown_software/datasets/propedia_formatted/propedia_1jm4_A/propedia_1jm4_A_protein_pocket.pdb,/home/igem/unknown_software/datasets/propedia_formatted/propedia_1jm4_A/propedia_1jm4_A_peptide.pdb,propedia
propedia_1ize_B,/home/igem/unknown_software/datasets/propedia_formatted/propedia_1ize_B/propedia_1ize_B_protein_pocket.pdb,/home/igem/unknown_software/datasets/propedia_formatted/propedia_1ize_B/propedia_1ize_B_peptide.pdb,propedia
propedia_3v7d_E,/home/igem/unknown_software/datasets/propedia_formatted/propedia_3v7d_E/propedia_3v7d_E_protein_pocket.pdb,/home/igem/unknown_software/datasets/propedia_formatted/propedia_3v7d_E/propedia_3v7d_E_peptide.pdb,propedia
propedia_1uef_C,/home/igem/unknown_software/datasets/propedia_formatted/propedia_1uef_C/propedia_1uef_C_protein_pocket.pdb,/home/igem/unknown_software/datasets/propedia_formatted/propedia_1uef_C/propedia_1uef_C_peptide.pdb,propedia
propedia_2axi_B,/home/igem/unknown_software/datasets/propedia_formatted/propedia_2axi_B/propedia_2axi_B_protein_pocket.pdb,/home/igem/unknown_software/datasets/propedia_formatted/propedia_2axi_B/propedia_2axi_B_peptide.pdb,propedia
propedia_5bpu_H,/home/igem/unknown_software/datasets/propedia_formatted/propedia_5bpu_H/propedia_5bpu_H_protein_pocket.pdb,/home/igem/unknown_software/datasets/propedia_formatted/propedia_5bpu_H/propedia_5bpu_H_peptide.pdb,propedia
propedia_2rje_P,/home/igem/unknown_software/datasets/propedia_formatted/propedia_2rje_P/propedia_2rje_P_protein_pocket.pdb,/home/igem/unknown_software/datasets/propedia_formatted/propedia_2rje_P/propedia_2rje_P_peptide.pdb,propedia
propedia_4ryd_H,/home/igem/unknown_software/datasets/propedia_formatted/propedia_4ryd_H/propedia_4ryd_H_protein_pocket.pdb,/home/igem/unknown_software/datasets/propedia_formatted/propedia_4ryd_H/propedia_4ryd_H_peptide.pdb,propedia
propedia_3qto_I,/home/igem/unknown_software/datasets/propedia_formatted/propedia_3qto_I/propedia_3qto_I_protein_pocket.pdb,/home/igem/unknown_software/datasets/propedia_formatted/propedia_3qto_I/propedia_3qto_I_peptide.pdb,propedia
propedia_5jfz_B,/home/igem/unknown_software/datasets/propedia_formatted/propedia_5jfz_B/propedia_5jfz_B_protein_pocket.pdb,/home/igem/unknown_software/datasets/propedia_formatted/propedia_5jfz_B/propedia_5jfz_B_peptide.pdb,propedia_long
propedia_2iui_C,/home/igem/unknown_software/datasets/propedia_formatted/propedia_2iui_C/propedia_2iui_C_protein_pocket.pdb,/home/igem/unknown_software/datasets/propedia_formatted/propedia_2iui_C/propedia_2iui_C_peptide.pdb,propedia
propedia_4awa_I,/home/igem/unknown_software/datasets/propedia_formatted/propedia_4awa_I/propedia_4awa_I_protein_pocket.pdb,/home/igem/unknown_software/datasets/propedia_formatted/propedia_4awa_I/propedia_4awa_I_peptide.pdb,propedia
propedia_3ul1_A,/home/igem/unknown_software/datasets/propedia_formatted/propedia_3ul1_A/propedia_3ul1_A_protein_pocket.pdb,/home/igem/unknown_software/datasets/propedia_formatted/propedia_3ul1_A/propedia_3ul1_A_peptide.pdb,propedia_long
propedia_4md0_C,/home/igem/unknown_software/datasets/propedia_formatted/propedia_4md0_C/propedia_4md0_C_protein_pocket.pdb,/home/igem/unknown_software/datasets/propedia_formatted/propedia_4md0_C/propedia_4md0_C_peptide.pdb,propedia_long
propedia_2j4w_D,/home/igem/unknown_software/datasets/propedia_formatted/propedia_2j4w_D/propedia_2j4w_D_protein_pocket.pdb,/home/igem/unknown_software/datasets/propedia_formatted/propedia_2j4w_D/propedia_2j4w_D_peptide.pdb,propedia_long
propedia_2bnr_C,/home/igem/unknown_software/datasets/propedia_formatted/propedia_2bnr_C/propedia_2bnr_C_protein_pocket.pdb,/home/igem/unknown_software/datasets/propedia_formatted/propedia_2bnr_C/propedia_2bnr_C_peptide.pdb,propedia
propedia_2fns_P,/home/igem/unknown_software/datasets/propedia_formatted/propedia_2fns_P/propedia_2fns_P_protein_pocket.pdb,/home/igem/unknown_software/datasets/propedia_formatted/propedia_2fns_P/propedia_2fns_P_peptide.pdb,propedia
propedia_3bzi_E,/home/igem/unknown_software/datasets/propedia_formatted/propedia_3bzi_E/propedia_3bzi_E_protein_pocket.pdb,/home/igem/unknown_software/datasets/propedia_formatted/propedia_3bzi_E/propedia_3bzi_E_peptide.pdb,propedia
propedia_3bu5_B,/home/igem/unknown_software/datasets/propedia_formatted/propedia_3bu5_B/propedia_3bu5_B_protein_pocket.pdb,/home/igem/unknown_software/datasets/propedia_formatted/propedia_3bu5_B/propedia_3bu5_B_peptide.pdb,propedia
propedia_1o9a_B,/home/igem/unknown_software/datasets/propedia_formatted/propedia_1o9a_B/propedia_1o9a_B_protein_pocket.pdb,/home/igem/unknown_software/datasets/propedia_formatted/propedia_1o9a_B/propedia_1o9a_B_peptide.pdb,propedia_long
propedia_2h48_C,/home/igem/unknown_software/datasets/propedia_formatted/propedia_2h48_C/propedia_2h48_C_protein_pocket.pdb,/home/igem/unknown_software/datasets/propedia_formatted/propedia_2h48_C/propedia_2h48_C_peptide.pdb,propedia
propedia_3ddb_B,/home/igem/unknown_software/datasets/propedia_formatted/propedia_3ddb_B/propedia_3ddb_B_protein_pocket.pdb,/home/igem/unknown_software/datasets/propedia_formatted/propedia_3ddb_B/propedia_3ddb_B_peptide.pdb,propedia
propedia_3m55_B,/home/igem/unknown_software/datasets/propedia_formatted/propedia_3m55_B/propedia_3m55_B_protein_pocket.pdb,/home/igem/unknown_software/datasets/propedia_formatted/propedia_3m55_B/propedia_3m55_B_peptide.pdb,propedia
propedia_1lb6_B,/home/igem/unknown_software/datasets/propedia_formatted/propedia_1lb6_B/propedia_1lb6_B_protein_pocket.pdb,/home/igem/unknown_software/datasets/propedia_formatted/propedia_1lb6_B/propedia_1lb6_B_peptide.pdb,propedia
propedia_1f95_C,/home/igem/unknown_software/datasets/propedia_formatted/propedia_1f95_C/propedia_1f95_C_protein_pocket.pdb,/home/igem/unknown_software/datasets/propedia_formatted/propedia_1f95_C/propedia_1f95_C_peptide.pdb,propedia
propedia_6mjc_B,/home/igem/unknown_software/datasets/propedia_formatted/propedia_6mjc_B/propedia_6mjc_B_protein_pocket.pdb,/home/igem/unknown_software/datasets/propedia_formatted/propedia_6mjc_B/propedia_6mjc_B_peptide.pdb,propedia_long
propedia_1mt8_P,/home/igem/unknown_software/datasets/propedia_formatted/propedia_1mt8_P/propedia_1mt8_P_protein_pocket.pdb,/home/igem/unknown_software/datasets/propedia_formatted/propedia_1mt8_P/propedia_1mt8_P_peptide.pdb,propedia
propedia_3iur_B,/home/igem/unknown_software/datasets/propedia_formatted/propedia_3iur_B/propedia_3iur_B_protein_pocket.pdb,/home/igem/unknown_software/datasets/propedia_formatted/propedia_3iur_B/propedia_3iur_B_peptide.pdb,propedia
propedia_1zgv_B,/home/igem/unknown_software/datasets/propedia_formatted/propedia_1zgv_B/propedia_1zgv_B_protein_pocket.pdb,/home/igem/unknown_software/datasets/propedia_formatted/propedia_1zgv_B/propedia_1zgv_B_peptide.pdb,propedia
propedia_1jq9_P,/home/igem/unknown_software/datasets/propedia_formatted/propedia_1jq9_P/propedia_1jq9_P_protein_pocket.pdb,/home/igem/unknown_software/datasets/propedia_formatted/propedia_1jq9_P/propedia_1jq9_P_peptide.pdb,propedia
propedia_3wng_C,/home/igem/unknown_software/datasets/propedia_formatted/propedia_3wng_C/propedia_3wng_C_protein_pocket.pdb,/home/igem/unknown_software/datasets/propedia_formatted/propedia_3wng_C/propedia_3wng_C_peptide.pdb,propedia
propedia_4rqi_E,/home/igem/unknown_software/datasets/propedia_formatted/propedia_4rqi_E/propedia_4rqi_E_protein_pocket.pdb,/home/igem/unknown_software/datasets/propedia_formatted/propedia_4rqi_E/propedia_4rqi_E_peptide.pdb,propedia_long
propedia_3sqd_C,/home/igem/unknown_software/datasets/propedia_formatted/propedia_3sqd_C/propedia_3sqd_C_protein_pocket.pdb,/home/igem/unknown_software/datasets/propedia_formatted/propedia_3sqd_C/propedia_3sqd_C_peptide.pdb,propedia
propedia_4x3o_C,/home/igem/unknown_software/datasets/propedia_formatted/propedia_4x3o_C/propedia_4x3o_C_protein_pocket.pdb,/home/igem/unknown_software/datasets/propedia_formatted/propedia_4x3o_C/propedia_4x3o_C_peptide.pdb,propedia
propedia_3ifo_P,/home/igem/unknown_software/datasets/propedia_formatted/propedia_3ifo_P/propedia_3ifo_P_protein_pocket.pdb,/home/igem/unknown_software/datasets/propedia_formatted/propedia_3ifo_P/propedia_3ifo_P_peptide.pdb,propedia
propedia_3dow_B,/home/igem/unknown_software/datasets/propedia_formatted/propedia_3dow_B/propedia_3dow_B_protein_pocket.pdb,/home/igem/unknown_software/datasets/propedia_formatted/propedia_3dow_B/propedia_3dow_B_peptide.pdb,propedia
propedia_2cwg_D,/home/igem/unknown_software/datasets/propedia_formatted/propedia_2cwg_D/propedia_2cwg_D_protein_pocket.pdb,/home/igem/unknown_software/datasets/propedia_formatted/propedia_2cwg_D/propedia_2cwg_D_peptide.pdb,propedia
propedia_4qh8_C,/home/igem/unknown_software/datasets/propedia_formatted/propedia_4qh8_C/propedia_4qh8_C_protein_pocket.pdb,/home/igem/unknown_software/datasets/propedia_formatted/propedia_4qh8_C/propedia_4qh8_C_peptide.pdb,propedia
propedia_5bnp_D,/home/igem/unknown_software/datasets/propedia_formatted/propedia_5bnp_D/propedia_5bnp_D_protein_pocket.pdb,/home/igem/unknown_software/datasets/propedia_formatted/propedia_5bnp_D/propedia_5bnp_D_peptide.pdb,propedia_long
propedia_2br8_F,/home/igem/unknown_software/datasets/propedia_formatted/propedia_2br8_F/propedia_2br8_F_protein_pocket.pdb,/home/igem/unknown_software/datasets/propedia_formatted/propedia_2br8_F/propedia_2br8_F_peptide.pdb,propedia_long
propedia_3x23_B,/home/igem/unknown_software/datasets/propedia_formatted/propedia_3x23_B/propedia_3x23_B_protein_pocket.pdb,/home/igem/unknown_software/datasets/propedia_formatted/propedia_3x23_B/propedia_3x23_B_peptide.pdb,propedia
propedia_2h54_C,/home/igem/unknown_software/datasets/propedia_formatted/propedia_2h54_C/propedia_2h54_C_protein_pocket.pdb,/home/igem/unknown_software/datasets/propedia_formatted/propedia_2h54_C/propedia_2h54_C_peptide.pdb,propedia
propedia_2jdl_C,/home/igem/unknown_software/datasets/propedia_formatted/propedia_2jdl_C/propedia_2jdl_C_protein_pocket.pdb,/home/igem/unknown_software/datasets/propedia_formatted/propedia_2jdl_C/propedia_2jdl_C_peptide.pdb,propedia
propedia_1ghv_I,/home/igem/unknown_software/datasets/propedia_formatted/propedia_1ghv_I/propedia_1ghv_I_protein_pocket.pdb,/home/igem/unknown_software/datasets/propedia_formatted/propedia_1ghv_I/propedia_1ghv_I_peptide.pdb,propedia
propedia_6j19_B,/home/igem/unknown_software/datasets/propedia_formatted/propedia_6j19_B/propedia_6j19_B_protein_pocket.pdb,/home/igem/unknown_software/datasets/propedia_formatted/propedia_6j19_B/propedia_6j19_B_peptide.pdb,propedia_long
propedia_2poy_T,/home/igem/unknown_software/datasets/propedia_formatted/propedia_2poy_T/propedia_2poy_T_protein_pocket.pdb,/home/igem/unknown_software/datasets/propedia_formatted/propedia_2poy_T/propedia_2poy_T_peptide.pdb,propedia
propedia_5b6c_B,/home/igem/unknown_software/datasets/propedia_formatted/propedia_5b6c_B/propedia_5b6c_B_protein_pocket.pdb,/home/igem/unknown_software/datasets/propedia_formatted/propedia_5b6c_B/propedia_5b6c_B_peptide.pdb,propedia
propedia_3mxc_L,/home/igem/unknown_software/datasets/propedia_formatted/propedia_3mxc_L/propedia_3mxc_L_protein_pocket.pdb,/home/igem/unknown_software/datasets/propedia_formatted/propedia_3mxc_L/propedia_3mxc_L_peptide.pdb,propedia
propedia_3wv0_X,/home/igem/unknown_software/datasets/propedia_formatted/propedia_3wv0_X/propedia_3wv0_X_protein_pocket.pdb,/home/igem/unknown_software/datasets/propedia_formatted/propedia_3wv0_X/propedia_3wv0_X_peptide.pdb,propedia
propedia_1jk4_B,/home/igem/unknown_software/datasets/propedia_formatted/propedia_1jk4_B/propedia_1jk4_B_protein_pocket.pdb,/home/igem/unknown_software/datasets/propedia_formatted/propedia_1jk4_B/propedia_1jk4_B_peptide.pdb,propedia
propedia_2y5t_E,/home/igem/unknown_software/datasets/propedia_formatted/propedia_2y5t_E/propedia_2y5t_E_protein_pocket.pdb,/home/igem/unknown_software/datasets/propedia_formatted/propedia_2y5t_E/propedia_2y5t_E_peptide.pdb,propedia_long
propedia_1tp3_B,/home/igem/unknown_software/datasets/propedia_formatted/propedia_1tp3_B/propedia_1tp3_B_protein_pocket.pdb,/home/igem/unknown_software/datasets/propedia_formatted/propedia_1tp3_B/propedia_1tp3_B_peptide.pdb,propedia
propedia_4y5i_F,/home/igem/unknown_software/datasets/propedia_formatted/propedia_4y5i_F/propedia_4y5i_F_protein_pocket.pdb,/home/igem/unknown_software/datasets/propedia_formatted/propedia_4y5i_F/propedia_4y5i_F_peptide.pdb,propedia
propedia_2aph_C,/home/igem/unknown_software/datasets/propedia_formatted/propedia_2aph_C/propedia_2aph_C_protein_pocket.pdb,/home/igem/unknown_software/datasets/propedia_formatted/propedia_2aph_C/propedia_2aph_C_peptide.pdb,propedia
propedia_1bii_P,/home/igem/unknown_software/datasets/propedia_formatted/propedia_1bii_P/propedia_1bii_P_protein_pocket.pdb,/home/igem/unknown_software/datasets/propedia_formatted/propedia_1bii_P/propedia_1bii_P_peptide.pdb,propedia
propedia_1tze_I,/home/igem/unknown_software/datasets/propedia_formatted/propedia_1tze_I/propedia_1tze_I_protein_pocket.pdb,/home/igem/unknown_software/datasets/propedia_formatted/propedia_1tze_I/propedia_1tze_I_peptide.pdb,propedia
propedia_1mt9_P,/home/igem/unknown_software/datasets/propedia_formatted/propedia_1mt9_P/propedia_1mt9_P_protein_pocket.pdb,/home/igem/unknown_software/datasets/propedia_formatted/propedia_1mt9_P/propedia_1mt9_P_peptide.pdb,propedia
propedia_4dlq_B,/home/igem/unknown_software/datasets/propedia_formatted/propedia_4dlq_B/propedia_4dlq_B_protein_pocket.pdb,/home/igem/unknown_software/datasets/propedia_formatted/propedia_4dlq_B/propedia_4dlq_B_peptide.pdb,propedia_long
propedia_2z7x_C,/home/igem/unknown_software/datasets/propedia_formatted/propedia_2z7x_C/propedia_2z7x_C_protein_pocket.pdb,/home/igem/unknown_software/datasets/propedia_formatted/propedia_2z7x_C/propedia_2z7x_C_peptide.pdb,propedia
propedia_2gch_E,/home/igem/unknown_software/datasets/propedia_formatted/propedia_2gch_E/propedia_2gch_E_protein_pocket.pdb,/home/igem/unknown_software/datasets/propedia_formatted/propedia_2gch_E/propedia_2gch_E_peptide.pdb,propedia
propedia_2z5t_P,/home/igem/unknown_software/datasets/propedia_formatted/propedia_2z5t_P/propedia_2z5t_P_protein_pocket.pdb,/home/igem/unknown_software/datasets/propedia_formatted/propedia_2z5t_P/propedia_2z5t_P_peptide.pdb,propedia
propedia_2vdr_C,/home/igem/unknown_software/datasets/propedia_formatted/propedia_2vdr_C/propedia_2vdr_C_protein_pocket.pdb,/home/igem/unknown_software/datasets/propedia_formatted/propedia_2vdr_C/propedia_2vdr_C_peptide.pdb,propedia
propedia_3odl_B,/home/igem/unknown_software/datasets/propedia_formatted/propedia_3odl_B/propedia_3odl_B_protein_pocket.pdb,/home/igem/unknown_software/datasets/propedia_formatted/propedia_3odl_B/propedia_3odl_B_peptide.pdb,propedia
propedia_6fbk_P,/home/igem/unknown_software/datasets/propedia_formatted/propedia_6fbk_P/propedia_6fbk_P_protein_pocket.pdb,/home/igem/unknown_software/datasets/propedia_formatted/propedia_6fbk_P/propedia_6fbk_P_peptide.pdb,propedia_long
propedia_4tul_I,/home/igem/unknown_software/datasets/propedia_formatted/propedia_4tul_I/propedia_4tul_I_protein_pocket.pdb,/home/igem/unknown_software/datasets/propedia_formatted/propedia_4tul_I/propedia_4tul_I_peptide.pdb,propedia
propedia_1gux_E,/home/igem/unknown_software/datasets/propedia_formatted/propedia_1gux_E/propedia_1gux_E_protein_pocket.pdb,/home/igem/unknown_software/datasets/propedia_formatted/propedia_1gux_E/propedia_1gux_E_peptide.pdb,propedia
propedia_3pkn_B,/home/igem/unknown_software/datasets/propedia_formatted/propedia_3pkn_B/propedia_3pkn_B_protein_pocket.pdb,/home/igem/unknown_software/datasets/propedia_formatted/propedia_3pkn_B/propedia_3pkn_B_peptide.pdb,propedia
propedia_2x4n_C,/home/igem/unknown_software/datasets/propedia_formatted/propedia_2x4n_C/propedia_2x4n_C_protein_pocket.pdb,/home/igem/unknown_software/datasets/propedia_formatted/propedia_2x4n_C/propedia_2x4n_C_peptide.pdb,propedia
propedia_2r0z_Q,/home/igem/unknown_software/datasets/propedia_formatted/propedia_2r0z_Q/propedia_2r0z_Q_protein_pocket.pdb,/home/igem/unknown_software/datasets/propedia_formatted/propedia_2r0z_Q/propedia_2r0z_Q_peptide.pdb,propedia
propedia_1tmu_J,/home/igem/unknown_software/datasets/propedia_formatted/propedia_1tmu_J/propedia_1tmu_J_protein_pocket.pdb,/home/igem/unknown_software/datasets/propedia_formatted/propedia_1tmu_J/propedia_1tmu_J_peptide.pdb,propedia
propedia_3jq5_B,/home/igem/unknown_software/datasets/propedia_formatted/propedia_3jq5_B/propedia_3jq5_B_protein_pocket.pdb,/home/igem/unknown_software/datasets/propedia_formatted/propedia_3jq5_B/propedia_3jq5_B_peptide.pdb,propedia
propedia_4gzf_C,/home/igem/unknown_software/datasets/propedia_formatted/propedia_4gzf_C/propedia_4gzf_C_protein_pocket.pdb,/home/igem/unknown_software/datasets/propedia_formatted/propedia_4gzf_C/propedia_4gzf_C_peptide.pdb,propedia
propedia_1bcu_I,/home/igem/unknown_software/datasets/propedia_formatted/propedia_1bcu_I/propedia_1bcu_I_protein_pocket.pdb,/home/igem/unknown_software/datasets/propedia_formatted/propedia_1bcu_I/propedia_1bcu_I_peptide.pdb,propedia
propedia_5zml_B,/home/igem/unknown_software/datasets/propedia_formatted/propedia_5zml_B/propedia_5zml_B_protein_pocket.pdb,/home/igem/unknown_software/datasets/propedia_formatted/propedia_5zml_B/propedia_5zml_B_peptide.pdb,propedia_long
propedia_5lsf_D,/home/igem/unknown_software/datasets/propedia_formatted/propedia_5lsf_D/propedia_5lsf_D_protein_pocket.pdb,/home/igem/unknown_software/datasets/propedia_formatted/propedia_5lsf_D/propedia_5lsf_D_peptide.pdb,propedia_long
propedia_1om2_B,/home/igem/unknown_software/datasets/propedia_formatted/propedia_1om2_B/propedia_1om2_B_protein_pocket.pdb,/home/igem/unknown_software/datasets/propedia_formatted/propedia_1om2_B/propedia_1om2_B_peptide.pdb,propedia
propedia_4jzn_K,/home/igem/unknown_software/datasets/propedia_formatted/propedia_4jzn_K/propedia_4jzn_K_protein_pocket.pdb,/home/igem/unknown_software/datasets/propedia_formatted/propedia_4jzn_K/propedia_4jzn_K_peptide.pdb,propedia
propedia_4o9w_B,/home/igem/unknown_software/datasets/propedia_formatted/propedia_4o9w_B/propedia_4o9w_B_protein_pocket.pdb,/home/igem/unknown_software/datasets/propedia_formatted/propedia_4o9w_B/propedia_4o9w_B_peptide.pdb,propedia
propedia_3d4b_D,/home/igem/unknown_software/datasets/propedia_formatted/propedia_3d4b_D/propedia_3d4b_D_protein_pocket.pdb,/home/igem/unknown_software/datasets/propedia_formatted/propedia_3d4b_D/propedia_3d4b_D_peptide.pdb,propedia
propedia_4jff_C,/home/igem/unknown_software/datasets/propedia_formatted/propedia_4jff_C/propedia_4jff_C_protein_pocket.pdb,/home/igem/unknown_software/datasets/propedia_formatted/propedia_4jff_C/propedia_4jff_C_peptide.pdb,propedia
propedia_1mvf_D,/home/igem/unknown_software/datasets/propedia_formatted/propedia_1mvf_D/propedia_1mvf_D_protein_pocket.pdb,/home/igem/unknown_software/datasets/propedia_formatted/propedia_1mvf_D/propedia_1mvf_D_peptide.pdb,propedia_long
propedia_4h4f_Q,/home/igem/unknown_software/datasets/propedia_formatted/propedia_4h4f_Q/propedia_4h4f_Q_protein_pocket.pdb,/home/igem/unknown_software/datasets/propedia_formatted/propedia_4h4f_Q/propedia_4h4f_Q_peptide.pdb,propedia
propedia_2lpb_B,/home/igem/unknown_software/datasets/propedia_formatted/propedia_2lpb_B/propedia_2lpb_B_protein_pocket.pdb,/home/igem/unknown_software/datasets/propedia_formatted/propedia_2lpb_B/propedia_2lpb_B_peptide.pdb,propedia_long
propedia_2vgp_C,/home/igem/unknown_software/datasets/propedia_formatted/propedia_2vgp_C/propedia_2vgp_C_protein_pocket.pdb,/home/igem/unknown_software/datasets/propedia_formatted/propedia_2vgp_C/propedia_2vgp_C_peptide.pdb,propedia_long
propedia_4i1p_B,/home/igem/unknown_software/datasets/propedia_formatted/propedia_4i1p_B/propedia_4i1p_B_protein_pocket.pdb,/home/igem/unknown_software/datasets/propedia_formatted/propedia_4i1p_B/propedia_4i1p_B_peptide.pdb,propedia
propedia_3tie_C,/home/igem/unknown_software/datasets/propedia_formatted/propedia_3tie_C/propedia_3tie_C_protein_pocket.pdb,/home/igem/unknown_software/datasets/propedia_formatted/propedia_3tie_C/propedia_3tie_C_peptide.pdb,propedia
propedia_1mox_C,/home/igem/unknown_software/datasets/propedia_formatted/propedia_1mox_C/propedia_1mox_C_protein_pocket.pdb,/home/igem/unknown_software/datasets/propedia_formatted/propedia_1mox_C/propedia_1mox_C_peptide.pdb,propedia_long
propedia_1vwk_M,/home/igem/unknown_software/datasets/propedia_formatted/propedia_1vwk_M/propedia_1vwk_M_protein_pocket.pdb,/home/igem/unknown_software/datasets/propedia_formatted/propedia_1vwk_M/propedia_1vwk_M_peptide.pdb,propedia
propedia_1vai_C,/home/igem/unknown_software/datasets/propedia_formatted/propedia_1vai_C/propedia_1vai_C_protein_pocket.pdb,/home/igem/unknown_software/datasets/propedia_formatted/propedia_1vai_C/propedia_1vai_C_peptide.pdb,propedia
propedia_4dc2_Z,/home/igem/unknown_software/datasets/propedia_formatted/propedia_4dc2_Z/propedia_4dc2_Z_protein_pocket.pdb,/home/igem/unknown_software/datasets/propedia_formatted/propedia_4dc2_Z/propedia_4dc2_Z_peptide.pdb,propedia_long
propedia_5c13_D,/home/igem/unknown_software/datasets/propedia_formatted/propedia_5c13_D/propedia_5c13_D_protein_pocket.pdb,/home/igem/unknown_software/datasets/propedia_formatted/propedia_5c13_D/propedia_5c13_D_peptide.pdb,propedia
propedia_4e0r_C,/home/igem/unknown_software/datasets/propedia_formatted/propedia_4e0r_C/propedia_4e0r_C_protein_pocket.pdb,/home/igem/unknown_software/datasets/propedia_formatted/propedia_4e0r_C/propedia_4e0r_C_peptide.pdb,propedia
propedia_1id5_L,/home/igem/unknown_software/datasets/propedia_formatted/propedia_1id5_L/propedia_1id5_L_protein_pocket.pdb,/home/igem/unknown_software/datasets/propedia_formatted/propedia_1id5_L/propedia_1id5_L_peptide.pdb,propedia_long
propedia_3bzv_A,/home/igem/unknown_software/datasets/propedia_formatted/propedia_3bzv_A/propedia_3bzv_A_protein_pocket.pdb,/home/igem/unknown_software/datasets/propedia_formatted/propedia_3bzv_A/propedia_3bzv_A_peptide.pdb,propedia_long
propedia_5zoo_A,/home/igem/unknown_software/datasets/propedia_formatted/propedia_5zoo_A/propedia_5zoo_A_protein_pocket.pdb,/home/igem/unknown_software/datasets/propedia_formatted/propedia_5zoo_A/propedia_5zoo_A_peptide.pdb,propedia_long
propedia_2pye_C,/home/igem/unknown_software/datasets/propedia_formatted/propedia_2pye_C/propedia_2pye_C_protein_pocket.pdb,/home/igem/unknown_software/datasets/propedia_formatted/propedia_2pye_C/propedia_2pye_C_peptide.pdb,propedia
propedia_4est_I,/home/igem/unknown_software/datasets/propedia_formatted/propedia_4est_I/propedia_4est_I_protein_pocket.pdb,/home/igem/unknown_software/datasets/propedia_formatted/propedia_4est_I/propedia_4est_I_peptide.pdb,propedia
propedia_2k03_B,/home/igem/unknown_software/datasets/propedia_formatted/propedia_2k03_B/propedia_2k03_B_protein_pocket.pdb,/home/igem/unknown_software/datasets/propedia_formatted/propedia_2k03_B/propedia_2k03_B_peptide.pdb,propedia_long
propedia_4hyb_C,/home/igem/unknown_software/datasets/propedia_formatted/propedia_4hyb_C/propedia_4hyb_C_protein_pocket.pdb,/home/igem/unknown_software/datasets/propedia_formatted/propedia_4hyb_C/propedia_4hyb_C_peptide.pdb,propedia
propedia_1qs8_C,/home/igem/unknown_software/datasets/propedia_formatted/propedia_1qs8_C/propedia_1qs8_C_protein_pocket.pdb,/home/igem/unknown_software/datasets/propedia_formatted/propedia_1qs8_C/propedia_1qs8_C_peptide.pdb,propedia
propedia_4g6a_A,/home/igem/unknown_software/datasets/propedia_formatted/propedia_4g6a_A/propedia_4g6a_A_protein_pocket.pdb,/home/igem/unknown_software/datasets/propedia_formatted/propedia_4g6a_A/propedia_4g6a_A_peptide.pdb,propedia
propedia_6bae_D,/home/igem/unknown_software/datasets/propedia_formatted/propedia_6bae_D/propedia_6bae_D_protein_pocket.pdb,/home/igem/unknown_software/datasets/propedia_formatted/propedia_6bae_D/propedia_6bae_D_peptide.pdb,propedia_long
propedia_3brl_C,/home/igem/unknown_software/datasets/propedia_formatted/propedia_3brl_C/propedia_3brl_C_protein_pocket.pdb,/home/igem/unknown_software/datasets/propedia_formatted/propedia_3brl_C/propedia_3brl_C_peptide.pdb,propedia
propedia_2r0z_Q,/home/igem/unknown_software/datasets/propedia_formatted/propedia_2r0z_Q/propedia_2r0z_Q_protein_pocket.pdb,/home/igem/unknown_software/datasets/propedia_formatted/propedia_2r0z_Q/propedia_2r0z_Q_peptide.pdb,propedia
propedia_1xm1_H,/home/igem/unknown_software/datasets/propedia_formatted/propedia_1xm1_H/propedia_1xm1_H_protein_pocket.pdb,/home/igem/unknown_software/datasets/propedia_formatted/propedia_1xm1_H/propedia_1xm1_H_peptide.pdb,propedia
propedia_3qnj_C,/home/igem/unknown_software/datasets/propedia_formatted/propedia_3qnj_C/propedia_3qnj_C_protein_pocket.pdb,/home/igem/unknown_software/datasets/propedia_formatted/propedia_3qnj_C/propedia_3qnj_C_peptide.pdb,propedia
propedia_1r1p_E,/home/igem/unknown_software/datasets/propedia_formatted/propedia_1r1p_E/propedia_1r1p_E_protein_pocket.pdb,/home/igem/unknown_software/datasets/propedia_formatted/propedia_1r1p_E/propedia_1r1p_E_peptide.pdb,propedia
propedia_2b9i_C,/home/igem/unknown_software/datasets/propedia_formatted/propedia_2b9i_C/propedia_2b9i_C_protein_pocket.pdb,/home/igem/unknown_software/datasets/propedia_formatted/propedia_2b9i_C/propedia_2b9i_C_peptide.pdb,propedia_long
propedia_2iuh_B,/home/igem/unknown_software/datasets/propedia_formatted/propedia_2iuh_B/propedia_2iuh_B_protein_pocket.pdb,/home/igem/unknown_software/datasets/propedia_formatted/propedia_2iuh_B/propedia_2iuh_B_peptide.pdb,propedia
propedia_2zff_I,/home/igem/unknown_software/datasets/propedia_formatted/propedia_2zff_I/propedia_2zff_I_protein_pocket.pdb,/home/igem/unknown_software/datasets/propedia_formatted/propedia_2zff_I/propedia_2zff_I_peptide.pdb,propedia
propedia_1ka6_B,/home/igem/unknown_software/datasets/propedia_formatted/propedia_1ka6_B/propedia_1ka6_B_protein_pocket.pdb,/home/igem/unknown_software/datasets/propedia_formatted/propedia_1ka6_B/propedia_1ka6_B_peptide.pdb,propedia
propedia_4obh_E,/home/igem/unknown_software/datasets/propedia_formatted/propedia_4obh_E/propedia_4obh_E_protein_pocket.pdb,/home/igem/unknown_software/datasets/propedia_formatted/propedia_4obh_E/propedia_4obh_E_peptide.pdb,propedia
propedia_3iqv_P,/home/igem/unknown_software/datasets/propedia_formatted/propedia_3iqv_P/propedia_3iqv_P_protein_pocket.pdb,/home/igem/unknown_software/datasets/propedia_formatted/propedia_3iqv_P/propedia_3iqv_P_peptide.pdb,propedia
propedia_1lm8_H,/home/igem/unknown_software/datasets/propedia_formatted/propedia_1lm8_H/propedia_1lm8_H_protein_pocket.pdb,/home/igem/unknown_software/datasets/propedia_formatted/propedia_1lm8_H/propedia_1lm8_H_peptide.pdb,propedia_long
propedia_2os6_B,/home/igem/unknown_software/datasets/propedia_formatted/propedia_2os6_B/propedia_2os6_B_protein_pocket.pdb,/home/igem/unknown_software/datasets/propedia_formatted/propedia_2os6_B/propedia_2os6_B_peptide.pdb,propedia
propedia_2kdu_B,/home/igem/unknown_software/datasets/propedia_formatted/propedia_2kdu_B/propedia_2kdu_B_protein_pocket.pdb,/home/igem/unknown_software/datasets/propedia_formatted/propedia_2kdu_B/propedia_2kdu_B_peptide.pdb,propedia_long
propedia_2rky_B,/home/igem/unknown_software/datasets/propedia_formatted/propedia_2rky_B/propedia_2rky_B_protein_pocket.pdb,/home/igem/unknown_software/datasets/propedia_formatted/propedia_2rky_B/propedia_2rky_B_peptide.pdb,propedia_long
propedia_4afj_X,/home/igem/unknown_software/datasets/propedia_formatted/propedia_4afj_X/propedia_4afj_X_protein_pocket.pdb,/home/igem/unknown_software/datasets/propedia_formatted/propedia_4afj_X/propedia_4afj_X_peptide.pdb,propedia_long
propedia_6gos_A,/home/igem/unknown_software/datasets/propedia_formatted/propedia_6gos_A/propedia_6gos_A_protein_pocket.pdb,/home/igem/unknown_software/datasets/propedia_formatted/propedia_6gos_A/propedia_6gos_A_peptide.pdb,propedia_long
propedia_2xs8_B,/home/igem/unknown_software/datasets/propedia_formatted/propedia_2xs8_B/propedia_2xs8_B_protein_pocket.pdb,/home/igem/unknown_software/datasets/propedia_formatted/propedia_2xs8_B/propedia_2xs8_B_peptide.pdb,propedia
propedia_1vwp_P,/home/igem/unknown_software/datasets/propedia_formatted/propedia_1vwp_P/propedia_1vwp_P_protein_pocket.pdb,/home/igem/unknown_software/datasets/propedia_formatted/propedia_1vwp_P/propedia_1vwp_P_peptide.pdb,propedia
propedia_3i6g_C,/home/igem/unknown_software/datasets/propedia_formatted/propedia_3i6g_C/propedia_3i6g_C_protein_pocket.pdb,/home/igem/unknown_software/datasets/propedia_formatted/propedia_3i6g_C/propedia_3i6g_C_peptide.pdb,propedia
propedia_3ap2_S,/home/igem/unknown_software/datasets/propedia_formatted/propedia_3ap2_S/propedia_3ap2_S_protein_pocket.pdb,/home/igem/unknown_software/datasets/propedia_formatted/propedia_3ap2_S/propedia_3ap2_S_peptide.pdb,propedia
propedia_4tt2_P,/home/igem/unknown_software/datasets/propedia_formatted/propedia_4tt2_P/propedia_4tt2_P_protein_pocket.pdb,/home/igem/unknown_software/datasets/propedia_formatted/propedia_4tt2_P/propedia_4tt2_P_peptide.pdb,propedia
propedia_3na0_C,/home/igem/unknown_software/datasets/propedia_formatted/propedia_3na0_C/propedia_3na0_C_protein_pocket.pdb,/home/igem/unknown_software/datasets/propedia_formatted/propedia_3na0_C/propedia_3na0_C_peptide.pdb,propedia_long
propedia_2pv2_E,/home/igem/unknown_software/datasets/propedia_formatted/propedia_2pv2_E/propedia_2pv2_E_protein_pocket.pdb,/home/igem/unknown_software/datasets/propedia_formatted/propedia_2pv2_E/propedia_2pv2_E_peptide.pdb,propedia
propedia_3d6f_C,/home/igem/unknown_software/datasets/propedia_formatted/propedia_3d6f_C/propedia_3d6f_C_protein_pocket.pdb,/home/igem/unknown_software/datasets/propedia_formatted/propedia_3d6f_C/propedia_3d6f_C_peptide.pdb,propedia
propedia_5ou8_C,/home/igem/unknown_software/datasets/propedia_formatted/propedia_5ou8_C/propedia_5ou8_C_protein_pocket.pdb,/home/igem/unknown_software/datasets/propedia_formatted/propedia_5ou8_C/propedia_5ou8_C_peptide.pdb,propedia_long
propedia_1ov3_C,/home/igem/unknown_software/datasets/propedia_formatted/propedia_1ov3_C/propedia_1ov3_C_protein_pocket.pdb,/home/igem/unknown_software/datasets/propedia_formatted/propedia_1ov3_C/propedia_1ov3_C_peptide.pdb,propedia
propedia_3p72_B,/home/igem/unknown_software/datasets/propedia_formatted/propedia_3p72_B/propedia_3p72_B_protein_pocket.pdb,/home/igem/unknown_software/datasets/propedia_formatted/propedia_3p72_B/propedia_3p72_B_peptide.pdb,propedia
propedia_3h9g_E,/home/igem/unknown_software/datasets/propedia_formatted/propedia_3h9g_E/propedia_3h9g_E_protein_pocket.pdb,/home/igem/unknown_software/datasets/propedia_formatted/propedia_3h9g_E/propedia_3h9g_E_peptide.pdb,propedia
propedia_6tyv_B,/home/igem/unknown_software/datasets/propedia_formatted/propedia_6tyv_B/propedia_6tyv_B_protein_pocket.pdb,/home/igem/unknown_software/datasets/propedia_formatted/propedia_6tyv_B/propedia_6tyv_B_peptide.pdb,propedia_long
propedia_1t08_B,/home/igem/unknown_software/datasets/propedia_formatted/propedia_1t08_B/propedia_1t08_B_protein_pocket.pdb,/home/igem/unknown_software/datasets/propedia_formatted/propedia_1t08_B/propedia_1t08_B_peptide.pdb,propedia_long
propedia_4qh7_C,/home/igem/unknown_software/datasets/propedia_formatted/propedia_4qh7_C/propedia_4qh7_C_protein_pocket.pdb,/home/igem/unknown_software/datasets/propedia_formatted/propedia_4qh7_C/propedia_4qh7_C_peptide.pdb,propedia
propedia_1x2r_B,/home/igem/unknown_software/datasets/propedia_formatted/propedia_1x2r_B/propedia_1x2r_B_protein_pocket.pdb,/home/igem/unknown_software/datasets/propedia_formatted/propedia_1x2r_B/propedia_1x2r_B_peptide.pdb,propedia
propedia_2h4w_C,/home/igem/unknown_software/datasets/propedia_formatted/propedia_2h4w_C/propedia_2h4w_C_protein_pocket.pdb,/home/igem/unknown_software/datasets/propedia_formatted/propedia_2h4w_C/propedia_2h4w_C_peptide.pdb,propedia
propedia_3p8n_C,/home/igem/unknown_software/datasets/propedia_formatted/propedia_3p8n_C/propedia_3p8n_C_protein_pocket.pdb,/home/igem/unknown_software/datasets/propedia_formatted/propedia_3p8n_C/propedia_3p8n_C_peptide.pdb,propedia_long
propedia_1nzv_C,/home/igem/unknown_software/datasets/propedia_formatted/propedia_1nzv_C/propedia_1nzv_C_protein_pocket.pdb,/home/igem/unknown_software/datasets/propedia_formatted/propedia_1nzv_C/propedia_1nzv_C_peptide.pdb,propedia
propedia_1fpc_I,/home/igem/unknown_software/datasets/propedia_formatted/propedia_1fpc_I/propedia_1fpc_I_protein_pocket.pdb,/home/igem/unknown_software/datasets/propedia_formatted/propedia_1fpc_I/propedia_1fpc_I_peptide.pdb,propedia
propedia_1mey_G,/home/igem/unknown_software/datasets/propedia_formatted/propedia_1mey_G/propedia_1mey_G_protein_pocket.pdb,/home/igem/unknown_software/datasets/propedia_formatted/propedia_1mey_G/propedia_1mey_G_peptide.pdb,propedia_long
propedia_1n64_P,/home/igem/unknown_software/datasets/propedia_formatted/propedia_1n64_P/propedia_1n64_P_protein_pocket.pdb,/home/igem/unknown_software/datasets/propedia_formatted/propedia_1n64_P/propedia_1n64_P_peptide.pdb,propedia_long
propedia_1u91_C,/home/igem/unknown_software/datasets/propedia_formatted/propedia_1u91_C/propedia_1u91_C_protein_pocket.pdb,/home/igem/unknown_software/datasets/propedia_formatted/propedia_1u91_C/propedia_1u91_C_peptide.pdb,propedia
propedia_4bjt_D,/home/igem/unknown_software/datasets/propedia_formatted/propedia_4bjt_D/propedia_4bjt_D_protein_pocket.pdb,/home/igem/unknown_software/datasets/propedia_formatted/propedia_4bjt_D/propedia_4bjt_D_peptide.pdb,propedia
propedia_3hcv_C,/home/igem/unknown_software/datasets/propedia_formatted/propedia_3hcv_C/propedia_3hcv_C_protein_pocket.pdb,/home/igem/unknown_software/datasets/propedia_formatted/propedia_3hcv_C/propedia_3hcv_C_peptide.pdb,propedia
propedia_5bnw_D,/home/igem/unknown_software/datasets/propedia_formatted/propedia_5bnw_D/propedia_5bnw_D_protein_pocket.pdb,/home/igem/unknown_software/datasets/propedia_formatted/propedia_5bnw_D/propedia_5bnw_D_peptide.pdb,propedia
propedia_2amq_C,/home/igem/unknown_software/datasets/propedia_formatted/propedia_2amq_C/propedia_2amq_C_protein_pocket.pdb,/home/igem/unknown_software/datasets/propedia_formatted/propedia_2amq_C/propedia_2amq_C_peptide.pdb,propedia
propedia_3d9k_Y,/home/igem/unknown_software/datasets/propedia_formatted/propedia_3d9k_Y/propedia_3d9k_Y_protein_pocket.pdb,/home/igem/unknown_software/datasets/propedia_formatted/propedia_3d9k_Y/propedia_3d9k_Y_peptide.pdb,propedia
propedia_5n4c_E,/home/igem/unknown_software/datasets/propedia_formatted/propedia_5n4c_E/propedia_5n4c_E_protein_pocket.pdb,/home/igem/unknown_software/datasets/propedia_formatted/propedia_5n4c_E/propedia_5n4c_E_peptide.pdb,propedia_long
propedia_4xoj_B,/home/igem/unknown_software/datasets/propedia_formatted/propedia_4xoj_B/propedia_4xoj_B_protein_pocket.pdb,/home/igem/unknown_software/datasets/propedia_formatted/propedia_4xoj_B/propedia_4xoj_B_peptide.pdb,propedia_long
propedia_1kl5_E,/home/igem/unknown_software/datasets/propedia_formatted/propedia_1kl5_E/propedia_1kl5_E_protein_pocket.pdb,/home/igem/unknown_software/datasets/propedia_formatted/propedia_1kl5_E/propedia_1kl5_E_peptide.pdb,propedia
propedia_3u0t_E,/home/igem/unknown_software/datasets/propedia_formatted/propedia_3u0t_E/propedia_3u0t_E_protein_pocket.pdb,/home/igem/unknown_software/datasets/propedia_formatted/propedia_3u0t_E/propedia_3u0t_E_peptide.pdb,propedia
propedia_1vbt_C,/home/igem/unknown_software/datasets/propedia_formatted/propedia_1vbt_C/propedia_1vbt_C_protein_pocket.pdb,/home/igem/unknown_software/datasets/propedia_formatted/propedia_1vbt_C/propedia_1vbt_C_peptide.pdb,propedia
propedia_2hbr_C,/home/igem/unknown_software/datasets/propedia_formatted/propedia_2hbr_C/propedia_2hbr_C_protein_pocket.pdb,/home/igem/unknown_software/datasets/propedia_formatted/propedia_2hbr_C/propedia_2hbr_C_peptide.pdb,propedia
propedia_2x70_C,/home/igem/unknown_software/datasets/propedia_formatted/propedia_2x70_C/propedia_2x70_C_protein_pocket.pdb,/home/igem/unknown_software/datasets/propedia_formatted/propedia_2x70_C/propedia_2x70_C_peptide.pdb,propedia
propedia_5c08_C,/home/igem/unknown_software/datasets/propedia_formatted/propedia_5c08_C/propedia_5c08_C_protein_pocket.pdb,/home/igem/unknown_software/datasets/propedia_formatted/propedia_5c08_C/propedia_5c08_C_peptide.pdb,propedia
propedia_3m56_B,/home/igem/unknown_software/datasets/propedia_formatted/propedia_3m56_B/propedia_3m56_B_protein_pocket.pdb,/home/igem/unknown_software/datasets/propedia_formatted/propedia_3m56_B/propedia_3m56_B_peptide.pdb,propedia
propedia_1hct_A,/home/igem/unknown_software/datasets/propedia_formatted/propedia_1hct_A/propedia_1hct_A_protein_pocket.pdb,/home/igem/unknown_software/datasets/propedia_formatted/propedia_1hct_A/propedia_1hct_A_peptide.pdb,propedia
propedia_2c1e_C,/home/igem/unknown_software/datasets/propedia_formatted/propedia_2c1e_C/propedia_2c1e_C_protein_pocket.pdb,/home/igem/unknown_software/datasets/propedia_formatted/propedia_2c1e_C/propedia_2c1e_C_peptide.pdb,propedia
propedia_5c08_C,/home/igem/unknown_software/datasets/propedia_formatted/propedia_5c08_C/propedia_5c08_C_protein_pocket.pdb,/home/igem/unknown_software/datasets/propedia_formatted/propedia_5c08_C/propedia_5c08_C_peptide.pdb,propedia
propedia_2c2m_C,/home/igem/unknown_software/datasets/propedia_formatted/propedia_2c2m_C/propedia_2c2m_C_protein_pocket.pdb,/home/igem/unknown_software/datasets/propedia_formatted/propedia_2c2m_C/propedia_2c2m_C_peptide.pdb,propedia
propedia_2ybf_B,/home/igem/unknown_software/datasets/propedia_formatted/propedia_2ybf_B/propedia_2ybf_B_protein_pocket.pdb,/home/igem/unknown_software/datasets/propedia_formatted/propedia_2ybf_B/propedia_2ybf_B_peptide.pdb,propedia_long
propedia_2cia_L,/home/igem/unknown_software/datasets/propedia_formatted/propedia_2cia_L/propedia_2cia_L_protein_pocket.pdb,/home/igem/unknown_software/datasets/propedia_formatted/propedia_2cia_L/propedia_2cia_L_peptide.pdb,propedia
propedia_3ewf_I,/home/igem/unknown_software/datasets/propedia_formatted/propedia_3ewf_I/propedia_3ewf_I_protein_pocket.pdb,/home/igem/unknown_software/datasets/propedia_formatted/propedia_3ewf_I/propedia_3ewf_I_peptide.pdb,propedia
propedia_4hha_P,/home/igem/unknown_software/datasets/propedia_formatted/propedia_4hha_P/propedia_4hha_P_protein_pocket.pdb,/home/igem/unknown_software/datasets/propedia_formatted/propedia_4hha_P/propedia_4hha_P_peptide.pdb,propedia
propedia_2jq7_C,/home/igem/unknown_software/datasets/propedia_formatted/propedia_2jq7_C/propedia_2jq7_C_protein_pocket.pdb,/home/igem/unknown_software/datasets/propedia_formatted/propedia_2jq7_C/propedia_2jq7_C_peptide.pdb,propedia_long
propedia_6ocf_B,/home/igem/unknown_software/datasets/propedia_formatted/propedia_6ocf_B/propedia_6ocf_B_protein_pocket.pdb,/home/igem/unknown_software/datasets/propedia_formatted/propedia_6ocf_B/propedia_6ocf_B_peptide.pdb,propedia_long
propedia_1ggd_A,/home/igem/unknown_software/datasets/propedia_formatted/propedia_1ggd_A/propedia_1ggd_A_protein_pocket.pdb,/home/igem/unknown_software/datasets/propedia_formatted/propedia_1ggd_A/propedia_1ggd_A_peptide.pdb,propedia
propedia_4hha_P,/home/igem/unknown_software/datasets/propedia_formatted/propedia_4hha_P/propedia_4hha_P_protein_pocket.pdb,/home/igem/unknown_software/datasets/propedia_formatted/propedia_4hha_P/propedia_4hha_P_peptide.pdb,propedia
propedia_5vwx_B,/home/igem/unknown_software/datasets/propedia_formatted/propedia_5vwx_B/propedia_5vwx_B_protein_pocket.pdb,/home/igem/unknown_software/datasets/propedia_formatted/propedia_5vwx_B/propedia_5vwx_B_peptide.pdb,propedia_long
propedia_2fnt_P,/home/igem/unknown_software/datasets/propedia_formatted/propedia_2fnt_P/propedia_2fnt_P_protein_pocket.pdb,/home/igem/unknown_software/datasets/propedia_formatted/propedia_2fnt_P/propedia_2fnt_P_peptide.pdb,propedia
propedia_1kjv_P,/home/igem/unknown_software/datasets/propedia_formatted/propedia_1kjv_P/propedia_1kjv_P_protein_pocket.pdb,/home/igem/unknown_software/datasets/propedia_formatted/propedia_1kjv_P/propedia_1kjv_P_peptide.pdb,propedia
propedia_2mbz_B,/home/igem/unknown_software/datasets/propedia_formatted/propedia_2mbz_B/propedia_2mbz_B_protein_pocket.pdb,/home/igem/unknown_software/datasets/propedia_formatted/propedia_2mbz_B/propedia_2mbz_B_peptide.pdb,propedia
propedia_1u92_C,/home/igem/unknown_software/datasets/propedia_formatted/propedia_1u92_C/propedia_1u92_C_protein_pocket.pdb,/home/igem/unknown_software/datasets/propedia_formatted/propedia_1u92_C/propedia_1u92_C_peptide.pdb,propedia
propedia_3c3q_B,/home/igem/unknown_software/datasets/propedia_formatted/propedia_3c3q_B/propedia_3c3q_B_protein_pocket.pdb,/home/igem/unknown_software/datasets/propedia_formatted/propedia_3c3q_B/propedia_3c3q_B_peptide.pdb,propedia_long
propedia_1srn_B,/home/igem/unknown_software/datasets/propedia_formatted/propedia_1srn_B/propedia_1srn_B_protein_pocket.pdb,/home/igem/unknown_software/datasets/propedia_formatted/propedia_1srn_B/propedia_1srn_B_peptide.pdb,propedia
propedia_3sjh_B,/home/igem/unknown_software/datasets/propedia_formatted/propedia_3sjh_B/propedia_3sjh_B_protein_pocket.pdb,/home/igem/unknown_software/datasets/propedia_formatted/propedia_3sjh_B/propedia_3sjh_B_peptide.pdb,propedia_long
propedia_4gm9_E,/home/igem/unknown_software/datasets/propedia_formatted/propedia_4gm9_E/propedia_4gm9_E_protein_pocket.pdb,/home/igem/unknown_software/datasets/propedia_formatted/propedia_4gm9_E/propedia_4gm9_E_peptide.pdb,propedia
propedia_5n1k_B,/home/igem/unknown_software/datasets/propedia_formatted/propedia_5n1k_B/propedia_5n1k_B_protein_pocket.pdb,/home/igem/unknown_software/datasets/propedia_formatted/propedia_5n1k_B/propedia_5n1k_B_peptide.pdb,propedia_long
propedia_4hgc_I,/home/igem/unknown_software/datasets/propedia_formatted/propedia_4hgc_I/propedia_4hgc_I_protein_pocket.pdb,/home/igem/unknown_software/datasets/propedia_formatted/propedia_4hgc_I/propedia_4hgc_I_peptide.pdb,propedia
propedia_3idg_C,/home/igem/unknown_software/datasets/propedia_formatted/propedia_3idg_C/propedia_3idg_C_protein_pocket.pdb,/home/igem/unknown_software/datasets/propedia_formatted/propedia_3idg_C/propedia_3idg_C_peptide.pdb,propedia
propedia_1rbi_S,/home/igem/unknown_software/datasets/propedia_formatted/propedia_1rbi_S/propedia_1rbi_S_protein_pocket.pdb,/home/igem/unknown_software/datasets/propedia_formatted/propedia_1rbi_S/propedia_1rbi_S_peptide.pdb,propedia_long
propedia_1apv_I,/home/igem/unknown_software/datasets/propedia_formatted/propedia_1apv_I/propedia_1apv_I_protein_pocket.pdb,/home/igem/unknown_software/datasets/propedia_formatted/propedia_1apv_I/propedia_1apv_I_peptide.pdb,propedia
propedia_2hbq_C,/home/igem/unknown_software/datasets/propedia_formatted/propedia_2hbq_C/propedia_2hbq_C_protein_pocket.pdb,/home/igem/unknown_software/datasets/propedia_formatted/propedia_2hbq_C/propedia_2hbq_C_peptide.pdb,propedia
propedia_5ah4_C,/home/igem/unknown_software/datasets/propedia_formatted/propedia_5ah4_C/propedia_5ah4_C_protein_pocket.pdb,/home/igem/unknown_software/datasets/propedia_formatted/propedia_5ah4_C/propedia_5ah4_C_peptide.pdb,propedia
propedia_5bpu_H,/home/igem/unknown_software/datasets/propedia_formatted/propedia_5bpu_H/propedia_5bpu_H_protein_pocket.pdb,/home/igem/unknown_software/datasets/propedia_formatted/propedia_5bpu_H/propedia_5bpu_H_peptide.pdb,propedia
propedia_2z34_C,/home/igem/unknown_software/datasets/propedia_formatted/propedia_2z34_C/propedia_2z34_C_protein_pocket.pdb,/home/igem/unknown_software/datasets/propedia_formatted/propedia_2z34_C/propedia_2z34_C_peptide.pdb,propedia_long
propedia_4lkl_B,/home/igem/unknown_software/datasets/propedia_formatted/propedia_4lkl_B/propedia_4lkl_B_protein_pocket.pdb,/home/igem/unknown_software/datasets/propedia_formatted/propedia_4lkl_B/propedia_4lkl_B_peptide.pdb,propedia
propedia_2xl2_C,/home/igem/unknown_software/datasets/propedia_formatted/propedia_2xl2_C/propedia_2xl2_C_protein_pocket.pdb,/home/igem/unknown_software/datasets/propedia_formatted/propedia_2xl2_C/propedia_2xl2_C_peptide.pdb,propedia
propedia_1y3a_E,/home/igem/unknown_software/datasets/propedia_formatted/propedia_1y3a_E/propedia_1y3a_E_protein_pocket.pdb,/home/igem/unknown_software/datasets/propedia_formatted/propedia_1y3a_E/propedia_1y3a_E_peptide.pdb,propedia
propedia_5wxr_P,/home/igem/unknown_software/datasets/propedia_formatted/propedia_5wxr_P/propedia_5wxr_P_protein_pocket.pdb,/home/igem/unknown_software/datasets/propedia_formatted/propedia_5wxr_P/propedia_5wxr_P_peptide.pdb,propedia_long
propedia_3fe7_L,/home/igem/unknown_software/datasets/propedia_formatted/propedia_3fe7_L/propedia_3fe7_L_protein_pocket.pdb,/home/igem/unknown_software/datasets/propedia_formatted/propedia_3fe7_L/propedia_3fe7_L_peptide.pdb,propedia
propedia_2bbu_B,/home/igem/unknown_software/datasets/propedia_formatted/propedia_2bbu_B/propedia_2bbu_B_protein_pocket.pdb,/home/igem/unknown_software/datasets/propedia_formatted/propedia_2bbu_B/propedia_2bbu_B_peptide.pdb,propedia_long
propedia_2ce9_X,/home/igem/unknown_software/datasets/propedia_formatted/propedia_2ce9_X/propedia_2ce9_X_protein_pocket.pdb,/home/igem/unknown_software/datasets/propedia_formatted/propedia_2ce9_X/propedia_2ce9_X_peptide.pdb,propedia
propedia_4i5b_C,/home/igem/unknown_software/datasets/propedia_formatted/propedia_4i5b_C/propedia_4i5b_C_protein_pocket.pdb,/home/igem/unknown_software/datasets/propedia_formatted/propedia_4i5b_C/propedia_4i5b_C_peptide.pdb,propedia
propedia_1tjg_P,/home/igem/unknown_software/datasets/propedia_formatted/propedia_1tjg_P/propedia_1tjg_P_protein_pocket.pdb,/home/igem/unknown_software/datasets/propedia_formatted/propedia_1tjg_P/propedia_1tjg_P_peptide.pdb,propedia
propedia_3p4k_P,/home/igem/unknown_software/datasets/propedia_formatted/propedia_3p4k_P/propedia_3p4k_P_protein_pocket.pdb,/home/igem/unknown_software/datasets/propedia_formatted/propedia_3p4k_P/propedia_3p4k_P_peptide.pdb,propedia
propedia_4um9_E,/home/igem/unknown_software/datasets/propedia_formatted/propedia_4um9_E/propedia_4um9_E_protein_pocket.pdb,/home/igem/unknown_software/datasets/propedia_formatted/propedia_4um9_E/propedia_4um9_E_peptide.pdb,propedia
propedia_3avn_G,/home/igem/unknown_software/datasets/propedia_formatted/propedia_3avn_G/propedia_3avn_G_protein_pocket.pdb,/home/igem/unknown_software/datasets/propedia_formatted/propedia_3avn_G/propedia_3avn_G_peptide.pdb,propedia
propedia_5anr_C,/home/igem/unknown_software/datasets/propedia_formatted/propedia_5anr_C/propedia_5anr_C_protein_pocket.pdb,/home/igem/unknown_software/datasets/propedia_formatted/propedia_5anr_C/propedia_5anr_C_peptide.pdb,propedia_long
propedia_3fdm_D,/home/igem/unknown_software/datasets/propedia_formatted/propedia_3fdm_D/propedia_3fdm_D_protein_pocket.pdb,/home/igem/unknown_software/datasets/propedia_formatted/propedia_3fdm_D/propedia_3fdm_D_peptide.pdb,propedia_long
propedia_1abt_B,/home/igem/unknown_software/datasets/propedia_formatted/propedia_1abt_B/propedia_1abt_B_protein_pocket.pdb,/home/igem/unknown_software/datasets/propedia_formatted/propedia_1abt_B/propedia_1abt_B_peptide.pdb,propedia
propedia_5ky3_B,/home/igem/unknown_software/datasets/propedia_formatted/propedia_5ky3_B/propedia_5ky3_B_protein_pocket.pdb,/home/igem/unknown_software/datasets/propedia_formatted/propedia_5ky3_B/propedia_5ky3_B_peptide.pdb,propedia_long
propedia_2xbx_L,/home/igem/unknown_software/datasets/propedia_formatted/propedia_2xbx_L/propedia_2xbx_L_protein_pocket.pdb,/home/igem/unknown_software/datasets/propedia_formatted/propedia_2xbx_L/propedia_2xbx_L_peptide.pdb,propedia_long
propedia_2bfy_C,/home/igem/unknown_software/datasets/propedia_formatted/propedia_2bfy_C/propedia_2bfy_C_protein_pocket.pdb,/home/igem/unknown_software/datasets/propedia_formatted/propedia_2bfy_C/propedia_2bfy_C_peptide.pdb,propedia_long
propedia_4tot_E,/home/igem/unknown_software/datasets/propedia_formatted/propedia_4tot_E/propedia_4tot_E_protein_pocket.pdb,/home/igem/unknown_software/datasets/propedia_formatted/propedia_4tot_E/propedia_4tot_E_peptide.pdb,propedia
propedia_2jf1_T,/home/igem/unknown_software/datasets/propedia_formatted/propedia_2jf1_T/propedia_2jf1_T_protein_pocket.pdb,/home/igem/unknown_software/datasets/propedia_formatted/propedia_2jf1_T/propedia_2jf1_T_peptide.pdb,propedia
propedia_2d3g_P,/home/igem/unknown_software/datasets/propedia_formatted/propedia_2d3g_P/propedia_2d3g_P_protein_pocket.pdb,/home/igem/unknown_software/datasets/propedia_formatted/propedia_2d3g_P/propedia_2d3g_P_peptide.pdb,propedia_long
propedia_3plv_C,/home/igem/unknown_software/datasets/propedia_formatted/propedia_3plv_C/propedia_3plv_C_protein_pocket.pdb,/home/igem/unknown_software/datasets/propedia_formatted/propedia_3plv_C/propedia_3plv_C_peptide.pdb,propedia_long
propedia_4hs6_Y,/home/igem/unknown_software/datasets/propedia_formatted/propedia_4hs6_Y/propedia_4hs6_Y_protein_pocket.pdb,/home/igem/unknown_software/datasets/propedia_formatted/propedia_4hs6_Y/propedia_4hs6_Y_peptide.pdb,propedia
propedia_3itb_L,/home/igem/unknown_software/datasets/propedia_formatted/propedia_3itb_L/propedia_3itb_L_protein_pocket.pdb,/home/igem/unknown_software/datasets/propedia_formatted/propedia_3itb_L/propedia_3itb_L_peptide.pdb,propedia
propedia_5afz_I,/home/igem/unknown_software/datasets/propedia_formatted/propedia_5afz_I/propedia_5afz_I_protein_pocket.pdb,/home/igem/unknown_software/datasets/propedia_formatted/propedia_5afz_I/propedia_5afz_I_peptide.pdb,propedia
propedia_3soq_Z,/home/igem/unknown_software/datasets/propedia_formatted/propedia_3soq_Z/propedia_3soq_Z_protein_pocket.pdb,/home/igem/unknown_software/datasets/propedia_formatted/propedia_3soq_Z/propedia_3soq_Z_peptide.pdb,propedia
propedia_6u3d_C,/home/igem/unknown_software/datasets/propedia_formatted/propedia_6u3d_C/propedia_6u3d_C_protein_pocket.pdb,/home/igem/unknown_software/datasets/propedia_formatted/propedia_6u3d_C/propedia_6u3d_C_peptide.pdb,propedia_long
propedia_1t76_B,/home/igem/unknown_software/datasets/propedia_formatted/propedia_1t76_B/propedia_1t76_B_protein_pocket.pdb,/home/igem/unknown_software/datasets/propedia_formatted/propedia_1t76_B/propedia_1t76_B_peptide.pdb,propedia
propedia_2wa8_B,/home/igem/unknown_software/datasets/propedia_formatted/propedia_2wa8_B/propedia_2wa8_B_protein_pocket.pdb,/home/igem/unknown_software/datasets/propedia_formatted/propedia_2wa8_B/propedia_2wa8_B_peptide.pdb,propedia
propedia_2jcc_C,/home/igem/unknown_software/datasets/propedia_formatted/propedia_2jcc_C/propedia_2jcc_C_protein_pocket.pdb,/home/igem/unknown_software/datasets/propedia_formatted/propedia_2jcc_C/propedia_2jcc_C_peptide.pdb,propedia
propedia_3dhk_I,/home/igem/unknown_software/datasets/propedia_formatted/propedia_3dhk_I/propedia_3dhk_I_protein_pocket.pdb,/home/igem/unknown_software/datasets/propedia_formatted/propedia_3dhk_I/propedia_3dhk_I_peptide.pdb,propedia
propedia_1gct_A,/home/igem/unknown_software/datasets/propedia_formatted/propedia_1gct_A/propedia_1gct_A_protein_pocket.pdb,/home/igem/unknown_software/datasets/propedia_formatted/propedia_1gct_A/propedia_1gct_A_peptide.pdb,propedia
propedia_3cyy_C,/home/igem/unknown_software/datasets/propedia_formatted/propedia_3cyy_C/propedia_3cyy_C_protein_pocket.pdb,/home/igem/unknown_software/datasets/propedia_formatted/propedia_3cyy_C/propedia_3cyy_C_peptide.pdb,propedia
propedia_5uwq_D,/home/igem/unknown_software/datasets/propedia_formatted/propedia_5uwq_D/propedia_5uwq_D_protein_pocket.pdb,/home/igem/unknown_software/datasets/propedia_formatted/propedia_5uwq_D/propedia_5uwq_D_peptide.pdb,propedia_long
propedia_5osn_D,/home/igem/unknown_software/datasets/propedia_formatted/propedia_5osn_D/propedia_5osn_D_protein_pocket.pdb,/home/igem/unknown_software/datasets/propedia_formatted/propedia_5osn_D/propedia_5osn_D_peptide.pdb,propedia_long
propedia_4lcy_C,/home/igem/unknown_software/datasets/propedia_formatted/propedia_4lcy_C/propedia_4lcy_C_protein_pocket.pdb,/home/igem/unknown_software/datasets/propedia_formatted/propedia_4lcy_C/propedia_4lcy_C_peptide.pdb,propedia
propedia_4m92_B,/home/igem/unknown_software/datasets/propedia_formatted/propedia_4m92_B/propedia_4m92_B_protein_pocket.pdb,/home/igem/unknown_software/datasets/propedia_formatted/propedia_4m92_B/propedia_4m92_B_peptide.pdb,propedia
propedia_4er2_I,/home/igem/unknown_software/datasets/propedia_formatted/propedia_4er2_I/propedia_4er2_I_protein_pocket.pdb,/home/igem/unknown_software/datasets/propedia_formatted/propedia_4er2_I/propedia_4er2_I_peptide.pdb,propedia
propedia_2y7l_B,/home/igem/unknown_software/datasets/propedia_formatted/propedia_2y7l_B/propedia_2y7l_B_protein_pocket.pdb,/home/igem/unknown_software/datasets/propedia_formatted/propedia_2y7l_B/propedia_2y7l_B_peptide.pdb,propedia
propedia_4ejd_C,/home/igem/unknown_software/datasets/propedia_formatted/propedia_4ejd_C/propedia_4ejd_C_protein_pocket.pdb,/home/igem/unknown_software/datasets/propedia_formatted/propedia_4ejd_C/propedia_4ejd_C_peptide.pdb,propedia
propedia_2etz_B,/home/igem/unknown_software/datasets/propedia_formatted/propedia_2etz_B/propedia_2etz_B_protein_pocket.pdb,/home/igem/unknown_software/datasets/propedia_formatted/propedia_2etz_B/propedia_2etz_B_peptide.pdb,propedia
propedia_3hpj_C,/home/igem/unknown_software/datasets/propedia_formatted/propedia_3hpj_C/propedia_3hpj_C_protein_pocket.pdb,/home/igem/unknown_software/datasets/propedia_formatted/propedia_3hpj_C/propedia_3hpj_C_peptide.pdb,propedia
propedia_2pxj_I,/home/igem/unknown_software/datasets/propedia_formatted/propedia_2pxj_I/propedia_2pxj_I_protein_pocket.pdb,/home/igem/unknown_software/datasets/propedia_formatted/propedia_2pxj_I/propedia_2pxj_I_peptide.pdb,propedia
propedia_4fl5_P,/home/igem/unknown_software/datasets/propedia_formatted/propedia_4fl5_P/propedia_4fl5_P_protein_pocket.pdb,/home/igem/unknown_software/datasets/propedia_formatted/propedia_4fl5_P/propedia_4fl5_P_peptide.pdb,propedia
propedia_2i6o_B,/home/igem/unknown_software/datasets/propedia_formatted/propedia_2i6o_B/propedia_2i6o_B_protein_pocket.pdb,/home/igem/unknown_software/datasets/propedia_formatted/propedia_2i6o_B/propedia_2i6o_B_peptide.pdb,propedia
propedia_3olr_E,/home/igem/unknown_software/datasets/propedia_formatted/propedia_3olr_E/propedia_3olr_E_protein_pocket.pdb,/home/igem/unknown_software/datasets/propedia_formatted/propedia_3olr_E/propedia_3olr_E_peptide.pdb,propedia
propedia_5nf0_E,/home/igem/unknown_software/datasets/propedia_formatted/propedia_5nf0_E/propedia_5nf0_E_protein_pocket.pdb,/home/igem/unknown_software/datasets/propedia_formatted/propedia_5nf0_E/propedia_5nf0_E_peptide.pdb,propedia_long
propedia_3e5a_B,/home/igem/unknown_software/datasets/propedia_formatted/propedia_3e5a_B/propedia_3e5a_B_protein_pocket.pdb,/home/igem/unknown_software/datasets/propedia_formatted/propedia_3e5a_B/propedia_3e5a_B_peptide.pdb,propedia_long
propedia_4abi_B,/home/igem/unknown_software/datasets/propedia_formatted/propedia_4abi_B/propedia_4abi_B_protein_pocket.pdb,/home/igem/unknown_software/datasets/propedia_formatted/propedia_4abi_B/propedia_4abi_B_peptide.pdb,propedia
propedia_2v5f_X,/home/igem/unknown_software/datasets/propedia_formatted/propedia_2v5f_X/propedia_2v5f_X_protein_pocket.pdb,/home/igem/unknown_software/datasets/propedia_formatted/propedia_2v5f_X/propedia_2v5f_X_peptide.pdb,propedia
propedia_1gj8_A,/home/igem/unknown_software/datasets/propedia_formatted/propedia_1gj8_A/propedia_1gj8_A_protein_pocket.pdb,/home/igem/unknown_software/datasets/propedia_formatted/propedia_1gj8_A/propedia_1gj8_A_peptide.pdb,propedia_long
propedia_3rew_C,/home/igem/unknown_software/datasets/propedia_formatted/propedia_3rew_C/propedia_3rew_C_protein_pocket.pdb,/home/igem/unknown_software/datasets/propedia_formatted/propedia_3rew_C/propedia_3rew_C_peptide.pdb,propedia
propedia_1pd7_B,/home/igem/unknown_software/datasets/propedia_formatted/propedia_1pd7_B/propedia_1pd7_B_protein_pocket.pdb,/home/igem/unknown_software/datasets/propedia_formatted/propedia_1pd7_B/propedia_1pd7_B_peptide.pdb,propedia_long
propedia_3twr_E,/home/igem/unknown_software/datasets/propedia_formatted/propedia_3twr_E/propedia_3twr_E_protein_pocket.pdb,/home/igem/unknown_software/datasets/propedia_formatted/propedia_3twr_E/propedia_3twr_E_peptide.pdb,propedia_long
propedia_6nk1_C,/home/igem/unknown_software/datasets/propedia_formatted/propedia_6nk1_C/propedia_6nk1_C_protein_pocket.pdb,/home/igem/unknown_software/datasets/propedia_formatted/propedia_6nk1_C/propedia_6nk1_C_peptide.pdb,propedia_long
propedia_1w0v_C,/home/igem/unknown_software/datasets/propedia_formatted/propedia_1w0v_C/propedia_1w0v_C_protein_pocket.pdb,/home/igem/unknown_software/datasets/propedia_formatted/propedia_1w0v_C/propedia_1w0v_C_peptide.pdb,propedia
propedia_3pth_B,/home/igem/unknown_software/datasets/propedia_formatted/propedia_3pth_B/propedia_3pth_B_protein_pocket.pdb,/home/igem/unknown_software/datasets/propedia_formatted/propedia_3pth_B/propedia_3pth_B_peptide.pdb,propedia_long
propedia_2ly4_B,/home/igem/unknown_software/datasets/propedia_formatted/propedia_2ly4_B/propedia_2ly4_B_protein_pocket.pdb,/home/igem/unknown_software/datasets/propedia_formatted/propedia_2ly4_B/propedia_2ly4_B_peptide.pdb,propedia_long
propedia_3rly_I,/home/igem/unknown_software/datasets/propedia_formatted/propedia_3rly_I/propedia_3rly_I_protein_pocket.pdb,/home/igem/unknown_software/datasets/propedia_formatted/propedia_3rly_I/propedia_3rly_I_peptide.pdb,propedia
propedia_1ghx_I,/home/igem/unknown_software/datasets/propedia_formatted/propedia_1ghx_I/propedia_1ghx_I_protein_pocket.pdb,/home/igem/unknown_software/datasets/propedia_formatted/propedia_1ghx_I/propedia_1ghx_I_peptide.pdb,propedia
propedia_4h2s_C,/home/igem/unknown_software/datasets/propedia_formatted/propedia_4h2s_C/propedia_4h2s_C_protein_pocket.pdb,/home/igem/unknown_software/datasets/propedia_formatted/propedia_4h2s_C/propedia_4h2s_C_peptide.pdb,propedia_long
propedia_2dey_A,/home/igem/unknown_software/datasets/propedia_formatted/propedia_2dey_A/propedia_2dey_A_protein_pocket.pdb,/home/igem/unknown_software/datasets/propedia_formatted/propedia_2dey_A/propedia_2dey_A_peptide.pdb,propedia
propedia_1ab9_A,/home/igem/unknown_software/datasets/propedia_formatted/propedia_1ab9_A/propedia_1ab9_A_protein_pocket.pdb,/home/igem/unknown_software/datasets/propedia_formatted/propedia_1ab9_A/propedia_1ab9_A_peptide.pdb,propedia
propedia_3wg5_C,/home/igem/unknown_software/datasets/propedia_formatted/propedia_3wg5_C/propedia_3wg5_C_protein_pocket.pdb,/home/igem/unknown_software/datasets/propedia_formatted/propedia_3wg5_C/propedia_3wg5_C_peptide.pdb,propedia
propedia_3bux_A,/home/igem/unknown_software/datasets/propedia_formatted/propedia_3bux_A/propedia_3bux_A_protein_pocket.pdb,/home/igem/unknown_software/datasets/propedia_formatted/propedia_3bux_A/propedia_3bux_A_peptide.pdb,propedia
propedia_2cjy_I,/home/igem/unknown_software/datasets/propedia_formatted/propedia_2cjy_I/propedia_2cjy_I_protein_pocket.pdb,/home/igem/unknown_software/datasets/propedia_formatted/propedia_2cjy_I/propedia_2cjy_I_peptide.pdb,propedia
propedia_3hna_P,/home/igem/unknown_software/datasets/propedia_formatted/propedia_3hna_P/propedia_3hna_P_protein_pocket.pdb,/home/igem/unknown_software/datasets/propedia_formatted/propedia_3hna_P/propedia_3hna_P_peptide.pdb,propedia
propedia_5c0c_C,/home/igem/unknown_software/datasets/propedia_formatted/propedia_5c0c_C/propedia_5c0c_C_protein_pocket.pdb,/home/igem/unknown_software/datasets/propedia_formatted/propedia_5c0c_C/propedia_5c0c_C_peptide.pdb,propedia
propedia_1xqh_B,/home/igem/unknown_software/datasets/propedia_formatted/propedia_1xqh_B/propedia_1xqh_B_protein_pocket.pdb,/home/igem/unknown_software/datasets/propedia_formatted/propedia_1xqh_B/propedia_1xqh_B_peptide.pdb,propedia
propedia_3c8a_B,/home/igem/unknown_software/datasets/propedia_formatted/propedia_3c8a_B/propedia_3c8a_B_protein_pocket.pdb,/home/igem/unknown_software/datasets/propedia_formatted/propedia_3c8a_B/propedia_3c8a_B_peptide.pdb,propedia
propedia_2jw1_B,/home/igem/unknown_software/datasets/propedia_formatted/propedia_2jw1_B/propedia_2jw1_B_protein_pocket.pdb,/home/igem/unknown_software/datasets/propedia_formatted/propedia_2jw1_B/propedia_2jw1_B_peptide.pdb,propedia_long
propedia_2g47_C,/home/igem/unknown_software/datasets/propedia_formatted/propedia_2g47_C/propedia_2g47_C_protein_pocket.pdb,/home/igem/unknown_software/datasets/propedia_formatted/propedia_2g47_C/propedia_2g47_C_peptide.pdb,propedia
propedia_4jg0_P,/home/igem/unknown_software/datasets/propedia_formatted/propedia_4jg0_P/propedia_4jg0_P_protein_pocket.pdb,/home/igem/unknown_software/datasets/propedia_formatted/propedia_4jg0_P/propedia_4jg0_P_peptide.pdb,propedia
propedia_4u90_D,/home/igem/unknown_software/datasets/propedia_formatted/propedia_4u90_D/propedia_4u90_D_protein_pocket.pdb,/home/igem/unknown_software/datasets/propedia_formatted/propedia_4u90_D/propedia_4u90_D_peptide.pdb,propedia
propedia_5o5m_C,/home/igem/unknown_software/datasets/propedia_formatted/propedia_5o5m_C/propedia_5o5m_C_protein_pocket.pdb,/home/igem/unknown_software/datasets/propedia_formatted/propedia_5o5m_C/propedia_5o5m_C_peptide.pdb,propedia_long
propedia_1awi_P,/home/igem/unknown_software/datasets/propedia_formatted/propedia_1awi_P/propedia_1awi_P_protein_pocket.pdb,/home/igem/unknown_software/datasets/propedia_formatted/propedia_1awi_P/propedia_1awi_P_peptide.pdb,propedia
propedia_4qo2_B,/home/igem/unknown_software/datasets/propedia_formatted/propedia_4qo2_B/propedia_4qo2_B_protein_pocket.pdb,/home/igem/unknown_software/datasets/propedia_formatted/propedia_4qo2_B/propedia_4qo2_B_peptide.pdb,propedia
propedia_1ymt_B,/home/igem/unknown_software/datasets/propedia_formatted/propedia_1ymt_B/propedia_1ymt_B_protein_pocket.pdb,/home/igem/unknown_software/datasets/propedia_formatted/propedia_1ymt_B/propedia_1ymt_B_peptide.pdb,propedia
propedia_3d36_C,/home/igem/unknown_software/datasets/propedia_formatted/propedia_3d36_C/propedia_3d36_C_protein_pocket.pdb,/home/igem/unknown_software/datasets/propedia_formatted/propedia_3d36_C/propedia_3d36_C_peptide.pdb,propedia_long
propedia_1d5z_D,/home/igem/unknown_software/datasets/propedia_formatted/propedia_1d5z_D/propedia_1d5z_D_protein_pocket.pdb,/home/igem/unknown_software/datasets/propedia_formatted/propedia_1d5z_D/propedia_1d5z_D_peptide.pdb,propedia
propedia_4ps0_C,/home/igem/unknown_software/datasets/propedia_formatted/propedia_4ps0_C/propedia_4ps0_C_protein_pocket.pdb,/home/igem/unknown_software/datasets/propedia_formatted/propedia_4ps0_C/propedia_4ps0_C_peptide.pdb,propedia
propedia_6v4e_C,/home/igem/unknown_software/datasets/propedia_formatted/propedia_6v4e_C/propedia_6v4e_C_protein_pocket.pdb,/home/igem/unknown_software/datasets/propedia_formatted/propedia_6v4e_C/propedia_6v4e_C_peptide.pdb,propedia_long
propedia_3nzj_3,/home/igem/unknown_software/datasets/propedia_formatted/propedia_3nzj_3/propedia_3nzj_3_protein_pocket.pdb,/home/igem/unknown_software/datasets/propedia_formatted/propedia_3nzj_3/propedia_3nzj_3_peptide.pdb,propedia
propedia_2vda_B,/home/igem/unknown_software/datasets/propedia_formatted/propedia_2vda_B/propedia_2vda_B_protein_pocket.pdb,/home/igem/unknown_software/datasets/propedia_formatted/propedia_2vda_B/propedia_2vda_B_peptide.pdb,propedia_long
propedia_5vf0_B,/home/igem/unknown_software/datasets/propedia_formatted/propedia_5vf0_B/propedia_5vf0_B_protein_pocket.pdb,/home/igem/unknown_software/datasets/propedia_formatted/propedia_5vf0_B/propedia_5vf0_B_peptide.pdb,propedia_long
propedia_4jwe_C,/home/igem/unknown_software/datasets/propedia_formatted/propedia_4jwe_C/propedia_4jwe_C_protein_pocket.pdb,/home/igem/unknown_software/datasets/propedia_formatted/propedia_4jwe_C/propedia_4jwe_C_peptide.pdb,propedia
propedia_1nan_M,/home/igem/unknown_software/datasets/propedia_formatted/propedia_1nan_M/propedia_1nan_M_protein_pocket.pdb,/home/igem/unknown_software/datasets/propedia_formatted/propedia_1nan_M/propedia_1nan_M_peptide.pdb,propedia
propedia_4e43_C,/home/igem/unknown_software/datasets/propedia_formatted/propedia_4e43_C/propedia_4e43_C_protein_pocket.pdb,/home/igem/unknown_software/datasets/propedia_formatted/propedia_4e43_C/propedia_4e43_C_peptide.pdb,propedia
propedia_6nuc_C,/home/igem/unknown_software/datasets/propedia_formatted/propedia_6nuc_C/propedia_6nuc_C_protein_pocket.pdb,/home/igem/unknown_software/datasets/propedia_formatted/propedia_6nuc_C/propedia_6nuc_C_peptide.pdb,propedia_long
propedia_4g9f_C,/home/igem/unknown_software/datasets/propedia_formatted/propedia_4g9f_C/propedia_4g9f_C_protein_pocket.pdb,/home/igem/unknown_software/datasets/propedia_formatted/propedia_4g9f_C/propedia_4g9f_C_peptide.pdb,propedia
propedia_3uo1_P,/home/igem/unknown_software/datasets/propedia_formatted/propedia_3uo1_P/propedia_3uo1_P_protein_pocket.pdb,/home/igem/unknown_software/datasets/propedia_formatted/propedia_3uo1_P/propedia_3uo1_P_peptide.pdb,propedia
propedia_4knl_F,/home/igem/unknown_software/datasets/propedia_formatted/propedia_4knl_F/propedia_4knl_F_protein_pocket.pdb,/home/igem/unknown_software/datasets/propedia_formatted/propedia_4knl_F/propedia_4knl_F_peptide.pdb,propedia
propedia_1ma3_B,/home/igem/unknown_software/datasets/propedia_formatted/propedia_1ma3_B/propedia_1ma3_B_protein_pocket.pdb,/home/igem/unknown_software/datasets/propedia_formatted/propedia_1ma3_B/propedia_1ma3_B_peptide.pdb,propedia
propedia_3jzh_B,/home/igem/unknown_software/datasets/propedia_formatted/propedia_3jzh_B/propedia_3jzh_B_protein_pocket.pdb,/home/igem/unknown_software/datasets/propedia_formatted/propedia_3jzh_B/propedia_3jzh_B_peptide.pdb,propedia
propedia_4uff_I,/home/igem/unknown_software/datasets/propedia_formatted/propedia_4uff_I/propedia_4uff_I_protein_pocket.pdb,/home/igem/unknown_software/datasets/propedia_formatted/propedia_4uff_I/propedia_4uff_I_peptide.pdb,propedia
propedia_1h27_E,/home/igem/unknown_software/datasets/propedia_formatted/propedia_1h27_E/propedia_1h27_E_protein_pocket.pdb,/home/igem/unknown_software/datasets/propedia_formatted/propedia_1h27_E/propedia_1h27_E_peptide.pdb,propedia
propedia_4h25_C,/home/igem/unknown_software/datasets/propedia_formatted/propedia_4h25_C/propedia_4h25_C_protein_pocket.pdb,/home/igem/unknown_software/datasets/propedia_formatted/propedia_4h25_C/propedia_4h25_C_peptide.pdb,propedia_long
propedia_4niq_C,/home/igem/unknown_software/datasets/propedia_formatted/propedia_4niq_C/propedia_4niq_C_protein_pocket.pdb,/home/igem/unknown_software/datasets/propedia_formatted/propedia_4niq_C/propedia_4niq_C_peptide.pdb,propedia_long
propedia_5iqm_B,/home/igem/unknown_software/datasets/propedia_formatted/propedia_5iqm_B/propedia_5iqm_B_protein_pocket.pdb,/home/igem/unknown_software/datasets/propedia_formatted/propedia_5iqm_B/propedia_5iqm_B_peptide.pdb,propedia_long
propedia_5j3q_B,/home/igem/unknown_software/datasets/propedia_formatted/propedia_5j3q_B/propedia_5j3q_B_protein_pocket.pdb,/home/igem/unknown_software/datasets/propedia_formatted/propedia_5j3q_B/propedia_5j3q_B_peptide.pdb,propedia_long
propedia_4leb_B,/home/igem/unknown_software/datasets/propedia_formatted/propedia_4leb_B/propedia_4leb_B_protein_pocket.pdb,/home/igem/unknown_software/datasets/propedia_formatted/propedia_4leb_B/propedia_4leb_B_peptide.pdb,propedia
propedia_2fge_D,/home/igem/unknown_software/datasets/propedia_formatted/propedia_2fge_D/propedia_2fge_D_protein_pocket.pdb,/home/igem/unknown_software/datasets/propedia_formatted/propedia_2fge_D/propedia_2fge_D_peptide.pdb,propedia
propedia_2ght_C,/home/igem/unknown_software/datasets/propedia_formatted/propedia_2ght_C/propedia_2ght_C_protein_pocket.pdb,/home/igem/unknown_software/datasets/propedia_formatted/propedia_2ght_C/propedia_2ght_C_peptide.pdb,propedia
propedia_3qhr_J,/home/igem/unknown_software/datasets/propedia_formatted/propedia_3qhr_J/propedia_3qhr_J_protein_pocket.pdb,/home/igem/unknown_software/datasets/propedia_formatted/propedia_3qhr_J/propedia_3qhr_J_peptide.pdb,propedia
propedia_4nie_C,/home/igem/unknown_software/datasets/propedia_formatted/propedia_4nie_C/propedia_4nie_C_protein_pocket.pdb,/home/igem/unknown_software/datasets/propedia_formatted/propedia_4nie_C/propedia_4nie_C_peptide.pdb,propedia
propedia_6h0b_F,/home/igem/unknown_software/datasets/propedia_formatted/propedia_6h0b_F/propedia_6h0b_F_protein_pocket.pdb,/home/igem/unknown_software/datasets/propedia_formatted/propedia_6h0b_F/propedia_6h0b_F_peptide.pdb,propedia_long
propedia_3jql_B,/home/igem/unknown_software/datasets/propedia_formatted/propedia_3jql_B/propedia_3jql_B_protein_pocket.pdb,/home/igem/unknown_software/datasets/propedia_formatted/propedia_3jql_B/propedia_3jql_B_peptide.pdb,propedia
propedia_4ii9_B,/home/igem/unknown_software/datasets/propedia_formatted/propedia_4ii9_B/propedia_4ii9_B_protein_pocket.pdb,/home/igem/unknown_software/datasets/propedia_formatted/propedia_4ii9_B/propedia_4ii9_B_peptide.pdb,propedia
propedia_1mfg_B,/home/igem/unknown_software/datasets/propedia_formatted/propedia_1mfg_B/propedia_1mfg_B_protein_pocket.pdb,/home/igem/unknown_software/datasets/propedia_formatted/propedia_1mfg_B/propedia_1mfg_B_peptide.pdb,propedia
propedia_4v2v_C,/home/igem/unknown_software/datasets/propedia_formatted/propedia_4v2v_C/propedia_4v2v_C_protein_pocket.pdb,/home/igem/unknown_software/datasets/propedia_formatted/propedia_4v2v_C/propedia_4v2v_C_peptide.pdb,propedia
propedia_5szc_H,/home/igem/unknown_software/datasets/propedia_formatted/propedia_5szc_H/propedia_5szc_H_protein_pocket.pdb,/home/igem/unknown_software/datasets/propedia_formatted/propedia_5szc_H/propedia_5szc_H_peptide.pdb,propedia_long
propedia_4o45_B,/home/igem/unknown_software/datasets/propedia_formatted/propedia_4o45_B/propedia_4o45_B_protein_pocket.pdb,/home/igem/unknown_software/datasets/propedia_formatted/propedia_4o45_B/propedia_4o45_B_peptide.pdb,propedia
propedia_4u7e_A,/home/igem/unknown_software/datasets/propedia_formatted/propedia_4u7e_A/propedia_4u7e_A_protein_pocket.pdb,/home/igem/unknown_software/datasets/propedia_formatted/propedia_4u7e_A/propedia_4u7e_A_peptide.pdb,propedia_long
propedia_1oga_C,/home/igem/unknown_software/datasets/propedia_formatted/propedia_1oga_C/propedia_1oga_C_protein_pocket.pdb,/home/igem/unknown_software/datasets/propedia_formatted/propedia_1oga_C/propedia_1oga_C_peptide.pdb,propedia
propedia_2h6q_C,/home/igem/unknown_software/datasets/propedia_formatted/propedia_2h6q_C/propedia_2h6q_C_protein_pocket.pdb,/home/igem/unknown_software/datasets/propedia_formatted/propedia_2h6q_C/propedia_2h6q_C_peptide.pdb,propedia
propedia_4n7y_C,/home/igem/unknown_software/datasets/propedia_formatted/propedia_4n7y_C/propedia_4n7y_C_protein_pocket.pdb,/home/igem/unknown_software/datasets/propedia_formatted/propedia_4n7y_C/propedia_4n7y_C_peptide.pdb,propedia
propedia_2x6m_B,/home/igem/unknown_software/datasets/propedia_formatted/propedia_2x6m_B/propedia_2x6m_B_protein_pocket.pdb,/home/igem/unknown_software/datasets/propedia_formatted/propedia_2x6m_B/propedia_2x6m_B_peptide.pdb,propedia
propedia_2q0n_B,/home/igem/unknown_software/datasets/propedia_formatted/propedia_2q0n_B/propedia_2q0n_B_protein_pocket.pdb,/home/igem/unknown_software/datasets/propedia_formatted/propedia_2q0n_B/propedia_2q0n_B_peptide.pdb,propedia
propedia_6au8_C,/home/igem/unknown_software/datasets/propedia_formatted/propedia_6au8_C/propedia_6au8_C_protein_pocket.pdb,/home/igem/unknown_software/datasets/propedia_formatted/propedia_6au8_C/propedia_6au8_C_peptide.pdb,propedia_long
propedia_4rsp_B,/home/igem/unknown_software/datasets/propedia_formatted/propedia_4rsp_B/propedia_4rsp_B_protein_pocket.pdb,/home/igem/unknown_software/datasets/propedia_formatted/propedia_4rsp_B/propedia_4rsp_B_peptide.pdb,propedia
propedia_3e8u_P,/home/igem/unknown_software/datasets/propedia_formatted/propedia_3e8u_P/propedia_3e8u_P_protein_pocket.pdb,/home/igem/unknown_software/datasets/propedia_formatted/propedia_3e8u_P/propedia_3e8u_P_peptide.pdb,propedia
propedia_1y3a_E,/home/igem/unknown_software/datasets/propedia_formatted/propedia_1y3a_E/propedia_1y3a_E_protein_pocket.pdb,/home/igem/unknown_software/datasets/propedia_formatted/propedia_1y3a_E/propedia_1y3a_E_peptide.pdb,propedia
propedia_2n0y_B,/home/igem/unknown_software/datasets/propedia_formatted/propedia_2n0y_B/propedia_2n0y_B_protein_pocket.pdb,/home/igem/unknown_software/datasets/propedia_formatted/propedia_2n0y_B/propedia_2n0y_B_peptide.pdb,propedia_long
propedia_2kup_B,/home/igem/unknown_software/datasets/propedia_formatted/propedia_2kup_B/propedia_2kup_B_protein_pocket.pdb,/home/igem/unknown_software/datasets/propedia_formatted/propedia_2kup_B/propedia_2kup_B_peptide.pdb,propedia_long
propedia_3q4l_C,/home/igem/unknown_software/datasets/propedia_formatted/propedia_3q4l_C/propedia_3q4l_C_protein_pocket.pdb,/home/igem/unknown_software/datasets/propedia_formatted/propedia_3q4l_C/propedia_3q4l_C_peptide.pdb,propedia
propedia_4ris_P,/home/igem/unknown_software/datasets/propedia_formatted/propedia_4ris_P/propedia_4ris_P_protein_pocket.pdb,/home/igem/unknown_software/datasets/propedia_formatted/propedia_4ris_P/propedia_4ris_P_peptide.pdb,propedia_long
propedia_3mly_P,/home/igem/unknown_software/datasets/propedia_formatted/propedia_3mly_P/propedia_3mly_P_protein_pocket.pdb,/home/igem/unknown_software/datasets/propedia_formatted/propedia_3mly_P/propedia_3mly_P_peptide.pdb,propedia
propedia_1x7q_C,/home/igem/unknown_software/datasets/propedia_formatted/propedia_1x7q_C/propedia_1x7q_C_protein_pocket.pdb,/home/igem/unknown_software/datasets/propedia_formatted/propedia_1x7q_C/propedia_1x7q_C_peptide.pdb,propedia
propedia_2j33_B,/home/igem/unknown_software/datasets/propedia_formatted/propedia_2j33_B/propedia_2j33_B_protein_pocket.pdb,/home/igem/unknown_software/datasets/propedia_formatted/propedia_2j33_B/propedia_2j33_B_peptide.pdb,propedia
propedia_6ucm_A,/home/igem/unknown_software/datasets/propedia_formatted/propedia_6ucm_A/propedia_6ucm_A_protein_pocket.pdb,/home/igem/unknown_software/datasets/propedia_formatted/propedia_6ucm_A/propedia_6ucm_A_peptide.pdb,propedia_long
propedia_1d5m_D,/home/igem/unknown_software/datasets/propedia_formatted/propedia_1d5m_D/propedia_1d5m_D_protein_pocket.pdb,/home/igem/unknown_software/datasets/propedia_formatted/propedia_1d5m_D/propedia_1d5m_D_peptide.pdb,propedia
propedia_3fwv_C,/home/igem/unknown_software/datasets/propedia_formatted/propedia_3fwv_C/propedia_3fwv_C_protein_pocket.pdb,/home/igem/unknown_software/datasets/propedia_formatted/propedia_3fwv_C/propedia_3fwv_C_peptide.pdb,propedia
propedia_3o35_E,/home/igem/unknown_software/datasets/propedia_formatted/propedia_3o35_E/propedia_3o35_E_protein_pocket.pdb,/home/igem/unknown_software/datasets/propedia_formatted/propedia_3o35_E/propedia_3o35_E_peptide.pdb,propedia
propedia_5oyl_D,/home/igem/unknown_software/datasets/propedia_formatted/propedia_5oyl_D/propedia_5oyl_D_protein_pocket.pdb,/home/igem/unknown_software/datasets/propedia_formatted/propedia_5oyl_D/propedia_5oyl_D_peptide.pdb,propedia_long
propedia_2cnl_I,/home/igem/unknown_software/datasets/propedia_formatted/propedia_2cnl_I/propedia_2cnl_I_protein_pocket.pdb,/home/igem/unknown_software/datasets/propedia_formatted/propedia_2cnl_I/propedia_2cnl_I_peptide.pdb,propedia
propedia_1dzi_B,/home/igem/unknown_software/datasets/propedia_formatted/propedia_1dzi_B/propedia_1dzi_B_protein_pocket.pdb,/home/igem/unknown_software/datasets/propedia_formatted/propedia_1dzi_B/propedia_1dzi_B_peptide.pdb,propedia_long
propedia_3p9y_E,/home/igem/unknown_software/datasets/propedia_formatted/propedia_3p9y_E/propedia_3p9y_E_protein_pocket.pdb,/home/igem/unknown_software/datasets/propedia_formatted/propedia_3p9y_E/propedia_3p9y_E_peptide.pdb,propedia
propedia_1jlu_S,/home/igem/unknown_software/datasets/propedia_formatted/propedia_1jlu_S/propedia_1jlu_S_protein_pocket.pdb,/home/igem/unknown_software/datasets/propedia_formatted/propedia_1jlu_S/propedia_1jlu_S_peptide.pdb,propedia_long
propedia_1kj7_P,/home/igem/unknown_software/datasets/propedia_formatted/propedia_1kj7_P/propedia_1kj7_P_protein_pocket.pdb,/home/igem/unknown_software/datasets/propedia_formatted/propedia_1kj7_P/propedia_1kj7_P_peptide.pdb,propedia
propedia_3hbv_Z,/home/igem/unknown_software/datasets/propedia_formatted/propedia_3hbv_Z/propedia_3hbv_Z_protein_pocket.pdb,/home/igem/unknown_software/datasets/propedia_formatted/propedia_3hbv_Z/propedia_3hbv_Z_peptide.pdb,propedia
propedia_1yph_A,/home/igem/unknown_software/datasets/propedia_formatted/propedia_1yph_A/propedia_1yph_A_protein_pocket.pdb,/home/igem/unknown_software/datasets/propedia_formatted/propedia_1yph_A/propedia_1yph_A_peptide.pdb,propedia
propedia_4n0y_A,/home/igem/unknown_software/datasets/propedia_formatted/propedia_4n0y_A/propedia_4n0y_A_protein_pocket.pdb,/home/igem/unknown_software/datasets/propedia_formatted/propedia_4n0y_A/propedia_4n0y_A_peptide.pdb,propedia
propedia_1qr3_I,/home/igem/unknown_software/datasets/propedia_formatted/propedia_1qr3_I/propedia_1qr3_I_protein_pocket.pdb,/home/igem/unknown_software/datasets/propedia_formatted/propedia_1qr3_I/propedia_1qr3_I_peptide.pdb,propedia
propedia_2p8l_C,/home/igem/unknown_software/datasets/propedia_formatted/propedia_2p8l_C/propedia_2p8l_C_protein_pocket.pdb,/home/igem/unknown_software/datasets/propedia_formatted/propedia_2p8l_C/propedia_2p8l_C_peptide.pdb,propedia
propedia_2vlr_C,/home/igem/unknown_software/datasets/propedia_formatted/propedia_2vlr_C/propedia_2vlr_C_protein_pocket.pdb,/home/igem/unknown_software/datasets/propedia_formatted/propedia_2vlr_C/propedia_2vlr_C_peptide.pdb,propedia
propedia_3f9y_E,/home/igem/unknown_software/datasets/propedia_formatted/propedia_3f9y_E/propedia_3f9y_E_protein_pocket.pdb,/home/igem/unknown_software/datasets/propedia_formatted/propedia_3f9y_E/propedia_3f9y_E_peptide.pdb,propedia
propedia_3q4j_H,/home/igem/unknown_software/datasets/propedia_formatted/propedia_3q4j_H/propedia_3q4j_H_protein_pocket.pdb,/home/igem/unknown_software/datasets/propedia_formatted/propedia_3q4j_H/propedia_3q4j_H_peptide.pdb,propedia
propedia_2dze_X,/home/igem/unknown_software/datasets/propedia_formatted/propedia_2dze_X/propedia_2dze_X_protein_pocket.pdb,/home/igem/unknown_software/datasets/propedia_formatted/propedia_2dze_X/propedia_2dze_X_peptide.pdb,propedia
propedia_3ws3_E,/home/igem/unknown_software/datasets/propedia_formatted/propedia_3ws3_E/propedia_3ws3_E_protein_pocket.pdb,/home/igem/unknown_software/datasets/propedia_formatted/propedia_3ws3_E/propedia_3ws3_E_peptide.pdb,propedia
propedia_4wlb_D,/home/igem/unknown_software/datasets/propedia_formatted/propedia_4wlb_D/propedia_4wlb_D_protein_pocket.pdb,/home/igem/unknown_software/datasets/propedia_formatted/propedia_4wlb_D/propedia_4wlb_D_peptide.pdb,propedia
propedia_4lop_K,/home/igem/unknown_software/datasets/propedia_formatted/propedia_4lop_K/propedia_4lop_K_protein_pocket.pdb,/home/igem/unknown_software/datasets/propedia_formatted/propedia_4lop_K/propedia_4lop_K_peptide.pdb,propedia_long
propedia_1bck_C,/home/igem/unknown_software/datasets/propedia_formatted/propedia_1bck_C/propedia_1bck_C_protein_pocket.pdb,/home/igem/unknown_software/datasets/propedia_formatted/propedia_1bck_C/propedia_1bck_C_peptide.pdb,propedia
propedia_4rs9_B,/home/igem/unknown_software/datasets/propedia_formatted/propedia_4rs9_B/propedia_4rs9_B_protein_pocket.pdb,/home/igem/unknown_software/datasets/propedia_formatted/propedia_4rs9_B/propedia_4rs9_B_peptide.pdb,propedia_long
propedia_1tjh_P,/home/igem/unknown_software/datasets/propedia_formatted/propedia_1tjh_P/propedia_1tjh_P_protein_pocket.pdb,/home/igem/unknown_software/datasets/propedia_formatted/propedia_1tjh_P/propedia_1tjh_P_peptide.pdb,propedia
propedia_2w65_E,/home/igem/unknown_software/datasets/propedia_formatted/propedia_2w65_E/propedia_2w65_E_protein_pocket.pdb,/home/igem/unknown_software/datasets/propedia_formatted/propedia_2w65_E/propedia_2w65_E_peptide.pdb,propedia
propedia_1v9t_C,/home/igem/unknown_software/datasets/propedia_formatted/propedia_1v9t_C/propedia_1v9t_C_protein_pocket.pdb,/home/igem/unknown_software/datasets/propedia_formatted/propedia_1v9t_C/propedia_1v9t_C_peptide.pdb,propedia
propedia_3vxr_C,/home/igem/unknown_software/datasets/propedia_formatted/propedia_3vxr_C/propedia_3vxr_C_protein_pocket.pdb,/home/igem/unknown_software/datasets/propedia_formatted/propedia_3vxr_C/propedia_3vxr_C_peptide.pdb,propedia
propedia_2rdl_I,/home/igem/unknown_software/datasets/propedia_formatted/propedia_2rdl_I/propedia_2rdl_I_protein_pocket.pdb,/home/igem/unknown_software/datasets/propedia_formatted/propedia_2rdl_I/propedia_2rdl_I_peptide.pdb,propedia
propedia_4u6x_P,/home/igem/unknown_software/datasets/propedia_formatted/propedia_4u6x_P/propedia_4u6x_P_protein_pocket.pdb,/home/igem/unknown_software/datasets/propedia_formatted/propedia_4u6x_P/propedia_4u6x_P_peptide.pdb,propedia
propedia_1zfp_I,/home/igem/unknown_software/datasets/propedia_formatted/propedia_1zfp_I/propedia_1zfp_I_protein_pocket.pdb,/home/igem/unknown_software/datasets/propedia_formatted/propedia_1zfp_I/propedia_1zfp_I_peptide.pdb,propedia
propedia_2w9r_B,/home/igem/unknown_software/datasets/propedia_formatted/propedia_2w9r_B/propedia_2w9r_B_protein_pocket.pdb,/home/igem/unknown_software/datasets/propedia_formatted/propedia_2w9r_B/propedia_2w9r_B_peptide.pdb,propedia
propedia_4okw_B,/home/igem/unknown_software/datasets/propedia_formatted/propedia_4okw_B/propedia_4okw_B_protein_pocket.pdb,/home/igem/unknown_software/datasets/propedia_formatted/propedia_4okw_B/propedia_4okw_B_peptide.pdb,propedia
propedia_5hax_B,/home/igem/unknown_software/datasets/propedia_formatted/propedia_5hax_B/propedia_5hax_B_protein_pocket.pdb,/home/igem/unknown_software/datasets/propedia_formatted/propedia_5hax_B/propedia_5hax_B_peptide.pdb,propedia_long
propedia_1inq_C,/home/igem/unknown_software/datasets/propedia_formatted/propedia_1inq_C/propedia_1inq_C_protein_pocket.pdb,/home/igem/unknown_software/datasets/propedia_formatted/propedia_1inq_C/propedia_1inq_C_peptide.pdb,propedia
propedia_4dfw_D,/home/igem/unknown_software/datasets/propedia_formatted/propedia_4dfw_D/propedia_4dfw_D_protein_pocket.pdb,/home/igem/unknown_software/datasets/propedia_formatted/propedia_4dfw_D/propedia_4dfw_D_peptide.pdb,propedia
propedia_1c1u_I,/home/igem/unknown_software/datasets/propedia_formatted/propedia_1c1u_I/propedia_1c1u_I_protein_pocket.pdb,/home/igem/unknown_software/datasets/propedia_formatted/propedia_1c1u_I/propedia_1c1u_I_peptide.pdb,propedia
propedia_5ab0_E,/home/igem/unknown_software/datasets/propedia_formatted/propedia_5ab0_E/propedia_5ab0_E_protein_pocket.pdb,/home/igem/unknown_software/datasets/propedia_formatted/propedia_5ab0_E/propedia_5ab0_E_peptide.pdb,propedia
propedia_4cri_C,/home/igem/unknown_software/datasets/propedia_formatted/propedia_4cri_C/propedia_4cri_C_protein_pocket.pdb,/home/igem/unknown_software/datasets/propedia_formatted/propedia_4cri_C/propedia_4cri_C_peptide.pdb,propedia
propedia_1lqv_C,/home/igem/unknown_software/datasets/propedia_formatted/propedia_1lqv_C/propedia_1lqv_C_protein_pocket.pdb,/home/igem/unknown_software/datasets/propedia_formatted/propedia_1lqv_C/propedia_1lqv_C_peptide.pdb,propedia_long
propedia_4ezr_B,/home/igem/unknown_software/datasets/propedia_formatted/propedia_4ezr_B/propedia_4ezr_B_protein_pocket.pdb,/home/igem/unknown_software/datasets/propedia_formatted/propedia_4ezr_B/propedia_4ezr_B_peptide.pdb,propedia
propedia_3iiw_B,/home/igem/unknown_software/datasets/propedia_formatted/propedia_3iiw_B/propedia_3iiw_B_protein_pocket.pdb,/home/igem/unknown_software/datasets/propedia_formatted/propedia_3iiw_B/propedia_3iiw_B_peptide.pdb,propedia
propedia_2c2z_C,/home/igem/unknown_software/datasets/propedia_formatted/propedia_2c2z_C/propedia_2c2z_C_protein_pocket.pdb,/home/igem/unknown_software/datasets/propedia_formatted/propedia_2c2z_C/propedia_2c2z_C_peptide.pdb,propedia
propedia_1hia_I,/home/igem/unknown_software/datasets/propedia_formatted/propedia_1hia_I/propedia_1hia_I_protein_pocket.pdb,/home/igem/unknown_software/datasets/propedia_formatted/propedia_1hia_I/propedia_1hia_I_peptide.pdb,propedia_long
propedia_1c5w_A,/home/igem/unknown_software/datasets/propedia_formatted/propedia_1c5w_A/propedia_1c5w_A_protein_pocket.pdb,/home/igem/unknown_software/datasets/propedia_formatted/propedia_1c5w_A/propedia_1c5w_A_peptide.pdb,propedia
propedia_4u68_D,/home/igem/unknown_software/datasets/propedia_formatted/propedia_4u68_D/propedia_4u68_D_protein_pocket.pdb,/home/igem/unknown_software/datasets/propedia_formatted/propedia_4u68_D/propedia_4u68_D_peptide.pdb,propedia
propedia_3lex_C,/home/igem/unknown_software/datasets/propedia_formatted/propedia_3lex_C/propedia_3lex_C_protein_pocket.pdb,/home/igem/unknown_software/datasets/propedia_formatted/propedia_3lex_C/propedia_3lex_C_peptide.pdb,propedia
propedia_4ezo_C,/home/igem/unknown_software/datasets/propedia_formatted/propedia_4ezo_C/propedia_4ezo_C_protein_pocket.pdb,/home/igem/unknown_software/datasets/propedia_formatted/propedia_4ezo_C/propedia_4ezo_C_peptide.pdb,propedia
propedia_2rny_B,/home/igem/unknown_software/datasets/propedia_formatted/propedia_2rny_B/propedia_2rny_B_protein_pocket.pdb,/home/igem/unknown_software/datasets/propedia_formatted/propedia_2rny_B/propedia_2rny_B_peptide.pdb,propedia_long
propedia_1no9_I,/home/igem/unknown_software/datasets/propedia_formatted/propedia_1no9_I/propedia_1no9_I_protein_pocket.pdb,/home/igem/unknown_software/datasets/propedia_formatted/propedia_1no9_I/propedia_1no9_I_peptide.pdb,propedia
propedia_2nmb_B,/home/igem/unknown_software/datasets/propedia_formatted/propedia_2nmb_B/propedia_2nmb_B_protein_pocket.pdb,/home/igem/unknown_software/datasets/propedia_formatted/propedia_2nmb_B/propedia_2nmb_B_peptide.pdb,propedia
propedia_1zav_U,/home/igem/unknown_software/datasets/propedia_formatted/propedia_1zav_U/propedia_1zav_U_protein_pocket.pdb,/home/igem/unknown_software/datasets/propedia_formatted/propedia_1zav_U/propedia_1zav_U_peptide.pdb,propedia_long
propedia_3wng_C,/home/igem/unknown_software/datasets/propedia_formatted/propedia_3wng_C/propedia_3wng_C_protein_pocket.pdb,/home/igem/unknown_software/datasets/propedia_formatted/propedia_3wng_C/propedia_3wng_C_peptide.pdb,propedia
propedia_3t7g_C,/home/igem/unknown_software/datasets/propedia_formatted/propedia_3t7g_C/propedia_3t7g_C_protein_pocket.pdb,/home/igem/unknown_software/datasets/propedia_formatted/propedia_3t7g_C/propedia_3t7g_C_peptide.pdb,propedia
propedia_1smr_B,/home/igem/unknown_software/datasets/propedia_formatted/propedia_1smr_B/propedia_1smr_B_protein_pocket.pdb,/home/igem/unknown_software/datasets/propedia_formatted/propedia_1smr_B/propedia_1smr_B_peptide.pdb,propedia
propedia_2y07_P,/home/igem/unknown_software/datasets/propedia_formatted/propedia_2y07_P/propedia_2y07_P_protein_pocket.pdb,/home/igem/unknown_software/datasets/propedia_formatted/propedia_2y07_P/propedia_2y07_P_peptide.pdb,propedia
propedia_1dkx_B,/home/igem/unknown_software/datasets/propedia_formatted/propedia_1dkx_B/propedia_1dkx_B_protein_pocket.pdb,/home/igem/unknown_software/datasets/propedia_formatted/propedia_1dkx_B/propedia_1dkx_B_peptide.pdb,propedia
propedia_2seb_E,/home/igem/unknown_software/datasets/propedia_formatted/propedia_2seb_E/propedia_2seb_E_protein_pocket.pdb,/home/igem/unknown_software/datasets/propedia_formatted/propedia_2seb_E/propedia_2seb_E_peptide.pdb,propedia
propedia_4n3w_C,/home/igem/unknown_software/datasets/propedia_formatted/propedia_4n3w_C/propedia_4n3w_C_protein_pocket.pdb,/home/igem/unknown_software/datasets/propedia_formatted/propedia_4n3w_C/propedia_4n3w_C_peptide.pdb,propedia
propedia_2x2c_B,/home/igem/unknown_software/datasets/propedia_formatted/propedia_2x2c_B/propedia_2x2c_B_protein_pocket.pdb,/home/igem/unknown_software/datasets/propedia_formatted/propedia_2x2c_B/propedia_2x2c_B_peptide.pdb,propedia
propedia_3mgt_C,/home/igem/unknown_software/datasets/propedia_formatted/propedia_3mgt_C/propedia_3mgt_C_protein_pocket.pdb,/home/igem/unknown_software/datasets/propedia_formatted/propedia_3mgt_C/propedia_3mgt_C_peptide.pdb,propedia
propedia_4jo9_A,/home/igem/unknown_software/datasets/propedia_formatted/propedia_4jo9_A/propedia_4jo9_A_protein_pocket.pdb,/home/igem/unknown_software/datasets/propedia_formatted/propedia_4jo9_A/propedia_4jo9_A_peptide.pdb,propedia_long
propedia_3dx6_C,/home/igem/unknown_software/datasets/propedia_formatted/propedia_3dx6_C/propedia_3dx6_C_protein_pocket.pdb,/home/igem/unknown_software/datasets/propedia_formatted/propedia_3dx6_C/propedia_3dx6_C_peptide.pdb,propedia
propedia_3ghb_P,/home/igem/unknown_software/datasets/propedia_formatted/propedia_3ghb_P/propedia_3ghb_P_protein_pocket.pdb,/home/igem/unknown_software/datasets/propedia_formatted/propedia_3ghb_P/propedia_3ghb_P_peptide.pdb,propedia
propedia_6km7_C,/home/igem/unknown_software/datasets/propedia_formatted/propedia_6km7_C/propedia_6km7_C_protein_pocket.pdb,/home/igem/unknown_software/datasets/propedia_formatted/propedia_6km7_C/propedia_6km7_C_peptide.pdb,propedia_long
propedia_3avi_D,/home/igem/unknown_software/datasets/propedia_formatted/propedia_3avi_D/propedia_3avi_D_protein_pocket.pdb,/home/igem/unknown_software/datasets/propedia_formatted/propedia_3avi_D/propedia_3avi_D_peptide.pdb,propedia
propedia_4qe6_B,/home/igem/unknown_software/datasets/propedia_formatted/propedia_4qe6_B/propedia_4qe6_B_protein_pocket.pdb,/home/igem/unknown_software/datasets/propedia_formatted/propedia_4qe6_B/propedia_4qe6_B_peptide.pdb,propedia_long
propedia_1u3h_I,/home/igem/unknown_software/datasets/propedia_formatted/propedia_1u3h_I/propedia_1u3h_I_protein_pocket.pdb,/home/igem/unknown_software/datasets/propedia_formatted/propedia_1u3h_I/propedia_1u3h_I_peptide.pdb,propedia
propedia_4lg6_B,/home/igem/unknown_software/datasets/propedia_formatted/propedia_4lg6_B/propedia_4lg6_B_protein_pocket.pdb,/home/igem/unknown_software/datasets/propedia_formatted/propedia_4lg6_B/propedia_4lg6_B_peptide.pdb,propedia_long
propedia_2ghq_C,/home/igem/unknown_software/datasets/propedia_formatted/propedia_2ghq_C/propedia_2ghq_C_protein_pocket.pdb,/home/igem/unknown_software/datasets/propedia_formatted/propedia_2ghq_C/propedia_2ghq_C_peptide.pdb,propedia
propedia_1d0a_G,/home/igem/unknown_software/datasets/propedia_formatted/propedia_1d0a_G/propedia_1d0a_G_protein_pocket.pdb,/home/igem/unknown_software/datasets/propedia_formatted/propedia_1d0a_G/propedia_1d0a_G_peptide.pdb,propedia
propedia_1cwc_C,/home/igem/unknown_software/datasets/propedia_formatted/propedia_1cwc_C/propedia_1cwc_C_protein_pocket.pdb,/home/igem/unknown_software/datasets/propedia_formatted/propedia_1cwc_C/propedia_1cwc_C_peptide.pdb,propedia
propedia_4gfu_F,/home/igem/unknown_software/datasets/propedia_formatted/propedia_4gfu_F/propedia_4gfu_F_protein_pocket.pdb,/home/igem/unknown_software/datasets/propedia_formatted/propedia_4gfu_F/propedia_4gfu_F_peptide.pdb,propedia
propedia_4czs_E,/home/igem/unknown_software/datasets/propedia_formatted/propedia_4czs_E/propedia_4czs_E_protein_pocket.pdb,/home/igem/unknown_software/datasets/propedia_formatted/propedia_4czs_E/propedia_4czs_E_peptide.pdb,propedia
propedia_1h9o_B,/home/igem/unknown_software/datasets/propedia_formatted/propedia_1h9o_B/propedia_1h9o_B_protein_pocket.pdb,/home/igem/unknown_software/datasets/propedia_formatted/propedia_1h9o_B/propedia_1h9o_B_peptide.pdb,propedia
propedia_4oww_C,/home/igem/unknown_software/datasets/propedia_formatted/propedia_4oww_C/propedia_4oww_C_protein_pocket.pdb,/home/igem/unknown_software/datasets/propedia_formatted/propedia_4oww_C/propedia_4oww_C_peptide.pdb,propedia_long
propedia_3k2u_B,/home/igem/unknown_software/datasets/propedia_formatted/propedia_3k2u_B/propedia_3k2u_B_protein_pocket.pdb,/home/igem/unknown_software/datasets/propedia_formatted/propedia_3k2u_B/propedia_3k2u_B_peptide.pdb,propedia
propedia_6rpr_G,/home/igem/unknown_software/datasets/propedia_formatted/propedia_6rpr_G/propedia_6rpr_G_protein_pocket.pdb,/home/igem/unknown_software/datasets/propedia_formatted/propedia_6rpr_G/propedia_6rpr_G_peptide.pdb,propedia_long
propedia_2qho_B,/home/igem/unknown_software/datasets/propedia_formatted/propedia_2qho_B/propedia_2qho_B_protein_pocket.pdb,/home/igem/unknown_software/datasets/propedia_formatted/propedia_2qho_B/propedia_2qho_B_peptide.pdb,propedia_long
propedia_4g9f_C,/home/igem/unknown_software/datasets/propedia_formatted/propedia_4g9f_C/propedia_4g9f_C_protein_pocket.pdb,/home/igem/unknown_software/datasets/propedia_formatted/propedia_4g9f_C/propedia_4g9f_C_peptide.pdb,propedia
propedia_3cbm_B,/home/igem/unknown_software/datasets/propedia_formatted/propedia_3cbm_B/propedia_3cbm_B_protein_pocket.pdb,/home/igem/unknown_software/datasets/propedia_formatted/propedia_3cbm_B/propedia_3cbm_B_peptide.pdb,propedia
propedia_5aum_C,/home/igem/unknown_software/datasets/propedia_formatted/propedia_5aum_C/propedia_5aum_C_protein_pocket.pdb,/home/igem/unknown_software/datasets/propedia_formatted/propedia_5aum_C/propedia_5aum_C_peptide.pdb,propedia
propedia_3d81_C,/home/igem/unknown_software/datasets/propedia_formatted/propedia_3d81_C/propedia_3d81_C_protein_pocket.pdb,/home/igem/unknown_software/datasets/propedia_formatted/propedia_3d81_C/propedia_3d81_C_peptide.pdb,propedia
propedia_4joe_C,/home/igem/unknown_software/datasets/propedia_formatted/propedia_4joe_C/propedia_4joe_C_protein_pocket.pdb,/home/igem/unknown_software/datasets/propedia_formatted/propedia_4joe_C/propedia_4joe_C_peptide.pdb,propedia
propedia_1shc_B,/home/igem/unknown_software/datasets/propedia_formatted/propedia_1shc_B/propedia_1shc_B_protein_pocket.pdb,/home/igem/unknown_software/datasets/propedia_formatted/propedia_1shc_B/propedia_1shc_B_peptide.pdb,propedia
propedia_4yyk_C,/home/igem/unknown_software/datasets/propedia_formatted/propedia_4yyk_C/propedia_4yyk_C_protein_pocket.pdb,/home/igem/unknown_software/datasets/propedia_formatted/propedia_4yyk_C/propedia_4yyk_C_peptide.pdb,propedia
propedia_3o6m_C,/home/igem/unknown_software/datasets/propedia_formatted/propedia_3o6m_C/propedia_3o6m_C_protein_pocket.pdb,/home/igem/unknown_software/datasets/propedia_formatted/propedia_3o6m_C/propedia_3o6m_C_peptide.pdb,propedia
propedia_6n87_C,/home/igem/unknown_software/datasets/propedia_formatted/propedia_6n87_C/propedia_6n87_C_protein_pocket.pdb,/home/igem/unknown_software/datasets/propedia_formatted/propedia_6n87_C/propedia_6n87_C_peptide.pdb,propedia_long
propedia_2qqf_B,/home/igem/unknown_software/datasets/propedia_formatted/propedia_2qqf_B/propedia_2qqf_B_protein_pocket.pdb,/home/igem/unknown_software/datasets/propedia_formatted/propedia_2qqf_B/propedia_2qqf_B_peptide.pdb,propedia
propedia_2ff6_H,/home/igem/unknown_software/datasets/propedia_formatted/propedia_2ff6_H/propedia_2ff6_H_protein_pocket.pdb,/home/igem/unknown_software/datasets/propedia_formatted/propedia_2ff6_H/propedia_2ff6_H_peptide.pdb,propedia
propedia_1rmh_C,/home/igem/unknown_software/datasets/propedia_formatted/propedia_1rmh_C/propedia_1rmh_C_protein_pocket.pdb,/home/igem/unknown_software/datasets/propedia_formatted/propedia_1rmh_C/propedia_1rmh_C_peptide.pdb,propedia
propedia_3mv8_C,/home/igem/unknown_software/datasets/propedia_formatted/propedia_3mv8_C/propedia_3mv8_C_protein_pocket.pdb,/home/igem/unknown_software/datasets/propedia_formatted/propedia_3mv8_C/propedia_3mv8_C_peptide.pdb,propedia
propedia_5otv_B,/home/igem/unknown_software/datasets/propedia_formatted/propedia_5otv_B/propedia_5otv_B_protein_pocket.pdb,/home/igem/unknown_software/datasets/propedia_formatted/propedia_5otv_B/propedia_5otv_B_peptide.pdb,propedia_long
propedia_2v6x_B,/home/igem/unknown_software/datasets/propedia_formatted/propedia_2v6x_B/propedia_2v6x_B_protein_pocket.pdb,/home/igem/unknown_software/datasets/propedia_formatted/propedia_2v6x_B/propedia_2v6x_B_peptide.pdb,propedia_long
propedia_1kjg_P,/home/igem/unknown_software/datasets/propedia_formatted/propedia_1kjg_P/propedia_1kjg_P_protein_pocket.pdb,/home/igem/unknown_software/datasets/propedia_formatted/propedia_1kjg_P/propedia_1kjg_P_peptide.pdb,propedia
propedia_3qw7_B,/home/igem/unknown_software/datasets/propedia_formatted/propedia_3qw7_B/propedia_3qw7_B_protein_pocket.pdb,/home/igem/unknown_software/datasets/propedia_formatted/propedia_3qw7_B/propedia_3qw7_B_peptide.pdb,propedia
propedia_2dze_X,/home/igem/unknown_software/datasets/propedia_formatted/propedia_2dze_X/propedia_2dze_X_protein_pocket.pdb,/home/igem/unknown_software/datasets/propedia_formatted/propedia_2dze_X/propedia_2dze_X_peptide.pdb,propedia
propedia_1zba_4,/home/igem/unknown_software/datasets/propedia_formatted/propedia_1zba_4/propedia_1zba_4_protein_pocket.pdb,/home/igem/unknown_software/datasets/propedia_formatted/propedia_1zba_4/propedia_1zba_4_peptide.pdb,propedia_long
propedia_1m7e_D,/home/igem/unknown_software/datasets/propedia_formatted/propedia_1m7e_D/propedia_1m7e_D_protein_pocket.pdb,/home/igem/unknown_software/datasets/propedia_formatted/propedia_1m7e_D/propedia_1m7e_D_peptide.pdb,propedia
propedia_1cho_E,/home/igem/unknown_software/datasets/propedia_formatted/propedia_1cho_E/propedia_1cho_E_protein_pocket.pdb,/home/igem/unknown_software/datasets/propedia_formatted/propedia_1cho_E/propedia_1cho_E_peptide.pdb,propedia
propedia_4nuu_C,/home/igem/unknown_software/datasets/propedia_formatted/propedia_4nuu_C/propedia_4nuu_C_protein_pocket.pdb,/home/igem/unknown_software/datasets/propedia_formatted/propedia_4nuu_C/propedia_4nuu_C_peptide.pdb,propedia
propedia_2kxh_B,/home/igem/unknown_software/datasets/propedia_formatted/propedia_2kxh_B/propedia_2kxh_B_protein_pocket.pdb,/home/igem/unknown_software/datasets/propedia_formatted/propedia_2kxh_B/propedia_2kxh_B_peptide.pdb,propedia_long
propedia_1de7_A,/home/igem/unknown_software/datasets/propedia_formatted/propedia_1de7_A/propedia_1de7_A_protein_pocket.pdb,/home/igem/unknown_software/datasets/propedia_formatted/propedia_1de7_A/propedia_1de7_A_peptide.pdb,propedia
propedia_3abd_X,/home/igem/unknown_software/datasets/propedia_formatted/propedia_3abd_X/propedia_3abd_X_protein_pocket.pdb,/home/igem/unknown_software/datasets/propedia_formatted/propedia_3abd_X/propedia_3abd_X_peptide.pdb,propedia_long
propedia_5tgi_C,/home/igem/unknown_software/datasets/propedia_formatted/propedia_5tgi_C/propedia_5tgi_C_protein_pocket.pdb,/home/igem/unknown_software/datasets/propedia_formatted/propedia_5tgi_C/propedia_5tgi_C_peptide.pdb,propedia_long
propedia_1pso_I,/home/igem/unknown_software/datasets/propedia_formatted/propedia_1pso_I/propedia_1pso_I_protein_pocket.pdb,/home/igem/unknown_software/datasets/propedia_formatted/propedia_1pso_I/propedia_1pso_I_peptide.pdb,propedia
propedia_1xn2_E,/home/igem/unknown_software/datasets/propedia_formatted/propedia_1xn2_E/propedia_1xn2_E_protein_pocket.pdb,/home/igem/unknown_software/datasets/propedia_formatted/propedia_1xn2_E/propedia_1xn2_E_peptide.pdb,propedia
propedia_6dae_C,/home/igem/unknown_software/datasets/propedia_formatted/propedia_6dae_C/propedia_6dae_C_protein_pocket.pdb,/home/igem/unknown_software/datasets/propedia_formatted/propedia_6dae_C/propedia_6dae_C_peptide.pdb,propedia_long
propedia_6i2a_D,/home/igem/unknown_software/datasets/propedia_formatted/propedia_6i2a_D/propedia_6i2a_D_protein_pocket.pdb,/home/igem/unknown_software/datasets/propedia_formatted/propedia_6i2a_D/propedia_6i2a_D_peptide.pdb,propedia_long
propedia_4nmr_C,/home/igem/unknown_software/datasets/propedia_formatted/propedia_4nmr_C/propedia_4nmr_C_protein_pocket.pdb,/home/igem/unknown_software/datasets/propedia_formatted/propedia_4nmr_C/propedia_4nmr_C_peptide.pdb,propedia
propedia_4jxt_B,/home/igem/unknown_software/datasets/propedia_formatted/propedia_4jxt_B/propedia_4jxt_B_protein_pocket.pdb,/home/igem/unknown_software/datasets/propedia_formatted/propedia_4jxt_B/propedia_4jxt_B_peptide.pdb,propedia
propedia_1gvu_I,/home/igem/unknown_software/datasets/propedia_formatted/propedia_1gvu_I/propedia_1gvu_I_protein_pocket.pdb,/home/igem/unknown_software/datasets/propedia_formatted/propedia_1gvu_I/propedia_1gvu_I_peptide.pdb,propedia
propedia_1om9_P,/home/igem/unknown_software/datasets/propedia_formatted/propedia_1om9_P/propedia_1om9_P_protein_pocket.pdb,/home/igem/unknown_software/datasets/propedia_formatted/propedia_1om9_P/propedia_1om9_P_peptide.pdb,propedia
propedia_3u4s_C,/home/igem/unknown_software/datasets/propedia_formatted/propedia_3u4s_C/propedia_3u4s_C_protein_pocket.pdb,/home/igem/unknown_software/datasets/propedia_formatted/propedia_3u4s_C/propedia_3u4s_C_peptide.pdb,propedia
propedia_1sts_M,/home/igem/unknown_software/datasets/propedia_formatted/propedia_1sts_M/propedia_1sts_M_protein_pocket.pdb,/home/igem/unknown_software/datasets/propedia_formatted/propedia_1sts_M/propedia_1sts_M_peptide.pdb,propedia
propedia_3p1s_P,/home/igem/unknown_software/datasets/propedia_formatted/propedia_3p1s_P/propedia_3p1s_P_protein_pocket.pdb,/home/igem/unknown_software/datasets/propedia_formatted/propedia_3p1s_P/propedia_3p1s_P_peptide.pdb,propedia
propedia_1s9v_C,/home/igem/unknown_software/datasets/propedia_formatted/propedia_1s9v_C/propedia_1s9v_C_protein_pocket.pdb,/home/igem/unknown_software/datasets/propedia_formatted/propedia_1s9v_C/propedia_1s9v_C_peptide.pdb,propedia
propedia_3fdo_B,/home/igem/unknown_software/datasets/propedia_formatted/propedia_3fdo_B/propedia_3fdo_B_protein_pocket.pdb,/home/igem/unknown_software/datasets/propedia_formatted/propedia_3fdo_B/propedia_3fdo_B_peptide.pdb,propedia_long
propedia_4glr_A,/home/igem/unknown_software/datasets/propedia_formatted/propedia_4glr_A/propedia_4glr_A_protein_pocket.pdb,/home/igem/unknown_software/datasets/propedia_formatted/propedia_4glr_A/propedia_4glr_A_peptide.pdb,propedia
propedia_4cha_A,/home/igem/unknown_software/datasets/propedia_formatted/propedia_4cha_A/propedia_4cha_A_protein_pocket.pdb,/home/igem/unknown_software/datasets/propedia_formatted/propedia_4cha_A/propedia_4cha_A_peptide.pdb,propedia
propedia_1a4w_I,/home/igem/unknown_software/datasets/propedia_formatted/propedia_1a4w_I/propedia_1a4w_I_protein_pocket.pdb,/home/igem/unknown_software/datasets/propedia_formatted/propedia_1a4w_I/propedia_1a4w_I_peptide.pdb,propedia
propedia_1e4w_P,/home/igem/unknown_software/datasets/propedia_formatted/propedia_1e4w_P/propedia_1e4w_P_protein_pocket.pdb,/home/igem/unknown_software/datasets/propedia_formatted/propedia_1e4w_P/propedia_1e4w_P_peptide.pdb,propedia
propedia_3vux_E,/home/igem/unknown_software/datasets/propedia_formatted/propedia_3vux_E/propedia_3vux_E_protein_pocket.pdb,/home/igem/unknown_software/datasets/propedia_formatted/propedia_3vux_E/propedia_3vux_E_peptide.pdb,propedia_long
propedia_2n9p_A,/home/igem/unknown_software/datasets/propedia_formatted/propedia_2n9p_A/propedia_2n9p_A_protein_pocket.pdb,/home/igem/unknown_software/datasets/propedia_formatted/propedia_2n9p_A/propedia_2n9p_A_peptide.pdb,propedia_long
propedia_1vf6_D,/home/igem/unknown_software/datasets/propedia_formatted/propedia_1vf6_D/propedia_1vf6_D_protein_pocket.pdb,/home/igem/unknown_software/datasets/propedia_formatted/propedia_1vf6_D/propedia_1vf6_D_peptide.pdb,propedia_long
propedia_5jp2_E,/home/igem/unknown_software/datasets/propedia_formatted/propedia_5jp2_E/propedia_5jp2_E_protein_pocket.pdb,/home/igem/unknown_software/datasets/propedia_formatted/propedia_5jp2_E/propedia_5jp2_E_peptide.pdb,propedia_long
propedia_2l0i_B,/home/igem/unknown_software/datasets/propedia_formatted/propedia_2l0i_B/propedia_2l0i_B_protein_pocket.pdb,/home/igem/unknown_software/datasets/propedia_formatted/propedia_2l0i_B/propedia_2l0i_B_peptide.pdb,propedia
propedia_4cyd_F,/home/igem/unknown_software/datasets/propedia_formatted/propedia_4cyd_F/propedia_4cyd_F_protein_pocket.pdb,/home/igem/unknown_software/datasets/propedia_formatted/propedia_4cyd_F/propedia_4cyd_F_peptide.pdb,propedia_long
propedia_4odp_B,/home/igem/unknown_software/datasets/propedia_formatted/propedia_4odp_B/propedia_4odp_B_protein_pocket.pdb,/home/igem/unknown_software/datasets/propedia_formatted/propedia_4odp_B/propedia_4odp_B_peptide.pdb,propedia
propedia_1ikf_C,/home/igem/unknown_software/datasets/propedia_formatted/propedia_1ikf_C/propedia_1ikf_C_protein_pocket.pdb,/home/igem/unknown_software/datasets/propedia_formatted/propedia_1ikf_C/propedia_1ikf_C_peptide.pdb,propedia
propedia_4mnv_B,/home/igem/unknown_software/datasets/propedia_formatted/propedia_4mnv_B/propedia_4mnv_B_protein_pocket.pdb,/home/igem/unknown_software/datasets/propedia_formatted/propedia_4mnv_B/propedia_4mnv_B_peptide.pdb,propedia
propedia_6bwa_B,/home/igem/unknown_software/datasets/propedia_formatted/propedia_6bwa_B/propedia_6bwa_B_protein_pocket.pdb,/home/igem/unknown_software/datasets/propedia_formatted/propedia_6bwa_B/propedia_6bwa_B_peptide.pdb,propedia_long
propedia_4dat_B,/home/igem/unknown_software/datasets/propedia_formatted/propedia_4dat_B/propedia_4dat_B_protein_pocket.pdb,/home/igem/unknown_software/datasets/propedia_formatted/propedia_4dat_B/propedia_4dat_B_peptide.pdb,propedia
propedia_4e34_C,/home/igem/unknown_software/datasets/propedia_formatted/propedia_4e34_C/propedia_4e34_C_protein_pocket.pdb,/home/igem/unknown_software/datasets/propedia_formatted/propedia_4e34_C/propedia_4e34_C_peptide.pdb,propedia
propedia_2y06_P,/home/igem/unknown_software/datasets/propedia_formatted/propedia_2y06_P/propedia_2y06_P_protein_pocket.pdb,/home/igem/unknown_software/datasets/propedia_formatted/propedia_2y06_P/propedia_2y06_P_peptide.pdb,propedia
propedia_3fhv_C,/home/igem/unknown_software/datasets/propedia_formatted/propedia_3fhv_C/propedia_3fhv_C_protein_pocket.pdb,/home/igem/unknown_software/datasets/propedia_formatted/propedia_3fhv_C/propedia_3fhv_C_peptide.pdb,propedia
propedia_2v3o_I,/home/igem/unknown_software/datasets/propedia_formatted/propedia_2v3o_I/propedia_2v3o_I_protein_pocket.pdb,/home/igem/unknown_software/datasets/propedia_formatted/propedia_2v3o_I/propedia_2v3o_I_peptide.pdb,propedia
propedia_3o3e_C,/home/igem/unknown_software/datasets/propedia_formatted/propedia_3o3e_C/propedia_3o3e_C_protein_pocket.pdb,/home/igem/unknown_software/datasets/propedia_formatted/propedia_3o3e_C/propedia_3o3e_C_peptide.pdb,propedia
propedia_3zg9_A,/home/igem/unknown_software/datasets/propedia_formatted/propedia_3zg9_A/propedia_3zg9_A_protein_pocket.pdb,/home/igem/unknown_software/datasets/propedia_formatted/propedia_3zg9_A/propedia_3zg9_A_peptide.pdb,propedia_long
propedia_4qc3_C,/home/igem/unknown_software/datasets/propedia_formatted/propedia_4qc3_C/propedia_4qc3_C_protein_pocket.pdb,/home/igem/unknown_software/datasets/propedia_formatted/propedia_4qc3_C/propedia_4qc3_C_peptide.pdb,propedia
propedia_1bc5_T,/home/igem/unknown_software/datasets/propedia_formatted/propedia_1bc5_T/propedia_1bc5_T_protein_pocket.pdb,/home/igem/unknown_software/datasets/propedia_formatted/propedia_1bc5_T/propedia_1bc5_T_peptide.pdb,propedia
propedia_2q7j_B,/home/igem/unknown_software/datasets/propedia_formatted/propedia_2q7j_B/propedia_2q7j_B_protein_pocket.pdb,/home/igem/unknown_software/datasets/propedia_formatted/propedia_2q7j_B/propedia_2q7j_B_peptide.pdb,propedia_long
