{
  "alpha": 2.0,
  "beta": 0.0,
  "calibrated_at": "2026-05-26T22:57:15.332722+00:00",
  "training_csv": "data/training_complexes_kd_clean.csv",
  "n_complexes": 54,
  "n_contact_residues_training": [
    7,
    5,
    7,
    9,
    16,
    10,
    14,
    11,
    8,
    7,
    5,
    7,
    7,
    11,
    9,
    11,
    19,
    10,
    10,
    15,
    11,
    15,
    7,
    27,
    17,
    7,
    18,
    10,
    15,
    12,
    8,
    26,
    8,
    10,
    7,
    7,
    6,
    10,
    9,
    10,
    9,
    32,
    11,
    32,
    9,
    14,
    15,
    18,
    16,
    11,
    14,
    9,
    9,
    11
  ],
  "pearson_r": 0.1955116586005069,
  "rmse_kcal_mol": 22.262726778390153,
  "entropy_mode": "contact",
  "gamma": 0.2
}