{
  "alpha": 0.6433129853781744,
  "beta": 0.24093917535013332,
  "calibrated_at": "2026-04-30T20:13:48.528891+00:00",
  "training_csv": "data/training_complexes.csv",
  "n_complexes": 2,
  "pearson_r": 1.0,
  "rmse_kcal_mol": 1.7745376190236307e-07
}