{
  "schema_version": 3,
  "model_type": "per_family_ridge",
  "clustering": {
    "method": "kmer_jaccard_agglomerative",
    "k": 6,
    "threshold": 0.3
  },
  "families": {
    "11": {
      "w_vina": -0.27052790186329234,
      "w_contact": -0.0633804094282845,
      "w_s_ss_weighted": -0.09071993280774429,
      "intercept": -11.772981447222515,
      "n_complexes": 19,
      "in_sample_r": 0.5029322477192888,
      "loo_pearson_r": -0.0639784360719962,
      "loo_rmse_kcal_mol": 1.4301349646436698,
      "pdbs": [
        "1q8w",
        "1stc",
        "1yds",
        "1ydt",
        "2c1a",
        "2gni",
        "2jdt",
        "3vqh",
        "4c34",
        "4c36",
        "5lcp",
        "5nw8",
        "5o0e",
        "5ok3",
        "6erw",
        "6i2a",
        "6i2c",
        "6yna",
        "8fe2"
      ]
    },
    "28": {
      "w_vina": -0.16233298630668477,
      "w_contact": -0.1553058616431019,
      "w_s_ss_weighted": 0.01743338988456495,
      "intercept": -12.82393322737371,
      "n_complexes": 30,
      "in_sample_r": 0.35590938670736727,
      "loo_pearson_r": 0.1544064744409448,
      "loo_rmse_kcal_mol": 1.31512604216644,
      "pdbs": [
        "1t5z",
        "1t63",
        "1t65",
        "1t73",
        "1t74",
        "1t76",
        "1t79",
        "1t7f",
        "1t7m",
        "1t7r",
        "2q7i",
        "2q7j",
        "2q7k",
        "2q7l",
        "2qpy",
        "3l3x",
        "3l3z",
        "3v49",
        "3v4a",
        "4oey",
        "4oez",
        "4ofr",
        "4ofu",
        "4oh5",
        "4oha",
        "4ok1",
        "4okt",
        "4okw",
        "4okx",
        "5cj6"
      ]
    },
    "20": {
      "w_vina": 0.47902663132931367,
      "w_contact": -0.17357314475155244,
      "w_s_ss_weighted": 0.21883156930583972,
      "intercept": -4.712989823048446,
      "n_complexes": 25,
      "in_sample_r": 0.427584311156662,
      "loo_pearson_r": -0.019612426271506406,
      "loo_rmse_kcal_mol": 2.4253079903570423,
      "pdbs": [
        "1zgy",
        "3cs8",
        "3fur",
        "5gto",
        "5gtp",
        "5ycn",
        "5ycp",
        "5z5s",
        "5z6s",
        "6ad9",
        "6d94",
        "6izm",
        "6izn",
        "6oni",
        "6onj",
        "6pdz",
        "6t1v",
        "7wgo",
        "7wgq",
        "8b8x",
        "8b8y",
        "8b93",
        "8fhe",
        "8hum",
        "8hup"
      ]
    },
    "36": {
      "w_vina": -7.722944592645716e-31,
      "w_contact": -7.4155710284978635e-31,
      "w_s_ss_weighted": -2.581012649049095e-32,
      "intercept": -5.912632099999999,
      "n_complexes": 11,
      "in_sample_r": NaN,
      "loo_pearson_r": NaN,
      "loo_rmse_kcal_mol": 8.881784197001252e-16,
      "pdbs": [
        "2xum",
        "4b7e",
        "4b7k",
        "4jaa",
        "6h9j",
        "6ha6",
        "6hc8",
        "6hkp",
        "6hl5",
        "6hl6",
        "6ruj"
      ]
    },
    "2": {
      "w_vina": -1.114331993312061,
      "w_contact": -0.9289936838618361,
      "w_s_ss_weighted": 0.2295535928022661,
      "intercept": -14.327371793583941,
      "n_complexes": 16,
      "in_sample_r": 0.6701066428669841,
      "loo_pearson_r": 0.24872508901122165,
      "loo_rmse_kcal_mol": 1.6537818936307551,
      "pdbs": [
        "3l0j",
        "4nie",
        "4wlb",
        "4wpf",
        "4wqp",
        "5aph",
        "5apj",
        "5apk",
        "5ni5",
        "6e3g",
        "6fzu",
        "6g05",
        "6r7j",
        "7kco",
        "7ofi",
        "7ofk"
      ]
    },
    "18": {
      "w_vina": -0.23454226223153582,
      "w_contact": -0.2821106784260494,
      "w_s_ss_weighted": -0.1093927787610126,
      "intercept": -8.168512200535092,
      "n_complexes": 15,
      "in_sample_r": 0.596267155876035,
      "loo_pearson_r": 0.2680980684722535,
      "loo_rmse_kcal_mol": 1.359103015305647,
      "pdbs": [
        "3oap",
        "4k4j",
        "4k6i",
        "4poh",
        "4poj",
        "4pp3",
        "4rmd",
        "5ec9",
        "5lyq",
        "6lb5",
        "6lb6",
        "6sti",
        "7pdq",
        "7uw4",
        "8pp0"
      ]
    },
    "5": {
      "w_vina": 0.010003354817601897,
      "w_contact": 0.07147968972056643,
      "w_s_ss_weighted": -0.7209450289486773,
      "intercept": 1.189353976163524,
      "n_complexes": 11,
      "in_sample_r": 0.7562950850484961,
      "loo_pearson_r": 0.4734851831153196,
      "loo_rmse_kcal_mol": 2.2602835172296794,
      "pdbs": [
        "5q0i",
        "5q0m",
        "5q0r",
        "5q0w",
        "5q10",
        "5q15",
        "5q16",
        "5q17",
        "5q18",
        "5q1g",
        "6hl1"
      ]
    },
    "34": {
      "w_vina": -0.8452181228768519,
      "w_contact": -0.2734353157959409,
      "w_s_ss_weighted": 1.3311294029099963,
      "intercept": -17.66911340511262,
      "n_complexes": 19,
      "in_sample_r": 0.5910790129452322,
      "loo_pearson_r": 0.3218813282353133,
      "loo_rmse_kcal_mol": 1.3236525146645874,
      "pdbs": [
        "6tof",
        "6tog",
        "6toh",
        "6toi",
        "6ton",
        "6too",
        "7oke",
        "7okf",
        "7okg",
        "7okh",
        "7oki",
        "7okj",
        "7okk",
        "7okl",
        "7okm",
        "7q7s",
        "7q7t",
        "7zwv",
        "7zwy"
      ]
    }
  },
  "fallback": {
    "w_vina": -0.04866235042870212,
    "w_contact": 0.005435407360170804,
    "w_s_ss_weighted": 0.05112061286806704,
    "intercept": -10.366891004672262,
    "n_complexes": 94,
    "in_sample_r": 0.2406278140494235,
    "loo_pearson_r": 0.10365556199958532,
    "loo_rmse_kcal_mol": 2.1071994861694296,
    "pdbs": [
      "1c5w",
      "1c5x",
      "1c5y",
      "1cvu",
      "1ddv",
      "1gja",
      "1gjd",
      "1nrl",
      "1nvr",
      "1nvs",
      "1o5b",
      "1ta2",
      "1x7j",
      "1ycr",
      "1zaf",
      "1zgv",
      "2bdy",
      "2jdo",
      "2od9",
      "2oq6",
      "2ot7",
      "2qqg",
      "3ama",
      "3cbl",
      "3cd3",
      "3cy3",
      "3et1",
      "3hqr",
      "3hqu",
      "3i7z",
      "3ipq",
      "3kmr",
      "3kmz",
      "3ma3",
      "3omo",
      "3omp",
      "3omq",
      "3oxi",
      "4c78",
      "4dk7",
      "4g1w",
      "4jyg",
      "4lsj",
      "4nm0",
      "4nm3",
      "4oar",
      "4udd",
      "5ab0",
      "5ei3",
      "5g3j",
      "5h17",
      "5h24",
      "5hjs",
      "5kr9",
      "5l11",
      "5l9v",
      "5las",
      "5mwp",
      "5mwy",
      "5nft",
      "5syz",
      "5unj",
      "6el7",
      "6el9",
      "6gev",
      "6gg8",
      "6ggg",
      "6gtv",
      "6gtz",
      "6hk3",
      "6kkb",
      "6l71",
      "6oqx",
      "6oqy",
      "6or1",
      "6vc2",
      "6vif",
      "6yw2",
      "6yw4",
      "7apo",
      "7bpy",
      "7bpz",
      "7bq2",
      "7bq3",
      "7bq4",
      "7jyd",
      "7qfm",
      "7sxf",
      "7sxj",
      "7wlx",
      "8afr",
      "8huq",
      "8ia5",
      "8r0y"
    ]
  },
  "membership_assignments": {
    "1c5w": 40,
    "1c5x": 40,
    "1c5y": 40,
    "1cvu": 41,
    "1ddv": 42,
    "1gja": 40,
    "1gjd": 40,
    "1nrl": 43,
    "1nvr": 15,
    "1nvs": 15,
    "1o5b": 40,
    "1q8w": 11,
    "1stc": 11,
    "1t5z": 28,
    "1t63": 28,
    "1t65": 28,
    "1t73": 28,
    "1t74": 28,
    "1t76": 28,
    "1t79": 28,
    "1t7f": 28,
    "1t7m": 28,
    "1t7r": 28,
    "1ta2": 39,
    "1x7j": 26,
    "1ycr": 32,
    "1yds": 11,
    "1ydt": 11,
    "1zaf": 26,
    "1zgv": 39,
    "1zgy": 20,
    "2bdy": 39,
    "2c1a": 11,
    "2gni": 11,
    "2jdo": 13,
    "2jdt": 11,
    "2od9": 8,
    "2oq6": 14,
    "2ot7": 14,
    "2q7i": 28,
    "2q7j": 28,
    "2q7k": 28,
    "2q7l": 28,
    "2qpy": 28,
    "2qqg": 8,
    "2xum": 36,
    "3ama": 12,
    "3cbl": 16,
    "3cd3": 16,
    "3cs8": 20,
    "3cy3": 1,
    "3et1": 19,
    "3fur": 20,
    "3hqr": 35,
    "3hqu": 35,
    "3i7z": 44,
    "3ipq": 6,
    "3kmr": 3,