{
  "alpha": 0.1,
  "beta": 0.0,
  "calibrated_at": "2026-05-22T00:16:22.090275+00:00",
  "training_csv": "data/training_complexes.csv",
  "n_complexes": 6,
  "n_contact_residues_training": [
    15,
    10,
    7,
    5,
    9,
    5
  ],
  "pearson_r": 0.859679316706224,
  "rmse_kcal_mol": 1.7347625403637263,
  "entropy_mode": "contact",
  "gamma": 0.2
}