{
  "feature_names": [
    "poc_n",
    "poc_f_hyd",
    "poc_f_arom",
    "poc_net",
    "poc_eis",
    "bsa_hyd",
    "sasa_hb",
    "sasa_sb",
    "arom_cc",
    "hb_count",
    "mj_contact",
    "strength_bur",
    "rg_per_L",
    "org_density",
    "cys_frac",
    "mean_burial"
  ],
  "geo_intercept": -8.917514542307691,
  "geo_weights": [
    -0.5114966996379922,
    -0.451754494641974,
    -0.055504361477982635,
    -0.1013331595473199,
    0.5000552558343979,
    -0.5040596547949122,
    1.2353016670774926,
    -0.05006309133447064,
    0.0659962288645079,
    -0.6393282947071558,
    -0.622611066463644,
    -0.11208465868533994,
    0.7387901918885983,
    -0.31283356283280894,
    -0.28237576520828417,
    -0.35006485019780015
  ],
  "geo_mean": [
    39.717948717948715,
    0.42854082143250705,
    0.16060698042236948,
    -0.005582859518946408,
    -0.10836677307308044,
    2.848695741281259,
    3.791081706993859,
    1.1527437908728075,
    0.7628205128205128,
    4.602564102564102,
    -224.51153846153866,
    1.0368536601149552,
    0.6410138787428272,
    0.32852146077034616,
    0.006376185542852209,
    50.0760425340889
  ],
  "geo_std": [
    17.413815203155043,
    0.09353739814750694,
    0.0749858587804795,
    0.08681726995745205,
    0.09120034767793182,
    1.6351723572824235,
    2.161025655341685,
    1.3388030592532565,
    1.0134491729837811,
    2.525966399408907,
    111.12283855200688,
    0.23754788426763598,
    0.19563954141051224,
    0.29890112097010396,
    0.03259611621680406,
    20.834532827332605
  ],
  "reference": "pooled crystal-65 + the-98 (n=156)",
  "note": "CANDIDATE pooled/balanced geometry calibration; geometry-only (no vina blend)"
}