{
  "alpha": 0.1,
  "beta": 0.0,
  "calibrated_at": "2026-05-28T13:05:19.908486+00:00",
  "training_csv": "data/training_complexes_wang.csv",
  "n_complexes": 27,
  "n_contact_residues_training": [
    5,
    6,
    8,
    9,
    8,
    8,
    7,
    7,
    10,
    9,
    9,
    5,
    5,
    8,
    5,
    8,
    10,
    5,
    9,
    10,
    7,
    10,
    9,
    4,
    11,
    10,
    6
  ],
  "pearson_r": 0.33170185282492687,
  "rmse_kcal_mol": 7.688720346700636,
  "entropy_mode": "contact",
  "gamma": 0.2
}