{
  "alpha": 2.0,
  "beta": 0.04531775226006428,
  "calibrated_at": "2026-05-26T22:39:27.374372+00:00",
  "training_csv": "data/training_complexes_full.csv",
  "n_complexes": 272,
  "n_contact_residues_training": [
    7,
    12,
    14,
    14,
    5,
    5,
    14,
    12,
    7,
    9,
    0,
    16,
    5,
    5,
    14,
    20,
    20,
    10,
    14,
    11,
    8,
    7,
    5,
    7,
    7,
    11,
    9,
    12,
    9,
    11,
    19,
    19,
    14,
    9,
    10,
    8,
    38,
    31,
    18,
    32,
    9,
    13,
    0,
    11,
    14,
    0,
    10,
    15,
    11,
    15,
    0,
    7,
    9,
    22,
    27,
    10,
    11,
    10,
    13,
    15,
    10,
    0,
    17,
    7,
    7,
    18,
    0,
    10,
    2,
    26,
    0,
    10,
    15,
    12,
    10,
    8,
    12,
    12,
    12,
    11,
    11,
    12,
    26,
    21,
    13,
    26,
    29,
    8,
    12,
    0,
    9,
    18,
    10,
    8,
    10,
    9,
    11,
    20,
    18,
    7,
    7,
    7,
    6,
    8,
    8,
    7,
    8,
    9,
    6,
    6,
    10,
    9,
    10,
    9,
    13,
    8,
    12,
    15,
    0,
    10,
    17,
    10,
    13,
    7,
    10,
    32,
    12,
    11,
    10,
    21,
    23,
    0,
    23,
    12,
    9,
    26,
    24,
    33,
    10,
    10,
    12,
    14,
    10,
    0,
    22,
    33,
    27,
    12,
    9,
    10,
    14,
    9,
    11,
    9,
    10,
    13,
    8,
    12,
    0,
    0,
    10,
    10,
    11,
    12,
    10,
    12,
    13,
    9,
    15,
    15,
    24,
    0,
    0,
    8,
    8,
    14,
    14,
    14,
    19,
    32,
    0,
    27,
    14,
    19,
    4,
    18,
    13,
    16,
    26,
    26,
    20,
    0,
    11,
    11,
    12,
    12,
    9,
    8,
    18,
    14,
    11,
    10,
    11,
    15,
    17,
    20,
    0,
    15,
    10,
    8,
    7,
    9,
    11,
    7,
    10,
    13,
    9,
    26,
    15,
    18,
    16,
    11,
    10,
    0,
    10,
    11,
    9,
    9,
    4,
    19,
    16,
    9,
    8,
    8,
    9,
    10,
    9,
    8,
    9,
    11,
    14,
    8,
    12,
    13,
    0,
    0,
    13,
    13,
    9,
    10,
    9,
    8,
    0,
    8,
    10,
    13,
    0,
    11,
    10,
    0,
    0,
    8,
    0,
    0,
    13,
    14,
    9,
    10,
    8,
    9,
    11,
    10
  ],
  "pearson_r": 0.07086387717799293,
  "rmse_kcal_mol": 22.870857535071234,
  "entropy_mode": "contact",
  "gamma": 0.2
}