{
  "feature_names": [
    "poc_n",
    "poc_f_hyd",
    "poc_f_arom",
    "poc_net",
    "poc_eis",
    "bsa_hyd",
    "sasa_hb",
    "sasa_sb",
    "arom_cc",
    "hb_count",
    "mj_contact",
    "strength_bur",
    "rg_per_L"
  ],
  "geo_intercept": -10.062034901538466,
  "geo_weights": [
    -1.7136320496024058,
    -0.8874651892492987,
    -1.203676082170669,
    -0.38046319527066275,
    0.5338190945733294,
    -0.4720234736228907,
    2.1701819959267175,
    0.6630273340710341,
    0.2625396527405913,
    -1.7179383141723745,
    -1.4392294673645694,
    0.2553586092761868,
    0.28545771762846084
  ],
  "geo_mean": [
    42.261538461538464,
    0.4735389910269153,
    0.1406174029354662,
    -0.02307014805840473,
    -0.08186261767022003,
    3.6947570749371503,
    4.43256968520712,
    1.5190605055106439,
    0.8153846153846154,
    5.553846153846154,
    -250.59999999999994,
    1.1298627902114486,
    0.5115019915270936
  ],
  "geo_std": [
    13.788821474684257,
    0.08128581222570948,
    0.04217340070322445,
    0.0688372629897359,
    0.06505447947944751,
    0.8606248537193489,
    1.595428331601059,
    1.4550492335221323,
    1.0939316215926875,
    1.7718375454785193,
    62.16935866684979,
    0.09811979641222478,
    0.046761326848948695
  ],
  "geo_pred_mean": -10.062034901538464,
  "geo_pred_std": 1.647271777678977,
  "vina_mean": -15.229553846153845,
  "vina_std": 6.05813651478043,
  "blend": 0.5,
  "vina_mode": "total",
  "y_mean": -10.06203490153846,
  "y_std": 2.1335636145519685,
  "n_complexes": 65,
  "reference": "crystal-65",
  "note": "CANDIDATE: rg_per_L added; LOO-validated; NOT production until full benchmark per CLAUDE \u00a77"
}