{
  "short_max_len": 8,
  "feature_names": [
    "bsa_hyd",
    "mj_contact",
    "strength_bur"
  ],
  "intercept": -7.554545454545454,
  "weights": [
    -1.1180163191617052,
    0.007783079938976807,
    0.4994379030633639
  ],
  "mean": [
    1.2434473759911393,
    -121.86227272727272,
    0.7958807839429979
  ],
  "std": [
    1.046218093301483,
    47.43230889117415,
    0.3602881677321269
  ]
}