{
  "feature_names": [
    "poc_n",
    "poc_f_hyd",
    "poc_f_arom",
    "poc_net",
    "poc_eis",
    "bsa_hyd",
    "sasa_hb",
    "sasa_sb",
    "arom_cc",
    "hb_count",
    "mj_contact",
    "strength_bur",
    "rg_per_L",
    "org_density",
    "cys_frac"
  ],
  "geo_intercept": -8.917514542307691,
  "geo_weights": [
    -0.6884925800498949,
    -0.4878379933639684,
    -0.0644946942905544,
    -0.06916913885366835,
    0.46272705342605414,
    -0.6220295372559032,
    0.9802443960496193,
    -0.07051489027625374,
    0.11640143558735282,
    -0.5442135479540304,
    -0.7829993006674492,
    -0.1620028393015908,
    0.5210139640102592,
    -0.37161466117095193,
    -0.2935755756464591
  ],
  "geo_mean": [
    39.717948717948715,
    0.42854082143250705,
    0.16060698042236948,
    -0.005582859518946408,
    -0.10836677307308044,
    2.848695741281259,
    3.791081706993859,
    1.1527437908728075,
    0.7628205128205128,
    4.602564102564102,
    -224.51153846153866,
    1.0368536601149552,
    0.6410138787428272,
    0.32852146077034616,
    0.006376185542852209
  ],
  "geo_std": [
    17.413815203155043,
    0.09353739814750694,
    0.0749858587804795,
    0.08681726995745205,
    0.09120034767793182,
    1.6351723572824235,
    2.161025655341685,
    1.3388030592532565,
    1.0134491729837811,
    2.525966399408907,
    111.12283855200688,
    0.23754788426763598,
    0.19563954141051224,
    0.29890112097010396,
    0.03259611621680406
  ],
  "reference": "pooled crystal-65 + the-98 (n=156)",
  "note": "CANDIDATE pooled/balanced geometry calibration; geometry-only (no vina blend)"
}