{
  "n_receptors": 64,
  "n_records": 1020,
  "frac_error_between_receptor": 0.5829118647366868,
  "sigma_b": 1.929356673518584,
  "eta_ceiling_ref": 0.755,
  "native": {
    "ABSOLUTE": {
      "r": -0.07124182586944194,
      "rho": 0.27279300335667506,
      "rmse": 2.227138104283312,
      "mae": 1.3392782994163586,
      "n": 1020
    },
    "ANCHOR_k1": {
      "r": 0.6671266198231858,
      "rho": 0.6357541996050579,
      "rmse": 1.6659674320240487,
      "mae": 1.0120759064588545,
      "n": 1020
    },
    "ANCHOR_k3": {
      "r": 0.6928811113872715,
      "rho": 0.5934681493681645,
      "rmse": 1.4362406803705534,
      "mae": 0.9754139271022549,
      "n": 1020
    },
    "ANCHOR_all": {
      "r": 0.6569603545876473,
      "rho": 0.5427027570723606,
      "rmse": 1.4390285780091163,
      "mae": 1.0066979207094173,
      "n": 1020
    },
    "BAYES": {
      "r": 0.7118240896714444,
      "rho": 0.6145524213968426,
      "rmse": 1.33098308440314,
      "mae": 0.9061751890404431,
      "n": 1020
    },
    "ANCHOR_chargematched": {
      "r": 0.744191519389478,
      "rho": 0.6438274099279492,
      "rmse": 1.387254143985267,
      "mae": 0.914786327188968,
      "n": 1020
    },
    "SHUF_k1": {
      "r": -0.04833161336633413,
      "rho": 0.12164447279887505,
      "rmse": 2.9510630280142838,
      "mae": 1.9429163841836876,
      "n": 1020
    },
    "SHUF_k3": {
      "r": -0.05252574872862181,
      "rho": 0.12800270267548927,
      "rmse": 2.8509056677358453,
      "mae": 1.8170656100715499,
      "n": 1020
    }
  },
  "simulated_absolute": {
    "ABSOLUTE": {
      "r": -0.03757806296757551,
      "rho": 0.0780655551688483,
      "rmse": 2.5345029275279325,
      "mae": 1.8976667911156573,
      "n": 1020
    },
    "ANCHOR_k1": {
      "r": 0.7555044209660238,
      "rho": 0.7841712151192101,
      "rmse": 1.6659674320240487,
      "mae": 1.0120759064588543,
      "n": 1020
    },
    "ANCHOR_k3": {
      "r": 0.7921706080255236,
      "rho": 0.7887464856398645,
      "rmse": 1.4362406803705536,
      "mae": 0.9754139271022549,
      "n": 1020
    },
    "ANCHOR_all": {
      "r": 0.7773630903270444,
      "rho": 0.7770619598309162,
      "rmse": 1.4390285780091163,
      "mae": 1.0066979207094173,
      "n": 1020
    },
    "BAYES": {
      "r": 0.8115193480049092,
      "rho": 0.8172280835005404,
      "rmse": 1.33098308440314,
      "mae": 0.9061751890404431,
      "n": 1020
    },
    "ANCHOR_chargematched": {
      "r": 0.8159480689358806,
      "rho": 0.8101904578833533,
      "rmse": 1.387254143985267,
      "mae": 0.914786327188968,
      "n": 1020
    },
    "SHUF_k1": {
      "r": -0.03429963807130107,
      "rho": -0.003972114578396206,
      "rmse": 3.4362175822913725,
      "mae": 2.6251816155932635,
      "n": 1020
    },
    "SHUF_k3": {
      "r": -0.04956726345957333,
      "rho": -0.016762783675217195,
      "rmse": 3.3029143425692307,
      "mae": 2.4894987693649724,
      "n": 1020
    }
  },
  "charge_stratified": {
    "|dq|=0": {
      "n": 35,
      "absolute": {
        "r": 0.30796743078497035,
        "rho": 0.4020170931722092,
        "rmse": 1.828800272951403,
        "mae": 1.3926558930491137,
        "n": 35
      },
      "bayes": {
        "r": 0.41333849696376795,
        "rho": 0.6215686274509805,
        "rmse": 2.2109513339121003,
        "mae": 1.3111316905748098,
        "n": 35
      },
      "chargematched": {
        "r": 0.258627387809117,
        "rho": 0.4778711484593837,
        "rmse": 2.6584443506680455,
        "mae": 1.6146269338800214,
        "n": 35
      }
    },
    "|dq|=1": {
      "n": 908,
      "absolute": {
        "r": -0.0651565184260842,
        "rho": 0.27936736782934246,
        "rmse": 2.1855437781109153,
        "mae": 1.301642264175036,
        "n": 908
      },
      "bayes": {
        "r": 0.7212008231811889,
        "rho": 0.6082341412734142,
        "rmse": 1.2865384127612791,
        "mae": 0.8868570932855497,
        "n": 908
      },
      "chargematched": {
        "r": 0.7547791358475393,
        "rho": 0.6292166652412295,
        "rmse": 1.327403535038237,
        "mae": 0.8973979145203268,
        "n": 908
      }
    },
    "|dq|=2": {
      "n": 77,
      "absolute": {
        "r": -0.2709739247966451,
        "rho": 0.17268173727522226,
        "rmse": 2.8033720294548945,
        "mae": 1.758827704896548,
        "n": 77
      },
      "bayes": {
        "r": 0.8288729101180815,
        "rho": 0.6986526454760679,
        "rmse": 1.3140161491368114,
        "mae": 0.9499070512708367,
        "n": 77
      },
      "chargematched": {
        "r": 0.8576866621863108,
        "rho": 0.8367675574271197,
        "rmse": 1.2258629979010072,
        "mae": 0.8017247358764914,
        "n": 77
      }
    }
  },
  "same_vs_diff_charge": {
    "same_dq": {
      "r": 0.6672996897553861,
      "rho": 0.6169729166941812,
      "rmse": 1.683275437821881,
      "mae": 1.0064530884411376,
      "n": 819
    },
    "diff_dq": {
      "r": 0.6688951779934361,
      "rho": 0.7172776761013633,
      "rmse": 1.5935013652388421,
      "mae": 1.034986791814626,
      "n": 201
    },
    "n_same": 819,
    "n_diff": 201
  },
  "kd_noise_sensitivity": {
    "sigma=0.0": {
      "r": 0.7118240896714444,
      "rho": 0.6145524213968426,
      "rmse": 1.33098308440314,
      "mae": 0.9061751890404431,
      "n": 1020
    },
    "sigma=0.1": {
      "r": 0.7123171196385094,
      "rho": 0.6151776092916129,
      "rmse": 1.3299512904986195,
      "mae": 0.9066332281058306,
      "n": 1020
    },
    "sigma=0.3": {
      "r": 0.709592651979179,
      "rho": 0.6133625294684043,
      "rmse": 1.3364302620063453,
      "mae": 0.9115609081368549,
      "n": 1020
    },
    "sigma=0.5": {
      "r": 0.7079320119392546,
      "rho": 0.6086036278524278,
      "rmse": 1.340781423306761,
      "mae": 0.9163877321506076,
      "n": 1020
    }
  },
  "selectivity": {
    "single_receptor_rmse": 1.33098308440314,
    "sel_rmse_independent": 1.8822943292520946,
    "sel_rmse_corr0p3": 1.5748404234569973,
    "sel_rmse_corr0p5": 1.33098308440314,
    "success_threshold": 2.0
  }
}