{
  "n_receptors": 64,
  "n_records": 1020,
  "frac_error_between_receptor": 0.5829118647366868,
  "sigma_b": 1.929356673518584,
  "eta_ceiling_ref": 0.755,
  "native": {
    "ABSOLUTE": {
      "r": -0.07124182586944194,
      "rho": 0.27279300335667506,
      "rmse": 2.227138104283312,
      "mae": 1.3392782994163586,
      "n": 1020
    },
    "ANCHOR_k1": {
      "r": 0.6671266198231858,
      "rho": 0.6357541996050579,
      "rmse": 1.6659674320240487,
      "mae": 1.0120759064588545,
      "n": 1020
    },
    "ANCHOR_k3": {
      "r": 0.6928811113872715,
      "rho": 0.5934681493681645,
      "rmse": 1.4362406803705534,
      "mae": 0.9754139271022549,
      "n": 1020
    },
    "ANCHOR_all": {
      "r": 0.6569603545876473,
      "rho": 0.5427027570723606,
      "rmse": 1.4390285780091163,
      "mae": 1.0066979207094173,
      "n": 1020
    },
    "BAYES": {
      "r": 0.7074725107586399,
      "rho": 0.6037986445716919,
      "rmse": 1.339708361255776,
      "mae": 0.919559783639494,
      "n": 1020
    },
    "SHUF_k1": {
      "r": -0.04833161336633413,
      "rho": 0.12164447279887505,
      "rmse": 2.9510630280142838,
      "mae": 1.9429163841836876,
      "n": 1020
    },
    "SHUF_k3": {
      "r": -0.05252574872862181,
      "rho": 0.12800270267548927,
      "rmse": 2.8509056677358453,
      "mae": 1.8170656100715499,
      "n": 1020
    }
  },
  "simulated_absolute": {
    "ABSOLUTE": {
      "r": -0.03757806296757551,
      "rho": 0.0780655551688483,
      "rmse": 2.5345029275279325,
      "mae": 1.8976667911156573,
      "n": 1020
    },
    "ANCHOR_k1": {
      "r": 0.7555044209660238,
      "rho": 0.7841712151192101,
      "rmse": 1.6659674320240487,
      "mae": 1.0120759064588543,
      "n": 1020
    },
    "ANCHOR_k3": {
      "r": 0.7921706080255236,
      "rho": 0.7887464856398645,
      "rmse": 1.4362406803705536,
      "mae": 0.9754139271022549,
      "n": 1020
    },
    "ANCHOR_all": {
      "r": 0.7773630903270444,
      "rho": 0.7770619598309162,
      "rmse": 1.4390285780091163,
      "mae": 1.0066979207094173,
      "n": 1020
    },
    "BAYES": {
      "r": 0.808808265346152,
      "rho": 0.8132449337230648,
      "rmse": 1.339708361255776,
      "mae": 0.9195597836394941,
      "n": 1020
    },
    "SHUF_k1": {
      "r": -0.03429963807130107,
      "rho": -0.003972114578396206,
      "rmse": 3.4362175822913725,
      "mae": 2.6251816155932635,
      "n": 1020
    },
    "SHUF_k3": {
      "r": -0.04956726345957333,
      "rho": -0.016762783675217195,
      "rmse": 3.3029143425692307,
      "mae": 2.4894987693649724,
      "n": 1020
    }
  }
}