{
 "n": 1274,
 "overall_abs_mae": 2.0172072923204745,
 "overall_anc_mae": 2.79618847068346,
 "overall_shuf_mae": 2.8018596346049787,
 "anc_r": 0.06949298218582689,
 "abs_r": 0.28030741318128094,
 "curve": [
  {
   "lo": 0.0,
   "hi": 0.3,
   "n": 1053,
   "abs_mae": 2.040863883898396,
   "anc_mae": 2.9087488318824226
  },
  {
   "lo": 0.3,
   "hi": 0.5,
   "n": 113,
   "abs_mae": 1.8052095372874815,
   "anc_mae": 2.05302093874795
  },
  {
   "lo": 0.5,
   "hi": 0.7,
   "n": 83,
   "abs_mae": 2.0934808128044016,
   "anc_mae": 2.4399109493818965
  },
  {
   "lo": 0.7,
   "hi": 0.9,
   "n": 25,
   "abs_mae": 1.7257934198008962,
   "anc_mae": 2.597104672052859
  }
 ]
}