{
 "groupA": {
  "n": 916,
  "anc_r": 0.6274945309746696,
  "anc_mae": 1.653028082056717,
  "abs_r": 0.28008344225211984,
  "abs_mae": 2.0539403325333643
 },
 "groupB": {
  "n": 14,
  "anc_r": 0.054019959140438834,
  "anc_mae": 2.9062275256087275,
  "abs_r": 0.24753012754953027,
  "abs_mae": 2.042268253218533
 }
}