{
 "ABSOLUTE": {
  "n": 1274,
  "r": 0.28030741318128094,
  "mae": 2.0172072923204745,
  "rmse": 2.632231441704892
 },
 "PEP_ANCHOR": {
  "n": 1274,
  "r": 0.23795239333916976,
  "mae": 2.236646181498839,
  "rmse": 2.951252105075602
 },
 "SHUFFLE": {
  "n": 1274,
  "r": 0.21535045175755763,
  "mae": 2.23253273377787,
  "rmse": 2.8616243204086067
 }
}