{
 "n": 429,
 "ours": {
  "r": 0.3458048251265742,
  "mae": 1.9929390418057087
 },
 "ppi_clone": {
  "r": 0.3087045074538607,
  "mae": 1.937909055097802
 },
 "pocket_anchor": {
  "0.5": {
   "tau": 0.5,
   "coverage": 0.023310023310023312,
   "r": 0.3470742353225944,
   "mae": 1.996537065814685
  },
  "1.0": {
   "tau": 1.0,
   "coverage": 0.1351981351981352,
   "r": 0.33706306379348294,
   "mae": 2.0154881892886003
  },
  "1.5": {
   "tau": 1.5,
   "coverage": 0.5617715617715617,
   "r": 0.3495519734491273,
   "mae": 2.0075636266776002
  },
  "2.0": {
   "tau": 2.0,
   "coverage": 0.8671328671328671,
   "r": 0.32054337638781005,
   "mae": 2.052865920067209
  }
 },
 "partA": {
  "b_std": 0.6098155940392835,
  "corr_seqsim_negdb": 0.00776266839602087,
  "corr_pocketsim_negdb": -0.12095471137654319
 }
}