{
 "oof_b_std": 2.1445284160437184,
 "n_multirec": 195,
 "metrics": {
  "M1_nterm50": {
   "n": 18915,
   "corr": 0.015452309711449935,
   "p": 0.033572379131183085
  },
  "M2_pocketseq": {
   "n": 11476,
   "corr": 0.03490124573222629,
   "p": 0.00018433819750377333
  },
  "M3_pocketcomp": {
   "n": 11476,
   "corr": 0.008270040734059597,
   "p": 0.3756952345003399
  },
  "M4_pocketpkf": {
   "n": 18915,
   "corr": 0.08435217735825519,
   "p": 3.221287037883917e-31
  }
 }
}