{
 "M1": {
  "n": 429,
  "anc_r": 0.15596208095360556,
  "anc_mae": 2.536219347020018,
  "ml_r": 0.3458048251265742,
  "ml_mae": 1.9929390418057087
 },
 "M2": {
  "n": 159,
  "anc_r": 0.1035883791658007,
  "anc_mae": 2.32246054137525,
  "ml_r": 0.0850886087831896,
  "ml_mae": 1.990515161275213
 },
 "M3": {
  "n": 159,
  "anc_r": 0.1680904320388298,
  "anc_mae": 2.3567174155694057,
  "ml_r": 0.0850886087831896,
  "ml_mae": 1.990515161275213
 },
 "M4": {
  "n": 429,
  "anc_r": 0.2851568319701248,
  "anc_mae": 2.2609179068951364,
  "ml_r": 0.3458048251265742,
  "ml_mae": 1.9929390418057087
 },
 "COMBO": {
  "n": 429,
  "anc_r": 0.2589103480374791,
  "anc_mae": 2.368570187351203,
  "ml_r": 0.3458048251265742,
  "ml_mae": 1.9929390418057087
 },
 "SHUFFLE": {
  "n": 429,
  "anc_r": 0.32232548002817313,
  "anc_mae": 2.1828337541793714,
  "ml_r": 0.3458048251265742,
  "ml_mae": 1.9929390418057087
 }
}