{
 "A": {
  "n": 916,
  "abs_r": 0.2611951037871114,
  "abs_mae": 2.0910778284629976,
  "anc_r": 0.6300832304685299,
  "anc_mae": 1.6465714854174291
 },
 "B": {
  "n_pep": 43,
  "dy_mean": 2.0065348837209296,
  "dy_max": 8.534,
  "n": 165,
  "abs_r": 0.39179795691974445,
  "anc_r": 0.6156604057873232,
  "anc_mae": 1.945037817961082
 }
}