{"n": 758, "static_r": 0.39354003451495173, "misato_r": 0.25303657560181125, "combined_r": 0.4591529680915877, "delta": 0.06561293357663595}