{"i2": {"0": {"r": 0.16549975885723123, "mae": 2.1698311278192715}, "1": {"r": 0.38883555054994895, "mae": 2.1764409037044925}, "2": {"r": 0.513161801759173, "mae": 1.9394608314836665}, "3": {"r": 0.5224672825376873, "mae": 1.8838409726406657}, "5": {"r": 0.5477079930045671, "mae": 1.9519689112648122}}, "n_panels": 98}