{"c1_758_static": 0.4042397506515776, "c1_758_plus": 0.3832563147072135, "c1_ppikb_delta": -0.002533095471906166, "c2_simple_r": 0.6238324973588761, "c2_pairwise_r": 0.6181679767143471}