{"absolute": {"PPIKB(n=1274)": [0.607521189963458, 1.5799087469645994, 0.25912061491881994, 2.0336118360305733], "PDBbind(n=925)": [0.41348491635458934, 1.3257099913467838, 0.39826263277351953, 1.3457302777613236]}, "within_cold_r": 0.2502572687089879, "anchored_r": 0.6135151718635845, "anchored_mae": 1.6693350811837706}