{
 "ours_PDBbind": {
  "all": [
   0.2829103096331132,
   2.0994105877138316
  ],
  "charged": [
   0.39667506147362463,
   1.9395072250373278
  ],
  "neutral": [
   0.15878029767300583,
   2.275855677563767
  ]
 },
 "ours_PPIKB": {
  "all": [
   0.1856047479754264,
   2.1994452169133814
  ],
  "charged": [
   0.20125660050584493,
   2.142359306202933
  ],
  "neutral": [
   0.12194648416622905,
   2.2624365666628408
  ]
 },
 "ours_POOLED": {
  "all": [
   0.324527823559423,
   2.0163774010320465
  ],
  "charged": [
   0.3422614343541095,
   1.9140538604167525
  ],
  "neutral": [
   0.21449813509483148,
   2.1292861355040964
  ]
 },
 "clone_POOLED": {
  "all": [
   0.3250933943566001,
   2.007206767813176
  ],
  "charged": [
   0.2997645346155369,
   1.9496675866006927
  ],
  "neutral": [
   0.27474331865855867,
   2.0706982781166055
  ]
 }
}