{
 "coupling_mean": 0.8501935483870968,
 "grids": 31,
 "dd_mae": 0.8501935483870967,
 "anc_mae": 2.8914516129032255,
 "neutral": {
  "GBT (ours)": 0.1314946344602268,
  "SVR (PPI-clone)": 0.2606697187041061,
  "Ridge": -0.02910392558770941
 },
 "blend_neutral_r": 0.2140036933856015
}