{
 "GBT (ours)": {
  "all": [
   0.324527823559423,
   2.0163774010320465
  ],
  "charged": [
   0.3422614343541095,
   1.9140538604167525
  ],
  "neutral": [
   0.21449813509483148,
   2.1292861355040964
  ]
 },
 "SVR (PPI-clone)": {
  "all": [
   0.3250933943566001,
   2.007206767813176
  ],
  "charged": [
   0.2997645346155369,
   1.9496675866006927
  ],
  "neutral": [
   0.27474331865855867,
   2.0706982781166055
  ]
 },
 "CHARGE-ROUTED": {
  "all": [
   0.35162597956077984,
   1.9885241573560268
  ],
  "charged": [
   0.3422614343541095,
   1.9140538604167525
  ],
  "neutral": [
   0.27474331865855867,
   2.0706982781166055
  ]
 }
}