{"abs_r": 0.21941010908482803, "transfer_r": 0.25224928313919853, "n": 305}