{"best_match_identity_mean": 0.7285757060494032, "frac_ge90": 0.6491803278688525, "dd_n": 26, "dd_r": 0.9535510619344948, "dd_mae": 0.7992500000000005}