{"bestmatch_ratio": 0.32872482057395713, "dd_n": 26, "dd_r": 0.9611964071966809}