{
 "E1_single_anchor": {
  "r": -0.007362638919671795,
  "mae": 3.196517069535911
 },
 "E2_ram_model_cross": {
  "r": -0.04153653264115963,
  "mae": 3.4337562923243308
 },
 "E3_same_receptor": {
  "r": 0.01709138728449578,
  "mae": 3.0335463801926945
 },
 "E4_double_diff_exp": {
  "r": 0.8809301950244146,
  "mae": 1.0036923076923079
 }
}