{
 "ABSOLUTE": {
  "r": 0.4286887513362819,
  "mae": 1.854014575467914
 },
 "ANCHOR": {
  "r": 0.6526767524814977,
  "mae": 1.457666717144308
 },
 "MF_bias": {
  "r": 0.6804646434916138,
  "mae": 1.4915988511249518
 },
 "MF_rank2": {
  "r": 0.6618345639857227,
  "mae": 1.480541718371437
 }
}