{
 "rank": 3,
 "bR_std": 2.1834392726989003,
 "cP_std": 2.4341954484330586,
 "r_abs": 0.2666969466355253,
 "r_oracle_b": 0.8111798281637903
}