{"eta_std": 1.4864784870972407, "best_bR": -0.023115743931922235}