{"agg_within": 0.02731922094916643, "ifp_within": 0.18313075823587774, "agg_cross": 0.3023040735380434, "ifp_cross": 0.2827882907822873}