{
 "PPI-clone v2": {
  "all": [
   0.2914291838374713,
   1.3975701249360573
  ],
  "charged": [
   0.14629053406428486,
   1.384682436138694
  ],
  "neutral": [
   0.3847883615100835,
   1.4086048627689927
  ]
 },
 "OURS base (17 feat)": {
  "all": [
   0.367430924252342,
   1.3339276809892242
  ],
  "charged": [
   0.24626456562105084,
   1.2848226502112174
  ],
  "neutral": [
   0.45757936105768227,
   1.3759725463978612
  ]
 },
 "OURS + IFP": {
  "all": [
   0.4799239900016566,
   1.2581654152322126
  ],
  "charged": [
   0.4005144894734464,
   1.2027413383284662
  ],
  "neutral": [
   0.5327738783594114,
   1.3056207943837033
  ]
 }
}