{"n": 65, "ifp_feat_reproduction": 0.6935461570032708, "crystal_r": 0.34448808304232686, "docked_xtrain_r": 0.20962768725649789, "docked_selftrain_r": 0.11225991005087166}