{
 "OURS+IFP  (fair, in-dist)": {
  "all": [
   0.13151730168810588,
   1.656968942766931
  ],
  "charged": [
   0.19101995201854596,
   1.5742642614196156
  ],
  "neutral": [
   0.0790955609858737,
   1.71604371515787
  ]
 },
 "OURS geom (fair, in-dist)": {
  "all": [
   0.14009591995508386,
   1.6073919369924965
  ],
  "charged": [
   0.17066851491190047,
   1.5806126691601754
  ],
  "neutral": [
   0.10866140268826377,
   1.6265199854441545
  ]
 },
 "OURS+IFP  (cold OOS)": {
  "all": [
   0.22543766367124551,
   1.5411300061305535
  ],
  "charged": [
   0.24185433688459063,
   1.573782780831332
  ],
  "neutral": [
   0.20843087418020007,
   1.5178065956299973
  ]
 },
 "OURS geom (cold OOS)": {
  "all": [
   0.04535226062773401,
   1.658081401219385
  ],
  "charged": [
   0.1781031923385657,
   1.6303859526288165
  ],
  "neutral": [
   -0.06865477812338117,
   1.6778638644983626
  ]
 },
 "PPI-Affinity": {
  "all": [
   0.5488363335487045,
   1.1354166666666667
  ],
  "charged": [
   0.4016597776784764,
   1.24
  ],
  "neutral": [
   0.6504222881832281,
   1.0607142857142857
  ]
 },
 "DFIRE": {
  "all": [
   0.43743367424037244,
   9.372916666666667
  ],
  "charged": [
   0.3650240996772567,
   10.13
  ],
  "neutral": [
   0.5103053545134544,
   8.832142857142859
  ]
 },
 "Kdeep": {
  "all": [
   0.3951648939860789,
   17.795833333333334
  ],
  "charged": [
   0.5060265177450953,
   14.855
  ],
  "neutral": [
   0.34480206521922313,
   19.896428571428572
  ]
 },
 "RF-Score": {
  "all": [
   0.3878387666145515,
   1.8499999999999999
  ],
  "charged": [
   0.27637040706523486,
   1.925
  ],
  "neutral": [
   0.4762638334004749,
   1.7964285714285715
  ]
 },
 "PRODIGY": {
  "all": [
   0.08612499821151574,
   2.0854166666666667
  ],
  "charged": [
   0.024694898264390586,
   2.2249999999999996
  ],
  "neutral": [
   0.14713745894910124,
   1.9857142857142855
  ]
 },
 "CP_PIE": {
  "all": [
   -0.4578289007936121,
   9.052083333333334
  ],
  "charged": [
   -0.3655788054465396,
   8.919999999999998
  ],
  "neutral": [
   -0.5522488123015136,
   9.14642857142857
  ]
 }
}