{
 "n": 360,
 "charged": 169,
 "results": {
  "OURS geom (17)": {
   "all": [
    0.28964155564026633,
    1.8982663442252765
   ],
   "charged": [
    0.3605452619611671,
    1.9401927363374367
   ],
   "neutral": [
    0.18923701478452185,
    1.8611691700527369
   ]
  },
  "OURS geom+IFP (36)": {
   "all": [
    0.268981432248073,
    1.9175477192490435
   ],
   "charged": [
    0.2776447989730301,
    2.0064172664973268
   ],
   "neutral": [
    0.23519245172306105,
    1.8389144549298826
   ]
  },
  "PPI-clone desc3d (37)": {
   "all": [
    0.27081110400822805,
    1.9336408080007936
   ],
   "charged": [
    0.38908734350764007,
    1.9255613141393209
   ],
   "neutral": [
    0.1365451360600627,
    1.9407896795326722
   ]
  },
  "OURS geom+IFP (deploy, train=PDBbind\\PPIKB)": {
   "all": [
    0.2586706810274591,
    1.981990677099631
   ],
   "charged": [
    0.2817275680760158,
    2.0766043279267223
   ],
   "neutral": [
    0.23264185811415844,
    1.8982749336976494
   ]
  }
 }
}