{
 "n": 973,
 "pooled": {
  "geom": [
   0.36370943403241124,
   1.3833166292060457
  ],
  "ifp": [
   0.4367954373261091,
   1.354222310119761
  ]
 },
 "t100": {
  "geom": [
   0.2032430565167132,
   1.5639023622923063
  ],
  "ifp": [
   0.2771035763575512,
   1.5494016174975835
  ]
 },
 "pdbbind": {
  "geom": [
   0.3705163189348583,
   1.3739456938675152
  ],
  "ifp": [
   0.4453887775294169,
   1.3440940866017765
  ]
 }
}