{
 "n": 1405,
 "by_src": {
  "pdbbind": 925,
  "t100": 48,
  "ppikb": 432
 },
 "pooled": {
  "geom": [
   0.38659105670934807,
   1.5586814958538635
  ],
  "ifp": [
   0.39944983316920835,
   1.5436716355092623
  ]
 }
}