{
  "feature_names": [
    "poc_n",
    "poc_f_hyd",
    "poc_f_arom",
    "poc_net",
    "poc_eis",
    "bsa_hyd",
    "sasa_hb",
    "sasa_sb",
    "arom_cc",
    "hb_count",
    "mj_contact"
  ],
  "geo_intercept": -10.186812651724138,
  "geo_weights": [
    -2.0834167660617267,
    -0.9043051578223736,
    0.07016716759183161,
    -0.2075989167241848,
    0.1542936378492103,
    0.1658218113793612,
    1.2428405399667273,
    0.2479907808337562,
    0.882665361335996,
    -0.6548089787190887,
    -0.8990962364536597
  ],
  "geo_mean": [
    33.13793103448276,
    0.488519446564581,
    0.12592525066037635,
    -0.036412884312405386,
    -0.07191202851012621,
    2.035838483156319,
    2.471883973319596,
    0.8991203075400891,
    0.5172413793103449,
    3.3448275862068964,
    -199.58413793103446
  ],
  "geo_std": [
    9.253980087617846,
    0.10112886745090982,
    0.05174312269733178,
    0.05890692359027555,
    0.061672775009920036,
    0.9258869585390392,
    1.650150965897668,
    1.0457540349197165,
    0.8757534561172614,
    1.9347255374283496,
    67.21422063392349
  ],
  "geo_pred_mean": -10.18681265172414,
  "geo_pred_std": 1.512302113916876,
  "vina_mean": 1.510448275862069,
  "vina_std": 18.100076462186003,
  "blend": 0.7,
  "vina_mode": "total",
  "y_mean": -10.186812651724136,
  "y_std": 2.126333773479549
}