{
  "feature_names": [
    "poc_n",
    "poc_f_hyd",
    "poc_f_arom",
    "poc_net",
    "poc_eis",
    "bsa_hyd",
    "sasa_hb",
    "sasa_sb",
    "arom_cc",
    "hb_count",
    "mj_contact",
    "s_free_bur"
  ],
  "geo_intercept": -10.062034901538466,
  "geo_weights": [
    -1.721232301855408,
    -0.6006550960462473,
    -1.161859858810604,
    -0.42613863539160934,
    0.3242075443282914,
    -0.430294006122439,
    2.1276019968451814,
    0.8428146234203452,
    0.47263222026573526,
    -1.6058689931110037,
    -1.1831004442066522,
    0.1650127544427317
  ],
  "geo_mean": [
    42.261538461538464,
    0.4735389910269153,
    0.1406174029354662,
    -0.023070148058404728,
    -0.08186261767022003,
    3.6947570749371508,
    4.43256968520712,
    1.5190605055106439,
    0.8153846153846154,
    5.553846153846154,
    -250.59999999999994,
    0.3591548455182382
  ],
  "geo_std": [
    13.788821474684257,
    0.08128581222570948,
    0.04217340070322445,
    0.0688372629897359,
    0.06505447947944751,
    0.860624853719349,
    1.595428331601059,
    1.4550492335221323,
    1.0939316215926875,
    1.7718375454785193,
    62.16935866684981,
    0.10161533418807517
  ],
  "geo_pred_mean": -10.062034901538464,
  "geo_pred_std": 1.6226737270049767,
  "vina_mean": -15.229553846153845,
  "vina_std": 6.05813651478043,
  "blend": 0.6,
  "vina_mode": "total",
  "y_mean": -10.06203490153846,
  "y_std": 2.1335636145519685
}