{
  "feature_names": [
    "poc_n",
    "poc_f_hyd",
    "poc_f_arom",
    "poc_net",
    "poc_eis",
    "bsa_hyd",
    "sasa_hb",
    "sasa_sb",
    "arom_cc",
    "hb_count"
  ],
  "geo_intercept": -10.186812651724136,
  "geo_weights": [
    -1.9546636724551545,
    -1.2752295923811057,
    0.2113488563163055,
    -0.41865232431877797,
    0.29884864589528143,
    0.1963887791489276,
    -0.03160990639573415,
    0.6166611190614938,
    0.9015125329458987,
    0.5346303995184037
  ],
  "geo_mean": [
    33.35172413793102,
    0.4831633212581951,
    0.12123027873868801,
    -0.028553539791304292,
    -0.08588177527311587,
    2.4455268533361316,
    2.6137392460712126,
    1.0375105123589017,
    0.4620689655172414,
    3.1724137931034475
  ],
  "geo_std": [
    10.396372733490196,
    0.08590105670904873,
    0.04877063962092731,
    0.049897335783846086,
    0.052977528941236474,
    0.523963438466946,
    1.9489550846285166,
    0.9765121786041993,
    0.7906408554724964,
    1.744922991440659
  ],
  "geo_pred_mean": -10.186812651724136,
  "geo_pred_std": 1.450810077808413,
  "vina_mean": -14.540689655172415,
  "vina_std": 5.636931071397457,
  "blend": 0.4,
  "vina_mode": "total",
  "y_mean": -10.186812651724136,
  "y_std": 2.126333773479549
}