{
  "feature_names": [
    "poc_n",
    "poc_f_hyd",
    "poc_f_arom",
    "poc_net",
    "poc_eis",
    "bsa_hyd",
    "sasa_hb",
    "sasa_sb",
    "arom_cc",
    "hb_count",
    "mj_contact",
    "strength_bur"
  ],
  "geo_intercept": -10.062034901538466,
  "geo_weights": [
    -2.516781995160315,
    -1.1547905643501613,
    0.12974619428402911,
    -0.08696376195774977,
    0.1978553844153556,
    0.616885564449517,
    1.6006420790585754,
    0.3844980847057018,
    0.9310478982497473,
    -0.8058711580316801,
    -0.6897450638398133,
    -0.35601243783557235
  ],
  "geo_mean": [
    35.23076923076923,
    0.47840294499395,
    0.12910954475829445,
    -0.03275926997211794,
    -0.07728128273801985,
    2.055288467465643,
    2.8384876010702413,
    1.033258776959269,
    0.6,
    3.707692307692308,
    -211.68630769230776,
    1.0929846946838977
  ],
  "geo_std": [
    11.571542323265268,
    0.10406860888224745,
    0.05236813527466206,
    0.06004152843277096,
    0.0663767451006407,
    1.0467536553153198,
    2.0503745655981893,
    1.103544058810794,
    0.9413574496632829,
    2.3119959879746714,
    83.6752279052513,
    0.14703803687454015
  ],
  "geo_pred_mean": -10.062034901538468,
  "geo_pred_std": 1.5385102222808003,
  "vina_mean": 1.510448275862069,
  "vina_std": 18.100076462186003,
  "blend": 0.7,
  "vina_mode": "total",
  "y_mean": -10.06203490153846,
  "y_std": 2.1335636145519685
}