{
  "seed": 20260612,
  "test_frac": 0.25,
  "n_total": 156,
  "n_train": 117,
  "n_test": 39,
  "features": [
    "poc_n",
    "poc_f_hyd",
    "poc_f_arom",
    "poc_net",
    "poc_eis",
    "bsa_hyd",
    "sasa_hb",
    "sasa_sb",
    "arom_cc",
    "hb_count",
    "strength_bur",
    "mean_burial",
    "mj_contact",
    "rg_per_L",
    "org_density",
    "cys_frac"
  ],
  "strata_keys": [
    "cr65|Kd|chg|mid",
    "cr65|Kd|chg|strong",
    "cr65|Kd|chg|weak",
    "cr65|Kd|low|mid",
    "cr65|Kd|low|strong",
    "cr65|Kd|low|weak",
    "cr65|Ki|chg|mid",
    "cr65|Ki|chg|strong",
    "cr65|Ki|low|mid",
    "cr65|Ki|low|strong",
    "the98|Kd|chg|mid",
    "the98|Kd|chg|strong",
    "the98|Kd|chg|weak",
    "the98|Kd|low|mid",
    "the98|Kd|low|strong",
    "the98|Kd|low|weak"
  ],
  "train_balance": {
    "n": 117,
    "cr65": 0.41025641025641024,
    "the98": 0.5897435897435898,
    "charged": 0.38461538461538464,
    "Ki": 0.19658119658119658,
    "y_mean": -8.901531329914528,
    "y_std": 2.119888204604734,
    "len_mean": 12.444444444444445
  },
  "test_balance": {
    "n": 39,
    "cr65": 0.4358974358974359,
    "the98": 0.5641025641025641,
    "charged": 0.41025641025641024,
    "Ki": 0.20512820512820512,
    "y_mean": -8.96546417948718,
    "y_std": 2.2019831939750274,
    "len_mean": 13.256410256410257
  },
  "note": "Stratified by dataset|affinity_type|charge_class|dG_tercile. Combined crystal-65 + the-98. Use for pooled calibration + held-out eval."
}