complex_name,protein_description,peptide_description,source
propedia_148l_S,/home/igem/unknown_software/datasets/propedia_formatted/propedia_148l_S/propedia_148l_S_protein_pocket.pdb,/home/igem/unknown_software/datasets/propedia_formatted/propedia_148l_S/propedia_148l_S_peptide.pdb,propedia
propedia_1a1m_C,/home/igem/unknown_software/datasets/propedia_formatted/propedia_1a1m_C/propedia_1a1m_C_protein_pocket.pdb,/home/igem/unknown_software/datasets/propedia_formatted/propedia_1a1m_C/propedia_1a1m_C_peptide.pdb,propedia
propedia_1a1n_C,/home/igem/unknown_software/datasets/propedia_formatted/propedia_1a1n_C/propedia_1a1n_C_protein_pocket.pdb,/home/igem/unknown_software/datasets/propedia_formatted/propedia_1a1n_C/propedia_1a1n_C_peptide.pdb,propedia
propedia_1a1o_C,/home/igem/unknown_software/datasets/propedia_formatted/propedia_1a1o_C/propedia_1a1o_C_protein_pocket.pdb,/home/igem/unknown_software/datasets/propedia_formatted/propedia_1a1o_C/propedia_1a1o_C_peptide.pdb,propedia
propedia_1a3e_I,/home/igem/unknown_software/datasets/propedia_formatted/propedia_1a3e_I/propedia_1a3e_I_protein_pocket.pdb,/home/igem/unknown_software/datasets/propedia_formatted/propedia_1a3e_I/propedia_1a3e_I_peptide.pdb,propedia
propedia_1a4w_I,/home/igem/unknown_software/datasets/propedia_formatted/propedia_1a4w_I/propedia_1a4w_I_protein_pocket.pdb,/home/igem/unknown_software/datasets/propedia_formatted/propedia_1a4w_I/propedia_1a4w_I_peptide.pdb,propedia
propedia_1a5g_I,/home/igem/unknown_software/datasets/propedia_formatted/propedia_1a5g_I/propedia_1a5g_I_protein_pocket.pdb,/home/igem/unknown_software/datasets/propedia_formatted/propedia_1a5g_I/propedia_1a5g_I_peptide.pdb,propedia
propedia_1a61_I,/home/igem/unknown_software/datasets/propedia_formatted/propedia_1a61_I/propedia_1a61_I_protein_pocket.pdb,/home/igem/unknown_software/datasets/propedia_formatted/propedia_1a61_I/propedia_1a61_I_peptide.pdb,propedia
propedia_1a7c_B,/home/igem/unknown_software/datasets/propedia_formatted/propedia_1a7c_B/propedia_1a7c_B_protein_pocket.pdb,/home/igem/unknown_software/datasets/propedia_formatted/propedia_1a7c_B/propedia_1a7c_B_peptide.pdb,propedia
propedia_1a9e_C,/home/igem/unknown_software/datasets/propedia_formatted/propedia_1a9e_C/propedia_1a9e_C_protein_pocket.pdb,/home/igem/unknown_software/datasets/propedia_formatted/propedia_1a9e_C/propedia_1a9e_C_peptide.pdb,propedia
propedia_1ab9_A,/home/igem/unknown_software/datasets/propedia_formatted/propedia_1ab9_A/propedia_1ab9_A_protein_pocket.pdb,/home/igem/unknown_software/datasets/propedia_formatted/propedia_1ab9_A/propedia_1ab9_A_peptide.pdb,propedia
propedia_1ab9_A,/home/igem/unknown_software/datasets/propedia_formatted/propedia_1ab9_A/propedia_1ab9_A_protein_pocket.pdb,/home/igem/unknown_software/datasets/propedia_formatted/propedia_1ab9_A/propedia_1ab9_A_peptide.pdb,propedia
propedia_1abt_B,/home/igem/unknown_software/datasets/propedia_formatted/propedia_1abt_B/propedia_1abt_B_protein_pocket.pdb,/home/igem/unknown_software/datasets/propedia_formatted/propedia_1abt_B/propedia_1abt_B_peptide.pdb,propedia
propedia_1ae8_I,/home/igem/unknown_software/datasets/propedia_formatted/propedia_1ae8_I/propedia_1ae8_I_protein_pocket.pdb,/home/igem/unknown_software/datasets/propedia_formatted/propedia_1ae8_I/propedia_1ae8_I_peptide.pdb,propedia
propedia_1afe_I,/home/igem/unknown_software/datasets/propedia_formatted/propedia_1afe_I/propedia_1afe_I_protein_pocket.pdb,/home/igem/unknown_software/datasets/propedia_formatted/propedia_1afe_I/propedia_1afe_I_peptide.pdb,propedia
propedia_1afq_A,/home/igem/unknown_software/datasets/propedia_formatted/propedia_1afq_A/propedia_1afq_A_protein_pocket.pdb,/home/igem/unknown_software/datasets/propedia_formatted/propedia_1afq_A/propedia_1afq_A_peptide.pdb,propedia
propedia_1afq_A,/home/igem/unknown_software/datasets/propedia_formatted/propedia_1afq_A/propedia_1afq_A_protein_pocket.pdb,/home/igem/unknown_software/datasets/propedia_formatted/propedia_1afq_A/propedia_1afq_A_peptide.pdb,propedia
propedia_1agb_C,/home/igem/unknown_software/datasets/propedia_formatted/propedia_1agb_C/propedia_1agb_C_protein_pocket.pdb,/home/igem/unknown_software/datasets/propedia_formatted/propedia_1agb_C/propedia_1agb_C_peptide.pdb,propedia
propedia_1aht_I,/home/igem/unknown_software/datasets/propedia_formatted/propedia_1aht_I/propedia_1aht_I_protein_pocket.pdb,/home/igem/unknown_software/datasets/propedia_formatted/propedia_1aht_I/propedia_1aht_I_peptide.pdb,propedia
propedia_1ai8_I,/home/igem/unknown_software/datasets/propedia_formatted/propedia_1ai8_I/propedia_1ai8_I_protein_pocket.pdb,/home/igem/unknown_software/datasets/propedia_formatted/propedia_1ai8_I/propedia_1ai8_I_peptide.pdb,propedia
propedia_1aix_I,/home/igem/unknown_software/datasets/propedia_formatted/propedia_1aix_I/propedia_1aix_I_protein_pocket.pdb,/home/igem/unknown_software/datasets/propedia_formatted/propedia_1aix_I/propedia_1aix_I_peptide.pdb,propedia
propedia_1aot_P,/home/igem/unknown_software/datasets/propedia_formatted/propedia_1aot_P/propedia_1aot_P_protein_pocket.pdb,/home/igem/unknown_software/datasets/propedia_formatted/propedia_1aot_P/propedia_1aot_P_peptide.pdb,propedia
propedia_1aou_P,/home/igem/unknown_software/datasets/propedia_formatted/propedia_1aou_P/propedia_1aou_P_protein_pocket.pdb,/home/igem/unknown_software/datasets/propedia_formatted/propedia_1aou_P/propedia_1aou_P_peptide.pdb,propedia
propedia_1apu_I,/home/igem/unknown_software/datasets/propedia_formatted/propedia_1apu_I/propedia_1apu_I_protein_pocket.pdb,/home/igem/unknown_software/datasets/propedia_formatted/propedia_1apu_I/propedia_1apu_I_peptide.pdb,propedia
propedia_1apv_I,/home/igem/unknown_software/datasets/propedia_formatted/propedia_1apv_I/propedia_1apv_I_protein_pocket.pdb,/home/igem/unknown_software/datasets/propedia_formatted/propedia_1apv_I/propedia_1apv_I_peptide.pdb,propedia
propedia_1apw_I,/home/igem/unknown_software/datasets/propedia_formatted/propedia_1apw_I/propedia_1apw_I_protein_pocket.pdb,/home/igem/unknown_software/datasets/propedia_formatted/propedia_1apw_I/propedia_1apw_I_peptide.pdb,propedia
propedia_1aqc_C,/home/igem/unknown_software/datasets/propedia_formatted/propedia_1aqc_C/propedia_1aqc_C_protein_pocket.pdb,/home/igem/unknown_software/datasets/propedia_formatted/propedia_1aqc_C/propedia_1aqc_C_peptide.pdb,propedia
propedia_1awf_I,/home/igem/unknown_software/datasets/propedia_formatted/propedia_1awf_I/propedia_1awf_I_protein_pocket.pdb,/home/igem/unknown_software/datasets/propedia_formatted/propedia_1awf_I/propedia_1awf_I_peptide.pdb,propedia
propedia_1awi_P,/home/igem/unknown_software/datasets/propedia_formatted/propedia_1awi_P/propedia_1awi_P_protein_pocket.pdb,/home/igem/unknown_software/datasets/propedia_formatted/propedia_1awi_P/propedia_1awi_P_peptide.pdb,propedia
propedia_1awi_P,/home/igem/unknown_software/datasets/propedia_formatted/propedia_1awi_P/propedia_1awi_P_protein_pocket.pdb,/home/igem/unknown_software/datasets/propedia_formatted/propedia_1awi_P/propedia_1awi_P_peptide.pdb,propedia
propedia_1awq_B,/home/igem/unknown_software/datasets/propedia_formatted/propedia_1awq_B/propedia_1awq_B_protein_pocket.pdb,/home/igem/unknown_software/datasets/propedia_formatted/propedia_1awq_B/propedia_1awq_B_peptide.pdb,propedia
propedia_1aya_P,/home/igem/unknown_software/datasets/propedia_formatted/propedia_1aya_P/propedia_1aya_P_protein_pocket.pdb,/home/igem/unknown_software/datasets/propedia_formatted/propedia_1aya_P/propedia_1aya_P_peptide.pdb,propedia
propedia_1ayc_P,/home/igem/unknown_software/datasets/propedia_formatted/propedia_1ayc_P/propedia_1ayc_P_protein_pocket.pdb,/home/igem/unknown_software/datasets/propedia_formatted/propedia_1ayc_P/propedia_1ayc_P_peptide.pdb,propedia
propedia_1b0g_C,/home/igem/unknown_software/datasets/propedia_formatted/propedia_1b0g_C/propedia_1b0g_C_protein_pocket.pdb,/home/igem/unknown_software/datasets/propedia_formatted/propedia_1b0g_C/propedia_1b0g_C_peptide.pdb,propedia
propedia_1b6j_C,/home/igem/unknown_software/datasets/propedia_formatted/propedia_1b6j_C/propedia_1b6j_C_protein_pocket.pdb,/home/igem/unknown_software/datasets/propedia_formatted/propedia_1b6j_C/propedia_1b6j_C_peptide.pdb,propedia
propedia_1b6j_C,/home/igem/unknown_software/datasets/propedia_formatted/propedia_1b6j_C/propedia_1b6j_C_protein_pocket.pdb,/home/igem/unknown_software/datasets/propedia_formatted/propedia_1b6j_C/propedia_1b6j_C_peptide.pdb,propedia
propedia_1b8d_G,/home/igem/unknown_software/datasets/propedia_formatted/propedia_1b8d_G/propedia_1b8d_G_protein_pocket.pdb,/home/igem/unknown_software/datasets/propedia_formatted/propedia_1b8d_G/propedia_1b8d_G_peptide.pdb,propedia
propedia_1b8d_G,/home/igem/unknown_software/datasets/propedia_formatted/propedia_1b8d_G/propedia_1b8d_G_protein_pocket.pdb,/home/igem/unknown_software/datasets/propedia_formatted/propedia_1b8d_G/propedia_1b8d_G_peptide.pdb,propedia
propedia_1b8q_B,/home/igem/unknown_software/datasets/propedia_formatted/propedia_1b8q_B/propedia_1b8q_B_protein_pocket.pdb,/home/igem/unknown_software/datasets/propedia_formatted/propedia_1b8q_B/propedia_1b8q_B_peptide.pdb,propedia
propedia_1bc5_T,/home/igem/unknown_software/datasets/propedia_formatted/propedia_1bc5_T/propedia_1bc5_T_protein_pocket.pdb,/home/igem/unknown_software/datasets/propedia_formatted/propedia_1bc5_T/propedia_1bc5_T_peptide.pdb,propedia
propedia_1bck_C,/home/igem/unknown_software/datasets/propedia_formatted/propedia_1bck_C/propedia_1bck_C_protein_pocket.pdb,/home/igem/unknown_software/datasets/propedia_formatted/propedia_1bck_C/propedia_1bck_C_peptide.pdb,propedia
propedia_1bcu_I,/home/igem/unknown_software/datasets/propedia_formatted/propedia_1bcu_I/propedia_1bcu_I_protein_pocket.pdb,/home/igem/unknown_software/datasets/propedia_formatted/propedia_1bcu_I/propedia_1bcu_I_peptide.pdb,propedia
propedia_1bd2_C,/home/igem/unknown_software/datasets/propedia_formatted/propedia_1bd2_C/propedia_1bd2_C_protein_pocket.pdb,/home/igem/unknown_software/datasets/propedia_formatted/propedia_1bd2_C/propedia_1bd2_C_peptide.pdb,propedia
propedia_1bd2_C,/home/igem/unknown_software/datasets/propedia_formatted/propedia_1bd2_C/propedia_1bd2_C_protein_pocket.pdb,/home/igem/unknown_software/datasets/propedia_formatted/propedia_1bd2_C/propedia_1bd2_C_peptide.pdb,propedia
propedia_1bd2_C,/home/igem/unknown_software/datasets/propedia_formatted/propedia_1bd2_C/propedia_1bd2_C_protein_pocket.pdb,/home/igem/unknown_software/datasets/propedia_formatted/propedia_1bd2_C/propedia_1bd2_C_peptide.pdb,propedia
propedia_1be9_B,/home/igem/unknown_software/datasets/propedia_formatted/propedia_1be9_B/propedia_1be9_B_protein_pocket.pdb,/home/igem/unknown_software/datasets/propedia_formatted/propedia_1be9_B/propedia_1be9_B_peptide.pdb,propedia
propedia_1bii_P,/home/igem/unknown_software/datasets/propedia_formatted/propedia_1bii_P/propedia_1bii_P_protein_pocket.pdb,/home/igem/unknown_software/datasets/propedia_formatted/propedia_1bii_P/propedia_1bii_P_peptide.pdb,propedia
propedia_1bjr_I,/home/igem/unknown_software/datasets/propedia_formatted/propedia_1bjr_I/propedia_1bjr_I_protein_pocket.pdb,/home/igem/unknown_software/datasets/propedia_formatted/propedia_1bjr_I/propedia_1bjr_I_peptide.pdb,propedia
propedia_1bm2_L,/home/igem/unknown_software/datasets/propedia_formatted/propedia_1bm2_L/propedia_1bm2_L_protein_pocket.pdb,/home/igem/unknown_software/datasets/propedia_formatted/propedia_1bm2_L/propedia_1bm2_L_peptide.pdb,propedia
propedia_1bmb_I,/home/igem/unknown_software/datasets/propedia_formatted/propedia_1bmb_I/propedia_1bmb_I_protein_pocket.pdb,/home/igem/unknown_software/datasets/propedia_formatted/propedia_1bmb_I/propedia_1bmb_I_peptide.pdb,propedia
propedia_1bt6_C,/home/igem/unknown_software/datasets/propedia_formatted/propedia_1bt6_C/propedia_1bt6_C_protein_pocket.pdb,/home/igem/unknown_software/datasets/propedia_formatted/propedia_1bt6_C/propedia_1bt6_C_peptide.pdb,propedia
propedia_1bt6_C,/home/igem/unknown_software/datasets/propedia_formatted/propedia_1bt6_C/propedia_1bt6_C_protein_pocket.pdb,/home/igem/unknown_software/datasets/propedia_formatted/propedia_1bt6_C/propedia_1bt6_C_peptide.pdb,propedia
propedia_1bzh_I,/home/igem/unknown_software/datasets/propedia_formatted/propedia_1bzh_I/propedia_1bzh_I_protein_pocket.pdb,/home/igem/unknown_software/datasets/propedia_formatted/propedia_1bzh_I/propedia_1bzh_I_peptide.pdb,propedia
propedia_1c1u_I,/home/igem/unknown_software/datasets/propedia_formatted/propedia_1c1u_I/propedia_1c1u_I_protein_pocket.pdb,/home/igem/unknown_software/datasets/propedia_formatted/propedia_1c1u_I/propedia_1c1u_I_peptide.pdb,propedia
propedia_1c1v_I,/home/igem/unknown_software/datasets/propedia_formatted/propedia_1c1v_I/propedia_1c1v_I_protein_pocket.pdb,/home/igem/unknown_software/datasets/propedia_formatted/propedia_1c1v_I/propedia_1c1v_I_peptide.pdb,propedia
propedia_1c5f_B,/home/igem/unknown_software/datasets/propedia_formatted/propedia_1c5f_B/propedia_1c5f_B_protein_pocket.pdb,/home/igem/unknown_software/datasets/propedia_formatted/propedia_1c5f_B/propedia_1c5f_B_peptide.pdb,propedia
propedia_1c5l_I,/home/igem/unknown_software/datasets/propedia_formatted/propedia_1c5l_I/propedia_1c5l_I_protein_pocket.pdb,/home/igem/unknown_software/datasets/propedia_formatted/propedia_1c5l_I/propedia_1c5l_I_peptide.pdb,propedia
propedia_1c5n_I,/home/igem/unknown_software/datasets/propedia_formatted/propedia_1c5n_I/propedia_1c5n_I_protein_pocket.pdb,/home/igem/unknown_software/datasets/propedia_formatted/propedia_1c5n_I/propedia_1c5n_I_peptide.pdb,propedia
propedia_1c5o_I,/home/igem/unknown_software/datasets/propedia_formatted/propedia_1c5o_I/propedia_1c5o_I_protein_pocket.pdb,/home/igem/unknown_software/datasets/propedia_formatted/propedia_1c5o_I/propedia_1c5o_I_peptide.pdb,propedia
propedia_1c5w_A,/home/igem/unknown_software/datasets/propedia_formatted/propedia_1c5w_A/propedia_1c5w_A_protein_pocket.pdb,/home/igem/unknown_software/datasets/propedia_formatted/propedia_1c5w_A/propedia_1c5w_A_peptide.pdb,propedia
propedia_1ca0_A,/home/igem/unknown_software/datasets/propedia_formatted/propedia_1ca0_A/propedia_1ca0_A_protein_pocket.pdb,/home/igem/unknown_software/datasets/propedia_formatted/propedia_1ca0_A/propedia_1ca0_A_peptide.pdb,propedia
propedia_1ca0_A,/home/igem/unknown_software/datasets/propedia_formatted/propedia_1ca0_A/propedia_1ca0_A_protein_pocket.pdb,/home/igem/unknown_software/datasets/propedia_formatted/propedia_1ca0_A/propedia_1ca0_A_peptide.pdb,propedia
propedia_1ca9_G,/home/igem/unknown_software/datasets/propedia_formatted/propedia_1ca9_G/propedia_1ca9_G_protein_pocket.pdb,/home/igem/unknown_software/datasets/propedia_formatted/propedia_1ca9_G/propedia_1ca9_G_peptide.pdb,propedia
propedia_1ca9_G,/home/igem/unknown_software/datasets/propedia_formatted/propedia_1ca9_G/propedia_1ca9_G_protein_pocket.pdb,/home/igem/unknown_software/datasets/propedia_formatted/propedia_1ca9_G/propedia_1ca9_G_peptide.pdb,propedia
propedia_1ce1_P,/home/igem/unknown_software/datasets/propedia_formatted/propedia_1ce1_P/propedia_1ce1_P_protein_pocket.pdb,/home/igem/unknown_software/datasets/propedia_formatted/propedia_1ce1_P/propedia_1ce1_P_peptide.pdb,propedia
propedia_1ce1_P,/home/igem/unknown_software/datasets/propedia_formatted/propedia_1ce1_P/propedia_1ce1_P_protein_pocket.pdb,/home/igem/unknown_software/datasets/propedia_formatted/propedia_1ce1_P/propedia_1ce1_P_peptide.pdb,propedia
propedia_1cf0_C,/home/igem/unknown_software/datasets/propedia_formatted/propedia_1cf0_C/propedia_1cf0_C_protein_pocket.pdb,/home/igem/unknown_software/datasets/propedia_formatted/propedia_1cf0_C/propedia_1cf0_C_peptide.pdb,propedia
propedia_1cf0_C,/home/igem/unknown_software/datasets/propedia_formatted/propedia_1cf0_C/propedia_1cf0_C_protein_pocket.pdb,/home/igem/unknown_software/datasets/propedia_formatted/propedia_1cf0_C/propedia_1cf0_C_peptide.pdb,propedia
propedia_1cho_E,/home/igem/unknown_software/datasets/propedia_formatted/propedia_1cho_E/propedia_1cho_E_protein_pocket.pdb,/home/igem/unknown_software/datasets/propedia_formatted/propedia_1cho_E/propedia_1cho_E_peptide.pdb,propedia
propedia_1cho_E,/home/igem/unknown_software/datasets/propedia_formatted/propedia_1cho_E/propedia_1cho_E_protein_pocket.pdb,/home/igem/unknown_software/datasets/propedia_formatted/propedia_1cho_E/propedia_1cho_E_peptide.pdb,propedia
propedia_1cmi_C,/home/igem/unknown_software/datasets/propedia_formatted/propedia_1cmi_C/propedia_1cmi_C_protein_pocket.pdb,/home/igem/unknown_software/datasets/propedia_formatted/propedia_1cmi_C/propedia_1cmi_C_peptide.pdb,propedia
propedia_1cp3_C,/home/igem/unknown_software/datasets/propedia_formatted/propedia_1cp3_C/propedia_1cp3_C_protein_pocket.pdb,/home/igem/unknown_software/datasets/propedia_formatted/propedia_1cp3_C/propedia_1cp3_C_peptide.pdb,propedia
propedia_1cpi_C,/home/igem/unknown_software/datasets/propedia_formatted/propedia_1cpi_C/propedia_1cpi_C_protein_pocket.pdb,/home/igem/unknown_software/datasets/propedia_formatted/propedia_1cpi_C/propedia_1cpi_C_peptide.pdb,propedia
propedia_1cpi_C,/home/igem/unknown_software/datasets/propedia_formatted/propedia_1cpi_C/propedia_1cpi_C_protein_pocket.pdb,/home/igem/unknown_software/datasets/propedia_formatted/propedia_1cpi_C/propedia_1cpi_C_peptide.pdb,propedia
propedia_1csy_B,/home/igem/unknown_software/datasets/propedia_formatted/propedia_1csy_B/propedia_1csy_B_protein_pocket.pdb,/home/igem/unknown_software/datasets/propedia_formatted/propedia_1csy_B/propedia_1csy_B_peptide.pdb,propedia
propedia_1csz_B,/home/igem/unknown_software/datasets/propedia_formatted/propedia_1csz_B/propedia_1csz_B_protein_pocket.pdb,/home/igem/unknown_software/datasets/propedia_formatted/propedia_1csz_B/propedia_1csz_B_peptide.pdb,propedia
propedia_1cvu_F,/home/igem/unknown_software/datasets/propedia_formatted/propedia_1cvu_F/propedia_1cvu_F_protein_pocket.pdb,/home/igem/unknown_software/datasets/propedia_formatted/propedia_1cvu_F/propedia_1cvu_F_peptide.pdb,propedia
propedia_1cwa_C,/home/igem/unknown_software/datasets/propedia_formatted/propedia_1cwa_C/propedia_1cwa_C_protein_pocket.pdb,/home/igem/unknown_software/datasets/propedia_formatted/propedia_1cwa_C/propedia_1cwa_C_peptide.pdb,propedia
propedia_1cwb_C,/home/igem/unknown_software/datasets/propedia_formatted/propedia_1cwb_C/propedia_1cwb_C_protein_pocket.pdb,/home/igem/unknown_software/datasets/propedia_formatted/propedia_1cwb_C/propedia_1cwb_C_peptide.pdb,propedia
propedia_1cwc_C,/home/igem/unknown_software/datasets/propedia_formatted/propedia_1cwc_C/propedia_1cwc_C_protein_pocket.pdb,/home/igem/unknown_software/datasets/propedia_formatted/propedia_1cwc_C/propedia_1cwc_C_peptide.pdb,propedia
propedia_1cwd_P,/home/igem/unknown_software/datasets/propedia_formatted/propedia_1cwd_P/propedia_1cwd_P_protein_pocket.pdb,/home/igem/unknown_software/datasets/propedia_formatted/propedia_1cwd_P/propedia_1cwd_P_peptide.pdb,propedia
propedia_1cwe_B,/home/igem/unknown_software/datasets/propedia_formatted/propedia_1cwe_B/propedia_1cwe_B_protein_pocket.pdb,/home/igem/unknown_software/datasets/propedia_formatted/propedia_1cwe_B/propedia_1cwe_B_peptide.pdb,propedia
propedia_1cwf_C,/home/igem/unknown_software/datasets/propedia_formatted/propedia_1cwf_C/propedia_1cwf_C_protein_pocket.pdb,/home/igem/unknown_software/datasets/propedia_formatted/propedia_1cwf_C/propedia_1cwf_C_peptide.pdb,propedia
propedia_1cwh_C,/home/igem/unknown_software/datasets/propedia_formatted/propedia_1cwh_C/propedia_1cwh_C_protein_pocket.pdb,/home/igem/unknown_software/datasets/propedia_formatted/propedia_1cwh_C/propedia_1cwh_C_peptide.pdb,propedia
propedia_1cwi_C,/home/igem/unknown_software/datasets/propedia_formatted/propedia_1cwi_C/propedia_1cwi_C_protein_pocket.pdb,/home/igem/unknown_software/datasets/propedia_formatted/propedia_1cwi_C/propedia_1cwi_C_peptide.pdb,propedia
propedia_1cwj_C,/home/igem/unknown_software/datasets/propedia_formatted/propedia_1cwj_C/propedia_1cwj_C_protein_pocket.pdb,/home/igem/unknown_software/datasets/propedia_formatted/propedia_1cwj_C/propedia_1cwj_C_peptide.pdb,propedia
propedia_1cwk_C,/home/igem/unknown_software/datasets/propedia_formatted/propedia_1cwk_C/propedia_1cwk_C_protein_pocket.pdb,/home/igem/unknown_software/datasets/propedia_formatted/propedia_1cwk_C/propedia_1cwk_C_peptide.pdb,propedia
propedia_1cwl_C,/home/igem/unknown_software/datasets/propedia_formatted/propedia_1cwl_C/propedia_1cwl_C_protein_pocket.pdb,/home/igem/unknown_software/datasets/propedia_formatted/propedia_1cwl_C/propedia_1cwl_C_peptide.pdb,propedia
propedia_1cwm_C,/home/igem/unknown_software/datasets/propedia_formatted/propedia_1cwm_C/propedia_1cwm_C_protein_pocket.pdb,/home/igem/unknown_software/datasets/propedia_formatted/propedia_1cwm_C/propedia_1cwm_C_peptide.pdb,propedia
propedia_1cwo_C,/home/igem/unknown_software/datasets/propedia_formatted/propedia_1cwo_C/propedia_1cwo_C_protein_pocket.pdb,/home/igem/unknown_software/datasets/propedia_formatted/propedia_1cwo_C/propedia_1cwo_C_peptide.pdb,propedia
propedia_1cyn_C,/home/igem/unknown_software/datasets/propedia_formatted/propedia_1cyn_C/propedia_1cyn_C_protein_pocket.pdb,/home/igem/unknown_software/datasets/propedia_formatted/propedia_1cyn_C/propedia_1cyn_C_peptide.pdb,propedia
propedia_1czy_D,/home/igem/unknown_software/datasets/propedia_formatted/propedia_1czy_D/propedia_1czy_D_protein_pocket.pdb,/home/igem/unknown_software/datasets/propedia_formatted/propedia_1czy_D/propedia_1czy_D_peptide.pdb,propedia
propedia_1d00_I,/home/igem/unknown_software/datasets/propedia_formatted/propedia_1d00_I/propedia_1d00_I_protein_pocket.pdb,/home/igem/unknown_software/datasets/propedia_formatted/propedia_1d00_I/propedia_1d00_I_peptide.pdb,propedia
propedia_1d01_G,/home/igem/unknown_software/datasets/propedia_formatted/propedia_1d01_G/propedia_1d01_G_protein_pocket.pdb,/home/igem/unknown_software/datasets/propedia_formatted/propedia_1d01_G/propedia_1d01_G_peptide.pdb,propedia
propedia_1d01_G,/home/igem/unknown_software/datasets/propedia_formatted/propedia_1d01_G/propedia_1d01_G_protein_pocket.pdb,/home/igem/unknown_software/datasets/propedia_formatted/propedia_1d01_G/propedia_1d01_G_peptide.pdb,propedia
propedia_1d0a_G,/home/igem/unknown_software/datasets/propedia_formatted/propedia_1d0a_G/propedia_1d0a_G_protein_pocket.pdb,/home/igem/unknown_software/datasets/propedia_formatted/propedia_1d0a_G/propedia_1d0a_G_peptide.pdb,propedia
propedia_1d0j_G,/home/igem/unknown_software/datasets/propedia_formatted/propedia_1d0j_G/propedia_1d0j_G_protein_pocket.pdb,/home/igem/unknown_software/datasets/propedia_formatted/propedia_1d0j_G/propedia_1d0j_G_peptide.pdb,propedia
propedia_1d4t_B,/home/igem/unknown_software/datasets/propedia_formatted/propedia_1d4t_B/propedia_1d4t_B_protein_pocket.pdb,/home/igem/unknown_software/datasets/propedia_formatted/propedia_1d4t_B/propedia_1d4t_B_peptide.pdb,propedia
propedia_1d4w_C,/home/igem/unknown_software/datasets/propedia_formatted/propedia_1d4w_C/propedia_1d4w_C_protein_pocket.pdb,/home/igem/unknown_software/datasets/propedia_formatted/propedia_1d4w_C/propedia_1d4w_C_peptide.pdb,propedia
propedia_1d5m_D,/home/igem/unknown_software/datasets/propedia_formatted/propedia_1d5m_D/propedia_1d5m_D_protein_pocket.pdb,/home/igem/unknown_software/datasets/propedia_formatted/propedia_1d5m_D/propedia_1d5m_D_peptide.pdb,propedia
propedia_1d5m_D,/home/igem/unknown_software/datasets/propedia_formatted/propedia_1d5m_D/propedia_1d5m_D_protein_pocket.pdb,/home/igem/unknown_software/datasets/propedia_formatted/propedia_1d5m_D/propedia_1d5m_D_peptide.pdb,propedia
propedia_1d5x_D,/home/igem/unknown_software/datasets/propedia_formatted/propedia_1d5x_D/propedia_1d5x_D_protein_pocket.pdb,/home/igem/unknown_software/datasets/propedia_formatted/propedia_1d5x_D/propedia_1d5x_D_peptide.pdb,propedia
propedia_1d5x_D,/home/igem/unknown_software/datasets/propedia_formatted/propedia_1d5x_D/propedia_1d5x_D_protein_pocket.pdb,/home/igem/unknown_software/datasets/propedia_formatted/propedia_1d5x_D/propedia_1d5x_D_peptide.pdb,propedia
propedia_1d5z_D,/home/igem/unknown_software/datasets/propedia_formatted/propedia_1d5z_D/propedia_1d5z_D_protein_pocket.pdb,/home/igem/unknown_software/datasets/propedia_formatted/propedia_1d5z_D/propedia_1d5z_D_peptide.pdb,propedia
propedia_1d5z_D,/home/igem/unknown_software/datasets/propedia_formatted/propedia_1d5z_D/propedia_1d5z_D_protein_pocket.pdb,/home/igem/unknown_software/datasets/propedia_formatted/propedia_1d5z_D/propedia_1d5z_D_peptide.pdb,propedia
propedia_1d6e_D,/home/igem/unknown_software/datasets/propedia_formatted/propedia_1d6e_D/propedia_1d6e_D_protein_pocket.pdb,/home/igem/unknown_software/datasets/propedia_formatted/propedia_1d6e_D/propedia_1d6e_D_peptide.pdb,propedia
propedia_1d6e_D,/home/igem/unknown_software/datasets/propedia_formatted/propedia_1d6e_D/propedia_1d6e_D_protein_pocket.pdb,/home/igem/unknown_software/datasets/propedia_formatted/propedia_1d6e_D/propedia_1d6e_D_peptide.pdb,propedia
propedia_1d6w_I,/home/igem/unknown_software/datasets/propedia_formatted/propedia_1d6w_I/propedia_1d6w_I_protein_pocket.pdb,/home/igem/unknown_software/datasets/propedia_formatted/propedia_1d6w_I/propedia_1d6w_I_peptide.pdb,propedia
propedia_1d8d_P,/home/igem/unknown_software/datasets/propedia_formatted/propedia_1d8d_P/propedia_1d8d_P_protein_pocket.pdb,/home/igem/unknown_software/datasets/propedia_formatted/propedia_1d8d_P/propedia_1d8d_P_peptide.pdb,propedia
propedia_1d8d_P,/home/igem/unknown_software/datasets/propedia_formatted/propedia_1d8d_P/propedia_1d8d_P_protein_pocket.pdb,/home/igem/unknown_software/datasets/propedia_formatted/propedia_1d8d_P/propedia_1d8d_P_peptide.pdb,propedia
propedia_1d9i_I,/home/igem/unknown_software/datasets/propedia_formatted/propedia_1d9i_I/propedia_1d9i_I_protein_pocket.pdb,/home/igem/unknown_software/datasets/propedia_formatted/propedia_1d9i_I/propedia_1d9i_I_peptide.pdb,propedia
propedia_1ddm_B,/home/igem/unknown_software/datasets/propedia_formatted/propedia_1ddm_B/propedia_1ddm_B_protein_pocket.pdb,/home/igem/unknown_software/datasets/propedia_formatted/propedia_1ddm_B/propedia_1ddm_B_peptide.pdb,propedia
propedia_1ddv_B,/home/igem/unknown_software/datasets/propedia_formatted/propedia_1ddv_B/propedia_1ddv_B_protein_pocket.pdb,/home/igem/unknown_software/datasets/propedia_formatted/propedia_1ddv_B/propedia_1ddv_B_peptide.pdb,propedia
propedia_1de7_A,/home/igem/unknown_software/datasets/propedia_formatted/propedia_1de7_A/propedia_1de7_A_protein_pocket.pdb,/home/igem/unknown_software/datasets/propedia_formatted/propedia_1de7_A/propedia_1de7_A_peptide.pdb,propedia
propedia_1dkd_E,/home/igem/unknown_software/datasets/propedia_formatted/propedia_1dkd_E/propedia_1dkd_E_protein_pocket.pdb,/home/igem/unknown_software/datasets/propedia_formatted/propedia_1dkd_E/propedia_1dkd_E_peptide.pdb,propedia
propedia_1dkd_E,/home/igem/unknown_software/datasets/propedia_formatted/propedia_1dkd_E/propedia_1dkd_E_protein_pocket.pdb,/home/igem/unknown_software/datasets/propedia_formatted/propedia_1dkd_E/propedia_1dkd_E_peptide.pdb,propedia
propedia_1dkx_B,/home/igem/unknown_software/datasets/propedia_formatted/propedia_1dkx_B/propedia_1dkx_B_protein_pocket.pdb,/home/igem/unknown_software/datasets/propedia_formatted/propedia_1dkx_B/propedia_1dkx_B_peptide.pdb,propedia
propedia_1doj_B,/home/igem/unknown_software/datasets/propedia_formatted/propedia_1doj_B/propedia_1doj_B_protein_pocket.pdb,/home/igem/unknown_software/datasets/propedia_formatted/propedia_1doj_B/propedia_1doj_B_peptide.pdb,propedia
propedia_1duy_C,/home/igem/unknown_software/datasets/propedia_formatted/propedia_1duy_C/propedia_1duy_C_protein_pocket.pdb,/home/igem/unknown_software/datasets/propedia_formatted/propedia_1duy_C/propedia_1duy_C_peptide.pdb,propedia
propedia_1e27_C,/home/igem/unknown_software/datasets/propedia_formatted/propedia_1e27_C/propedia_1e27_C_protein_pocket.pdb,/home/igem/unknown_software/datasets/propedia_formatted/propedia_1e27_C/propedia_1e27_C_peptide.pdb,propedia
propedia_1e4w_P,/home/igem/unknown_software/datasets/propedia_formatted/propedia_1e4w_P/propedia_1e4w_P_protein_pocket.pdb,/home/igem/unknown_software/datasets/propedia_formatted/propedia_1e4w_P/propedia_1e4w_P_peptide.pdb,propedia
propedia_1e4w_P,/home/igem/unknown_software/datasets/propedia_formatted/propedia_1e4w_P/propedia_1e4w_P_protein_pocket.pdb,/home/igem/unknown_software/datasets/propedia_formatted/propedia_1e4w_P/propedia_1e4w_P_peptide.pdb,propedia
propedia_1e4x_P,/home/igem/unknown_software/datasets/propedia_formatted/propedia_1e4x_P/propedia_1e4x_P_protein_pocket.pdb,/home/igem/unknown_software/datasets/propedia_formatted/propedia_1e4x_P/propedia_1e4x_P_peptide.pdb,propedia
propedia_1e4x_P,/home/igem/unknown_software/datasets/propedia_formatted/propedia_1e4x_P/propedia_1e4x_P_protein_pocket.pdb,/home/igem/unknown_software/datasets/propedia_formatted/propedia_1e4x_P/propedia_1e4x_P_peptide.pdb,propedia
propedia_1e54_B,/home/igem/unknown_software/datasets/propedia_formatted/propedia_1e54_B/propedia_1e54_B_protein_pocket.pdb,/home/igem/unknown_software/datasets/propedia_formatted/propedia_1e54_B/propedia_1e54_B_peptide.pdb,propedia
propedia_1e6i_P,/home/igem/unknown_software/datasets/propedia_formatted/propedia_1e6i_P/propedia_1e6i_P_protein_pocket.pdb,/home/igem/unknown_software/datasets/propedia_formatted/propedia_1e6i_P/propedia_1e6i_P_peptide.pdb,propedia
propedia_1e8n_I,/home/igem/unknown_software/datasets/propedia_formatted/propedia_1e8n_I/propedia_1e8n_I_protein_pocket.pdb,/home/igem/unknown_software/datasets/propedia_formatted/propedia_1e8n_I/propedia_1e8n_I_peptide.pdb,propedia
propedia_1ee4_C,/home/igem/unknown_software/datasets/propedia_formatted/propedia_1ee4_C/propedia_1ee4_C_protein_pocket.pdb,/home/igem/unknown_software/datasets/propedia_formatted/propedia_1ee4_C/propedia_1ee4_C_peptide.pdb,propedia
propedia_1een_B,/home/igem/unknown_software/datasets/propedia_formatted/propedia_1een_B/propedia_1een_B_protein_pocket.pdb,/home/igem/unknown_software/datasets/propedia_formatted/propedia_1een_B/propedia_1een_B_peptide.pdb,propedia
propedia_1eeo_B,/home/igem/unknown_software/datasets/propedia_formatted/propedia_1eeo_B/propedia_1eeo_B_protein_pocket.pdb,/home/igem/unknown_software/datasets/propedia_formatted/propedia_1eeo_B/propedia_1eeo_B_peptide.pdb,propedia
propedia_1eey_C,/home/igem/unknown_software/datasets/propedia_formatted/propedia_1eey_C/propedia_1eey_C_protein_pocket.pdb,/home/igem/unknown_software/datasets/propedia_formatted/propedia_1eey_C/propedia_1eey_C_peptide.pdb,propedia
propedia_1ekb_A,/home/igem/unknown_software/datasets/propedia_formatted/propedia_1ekb_A/propedia_1ekb_A_protein_pocket.pdb,/home/igem/unknown_software/datasets/propedia_formatted/propedia_1ekb_A/propedia_1ekb_A_peptide.pdb,propedia
propedia_1elr_B,/home/igem/unknown_software/datasets/propedia_formatted/propedia_1elr_B/propedia_1elr_B_protein_pocket.pdb,/home/igem/unknown_software/datasets/propedia_formatted/propedia_1elr_B/propedia_1elr_B_peptide.pdb,propedia
propedia_1elw_C,/home/igem/unknown_software/datasets/propedia_formatted/propedia_1elw_C/propedia_1elw_C_protein_pocket.pdb,/home/igem/unknown_software/datasets/propedia_formatted/propedia_1elw_C/propedia_1elw_C_peptide.pdb,propedia
propedia_1epl_I,/home/igem/unknown_software/datasets/propedia_formatted/propedia_1epl_I/propedia_1epl_I_protein_pocket.pdb,/home/igem/unknown_software/datasets/propedia_formatted/propedia_1epl_I/propedia_1epl_I_peptide.pdb,propedia
propedia_1epm_I,/home/igem/unknown_software/datasets/propedia_formatted/propedia_1epm_I/propedia_1epm_I_protein_pocket.pdb,/home/igem/unknown_software/datasets/propedia_formatted/propedia_1epm_I/propedia_1epm_I_peptide.pdb,propedia
propedia_1er8_I,/home/igem/unknown_software/datasets/propedia_formatted/propedia_1er8_I/propedia_1er8_I_protein_pocket.pdb,/home/igem/unknown_software/datasets/propedia_formatted/propedia_1er8_I/propedia_1er8_I_peptide.pdb,propedia
propedia_1evh_B,/home/igem/unknown_software/datasets/propedia_formatted/propedia_1evh_B/propedia_1evh_B_protein_pocket.pdb,/home/igem/unknown_software/datasets/propedia_formatted/propedia_1evh_B/propedia_1evh_B_peptide.pdb,propedia
propedia_1eyx_G,/home/igem/unknown_software/datasets/propedia_formatted/propedia_1eyx_G/propedia_1eyx_G_protein_pocket.pdb,/home/igem/unknown_software/datasets/propedia_formatted/propedia_1eyx_G/propedia_1eyx_G_peptide.pdb,propedia
propedia_1f1w_B,/home/igem/unknown_software/datasets/propedia_formatted/propedia_1f1w_B/propedia_1f1w_B_protein_pocket.pdb,/home/igem/unknown_software/datasets/propedia_formatted/propedia_1f1w_B/propedia_1f1w_B_peptide.pdb,propedia
propedia_1f3r_A,/home/igem/unknown_software/datasets/propedia_formatted/propedia_1f3r_A/propedia_1f3r_A_protein_pocket.pdb,/home/igem/unknown_software/datasets/propedia_formatted/propedia_1f3r_A/propedia_1f3r_A_peptide.pdb,propedia
propedia_1f58_P,/home/igem/unknown_software/datasets/propedia_formatted/propedia_1f58_P/propedia_1f58_P_protein_pocket.pdb,/home/igem/unknown_software/datasets/propedia_formatted/propedia_1f58_P/propedia_1f58_P_peptide.pdb,propedia
propedia_1f58_P,/home/igem/unknown_software/datasets/propedia_formatted/propedia_1f58_P/propedia_1f58_P_protein_pocket.pdb,/home/igem/unknown_software/datasets/propedia_formatted/propedia_1f58_P/propedia_1f58_P_peptide.pdb,propedia
propedia_1f7a_P,/home/igem/unknown_software/datasets/propedia_formatted/propedia_1f7a_P/propedia_1f7a_P_protein_pocket.pdb,/home/igem/unknown_software/datasets/propedia_formatted/propedia_1f7a_P/propedia_1f7a_P_peptide.pdb,propedia
propedia_1f7a_P,/home/igem/unknown_software/datasets/propedia_formatted/propedia_1f7a_P/propedia_1f7a_P_protein_pocket.pdb,/home/igem/unknown_software/datasets/propedia_formatted/propedia_1f7a_P/propedia_1f7a_P_peptide.pdb,propedia
propedia_1f8a_C,/home/igem/unknown_software/datasets/propedia_formatted/propedia_1f8a_C/propedia_1f8a_C_protein_pocket.pdb,/home/igem/unknown_software/datasets/propedia_formatted/propedia_1f8a_C/propedia_1f8a_C_peptide.pdb,propedia
propedia_1f8h_B,/home/igem/unknown_software/datasets/propedia_formatted/propedia_1f8h_B/propedia_1f8h_B_protein_pocket.pdb,/home/igem/unknown_software/datasets/propedia_formatted/propedia_1f8h_B/propedia_1f8h_B_peptide.pdb,propedia
propedia_1f95_C,/home/igem/unknown_software/datasets/propedia_formatted/propedia_1f95_C/propedia_1f95_C_protein_pocket.pdb,/home/igem/unknown_software/datasets/propedia_formatted/propedia_1f95_C/propedia_1f95_C_peptide.pdb,propedia
propedia_1f95_C,/home/igem/unknown_software/datasets/propedia_formatted/propedia_1f95_C/propedia_1f95_C_protein_pocket.pdb,/home/igem/unknown_software/datasets/propedia_formatted/propedia_1f95_C/propedia_1f95_C_peptide.pdb,propedia
propedia_1fch_C,/home/igem/unknown_software/datasets/propedia_formatted/propedia_1fch_C/propedia_1fch_C_protein_pocket.pdb,/home/igem/unknown_software/datasets/propedia_formatted/propedia_1fch_C/propedia_1fch_C_peptide.pdb,propedia
propedia_1fgl_B,/home/igem/unknown_software/datasets/propedia_formatted/propedia_1fgl_B/propedia_1fgl_B_protein_pocket.pdb,/home/igem/unknown_software/datasets/propedia_formatted/propedia_1fgl_B/propedia_1fgl_B_peptide.pdb,propedia
propedia_1fhr_P,/home/igem/unknown_software/datasets/propedia_formatted/propedia_1fhr_P/propedia_1fhr_P_protein_pocket.pdb,/home/igem/unknown_software/datasets/propedia_formatted/propedia_1fhr_P/propedia_1fhr_P_peptide.pdb,propedia
propedia_1fiv_B,/home/igem/unknown_software/datasets/propedia_formatted/propedia_1fiv_B/propedia_1fiv_B_protein_pocket.pdb,/home/igem/unknown_software/datasets/propedia_formatted/propedia_1fiv_B/propedia_1fiv_B_peptide.pdb,propedia
propedia_1fjm_M,/home/igem/unknown_software/datasets/propedia_formatted/propedia_1fjm_M/propedia_1fjm_M_protein_pocket.pdb,/home/igem/unknown_software/datasets/propedia_formatted/propedia_1fjm_M/propedia_1fjm_M_peptide.pdb,propedia
propedia_1fkn_C,/home/igem/unknown_software/datasets/propedia_formatted/propedia_1fkn_C/propedia_1fkn_C_protein_pocket.pdb,/home/igem/unknown_software/datasets/propedia_formatted/propedia_1fkn_C/propedia_1fkn_C_peptide.pdb,propedia
propedia_1fm9_B,/home/igem/unknown_software/datasets/propedia_formatted/propedia_1fm9_B/propedia_1fm9_B_protein_pocket.pdb,/home/igem/unknown_software/datasets/propedia_formatted/propedia_1fm9_B/propedia_1fm9_B_peptide.pdb,propedia
propedia_1fo0_P,/home/igem/unknown_software/datasets/propedia_formatted/propedia_1fo0_P/propedia_1fo0_P_protein_pocket.pdb,/home/igem/unknown_software/datasets/propedia_formatted/propedia_1fo0_P/propedia_1fo0_P_peptide.pdb,propedia
propedia_1fo0_P,/home/igem/unknown_software/datasets/propedia_formatted/propedia_1fo0_P/propedia_1fo0_P_protein_pocket.pdb,/home/igem/unknown_software/datasets/propedia_formatted/propedia_1fo0_P/propedia_1fo0_P_peptide.pdb,propedia
propedia_1fo0_P,/home/igem/unknown_software/datasets/propedia_formatted/propedia_1fo0_P/propedia_1fo0_P_protein_pocket.pdb,/home/igem/unknown_software/datasets/propedia_formatted/propedia_1fo0_P/propedia_1fo0_P_peptide.pdb,propedia
propedia_1fpc_I,/home/igem/unknown_software/datasets/propedia_formatted/propedia_1fpc_I/propedia_1fpc_I_protein_pocket.pdb,/home/igem/unknown_software/datasets/propedia_formatted/propedia_1fpc_I/propedia_1fpc_I_peptide.pdb,propedia
propedia_1fph_F,/home/igem/unknown_software/datasets/propedia_formatted/propedia_1fph_F/propedia_1fph_F_protein_pocket.pdb,/home/igem/unknown_software/datasets/propedia_formatted/propedia_1fph_F/propedia_1fph_F_peptide.pdb,propedia
propedia_1fpr_B,/home/igem/unknown_software/datasets/propedia_formatted/propedia_1fpr_B/propedia_1fpr_B_protein_pocket.pdb,/home/igem/unknown_software/datasets/propedia_formatted/propedia_1fpr_B/propedia_1fpr_B_peptide.pdb,propedia
propedia_1fyn_B,/home/igem/unknown_software/datasets/propedia_formatted/propedia_1fyn_B/propedia_1fyn_B_protein_pocket.pdb,/home/igem/unknown_software/datasets/propedia_formatted/propedia_1fyn_B/propedia_1fyn_B_peptide.pdb,propedia
propedia_1fzj_P,/home/igem/unknown_software/datasets/propedia_formatted/propedia_1fzj_P/propedia_1fzj_P_protein_pocket.pdb,/home/igem/unknown_software/datasets/propedia_formatted/propedia_1fzj_P/propedia_1fzj_P_peptide.pdb,propedia
propedia_1fzk_P,/home/igem/unknown_software/datasets/propedia_formatted/propedia_1fzk_P/propedia_1fzk_P_protein_pocket.pdb,/home/igem/unknown_software/datasets/propedia_formatted/propedia_1fzk_P/propedia_1fzk_P_peptide.pdb,propedia
propedia_1g1f_B,/home/igem/unknown_software/datasets/propedia_formatted/propedia_1g1f_B/propedia_1g1f_B_protein_pocket.pdb,/home/igem/unknown_software/datasets/propedia_formatted/propedia_1g1f_B/propedia_1g1f_B_peptide.pdb,propedia
propedia_1g1g_B,/home/igem/unknown_software/datasets/propedia_formatted/propedia_1g1g_B/propedia_1g1g_B_protein_pocket.pdb,/home/igem/unknown_software/datasets/propedia_formatted/propedia_1g1g_B/propedia_1g1g_B_peptide.pdb,propedia
propedia_1g1h_B,/home/igem/unknown_software/datasets/propedia_formatted/propedia_1g1h_B/propedia_1g1h_B_protein_pocket.pdb,/home/igem/unknown_software/datasets/propedia_formatted/propedia_1g1h_B/propedia_1g1h_B_peptide.pdb,propedia
propedia_1g3f_B,/home/igem/unknown_software/datasets/propedia_formatted/propedia_1g3f_B/propedia_1g3f_B_protein_pocket.pdb,/home/igem/unknown_software/datasets/propedia_formatted/propedia_1g3f_B/propedia_1g3f_B_peptide.pdb,propedia
propedia_1g6g_E,/home/igem/unknown_software/datasets/propedia_formatted/propedia_1g6g_E/propedia_1g6g_E_protein_pocket.pdb,/home/igem/unknown_software/datasets/propedia_formatted/propedia_1g6g_E/propedia_1g6g_E_peptide.pdb,propedia
propedia_1g7p_P,/home/igem/unknown_software/datasets/propedia_formatted/propedia_1g7p_P/propedia_1g7p_P_protein_pocket.pdb,/home/igem/unknown_software/datasets/propedia_formatted/propedia_1g7p_P/propedia_1g7p_P_peptide.pdb,propedia
propedia_1g7q_P,/home/igem/unknown_software/datasets/propedia_formatted/propedia_1g7q_P/propedia_1g7q_P_protein_pocket.pdb,/home/igem/unknown_software/datasets/propedia_formatted/propedia_1g7q_P/propedia_1g7q_P_peptide.pdb,propedia
propedia_1gct_A,/home/igem/unknown_software/datasets/propedia_formatted/propedia_1gct_A/propedia_1gct_A_protein_pocket.pdb,/home/igem/unknown_software/datasets/propedia_formatted/propedia_1gct_A/propedia_1gct_A_peptide.pdb,propedia
propedia_1gct_A,/home/igem/unknown_software/datasets/propedia_formatted/propedia_1gct_A/propedia_1gct_A_protein_pocket.pdb,/home/igem/unknown_software/datasets/propedia_formatted/propedia_1gct_A/propedia_1gct_A_peptide.pdb,propedia
propedia_1gec_I,/home/igem/unknown_software/datasets/propedia_formatted/propedia_1gec_I/propedia_1gec_I_protein_pocket.pdb,/home/igem/unknown_software/datasets/propedia_formatted/propedia_1gec_I/propedia_1gec_I_peptide.pdb,propedia
propedia_1gg6_A,/home/igem/unknown_software/datasets/propedia_formatted/propedia_1gg6_A/propedia_1gg6_A_protein_pocket.pdb,/home/igem/unknown_software/datasets/propedia_formatted/propedia_1gg6_A/propedia_1gg6_A_peptide.pdb,propedia
propedia_1gg6_A,/home/igem/unknown_software/datasets/propedia_formatted/propedia_1gg6_A/propedia_1gg6_A_protein_pocket.pdb,/home/igem/unknown_software/datasets/propedia_formatted/propedia_1gg6_A/propedia_1gg6_A_peptide.pdb,propedia
propedia_1ggd_A,/home/igem/unknown_software/datasets/propedia_formatted/propedia_1ggd_A/propedia_1ggd_A_protein_pocket.pdb,/home/igem/unknown_software/datasets/propedia_formatted/propedia_1ggd_A/propedia_1ggd_A_peptide.pdb,propedia
propedia_1ggd_A,/home/igem/unknown_software/datasets/propedia_formatted/propedia_1ggd_A/propedia_1ggd_A_protein_pocket.pdb,/home/igem/unknown_software/datasets/propedia_formatted/propedia_1ggd_A/propedia_1ggd_A_peptide.pdb,propedia
propedia_1gha_E,/home/igem/unknown_software/datasets/propedia_formatted/propedia_1gha_E/propedia_1gha_E_protein_pocket.pdb,/home/igem/unknown_software/datasets/propedia_formatted/propedia_1gha_E/propedia_1gha_E_peptide.pdb,propedia
propedia_1gha_E,/home/igem/unknown_software/datasets/propedia_formatted/propedia_1gha_E/propedia_1gha_E_protein_pocket.pdb,/home/igem/unknown_software/datasets/propedia_formatted/propedia_1gha_E/propedia_1gha_E_peptide.pdb,propedia
propedia_1ghv_I,/home/igem/unknown_software/datasets/propedia_formatted/propedia_1ghv_I/propedia_1ghv_I_protein_pocket.pdb,/home/igem/unknown_software/datasets/propedia_formatted/propedia_1ghv_I/propedia_1ghv_I_peptide.pdb,propedia
propedia_1ghw_I,/home/igem/unknown_software/datasets/propedia_formatted/propedia_1ghw_I/propedia_1ghw_I_protein_pocket.pdb,/home/igem/unknown_software/datasets/propedia_formatted/propedia_1ghw_I/propedia_1ghw_I_peptide.pdb,propedia
propedia_1ghx_I,/home/igem/unknown_software/datasets/propedia_formatted/propedia_1ghx_I/propedia_1ghx_I_protein_pocket.pdb,/home/igem/unknown_software/datasets/propedia_formatted/propedia_1ghx_I/propedia_1ghx_I_peptide.pdb,propedia
propedia_1ghy_I,/home/igem/unknown_software/datasets/propedia_formatted/propedia_1ghy_I/propedia_1ghy_I_protein_pocket.pdb,/home/igem/unknown_software/datasets/propedia_formatted/propedia_1ghy_I/propedia_1ghy_I_peptide.pdb,propedia
propedia_1gj4_I,/home/igem/unknown_software/datasets/propedia_formatted/propedia_1gj4_I/propedia_1gj4_I_protein_pocket.pdb,/home/igem/unknown_software/datasets/propedia_formatted/propedia_1gj4_I/propedia_1gj4_I_peptide.pdb,propedia
propedia_1gj5_I,/home/igem/unknown_software/datasets/propedia_formatted/propedia_1gj5_I/propedia_1gj5_I_protein_pocket.pdb,/home/igem/unknown_software/datasets/propedia_formatted/propedia_1gj5_I/propedia_1gj5_I_peptide.pdb,propedia
propedia_1gmd_B,/home/igem/unknown_software/datasets/propedia_formatted/propedia_1gmd_B/propedia_1gmd_B_protein_pocket.pdb,/home/igem/unknown_software/datasets/propedia_formatted/propedia_1gmd_B/propedia_1gmd_B_peptide.pdb,propedia
propedia_1gmd_B,/home/igem/unknown_software/datasets/propedia_formatted/propedia_1gmd_B/propedia_1gmd_B_protein_pocket.pdb,/home/igem/unknown_software/datasets/propedia_formatted/propedia_1gmd_B/propedia_1gmd_B_peptide.pdb,propedia
propedia_1gmh_E,/home/igem/unknown_software/datasets/propedia_formatted/propedia_1gmh_E/propedia_1gmh_E_protein_pocket.pdb,/home/igem/unknown_software/datasets/propedia_formatted/propedia_1gmh_E/propedia_1gmh_E_peptide.pdb,propedia
propedia_1gmh_E,/home/igem/unknown_software/datasets/propedia_formatted/propedia_1gmh_E/propedia_1gmh_E_protein_pocket.pdb,/home/igem/unknown_software/datasets/propedia_formatted/propedia_1gmh_E/propedia_1gmh_E_peptide.pdb,propedia
propedia_1gux_E,/home/igem/unknown_software/datasets/propedia_formatted/propedia_1gux_E/propedia_1gux_E_protein_pocket.pdb,/home/igem/unknown_software/datasets/propedia_formatted/propedia_1gux_E/propedia_1gux_E_peptide.pdb,propedia
propedia_1gvu_I,/home/igem/unknown_software/datasets/propedia_formatted/propedia_1gvu_I/propedia_1gvu_I_protein_pocket.pdb,/home/igem/unknown_software/datasets/propedia_formatted/propedia_1gvu_I/propedia_1gvu_I_peptide.pdb,propedia
propedia_1gvx_I,/home/igem/unknown_software/datasets/propedia_formatted/propedia_1gvx_I/propedia_1gvx_I_protein_pocket.pdb,/home/igem/unknown_software/datasets/propedia_formatted/propedia_1gvx_I/propedia_1gvx_I_peptide.pdb,propedia
propedia_1gwr_C,/home/igem/unknown_software/datasets/propedia_formatted/propedia_1gwr_C/propedia_1gwr_C_protein_pocket.pdb,/home/igem/unknown_software/datasets/propedia_formatted/propedia_1gwr_C/propedia_1gwr_C_peptide.pdb,propedia
propedia_1gyb_E,/home/igem/unknown_software/datasets/propedia_formatted/propedia_1gyb_E/propedia_1gyb_E_protein_pocket.pdb,/home/igem/unknown_software/datasets/propedia_formatted/propedia_1gyb_E/propedia_1gyb_E_peptide.pdb,propedia
propedia_1gyb_E,/home/igem/unknown_software/datasets/propedia_formatted/propedia_1gyb_E/propedia_1gyb_E_protein_pocket.pdb,/home/igem/unknown_software/datasets/propedia_formatted/propedia_1gyb_E/propedia_1gyb_E_peptide.pdb,propedia
propedia_1h0g_C,/home/igem/unknown_software/datasets/propedia_formatted/propedia_1h0g_C/propedia_1h0g_C_protein_pocket.pdb,/home/igem/unknown_software/datasets/propedia_formatted/propedia_1h0g_C/propedia_1h0g_C_peptide.pdb,propedia
propedia_1h24_E,/home/igem/unknown_software/datasets/propedia_formatted/propedia_1h24_E/propedia_1h24_E_protein_pocket.pdb,/home/igem/unknown_software/datasets/propedia_formatted/propedia_1h24_E/propedia_1h24_E_peptide.pdb,propedia
propedia_1h25_E,/home/igem/unknown_software/datasets/propedia_formatted/propedia_1h25_E/propedia_1h25_E_protein_pocket.pdb,/home/igem/unknown_software/datasets/propedia_formatted/propedia_1h25_E/propedia_1h25_E_peptide.pdb,propedia
propedia_1h26_E,/home/igem/unknown_software/datasets/propedia_formatted/propedia_1h26_E/propedia_1h26_E_protein_pocket.pdb,/home/igem/unknown_software/datasets/propedia_formatted/propedia_1h26_E/propedia_1h26_E_peptide.pdb,propedia
propedia_1h27_E,/home/igem/unknown_software/datasets/propedia_formatted/propedia_1h27_E/propedia_1h27_E_protein_pocket.pdb,/home/igem/unknown_software/datasets/propedia_formatted/propedia_1h27_E/propedia_1h27_E_peptide.pdb,propedia
propedia_1h3h_B,/home/igem/unknown_software/datasets/propedia_formatted/propedia_1h3h_B/propedia_1h3h_B_protein_pocket.pdb,/home/igem/unknown_software/datasets/propedia_formatted/propedia_1h3h_B/propedia_1h3h_B_peptide.pdb,propedia
propedia_1h6w_B,/home/igem/unknown_software/datasets/propedia_formatted/propedia_1h6w_B/propedia_1h6w_B_protein_pocket.pdb,/home/igem/unknown_software/datasets/propedia_formatted/propedia_1h6w_B/propedia_1h6w_B_peptide.pdb,propedia
propedia_1h8i_I,/home/igem/unknown_software/datasets/propedia_formatted/propedia_1h8i_I/propedia_1h8i_I_protein_pocket.pdb,/home/igem/unknown_software/datasets/propedia_formatted/propedia_1h8i_I/propedia_1h8i_I_peptide.pdb,propedia
propedia_1h9o_B,/home/igem/unknown_software/datasets/propedia_formatted/propedia_1h9o_B/propedia_1h9o_B_protein_pocket.pdb,/home/igem/unknown_software/datasets/propedia_formatted/propedia_1h9o_B/propedia_1h9o_B_peptide.pdb,propedia
propedia_1hag_I,/home/igem/unknown_software/datasets/propedia_formatted/propedia_1hag_I/propedia_1hag_I_protein_pocket.pdb,/home/igem/unknown_software/datasets/propedia_formatted/propedia_1hag_I/propedia_1hag_I_peptide.pdb,propedia
propedia_1hah_I,/home/igem/unknown_software/datasets/propedia_formatted/propedia_1hah_I/propedia_1hah_I_protein_pocket.pdb,/home/igem/unknown_software/datasets/propedia_formatted/propedia_1hah_I/propedia_1hah_I_peptide.pdb,propedia
propedia_1hcs_A,/home/igem/unknown_software/datasets/propedia_formatted/propedia_1hcs_A/propedia_1hcs_A_protein_pocket.pdb,/home/igem/unknown_software/datasets/propedia_formatted/propedia_1hcs_A/propedia_1hcs_A_peptide.pdb,propedia
propedia_1hct_A,/home/igem/unknown_software/datasets/propedia_formatted/propedia_1hct_A/propedia_1hct_A_protein_pocket.pdb,/home/igem/unknown_software/datasets/propedia_formatted/propedia_1hct_A/propedia_1hct_A_peptide.pdb,propedia
propedia_1hef_I,/home/igem/unknown_software/datasets/propedia_formatted/propedia_1hef_I/propedia_1hef_I_protein_pocket.pdb,/home/igem/unknown_software/datasets/propedia_formatted/propedia_1hef_I/propedia_1hef_I_peptide.pdb,propedia
propedia_1hgt_I,/home/igem/unknown_software/datasets/propedia_formatted/propedia_1hgt_I/propedia_1hgt_I_protein_pocket.pdb,/home/igem/unknown_software/datasets/propedia_formatted/propedia_1hgt_I/propedia_1hgt_I_peptide.pdb,propedia
propedia_1hhj_C,/home/igem/unknown_software/datasets/propedia_formatted/propedia_1hhj_C/propedia_1hhj_C_protein_pocket.pdb,/home/igem/unknown_software/datasets/propedia_formatted/propedia_1hhj_C/propedia_1hhj_C_peptide.pdb,propedia
propedia_1hja_A,/home/igem/unknown_software/datasets/propedia_formatted/propedia_1hja_A/propedia_1hja_A_protein_pocket.pdb,/home/igem/unknown_software/datasets/propedia_formatted/propedia_1hja_A/propedia_1hja_A_peptide.pdb,propedia
propedia_1hja_A,/home/igem/unknown_software/datasets/propedia_formatted/propedia_1hja_A/propedia_1hja_A_protein_pocket.pdb,/home/igem/unknown_software/datasets/propedia_formatted/propedia_1hja_A/propedia_1hja_A_peptide.pdb,propedia
propedia_1hne_I,/home/igem/unknown_software/datasets/propedia_formatted/propedia_1hne_I/propedia_1hne_I_protein_pocket.pdb,/home/igem/unknown_software/datasets/propedia_formatted/propedia_1hne_I/propedia_1hne_I_peptide.pdb,propedia
propedia_1hoc_C,/home/igem/unknown_software/datasets/propedia_formatted/propedia_1hoc_C/propedia_1hoc_C_protein_pocket.pdb,/home/igem/unknown_software/datasets/propedia_formatted/propedia_1hoc_C/propedia_1hoc_C_peptide.pdb,propedia
propedia_1hpg_B,/home/igem/unknown_software/datasets/propedia_formatted/propedia_1hpg_B/propedia_1hpg_B_protein_pocket.pdb,/home/igem/unknown_software/datasets/propedia_formatted/propedia_1hpg_B/propedia_1hpg_B_peptide.pdb,propedia
propedia_1hsa_C,/home/igem/unknown_software/datasets/propedia_formatted/propedia_1hsa_C/propedia_1hsa_C_protein_pocket.pdb,/home/igem/unknown_software/datasets/propedia_formatted/propedia_1hsa_C/propedia_1hsa_C_peptide.pdb,propedia
propedia_1htm_A,/home/igem/unknown_software/datasets/propedia_formatted/propedia_1htm_A/propedia_1htm_A_protein_pocket.pdb,/home/igem/unknown_software/datasets/propedia_formatted/propedia_1htm_A/propedia_1htm_A_peptide.pdb,propedia
propedia_1hy2_E,/home/igem/unknown_software/datasets/propedia_formatted/propedia_1hy2_E/propedia_1hy2_E_protein_pocket.pdb,/home/igem/unknown_software/datasets/propedia_formatted/propedia_1hy2_E/propedia_1hy2_E_peptide.pdb,propedia
propedia_1hy2_E,/home/igem/unknown_software/datasets/propedia_formatted/propedia_1hy2_E/propedia_1hy2_E_protein_pocket.pdb,/home/igem/unknown_software/datasets/propedia_formatted/propedia_1hy2_E/propedia_1hy2_E_peptide.pdb,propedia
propedia_1i31_P,/home/igem/unknown_software/datasets/propedia_formatted/propedia_1i31_P/propedia_1i31_P_protein_pocket.pdb,/home/igem/unknown_software/datasets/propedia_formatted/propedia_1i31_P/propedia_1i31_P_peptide.pdb,propedia
propedia_1i3z_B,/home/igem/unknown_software/datasets/propedia_formatted/propedia_1i3z_B/propedia_1i3z_B_protein_pocket.pdb,/home/igem/unknown_software/datasets/propedia_formatted/propedia_1i3z_B/propedia_1i3z_B_peptide.pdb,propedia
propedia_1i4f_C,/home/igem/unknown_software/datasets/propedia_formatted/propedia_1i4f_C/propedia_1i4f_C_protein_pocket.pdb,/home/igem/unknown_software/datasets/propedia_formatted/propedia_1i4f_C/propedia_1i4f_C_peptide.pdb,propedia
propedia_1i8i_C,/home/igem/unknown_software/datasets/propedia_formatted/propedia_1i8i_C/propedia_1i8i_C_protein_pocket.pdb,/home/igem/unknown_software/datasets/propedia_formatted/propedia_1i8i_C/propedia_1i8i_C_peptide.pdb,propedia
propedia_1i8i_C,/home/igem/unknown_software/datasets/propedia_formatted/propedia_1i8i_C/propedia_1i8i_C_protein_pocket.pdb,/home/igem/unknown_software/datasets/propedia_formatted/propedia_1i8i_C/propedia_1i8i_C_peptide.pdb,propedia
propedia_1i8k_C,/home/igem/unknown_software/datasets/propedia_formatted/propedia_1i8k_C/propedia_1i8k_C_protein_pocket.pdb,/home/igem/unknown_software/datasets/propedia_formatted/propedia_1i8k_C/propedia_1i8k_C_peptide.pdb,propedia
propedia_1i8k_C,/home/igem/unknown_software/datasets/propedia_formatted/propedia_1i8k_C/propedia_1i8k_C_protein_pocket.pdb,/home/igem/unknown_software/datasets/propedia_formatted/propedia_1i8k_C/propedia_1i8k_C_peptide.pdb,propedia
propedia_1ihj_C,/home/igem/unknown_software/datasets/propedia_formatted/propedia_1ihj_C/propedia_1ihj_C_protein_pocket.pdb,/home/igem/unknown_software/datasets/propedia_formatted/propedia_1ihj_C/propedia_1ihj_C_peptide.pdb,propedia
propedia_1iht_I,/home/igem/unknown_software/datasets/propedia_formatted/propedia_1iht_I/propedia_1iht_I_protein_pocket.pdb,/home/igem/unknown_software/datasets/propedia_formatted/propedia_1iht_I/propedia_1iht_I_peptide.pdb,propedia
propedia_1iid_O,/home/igem/unknown_software/datasets/propedia_formatted/propedia_1iid_O/propedia_1iid_O_protein_pocket.pdb,/home/igem/unknown_software/datasets/propedia_formatted/propedia_1iid_O/propedia_1iid_O_peptide.pdb,propedia
propedia_1ikf_C,/home/igem/unknown_software/datasets/propedia_formatted/propedia_1ikf_C/propedia_1ikf_C_protein_pocket.pdb,/home/igem/unknown_software/datasets/propedia_formatted/propedia_1ikf_C/propedia_1ikf_C_peptide.pdb,propedia
propedia_1inq_C,/home/igem/unknown_software/datasets/propedia_formatted/propedia_1inq_C/propedia_1inq_C_protein_pocket.pdb,/home/igem/unknown_software/datasets/propedia_formatted/propedia_1inq_C/propedia_1inq_C_peptide.pdb,propedia
propedia_1ir3_B,/home/igem/unknown_software/datasets/propedia_formatted/propedia_1ir3_B/propedia_1ir3_B_protein_pocket.pdb,/home/igem/unknown_software/datasets/propedia_formatted/propedia_1ir3_B/propedia_1ir3_B_peptide.pdb,propedia
propedia_1irs_B,/home/igem/unknown_software/datasets/propedia_formatted/propedia_1irs_B/propedia_1irs_B_protein_pocket.pdb,/home/igem/unknown_software/datasets/propedia_formatted/propedia_1irs_B/propedia_1irs_B_peptide.pdb,propedia
propedia_1isq_B,/home/igem/unknown_software/datasets/propedia_formatted/propedia_1isq_B/propedia_1isq_B_protein_pocket.pdb,/home/igem/unknown_software/datasets/propedia_formatted/propedia_1isq_B/propedia_1isq_B_peptide.pdb,propedia
propedia_1ize_B,/home/igem/unknown_software/datasets/propedia_formatted/propedia_1ize_B/propedia_1ize_B_protein_pocket.pdb,/home/igem/unknown_software/datasets/propedia_formatted/propedia_1ize_B/propedia_1ize_B_peptide.pdb,propedia
propedia_1j4k_P,/home/igem/unknown_software/datasets/propedia_formatted/propedia_1j4k_P/propedia_1j4k_P_protein_pocket.pdb,/home/igem/unknown_software/datasets/propedia_formatted/propedia_1j4k_P/propedia_1j4k_P_peptide.pdb,propedia
propedia_1j4l_P,/home/igem/unknown_software/datasets/propedia_formatted/propedia_1j4l_P/propedia_1j4l_P_protein_pocket.pdb,/home/igem/unknown_software/datasets/propedia_formatted/propedia_1j4l_P/propedia_1j4l_P_peptide.pdb,propedia
propedia_1j4p_B,/home/igem/unknown_software/datasets/propedia_formatted/propedia_1j4p_B/propedia_1j4p_B_protein_pocket.pdb,/home/igem/unknown_software/datasets/propedia_formatted/propedia_1j4p_B/propedia_1j4p_B_peptide.pdb,propedia
propedia_1jcs_C,/home/igem/unknown_software/datasets/propedia_formatted/propedia_1jcs_C/propedia_1jcs_C_protein_pocket.pdb,/home/igem/unknown_software/datasets/propedia_formatted/propedia_1jcs_C/propedia_1jcs_C_peptide.pdb,propedia
propedia_1jcs_C,/home/igem/unknown_software/datasets/propedia_formatted/propedia_1jcs_C/propedia_1jcs_C_protein_pocket.pdb,/home/igem/unknown_software/datasets/propedia_formatted/propedia_1jcs_C/propedia_1jcs_C_peptide.pdb,propedia
propedia_1jd5_B,/home/igem/unknown_software/datasets/propedia_formatted/propedia_1jd5_B/propedia_1jd5_B_protein_pocket.pdb,/home/igem/unknown_software/datasets/propedia_formatted/propedia_1jd5_B/propedia_1jd5_B_peptide.pdb,propedia
propedia_1jf1_C,/home/igem/unknown_software/datasets/propedia_formatted/propedia_1jf1_C/propedia_1jf1_C_protein_pocket.pdb,/home/igem/unknown_software/datasets/propedia_formatted/propedia_1jf1_C/propedia_1jf1_C_peptide.pdb,propedia
propedia_1jg3_C,/home/igem/unknown_software/datasets/propedia_formatted/propedia_1jg3_C/propedia_1jg3_C_protein_pocket.pdb,/home/igem/unknown_software/datasets/propedia_formatted/propedia_1jg3_C/propedia_1jg3_C_peptide.pdb,propedia
propedia_1jgd_C,/home/igem/unknown_software/datasets/propedia_formatted/propedia_1jgd_C/propedia_1jgd_C_protein_pocket.pdb,/home/igem/unknown_software/datasets/propedia_formatted/propedia_1jgd_C/propedia_1jgd_C_peptide.pdb,propedia
propedia_1jge_C,/home/igem/unknown_software/datasets/propedia_formatted/propedia_1jge_C/propedia_1jge_C_protein_pocket.pdb,/home/igem/unknown_software/datasets/propedia_formatted/propedia_1jge_C/propedia_1jge_C_peptide.pdb,propedia
propedia_1jk4_B,/home/igem/unknown_software/datasets/propedia_formatted/propedia_1jk4_B/propedia_1jk4_B_protein_pocket.pdb,/home/igem/unknown_software/datasets/propedia_formatted/propedia_1jk4_B/propedia_1jk4_B_peptide.pdb,propedia
propedia_1jm4_A,/home/igem/unknown_software/datasets/propedia_formatted/propedia_1jm4_A/propedia_1jm4_A_protein_pocket.pdb,/home/igem/unknown_software/datasets/propedia_formatted/propedia_1jm4_A/propedia_1jm4_A_peptide.pdb,propedia
propedia_1jpf_C,/home/igem/unknown_software/datasets/propedia_formatted/propedia_1jpf_C/propedia_1jpf_C_protein_pocket.pdb,/home/igem/unknown_software/datasets/propedia_formatted/propedia_1jpf_C/propedia_1jpf_C_peptide.pdb,propedia
propedia_1jpg_C,/home/igem/unknown_software/datasets/propedia_formatted/propedia_1jpg_C/propedia_1jpg_C_protein_pocket.pdb,/home/igem/unknown_software/datasets/propedia_formatted/propedia_1jpg_C/propedia_1jpg_C_peptide.pdb,propedia
propedia_1jpl_E,/home/igem/unknown_software/datasets/propedia_formatted/propedia_1jpl_E/propedia_1jpl_E_protein_pocket.pdb,/home/igem/unknown_software/datasets/propedia_formatted/propedia_1jpl_E/propedia_1jpl_E_peptide.pdb,propedia
propedia_1jq8_P,/home/igem/unknown_software/datasets/propedia_formatted/propedia_1jq8_P/propedia_1jq8_P_protein_pocket.pdb,/home/igem/unknown_software/datasets/propedia_formatted/propedia_1jq8_P/propedia_1jq8_P_peptide.pdb,propedia
propedia_1jq8_P,/home/igem/unknown_software/datasets/propedia_formatted/propedia_1jq8_P/propedia_1jq8_P_protein_pocket.pdb,/home/igem/unknown_software/datasets/propedia_formatted/propedia_1jq8_P/propedia_1jq8_P_peptide.pdb,propedia
propedia_1jq9_P,/home/igem/unknown_software/datasets/propedia_formatted/propedia_1jq9_P/propedia_1jq9_P_protein_pocket.pdb,/home/igem/unknown_software/datasets/propedia_formatted/propedia_1jq9_P/propedia_1jq9_P_peptide.pdb,propedia
propedia_1jq9_P,/home/igem/unknown_software/datasets/propedia_formatted/propedia_1jq9_P/propedia_1jq9_P_protein_pocket.pdb,/home/igem/unknown_software/datasets/propedia_formatted/propedia_1jq9_P/propedia_1jq9_P_peptide.pdb,propedia
propedia_1juq_E,/home/igem/unknown_software/datasets/propedia_formatted/propedia_1juq_E/propedia_1juq_E_protein_pocket.pdb,/home/igem/unknown_software/datasets/propedia_formatted/propedia_1juq_E/propedia_1juq_E_peptide.pdb,propedia
propedia_1jw6_B,/home/igem/unknown_software/datasets/propedia_formatted/propedia_1jw6_B/propedia_1jw6_B_protein_pocket.pdb,/home/igem/unknown_software/datasets/propedia_formatted/propedia_1jw6_B/propedia_1jw6_B_peptide.pdb,propedia
propedia_1jxp_C,/home/igem/unknown_software/datasets/propedia_formatted/propedia_1jxp_C/propedia_1jxp_C_protein_pocket.pdb,/home/igem/unknown_software/datasets/propedia_formatted/propedia_1jxp_C/propedia_1jxp_C_peptide.pdb,propedia
propedia_1jxp_C,/home/igem/unknown_software/datasets/propedia_formatted/propedia_1jxp_C/propedia_1jxp_C_protein_pocket.pdb,/home/igem/unknown_software/datasets/propedia_formatted/propedia_1jxp_C/propedia_1jxp_C_peptide.pdb,propedia
propedia_1jyr_L,/home/igem/unknown_software/datasets/propedia_formatted/propedia_1jyr_L/propedia_1jyr_L_protein_pocket.pdb,/home/igem/unknown_software/datasets/propedia_formatted/propedia_1jyr_L/propedia_1jyr_L_peptide.pdb,propedia
propedia_1k21_I,/home/igem/unknown_software/datasets/propedia_formatted/propedia_1k21_I/propedia_1k21_I_protein_pocket.pdb,/home/igem/unknown_software/datasets/propedia_formatted/propedia_1k21_I/propedia_1k21_I_peptide.pdb,propedia
propedia_1k22_I,/home/igem/unknown_software/datasets/propedia_formatted/propedia_1k22_I/propedia_1k22_I_protein_pocket.pdb,/home/igem/unknown_software/datasets/propedia_formatted/propedia_1k22_I/propedia_1k22_I_peptide.pdb,propedia
propedia_1k2d_P,/home/igem/unknown_software/datasets/propedia_formatted/propedia_1k2d_P/propedia_1k2d_P_protein_pocket.pdb,/home/igem/unknown_software/datasets/propedia_formatted/propedia_1k2d_P/propedia_1k2d_P_peptide.pdb,propedia
propedia_1k2d_P,/home/igem/unknown_software/datasets/propedia_formatted/propedia_1k2d_P/propedia_1k2d_P_protein_pocket.pdb,/home/igem/unknown_software/datasets/propedia_formatted/propedia_1k2d_P/propedia_1k2d_P_peptide.pdb,propedia
propedia_1k2m_P,/home/igem/unknown_software/datasets/propedia_formatted/propedia_1k2m_P/propedia_1k2m_P_protein_pocket.pdb,/home/igem/unknown_software/datasets/propedia_formatted/propedia_1k2m_P/propedia_1k2m_P_peptide.pdb,propedia
propedia_1k3a_B,/home/igem/unknown_software/datasets/propedia_formatted/propedia_1k3a_B/propedia_1k3a_B_protein_pocket.pdb,/home/igem/unknown_software/datasets/propedia_formatted/propedia_1k3a_B/propedia_1k3a_B_peptide.pdb,propedia
propedia_1k8d_P,/home/igem/unknown_software/datasets/propedia_formatted/propedia_1k8d_P/propedia_1k8d_P_protein_pocket.pdb,/home/igem/unknown_software/datasets/propedia_formatted/propedia_1k8d_P/propedia_1k8d_P_peptide.pdb,propedia
propedia_1ka6_B,/home/igem/unknown_software/datasets/propedia_formatted/propedia_1ka6_B/propedia_1ka6_B_protein_pocket.pdb,/home/igem/unknown_software/datasets/propedia_formatted/propedia_1ka6_B/propedia_1ka6_B_peptide.pdb,propedia
propedia_1kbg_P,/home/igem/unknown_software/datasets/propedia_formatted/propedia_1kbg_P/propedia_1kbg_P_protein_pocket.pdb,/home/igem/unknown_software/datasets/propedia_formatted/propedia_1kbg_P/propedia_1kbg_P_peptide.pdb,propedia
propedia_1kc2_B,/home/igem/unknown_software/datasets/propedia_formatted/propedia_1kc2_B/propedia_1kc2_B_protein_pocket.pdb,/home/igem/unknown_software/datasets/propedia_formatted/propedia_1kc2_B/propedia_1kc2_B_peptide.pdb,propedia
propedia_1kc5_P,/home/igem/unknown_software/datasets/propedia_formatted/propedia_1kc5_P/propedia_1kc5_P_protein_pocket.pdb,/home/igem/unknown_software/datasets/propedia_formatted/propedia_1kc5_P/propedia_1kc5_P_peptide.pdb,propedia
propedia_1kc5_P,/home/igem/unknown_software/datasets/propedia_formatted/propedia_1kc5_P/propedia_1kc5_P_protein_pocket.pdb,/home/igem/unknown_software/datasets/propedia_formatted/propedia_1kc5_P/propedia_1kc5_P_peptide.pdb,propedia
propedia_1kcs_P,/home/igem/unknown_software/datasets/propedia_formatted/propedia_1kcs_P/propedia_1kcs_P_protein_pocket.pdb,/home/igem/unknown_software/datasets/propedia_formatted/propedia_1kcs_P/propedia_1kcs_P_peptide.pdb,propedia
propedia_1kcs_P,/home/igem/unknown_software/datasets/propedia_formatted/propedia_1kcs_P/propedia_1kcs_P_protein_pocket.pdb,/home/igem/unknown_software/datasets/propedia_formatted/propedia_1kcs_P/propedia_1kcs_P_peptide.pdb,propedia
propedia_1kj3_P,/home/igem/unknown_software/datasets/propedia_formatted/propedia_1kj3_P/propedia_1kj3_P_protein_pocket.pdb,/home/igem/unknown_software/datasets/propedia_formatted/propedia_1kj3_P/propedia_1kj3_P_peptide.pdb,propedia
propedia_1kj7_P,/home/igem/unknown_software/datasets/propedia_formatted/propedia_1kj7_P/propedia_1kj7_P_protein_pocket.pdb,/home/igem/unknown_software/datasets/propedia_formatted/propedia_1kj7_P/propedia_1kj7_P_peptide.pdb,propedia
propedia_1kj7_P,/home/igem/unknown_software/datasets/propedia_formatted/propedia_1kj7_P/propedia_1kj7_P_protein_pocket.pdb,/home/igem/unknown_software/datasets/propedia_formatted/propedia_1kj7_P/propedia_1kj7_P_peptide.pdb,propedia
propedia_1kjf_P,/home/igem/unknown_software/datasets/propedia_formatted/propedia_1kjf_P/propedia_1kjf_P_protein_pocket.pdb,/home/igem/unknown_software/datasets/propedia_formatted/propedia_1kjf_P/propedia_1kjf_P_peptide.pdb,propedia
propedia_1kjf_P,/home/igem/unknown_software/datasets/propedia_formatted/propedia_1kjf_P/propedia_1kjf_P_protein_pocket.pdb,/home/igem/unknown_software/datasets/propedia_formatted/propedia_1kjf_P/propedia_1kjf_P_peptide.pdb,propedia
propedia_1kjg_P,/home/igem/unknown_software/datasets/propedia_formatted/propedia_1kjg_P/propedia_1kjg_P_protein_pocket.pdb,/home/igem/unknown_software/datasets/propedia_formatted/propedia_1kjg_P/propedia_1kjg_P_peptide.pdb,propedia
propedia_1kjg_P,/home/igem/unknown_software/datasets/propedia_formatted/propedia_1kjg_P/propedia_1kjg_P_protein_pocket.pdb,/home/igem/unknown_software/datasets/propedia_formatted/propedia_1kjg_P/propedia_1kjg_P_peptide.pdb,propedia
propedia_1kjh_P,/home/igem/unknown_software/datasets/propedia_formatted/propedia_1kjh_P/propedia_1kjh_P_protein_pocket.pdb,/home/igem/unknown_software/datasets/propedia_formatted/propedia_1kjh_P/propedia_1kjh_P_peptide.pdb,propedia
propedia_1kjh_P,/home/igem/unknown_software/datasets/propedia_formatted/propedia_1kjh_P/propedia_1kjh_P_protein_pocket.pdb,/home/igem/unknown_software/datasets/propedia_formatted/propedia_1kjh_P/propedia_1kjh_P_peptide.pdb,propedia
propedia_1kjm_P,/home/igem/unknown_software/datasets/propedia_formatted/propedia_1kjm_P/propedia_1kjm_P_protein_pocket.pdb,/home/igem/unknown_software/datasets/propedia_formatted/propedia_1kjm_P/propedia_1kjm_P_peptide.pdb,propedia
propedia_1kjv_P,/home/igem/unknown_software/datasets/propedia_formatted/propedia_1kjv_P/propedia_1kjv_P_protein_pocket.pdb,/home/igem/unknown_software/datasets/propedia_formatted/propedia_1kjv_P/propedia_1kjv_P_peptide.pdb,propedia
propedia_1kl3_E,/home/igem/unknown_software/datasets/propedia_formatted/propedia_1kl3_E/propedia_1kl3_E_protein_pocket.pdb,/home/igem/unknown_software/datasets/propedia_formatted/propedia_1kl3_E/propedia_1kl3_E_peptide.pdb,propedia
propedia_1kl3_E,/home/igem/unknown_software/datasets/propedia_formatted/propedia_1kl3_E/propedia_1kl3_E_protein_pocket.pdb,/home/igem/unknown_software/datasets/propedia_formatted/propedia_1kl3_E/propedia_1kl3_E_peptide.pdb,propedia
propedia_1kl5_E,/home/igem/unknown_software/datasets/propedia_formatted/propedia_1kl5_E/propedia_1kl5_E_protein_pocket.pdb,/home/igem/unknown_software/datasets/propedia_formatted/propedia_1kl5_E/propedia_1kl5_E_peptide.pdb,propedia
propedia_1kl5_E,/home/igem/unknown_software/datasets/propedia_formatted/propedia_1kl5_E/propedia_1kl5_E_protein_pocket.pdb,/home/igem/unknown_software/datasets/propedia_formatted/propedia_1kl5_E/propedia_1kl5_E_peptide.pdb,propedia
propedia_1ky6_P,/home/igem/unknown_software/datasets/propedia_formatted/propedia_1ky6_P/propedia_1ky6_P_protein_pocket.pdb,/home/igem/unknown_software/datasets/propedia_formatted/propedia_1ky6_P/propedia_1ky6_P_peptide.pdb,propedia
propedia_1ky7_P,/home/igem/unknown_software/datasets/propedia_formatted/propedia_1ky7_P/propedia_1ky7_P_protein_pocket.pdb,/home/igem/unknown_software/datasets/propedia_formatted/propedia_1ky7_P/propedia_1ky7_P_peptide.pdb,propedia
propedia_1kyd_P,/home/igem/unknown_software/datasets/propedia_formatted/propedia_1kyd_P/propedia_1kyd_P_protein_pocket.pdb,/home/igem/unknown_software/datasets/propedia_formatted/propedia_1kyd_P/propedia_1kyd_P_peptide.pdb,propedia
propedia_1kzo_C,/home/igem/unknown_software/datasets/propedia_formatted/propedia_1kzo_C/propedia_1kzo_C_protein_pocket.pdb,/home/igem/unknown_software/datasets/propedia_formatted/propedia_1kzo_C/propedia_1kzo_C_peptide.pdb,propedia
propedia_1kzo_C,/home/igem/unknown_software/datasets/propedia_formatted/propedia_1kzo_C/propedia_1kzo_C_protein_pocket.pdb,/home/igem/unknown_software/datasets/propedia_formatted/propedia_1kzo_C/propedia_1kzo_C_peptide.pdb,propedia
propedia_1kzp_C,/home/igem/unknown_software/datasets/propedia_formatted/propedia_1kzp_C/propedia_1kzp_C_protein_pocket.pdb,/home/igem/unknown_software/datasets/propedia_formatted/propedia_1kzp_C/propedia_1kzp_C_peptide.pdb,propedia
propedia_1kzp_C,/home/igem/unknown_software/datasets/propedia_formatted/propedia_1kzp_C/propedia_1kzp_C_protein_pocket.pdb,/home/igem/unknown_software/datasets/propedia_formatted/propedia_1kzp_C/propedia_1kzp_C_peptide.pdb,propedia
propedia_1l6o_D,/home/igem/unknown_software/datasets/propedia_formatted/propedia_1l6o_D/propedia_1l6o_D_protein_pocket.pdb,/home/igem/unknown_software/datasets/propedia_formatted/propedia_1l6o_D/propedia_1l6o_D_peptide.pdb,propedia
propedia_1l6o_D,/home/igem/unknown_software/datasets/propedia_formatted/propedia_1l6o_D/propedia_1l6o_D_protein_pocket.pdb,/home/igem/unknown_software/datasets/propedia_formatted/propedia_1l6o_D/propedia_1l6o_D_peptide.pdb,propedia
propedia_1l7z_B,/home/igem/unknown_software/datasets/propedia_formatted/propedia_1l7z_B/propedia_1l7z_B_protein_pocket.pdb,/home/igem/unknown_software/datasets/propedia_formatted/propedia_1l7z_B/propedia_1l7z_B_peptide.pdb,propedia
propedia_1lb5_B,/home/igem/unknown_software/datasets/propedia_formatted/propedia_1lb5_B/propedia_1lb5_B_protein_pocket.pdb,/home/igem/unknown_software/datasets/propedia_formatted/propedia_1lb5_B/propedia_1lb5_B_peptide.pdb,propedia
propedia_1lb6_B,/home/igem/unknown_software/datasets/propedia_formatted/propedia_1lb6_B/propedia_1lb6_B_protein_pocket.pdb,/home/igem/unknown_software/datasets/propedia_formatted/propedia_1lb6_B/propedia_1lb6_B_peptide.pdb,propedia
propedia_1lcj_B,/home/igem/unknown_software/datasets/propedia_formatted/propedia_1lcj_B/propedia_1lcj_B_protein_pocket.pdb,/home/igem/unknown_software/datasets/propedia_formatted/propedia_1lcj_B/propedia_1lcj_B_peptide.pdb,propedia
propedia_1lck_B,/home/igem/unknown_software/datasets/propedia_formatted/propedia_1lck_B/propedia_1lck_B_protein_pocket.pdb,/home/igem/unknown_software/datasets/propedia_formatted/propedia_1lck_B/propedia_1lck_B_peptide.pdb,propedia
propedia_1ld9_C,/home/igem/unknown_software/datasets/propedia_formatted/propedia_1ld9_C/propedia_1ld9_C_protein_pocket.pdb,/home/igem/unknown_software/datasets/propedia_formatted/propedia_1ld9_C/propedia_1ld9_C_peptide.pdb,propedia
propedia_1leg_P,/home/igem/unknown_software/datasets/propedia_formatted/propedia_1leg_P/propedia_1leg_P_protein_pocket.pdb,/home/igem/unknown_software/datasets/propedia_formatted/propedia_1leg_P/propedia_1leg_P_peptide.pdb,propedia
propedia_1lew_B,/home/igem/unknown_software/datasets/propedia_formatted/propedia_1lew_B/propedia_1lew_B_protein_pocket.pdb,/home/igem/unknown_software/datasets/propedia_formatted/propedia_1lew_B/propedia_1lew_B_peptide.pdb,propedia
propedia_1lez_B,/home/igem/unknown_software/datasets/propedia_formatted/propedia_1lez_B/propedia_1lez_B_protein_pocket.pdb,/home/igem/unknown_software/datasets/propedia_formatted/propedia_1lez_B/propedia_1lez_B_peptide.pdb,propedia
propedia_1lf8_E,/home/igem/unknown_software/datasets/propedia_formatted/propedia_1lf8_E/propedia_1lf8_E_protein_pocket.pdb,/home/igem/unknown_software/datasets/propedia_formatted/propedia_1lf8_E/propedia_1lf8_E_peptide.pdb,propedia
propedia_1lk2_P,/home/igem/unknown_software/datasets/propedia_formatted/propedia_1lk2_P/propedia_1lk2_P_protein_pocket.pdb,/home/igem/unknown_software/datasets/propedia_formatted/propedia_1lk2_P/propedia_1lk2_P_peptide.pdb,propedia
propedia_1lop_B,/home/igem/unknown_software/datasets/propedia_formatted/propedia_1lop_B/propedia_1lop_B_protein_pocket.pdb,/home/igem/unknown_software/datasets/propedia_formatted/propedia_1lop_B/propedia_1lop_B_peptide.pdb,propedia
propedia_1lp9_C,/home/igem/unknown_software/datasets/propedia_formatted/propedia_1lp9_C/propedia_1lp9_C_protein_pocket.pdb,/home/igem/unknown_software/datasets/propedia_formatted/propedia_1lp9_C/propedia_1lp9_C_peptide.pdb,propedia
propedia_1lp9_C,/home/igem/unknown_software/datasets/propedia_formatted/propedia_1lp9_C/propedia_1lp9_C_protein_pocket.pdb,/home/igem/unknown_software/datasets/propedia_formatted/propedia_1lp9_C/propedia_1lp9_C_peptide.pdb,propedia
propedia_1lp9_C,/home/igem/unknown_software/datasets/propedia_formatted/propedia_1lp9_C/propedia_1lp9_C_protein_pocket.pdb,/home/igem/unknown_software/datasets/propedia_formatted/propedia_1lp9_C/propedia_1lp9_C_peptide.pdb,propedia
propedia_1lvb_C,/home/igem/unknown_software/datasets/propedia_formatted/propedia_1lvb_C/propedia_1lvb_C_protein_pocket.pdb,/home/igem/unknown_software/datasets/propedia_formatted/propedia_1lvb_C/propedia_1lvb_C_peptide.pdb,propedia
propedia_1lyb_I,/home/igem/unknown_software/datasets/propedia_formatted/propedia_1lyb_I/propedia_1lyb_I_protein_pocket.pdb,/home/igem/unknown_software/datasets/propedia_formatted/propedia_1lyb_I/propedia_1lyb_I_peptide.pdb,propedia
propedia_1lyb_I,/home/igem/unknown_software/datasets/propedia_formatted/propedia_1lyb_I/propedia_1lyb_I_protein_pocket.pdb,/home/igem/unknown_software/datasets/propedia_formatted/propedia_1lyb_I/propedia_1lyb_I_peptide.pdb,propedia
propedia_1m05_E,/home/igem/unknown_software/datasets/propedia_formatted/propedia_1m05_E/propedia_1m05_E_protein_pocket.pdb,/home/igem/unknown_software/datasets/propedia_formatted/propedia_1m05_E/propedia_1m05_E_peptide.pdb,propedia
propedia_1m0v_B,/home/igem/unknown_software/datasets/propedia_formatted/propedia_1m0v_B/propedia_1m0v_B_protein_pocket.pdb,/home/igem/unknown_software/datasets/propedia_formatted/propedia_1m0v_B/propedia_1m0v_B_peptide.pdb,propedia
propedia_1m1d_B,/home/igem/unknown_software/datasets/propedia_formatted/propedia_1m1d_B/propedia_1m1d_B_protein_pocket.pdb,/home/igem/unknown_software/datasets/propedia_formatted/propedia_1m1d_B/propedia_1m1d_B_peptide.pdb,propedia
propedia_1m43_C,/home/igem/unknown_software/datasets/propedia_formatted/propedia_1m43_C/propedia_1m43_C_protein_pocket.pdb,/home/igem/unknown_software/datasets/propedia_formatted/propedia_1m43_C/propedia_1m43_C_peptide.pdb,propedia
propedia_1m43_C,/home/igem/unknown_software/datasets/propedia_formatted/propedia_1m43_C/propedia_1m43_C_protein_pocket.pdb,/home/igem/unknown_software/datasets/propedia_formatted/propedia_1m43_C/propedia_1m43_C_peptide.pdb,propedia
propedia_1m4h_C,/home/igem/unknown_software/datasets/propedia_formatted/propedia_1m4h_C/propedia_1m4h_C_protein_pocket.pdb,/home/igem/unknown_software/datasets/propedia_formatted/propedia_1m4h_C/propedia_1m4h_C_peptide.pdb,propedia
propedia_1m4p_B,/home/igem/unknown_software/datasets/propedia_formatted/propedia_1m4p_B/propedia_1m4p_B_protein_pocket.pdb,/home/igem/unknown_software/datasets/propedia_formatted/propedia_1m4p_B/propedia_1m4p_B_peptide.pdb,propedia
propedia_1m72_D,/home/igem/unknown_software/datasets/propedia_formatted/propedia_1m72_D/propedia_1m72_D_protein_pocket.pdb,/home/igem/unknown_software/datasets/propedia_formatted/propedia_1m72_D/propedia_1m72_D_peptide.pdb,propedia
propedia_1m7e_D,/home/igem/unknown_software/datasets/propedia_formatted/propedia_1m7e_D/propedia_1m7e_D_protein_pocket.pdb,/home/igem/unknown_software/datasets/propedia_formatted/propedia_1m7e_D/propedia_1m7e_D_peptide.pdb,propedia
propedia_1m7e_D,/home/igem/unknown_software/datasets/propedia_formatted/propedia_1m7e_D/propedia_1m7e_D_protein_pocket.pdb,/home/igem/unknown_software/datasets/propedia_formatted/propedia_1m7e_D/propedia_1m7e_D_peptide.pdb,propedia
propedia_1ma3_B,/home/igem/unknown_software/datasets/propedia_formatted/propedia_1ma3_B/propedia_1ma3_B_protein_pocket.pdb,/home/igem/unknown_software/datasets/propedia_formatted/propedia_1ma3_B/propedia_1ma3_B_peptide.pdb,propedia
propedia_1mf4_B,/home/igem/unknown_software/datasets/propedia_formatted/propedia_1mf4_B/propedia_1mf4_B_protein_pocket.pdb,/home/igem/unknown_software/datasets/propedia_formatted/propedia_1mf4_B/propedia_1mf4_B_peptide.pdb,propedia
propedia_1mfg_B,/home/igem/unknown_software/datasets/propedia_formatted/propedia_1mfg_B/propedia_1mfg_B_protein_pocket.pdb,/home/igem/unknown_software/datasets/propedia_formatted/propedia_1mfg_B/propedia_1mfg_B_peptide.pdb,propedia
propedia_1mfl_B,/home/igem/unknown_software/datasets/propedia_formatted/propedia_1mfl_B/propedia_1mfl_B_protein_pocket.pdb,/home/igem/unknown_software/datasets/propedia_formatted/propedia_1mfl_B/propedia_1mfl_B_peptide.pdb,propedia
propedia_1mhc_C,/home/igem/unknown_software/datasets/propedia_formatted/propedia_1mhc_C/propedia_1mhc_C_protein_pocket.pdb,/home/igem/unknown_software/datasets/propedia_formatted/propedia_1mhc_C/propedia_1mhc_C_peptide.pdb,propedia
propedia_1mi5_C,/home/igem/unknown_software/datasets/propedia_formatted/propedia_1mi5_C/propedia_1mi5_C_protein_pocket.pdb,/home/igem/unknown_software/datasets/propedia_formatted/propedia_1mi5_C/propedia_1mi5_C_peptide.pdb,propedia
propedia_1mi5_C,/home/igem/unknown_software/datasets/propedia_formatted/propedia_1mi5_C/propedia_1mi5_C_protein_pocket.pdb,/home/igem/unknown_software/datasets/propedia_formatted/propedia_1mi5_C/propedia_1mi5_C_peptide.pdb,propedia
propedia_1mi5_C,/home/igem/unknown_software/datasets/propedia_formatted/propedia_1mi5_C/propedia_1mi5_C_protein_pocket.pdb,/home/igem/unknown_software/datasets/propedia_formatted/propedia_1mi5_C/propedia_1mi5_C_peptide.pdb,propedia
propedia_1mik_B,/home/igem/unknown_software/datasets/propedia_formatted/propedia_1mik_B/propedia_1mik_B_protein_pocket.pdb,/home/igem/unknown_software/datasets/propedia_formatted/propedia_1mik_B/propedia_1mik_B_peptide.pdb,propedia
propedia_1miz_A,/home/igem/unknown_software/datasets/propedia_formatted/propedia_1miz_A/propedia_1miz_A_protein_pocket.pdb,/home/igem/unknown_software/datasets/propedia_formatted/propedia_1miz_A/propedia_1miz_A_peptide.pdb,propedia
propedia_1mq1_C,/home/igem/unknown_software/datasets/propedia_formatted/propedia_1mq1_C/propedia_1mq1_C_protein_pocket.pdb,/home/igem/unknown_software/datasets/propedia_formatted/propedia_1mq1_C/propedia_1mq1_C_peptide.pdb,propedia
propedia_1mq1_C,/home/igem/unknown_software/datasets/propedia_formatted/propedia_1mq1_C/propedia_1mq1_C_protein_pocket.pdb,/home/igem/unknown_software/datasets/propedia_formatted/propedia_1mq1_C/propedia_1mq1_C_peptide.pdb,propedia
propedia_1mt7_P,/home/igem/unknown_software/datasets/propedia_formatted/propedia_1mt7_P/propedia_1mt7_P_protein_pocket.pdb,/home/igem/unknown_software/datasets/propedia_formatted/propedia_1mt7_P/propedia_1mt7_P_peptide.pdb,propedia
propedia_1mt7_P,/home/igem/unknown_software/datasets/propedia_formatted/propedia_1mt7_P/propedia_1mt7_P_protein_pocket.pdb,/home/igem/unknown_software/datasets/propedia_formatted/propedia_1mt7_P/propedia_1mt7_P_peptide.pdb,propedia
propedia_1mt8_P,/home/igem/unknown_software/datasets/propedia_formatted/propedia_1mt8_P/propedia_1mt8_P_protein_pocket.pdb,/home/igem/unknown_software/datasets/propedia_formatted/propedia_1mt8_P/propedia_1mt8_P_peptide.pdb,propedia
propedia_1mt8_P,/home/igem/unknown_software/datasets/propedia_formatted/propedia_1mt8_P/propedia_1mt8_P_protein_pocket.pdb,/home/igem/unknown_software/datasets/propedia_formatted/propedia_1mt8_P/propedia_1mt8_P_peptide.pdb,propedia
propedia_1mt9_P,/home/igem/unknown_software/datasets/propedia_formatted/propedia_1mt9_P/propedia_1mt9_P_protein_pocket.pdb,/home/igem/unknown_software/datasets/propedia_formatted/propedia_1mt9_P/propedia_1mt9_P_peptide.pdb,propedia
propedia_1mt9_P,/home/igem/unknown_software/datasets/propedia_formatted/propedia_1mt9_P/propedia_1mt9_P_protein_pocket.pdb,/home/igem/unknown_software/datasets/propedia_formatted/propedia_1mt9_P/propedia_1mt9_P_peptide.pdb,propedia
propedia_1mw4_B,/home/igem/unknown_software/datasets/propedia_formatted/propedia_1mw4_B/propedia_1mw4_B_protein_pocket.pdb,/home/igem/unknown_software/datasets/propedia_formatted/propedia_1mw4_B/propedia_1mw4_B_peptide.pdb,propedia
propedia_1mwa_P,/home/igem/unknown_software/datasets/propedia_formatted/propedia_1mwa_P/propedia_1mwa_P_protein_pocket.pdb,/home/igem/unknown_software/datasets/propedia_formatted/propedia_1mwa_P/propedia_1mwa_P_peptide.pdb,propedia
propedia_1mwa_P,/home/igem/unknown_software/datasets/propedia_formatted/propedia_1mwa_P/propedia_1mwa_P_protein_pocket.pdb,/home/igem/unknown_software/datasets/propedia_formatted/propedia_1mwa_P/propedia_1mwa_P_peptide.pdb,propedia
propedia_1mwa_P,/home/igem/unknown_software/datasets/propedia_formatted/propedia_1mwa_P/propedia_1mwa_P_protein_pocket.pdb,/home/igem/unknown_software/datasets/propedia_formatted/propedia_1mwa_P/propedia_1mwa_P_peptide.pdb,propedia
propedia_1mwn_X,/home/igem/unknown_software/datasets/propedia_formatted/propedia_1mwn_X/propedia_1mwn_X_protein_pocket.pdb,/home/igem/unknown_software/datasets/propedia_formatted/propedia_1mwn_X/propedia_1mwn_X_peptide.pdb,propedia
propedia_1n12_B,/home/igem/unknown_software/datasets/propedia_formatted/propedia_1n12_B/propedia_1n12_B_protein_pocket.pdb,/home/igem/unknown_software/datasets/propedia_formatted/propedia_1n12_B/propedia_1n12_B_peptide.pdb,propedia
propedia_1n12_B,/home/igem/unknown_software/datasets/propedia_formatted/propedia_1n12_B/propedia_1n12_B_protein_pocket.pdb,/home/igem/unknown_software/datasets/propedia_formatted/propedia_1n12_B/propedia_1n12_B_peptide.pdb,propedia
propedia_1n4q_M,/home/igem/unknown_software/datasets/propedia_formatted/propedia_1n4q_M/propedia_1n4q_M_protein_pocket.pdb,/home/igem/unknown_software/datasets/propedia_formatted/propedia_1n4q_M/propedia_1n4q_M_peptide.pdb,propedia
propedia_1n4q_M,/home/igem/unknown_software/datasets/propedia_formatted/propedia_1n4q_M/propedia_1n4q_M_protein_pocket.pdb,/home/igem/unknown_software/datasets/propedia_formatted/propedia_1n4q_M/propedia_1n4q_M_peptide.pdb,propedia
propedia_1n51_B,/home/igem/unknown_software/datasets/propedia_formatted/propedia_1n51_B/propedia_1n51_B_protein_pocket.pdb,/home/igem/unknown_software/datasets/propedia_formatted/propedia_1n51_B/propedia_1n51_B_peptide.pdb,propedia
propedia_1n7f_C,/home/igem/unknown_software/datasets/propedia_formatted/propedia_1n7f_C/propedia_1n7f_C_protein_pocket.pdb,/home/igem/unknown_software/datasets/propedia_formatted/propedia_1n7f_C/propedia_1n7f_C_peptide.pdb,propedia
propedia_1n7t_B,/home/igem/unknown_software/datasets/propedia_formatted/propedia_1n7t_B/propedia_1n7t_B_protein_pocket.pdb,/home/igem/unknown_software/datasets/propedia_formatted/propedia_1n7t_B/propedia_1n7t_B_peptide.pdb,propedia
propedia_1n8o_A,/home/igem/unknown_software/datasets/propedia_formatted/propedia_1n8o_A/propedia_1n8o_A_protein_pocket.pdb,/home/igem/unknown_software/datasets/propedia_formatted/propedia_1n8o_A/propedia_1n8o_A_peptide.pdb,propedia
propedia_1n8o_A,/home/igem/unknown_software/datasets/propedia_formatted/propedia_1n8o_A/propedia_1n8o_A_protein_pocket.pdb,/home/igem/unknown_software/datasets/propedia_formatted/propedia_1n8o_A/propedia_1n8o_A_peptide.pdb,propedia
propedia_1nan_M,/home/igem/unknown_software/datasets/propedia_formatted/propedia_1nan_M/propedia_1nan_M_protein_pocket.pdb,/home/igem/unknown_software/datasets/propedia_formatted/propedia_1nan_M/propedia_1nan_M_peptide.pdb,propedia
propedia_1nb5_P,/home/igem/unknown_software/datasets/propedia_formatted/propedia_1nb5_P/propedia_1nb5_P_protein_pocket.pdb,/home/igem/unknown_software/datasets/propedia_formatted/propedia_1nb5_P/propedia_1nb5_P_peptide.pdb,propedia
propedia_1nb5_P,/home/igem/unknown_software/datasets/propedia_formatted/propedia_1nb5_P/propedia_1nb5_P_protein_pocket.pdb,/home/igem/unknown_software/datasets/propedia_formatted/propedia_1nb5_P/propedia_1nb5_P_peptide.pdb,propedia
propedia_1nh0_I,/home/igem/unknown_software/datasets/propedia_formatted/propedia_1nh0_I/propedia_1nh0_I_protein_pocket.pdb,/home/igem/unknown_software/datasets/propedia_formatted/propedia_1nh0_I/propedia_1nh0_I_peptide.pdb,propedia
propedia_1nh0_I,/home/igem/unknown_software/datasets/propedia_formatted/propedia_1nh0_I/propedia_1nh0_I_protein_pocket.pdb,/home/igem/unknown_software/datasets/propedia_formatted/propedia_1nh0_I/propedia_1nh0_I_peptide.pdb,propedia
propedia_1njt_E,/home/igem/unknown_software/datasets/propedia_formatted/propedia_1njt_E/propedia_1njt_E_protein_pocket.pdb,/home/igem/unknown_software/datasets/propedia_formatted/propedia_1njt_E/propedia_1njt_E_peptide.pdb,propedia
propedia_1nln_B,/home/igem/unknown_software/datasets/propedia_formatted/propedia_1nln_B/propedia_1nln_B_protein_pocket.pdb,/home/igem/unknown_software/datasets/propedia_formatted/propedia_1nln_B/propedia_1nln_B_peptide.pdb,propedia
propedia_1nm6_B,/home/igem/unknown_software/datasets/propedia_formatted/propedia_1nm6_B/propedia_1nm6_B_protein_pocket.pdb,/home/igem/unknown_software/datasets/propedia_formatted/propedia_1nm6_B/propedia_1nm6_B_peptide.pdb,propedia
propedia_1no9_I,/home/igem/unknown_software/datasets/propedia_formatted/propedia_1no9_I/propedia_1no9_I_protein_pocket.pdb,/home/igem/unknown_software/datasets/propedia_formatted/propedia_1no9_I/propedia_1no9_I_peptide.pdb,propedia
propedia_1nop_C,/home/igem/unknown_software/datasets/propedia_formatted/propedia_1nop_C/propedia_1nop_C_protein_pocket.pdb,/home/igem/unknown_software/datasets/propedia_formatted/propedia_1nop_C/propedia_1nop_C_peptide.pdb,propedia
propedia_1nrs_I,/home/igem/unknown_software/datasets/propedia_formatted/propedia_1nrs_I/propedia_1nrs_I_protein_pocket.pdb,/home/igem/unknown_software/datasets/propedia_formatted/propedia_1nrs_I/propedia_1nrs_I_peptide.pdb,propedia
propedia_1nt1_H,/home/igem/unknown_software/datasets/propedia_formatted/propedia_1nt1_H/propedia_1nt1_H_protein_pocket.pdb,/home/igem/unknown_software/datasets/propedia_formatted/propedia_1nt1_H/propedia_1nt1_H_peptide.pdb,propedia
propedia_1ntv_B,/home/igem/unknown_software/datasets/propedia_formatted/propedia_1ntv_B/propedia_1ntv_B_protein_pocket.pdb,/home/igem/unknown_software/datasets/propedia_formatted/propedia_1ntv_B/propedia_1ntv_B_peptide.pdb,propedia
propedia_1nvq_B,/home/igem/unknown_software/datasets/propedia_formatted/propedia_1nvq_B/propedia_1nvq_B_protein_pocket.pdb,/home/igem/unknown_software/datasets/propedia_formatted/propedia_1nvq_B/propedia_1nvq_B_peptide.pdb,propedia
propedia_1nx0_C,/home/igem/unknown_software/datasets/propedia_formatted/propedia_1nx0_C/propedia_1nx0_C_protein_pocket.pdb,/home/igem/unknown_software/datasets/propedia_formatted/propedia_1nx0_C/propedia_1nx0_C_peptide.pdb,propedia
propedia_1nzl_C,/home/igem/unknown_software/datasets/propedia_formatted/propedia_1nzl_C/propedia_1nzl_C_protein_pocket.pdb,/home/igem/unknown_software/datasets/propedia_formatted/propedia_1nzl_C/propedia_1nzl_C_peptide.pdb,propedia
propedia_1nzv_C,/home/igem/unknown_software/datasets/propedia_formatted/propedia_1nzv_C/propedia_1nzv_C_protein_pocket.pdb,/home/igem/unknown_software/datasets/propedia_formatted/propedia_1nzv_C/propedia_1nzv_C_peptide.pdb,propedia
propedia_1o2g_I,/home/igem/unknown_software/datasets/propedia_formatted/propedia_1o2g_I/propedia_1o2g_I_protein_pocket.pdb,/home/igem/unknown_software/datasets/propedia_formatted/propedia_1o2g_I/propedia_1o2g_I_peptide.pdb,propedia
propedia_1o5g_I,/home/igem/unknown_software/datasets/propedia_formatted/propedia_1o5g_I/propedia_1o5g_I_protein_pocket.pdb,/home/igem/unknown_software/datasets/propedia_formatted/propedia_1o5g_I/propedia_1o5g_I_peptide.pdb,propedia
propedia_1o6k_C,/home/igem/unknown_software/datasets/propedia_formatted/propedia_1o6k_C/propedia_1o6k_C_protein_pocket.pdb,/home/igem/unknown_software/datasets/propedia_formatted/propedia_1o6k_C/propedia_1o6k_C_peptide.pdb,propedia
propedia_1o9s_K,/home/igem/unknown_software/datasets/propedia_formatted/propedia_1o9s_K/propedia_1o9s_K_protein_pocket.pdb,/home/igem/unknown_software/datasets/propedia_formatted/propedia_1o9s_K/propedia_1o9s_K_peptide.pdb,propedia
propedia_1o9s_K,/home/igem/unknown_software/datasets/propedia_formatted/propedia_1o9s_K/propedia_1o9s_K_protein_pocket.pdb,/home/igem/unknown_software/datasets/propedia_formatted/propedia_1o9s_K/propedia_1o9s_K_peptide.pdb,propedia
propedia_1oby_P,/home/igem/unknown_software/datasets/propedia_formatted/propedia_1oby_P/propedia_1oby_P_protein_pocket.pdb,/home/igem/unknown_software/datasets/propedia_formatted/propedia_1oby_P/propedia_1oby_P_peptide.pdb,propedia
propedia_1oby_P,/home/igem/unknown_software/datasets/propedia_formatted/propedia_1oby_P/propedia_1oby_P_protein_pocket.pdb,/home/igem/unknown_software/datasets/propedia_formatted/propedia_1oby_P/propedia_1oby_P_peptide.pdb,propedia
propedia_1oex_B,/home/igem/unknown_software/datasets/propedia_formatted/propedia_1oex_B/propedia_1oex_B_protein_pocket.pdb,/home/igem/unknown_software/datasets/propedia_formatted/propedia_1oex_B/propedia_1oex_B_peptide.pdb,propedia
propedia_1of2_C,/home/igem/unknown_software/datasets/propedia_formatted/propedia_1of2_C/propedia_1of2_C_protein_pocket.pdb,/home/igem/unknown_software/datasets/propedia_formatted/propedia_1of2_C/propedia_1of2_C_peptide.pdb,propedia
propedia_1oga_C,/home/igem/unknown_software/datasets/propedia_formatted/propedia_1oga_C/propedia_1oga_C_protein_pocket.pdb,/home/igem/unknown_software/datasets/propedia_formatted/propedia_1oga_C/propedia_1oga_C_peptide.pdb,propedia
propedia_1oga_C,/home/igem/unknown_software/datasets/propedia_formatted/propedia_1oga_C/propedia_1oga_C_protein_pocket.pdb,/home/igem/unknown_software/datasets/propedia_formatted/propedia_1oga_C/propedia_1oga_C_peptide.pdb,propedia
propedia_1oga_C,/home/igem/unknown_software/datasets/propedia_formatted/propedia_1oga_C/propedia_1oga_C_protein_pocket.pdb,/home/igem/unknown_software/datasets/propedia_formatted/propedia_1oga_C/propedia_1oga_C_peptide.pdb,propedia
propedia_1ok7_C,/home/igem/unknown_software/datasets/propedia_formatted/propedia_1ok7_C/propedia_1ok7_C_protein_pocket.pdb,/home/igem/unknown_software/datasets/propedia_formatted/propedia_1ok7_C/propedia_1ok7_C_peptide.pdb,propedia
propedia_1okv_E,/home/igem/unknown_software/datasets/propedia_formatted/propedia_1okv_E/propedia_1okv_E_protein_pocket.pdb,/home/igem/unknown_software/datasets/propedia_formatted/propedia_1okv_E/propedia_1okv_E_peptide.pdb,propedia
propedia_1okw_E,/home/igem/unknown_software/datasets/propedia_formatted/propedia_1okw_E/propedia_1okw_E_protein_pocket.pdb,/home/igem/unknown_software/datasets/propedia_formatted/propedia_1okw_E/propedia_1okw_E_peptide.pdb,propedia
propedia_1om2_B,/home/igem/unknown_software/datasets/propedia_formatted/propedia_1om2_B/propedia_1om2_B_protein_pocket.pdb,/home/igem/unknown_software/datasets/propedia_formatted/propedia_1om2_B/propedia_1om2_B_peptide.pdb,propedia
propedia_1om9_P,/home/igem/unknown_software/datasets/propedia_formatted/propedia_1om9_P/propedia_1om9_P_protein_pocket.pdb,/home/igem/unknown_software/datasets/propedia_formatted/propedia_1om9_P/propedia_1om9_P_peptide.pdb,propedia
propedia_1oo4_B,/home/igem/unknown_software/datasets/propedia_formatted/propedia_1oo4_B/propedia_1oo4_B_protein_pocket.pdb,/home/igem/unknown_software/datasets/propedia_formatted/propedia_1oo4_B/propedia_1oo4_B_peptide.pdb,propedia
propedia_1ou8_C,/home/igem/unknown_software/datasets/propedia_formatted/propedia_1ou8_C/propedia_1ou8_C_protein_pocket.pdb,/home/igem/unknown_software/datasets/propedia_formatted/propedia_1ou8_C/propedia_1ou8_C_peptide.pdb,propedia
propedia_1ov3_C,/home/igem/unknown_software/datasets/propedia_formatted/propedia_1ov3_C/propedia_1ov3_C_protein_pocket.pdb,/home/igem/unknown_software/datasets/propedia_formatted/propedia_1ov3_C/propedia_1ov3_C_peptide.pdb,propedia
propedia_1ov3_C,/home/igem/unknown_software/datasets/propedia_formatted/propedia_1ov3_C/propedia_1ov3_C_protein_pocket.pdb,/home/igem/unknown_software/datasets/propedia_formatted/propedia_1ov3_C/propedia_1ov3_C_peptide.pdb,propedia
propedia_1ow6_D,/home/igem/unknown_software/datasets/propedia_formatted/propedia_1ow6_D/propedia_1ow6_D_protein_pocket.pdb,/home/igem/unknown_software/datasets/propedia_formatted/propedia_1ow6_D/propedia_1ow6_D_peptide.pdb,propedia
propedia_1ox1_B,/home/igem/unknown_software/datasets/propedia_formatted/propedia_1ox1_B/propedia_1ox1_B_protein_pocket.pdb,/home/igem/unknown_software/datasets/propedia_formatted/propedia_1ox1_B/propedia_1ox1_B_peptide.pdb,propedia
propedia_1oyt_I,/home/igem/unknown_software/datasets/propedia_formatted/propedia_1oyt_I/propedia_1oyt_I_protein_pocket.pdb,/home/igem/unknown_software/datasets/propedia_formatted/propedia_1oyt_I/propedia_1oyt_I_peptide.pdb,propedia
propedia_1p11_I,/home/igem/unknown_software/datasets/propedia_formatted/propedia_1p11_I/propedia_1p11_I_protein_pocket.pdb,/home/igem/unknown_software/datasets/propedia_formatted/propedia_1p11_I/propedia_1p11_I_peptide.pdb,propedia
propedia_1p12_I,/home/igem/unknown_software/datasets/propedia_formatted/propedia_1p12_I/propedia_1p12_I_protein_pocket.pdb,/home/igem/unknown_software/datasets/propedia_formatted/propedia_1p12_I/propedia_1p12_I_peptide.pdb,propedia
propedia_1p13_C,/home/igem/unknown_software/datasets/propedia_formatted/propedia_1p13_C/propedia_1p13_C_protein_pocket.pdb,/home/igem/unknown_software/datasets/propedia_formatted/propedia_1p13_C/propedia_1p13_C_peptide.pdb,propedia
propedia_1p4b_P,/home/igem/unknown_software/datasets/propedia_formatted/propedia_1p4b_P/propedia_1p4b_P_protein_pocket.pdb,/home/igem/unknown_software/datasets/propedia_formatted/propedia_1p4b_P/propedia_1p4b_P_peptide.pdb,propedia
propedia_1p4b_P,/home/igem/unknown_software/datasets/propedia_formatted/propedia_1p4b_P/propedia_1p4b_P_protein_pocket.pdb,/home/igem/unknown_software/datasets/propedia_formatted/propedia_1p4b_P/propedia_1p4b_P_peptide.pdb,propedia
propedia_1p4n_B,/home/igem/unknown_software/datasets/propedia_formatted/propedia_1p4n_B/propedia_1p4n_B_protein_pocket.pdb,/home/igem/unknown_software/datasets/propedia_formatted/propedia_1p4n_B/propedia_1p4n_B_peptide.pdb,propedia
propedia_1p4u_B,/home/igem/unknown_software/datasets/propedia_formatted/propedia_1p4u_B/propedia_1p4u_B_protein_pocket.pdb,/home/igem/unknown_software/datasets/propedia_formatted/propedia_1p4u_B/propedia_1p4u_B_peptide.pdb,propedia
propedia_1p7v_B,/home/igem/unknown_software/datasets/propedia_formatted/propedia_1p7v_B/propedia_1p7v_B_protein_pocket.pdb,/home/igem/unknown_software/datasets/propedia_formatted/propedia_1p7v_B/propedia_1p7v_B_peptide.pdb,propedia
propedia_1p9u_G,/home/igem/unknown_software/datasets/propedia_formatted/propedia_1p9u_G/propedia_1p9u_G_protein_pocket.pdb,/home/igem/unknown_software/datasets/propedia_formatted/propedia_1p9u_G/propedia_1p9u_G_peptide.pdb,propedia
propedia_1p9u_G,/home/igem/unknown_software/datasets/propedia_formatted/propedia_1p9u_G/propedia_1p9u_G_protein_pocket.pdb,/home/igem/unknown_software/datasets/propedia_formatted/propedia_1p9u_G/propedia_1p9u_G_peptide.pdb,propedia
propedia_1pcx_B,/home/igem/unknown_software/datasets/propedia_formatted/propedia_1pcx_B/propedia_1pcx_B_protein_pocket.pdb,/home/igem/unknown_software/datasets/propedia_formatted/propedia_1pcx_B/propedia_1pcx_B_peptide.pdb,propedia
propedia_1pfg_B,/home/igem/unknown_software/datasets/propedia_formatted/propedia_1pfg_B/propedia_1pfg_B_protein_pocket.pdb,/home/igem/unknown_software/datasets/propedia_formatted/propedia_1pfg_B/propedia_1pfg_B_peptide.pdb,propedia
propedia_1pic_B,/home/igem/unknown_software/datasets/propedia_formatted/propedia_1pic_B/propedia_1pic_B_protein_pocket.pdb,/home/igem/unknown_software/datasets/propedia_formatted/propedia_1pic_B/propedia_1pic_B_peptide.pdb,propedia
propedia_1pip_B,/home/igem/unknown_software/datasets/propedia_formatted/propedia_1pip_B/propedia_1pip_B_protein_pocket.pdb,/home/igem/unknown_software/datasets/propedia_formatted/propedia_1pip_B/propedia_1pip_B_peptide.pdb,propedia
propedia_1pj8_I,/home/igem/unknown_software/datasets/propedia_formatted/propedia_1pj8_I/propedia_1pj8_I_protein_pocket.pdb,/home/igem/unknown_software/datasets/propedia_formatted/propedia_1pj8_I/propedia_1pj8_I_peptide.pdb,propedia
propedia_1pjp_I,/home/igem/unknown_software/datasets/propedia_formatted/propedia_1pjp_I/propedia_1pjp_I_protein_pocket.pdb,/home/igem/unknown_software/datasets/propedia_formatted/propedia_1pjp_I/propedia_1pjp_I_peptide.pdb,propedia
propedia_1pso_I,/home/igem/unknown_software/datasets/propedia_formatted/propedia_1pso_I/propedia_1pso_I_protein_pocket.pdb,/home/igem/unknown_software/datasets/propedia_formatted/propedia_1pso_I/propedia_1pso_I_peptide.pdb,propedia
propedia_1pyo_E,/home/igem/unknown_software/datasets/propedia_formatted/propedia_1pyo_E/propedia_1pyo_E_protein_pocket.pdb,/home/igem/unknown_software/datasets/propedia_formatted/propedia_1pyo_E/propedia_1pyo_E_peptide.pdb,propedia
propedia_1pyo_E,/home/igem/unknown_software/datasets/propedia_formatted/propedia_1pyo_E/propedia_1pyo_E_protein_pocket.pdb,/home/igem/unknown_software/datasets/propedia_formatted/propedia_1pyo_E/propedia_1pyo_E_peptide.pdb,propedia
propedia_1pyw_C,/home/igem/unknown_software/datasets/propedia_formatted/propedia_1pyw_C/propedia_1pyw_C_protein_pocket.pdb,/home/igem/unknown_software/datasets/propedia_formatted/propedia_1pyw_C/propedia_1pyw_C_peptide.pdb,propedia
propedia_1pyw_C,/home/igem/unknown_software/datasets/propedia_formatted/propedia_1pyw_C/propedia_1pyw_C_protein_pocket.pdb,/home/igem/unknown_software/datasets/propedia_formatted/propedia_1pyw_C/propedia_1pyw_C_peptide.pdb,propedia
propedia_1pz5_C,/home/igem/unknown_software/datasets/propedia_formatted/propedia_1pz5_C/propedia_1pz5_C_protein_pocket.pdb,/home/igem/unknown_software/datasets/propedia_formatted/propedia_1pz5_C/propedia_1pz5_C_peptide.pdb,propedia
propedia_1pz5_C,/home/igem/unknown_software/datasets/propedia_formatted/propedia_1pz5_C/propedia_1pz5_C_protein_pocket.pdb,/home/igem/unknown_software/datasets/propedia_formatted/propedia_1pz5_C/propedia_1pz5_C_peptide.pdb,propedia
propedia_1q1a_B,/home/igem/unknown_software/datasets/propedia_formatted/propedia_1q1a_B/propedia_1q1a_B_protein_pocket.pdb,/home/igem/unknown_software/datasets/propedia_formatted/propedia_1q1a_B/propedia_1q1a_B_peptide.pdb,propedia
propedia_1q1j_P,/home/igem/unknown_software/datasets/propedia_formatted/propedia_1q1j_P/propedia_1q1j_P_protein_pocket.pdb,/home/igem/unknown_software/datasets/propedia_formatted/propedia_1q1j_P/propedia_1q1j_P_peptide.pdb,propedia
propedia_1q1j_P,/home/igem/unknown_software/datasets/propedia_formatted/propedia_1q1j_P/propedia_1q1j_P_protein_pocket.pdb,/home/igem/unknown_software/datasets/propedia_formatted/propedia_1q1j_P/propedia_1q1j_P_peptide.pdb,propedia
propedia_1q1t_A,/home/igem/unknown_software/datasets/propedia_formatted/propedia_1q1t_A/propedia_1q1t_A_protein_pocket.pdb,/home/igem/unknown_software/datasets/propedia_formatted/propedia_1q1t_A/propedia_1q1t_A_peptide.pdb,propedia
propedia_1q2c_B,/home/igem/unknown_software/datasets/propedia_formatted/propedia_1q2c_B/propedia_1q2c_B_protein_pocket.pdb,/home/igem/unknown_software/datasets/propedia_formatted/propedia_1q2c_B/propedia_1q2c_B_peptide.pdb,propedia
propedia_1q2d_B,/home/igem/unknown_software/datasets/propedia_formatted/propedia_1q2d_B/propedia_1q2d_B_protein_pocket.pdb,/home/igem/unknown_software/datasets/propedia_formatted/propedia_1q2d_B/propedia_1q2d_B_peptide.pdb,propedia
propedia_1q3p_C,/home/igem/unknown_software/datasets/propedia_formatted/propedia_1q3p_C/propedia_1q3p_C_protein_pocket.pdb,/home/igem/unknown_software/datasets/propedia_formatted/propedia_1q3p_C/propedia_1q3p_C_peptide.pdb,propedia
propedia_1q4k_D,/home/igem/unknown_software/datasets/propedia_formatted/propedia_1q4k_D/propedia_1q4k_D_protein_pocket.pdb,/home/igem/unknown_software/datasets/propedia_formatted/propedia_1q4k_D/propedia_1q4k_D_peptide.pdb,propedia
propedia_1q4k_D,/home/igem/unknown_software/datasets/propedia_formatted/propedia_1q4k_D/propedia_1q4k_D_protein_pocket.pdb,/home/igem/unknown_software/datasets/propedia_formatted/propedia_1q4k_D/propedia_1q4k_D_peptide.pdb,propedia
propedia_1q4q_K,/home/igem/unknown_software/datasets/propedia_formatted/propedia_1q4q_K/propedia_1q4q_K_protein_pocket.pdb,/home/igem/unknown_software/datasets/propedia_formatted/propedia_1q4q_K/propedia_1q4q_K_peptide.pdb,propedia
propedia_1q4q_K,/home/igem/unknown_software/datasets/propedia_formatted/propedia_1q4q_K/propedia_1q4q_K_protein_pocket.pdb,/home/igem/unknown_software/datasets/propedia_formatted/propedia_1q4q_K/propedia_1q4q_K_peptide.pdb,propedia
propedia_1q4q_K,/home/igem/unknown_software/datasets/propedia_formatted/propedia_1q4q_K/propedia_1q4q_K_protein_pocket.pdb,/home/igem/unknown_software/datasets/propedia_formatted/propedia_1q4q_K/propedia_1q4q_K_peptide.pdb,propedia
propedia_1q94_C,/home/igem/unknown_software/datasets/propedia_formatted/propedia_1q94_C/propedia_1q94_C_protein_pocket.pdb,/home/igem/unknown_software/datasets/propedia_formatted/propedia_1q94_C/propedia_1q94_C_peptide.pdb,propedia
propedia_1q94_C,/home/igem/unknown_software/datasets/propedia_formatted/propedia_1q94_C/propedia_1q94_C_protein_pocket.pdb,/home/igem/unknown_software/datasets/propedia_formatted/propedia_1q94_C/propedia_1q94_C_peptide.pdb,propedia
propedia_1qbv_E,/home/igem/unknown_software/datasets/propedia_formatted/propedia_1qbv_E/propedia_1qbv_E_protein_pocket.pdb,/home/igem/unknown_software/datasets/propedia_formatted/propedia_1qbv_E/propedia_1qbv_E_peptide.pdb,propedia
propedia_1qew_C,/home/igem/unknown_software/datasets/propedia_formatted/propedia_1qew_C/propedia_1qew_C_protein_pocket.pdb,/home/igem/unknown_software/datasets/propedia_formatted/propedia_1qew_C/propedia_1qew_C_peptide.pdb,propedia
propedia_1qja_Q,/home/igem/unknown_software/datasets/propedia_formatted/propedia_1qja_Q/propedia_1qja_Q_protein_pocket.pdb,/home/igem/unknown_software/datasets/propedia_formatted/propedia_1qja_Q/propedia_1qja_Q_peptide.pdb,propedia
propedia_1qjb_Q,/home/igem/unknown_software/datasets/propedia_formatted/propedia_1qjb_Q/propedia_1qjb_Q_protein_pocket.pdb,/home/igem/unknown_software/datasets/propedia_formatted/propedia_1qjb_Q/propedia_1qjb_Q_peptide.pdb,propedia
propedia_1qkz_P,/home/igem/unknown_software/datasets/propedia_formatted/propedia_1qkz_P/propedia_1qkz_P_protein_pocket.pdb,/home/igem/unknown_software/datasets/propedia_formatted/propedia_1qkz_P/propedia_1qkz_P_peptide.pdb,propedia
propedia_1qkz_P,/home/igem/unknown_software/datasets/propedia_formatted/propedia_1qkz_P/propedia_1qkz_P_protein_pocket.pdb,/home/igem/unknown_software/datasets/propedia_formatted/propedia_1qkz_P/propedia_1qkz_P_peptide.pdb,propedia
propedia_1qls_D,/home/igem/unknown_software/datasets/propedia_formatted/propedia_1qls_D/propedia_1qls_D_protein_pocket.pdb,/home/igem/unknown_software/datasets/propedia_formatted/propedia_1qls_D/propedia_1qls_D_peptide.pdb,propedia
propedia_1qmz_E,/home/igem/unknown_software/datasets/propedia_formatted/propedia_1qmz_E/propedia_1qmz_E_protein_pocket.pdb,/home/igem/unknown_software/datasets/propedia_formatted/propedia_1qmz_E/propedia_1qmz_E_peptide.pdb,propedia
propedia_1qmz_E,/home/igem/unknown_software/datasets/propedia_formatted/propedia_1qmz_E/propedia_1qmz_E_protein_pocket.pdb,/home/igem/unknown_software/datasets/propedia_formatted/propedia_1qmz_E/propedia_1qmz_E_peptide.pdb,propedia
propedia_1qng_D,/home/igem/unknown_software/datasets/propedia_formatted/propedia_1qng_D/propedia_1qng_D_protein_pocket.pdb,/home/igem/unknown_software/datasets/propedia_formatted/propedia_1qng_D/propedia_1qng_D_peptide.pdb,propedia
propedia_1qnh_C,/home/igem/unknown_software/datasets/propedia_formatted/propedia_1qnh_C/propedia_1qnh_C_protein_pocket.pdb,/home/igem/unknown_software/datasets/propedia_formatted/propedia_1qnh_C/propedia_1qnh_C_peptide.pdb,propedia
propedia_1qr3_I,/home/igem/unknown_software/datasets/propedia_formatted/propedia_1qr3_I/propedia_1qr3_I_protein_pocket.pdb,/home/igem/unknown_software/datasets/propedia_formatted/propedia_1qr3_I/propedia_1qr3_I_peptide.pdb,propedia
propedia_1qs8_C,/home/igem/unknown_software/datasets/propedia_formatted/propedia_1qs8_C/propedia_1qs8_C_protein_pocket.pdb,/home/igem/unknown_software/datasets/propedia_formatted/propedia_1qs8_C/propedia_1qs8_C_peptide.pdb,propedia
propedia_1qsc_D,/home/igem/unknown_software/datasets/propedia_formatted/propedia_1qsc_D/propedia_1qsc_D_protein_pocket.pdb,/home/igem/unknown_software/datasets/propedia_formatted/propedia_1qsc_D/propedia_1qsc_D_peptide.pdb,propedia
propedia_1qsn_B,/home/igem/unknown_software/datasets/propedia_formatted/propedia_1qsn_B/propedia_1qsn_B_protein_pocket.pdb,/home/igem/unknown_software/datasets/propedia_formatted/propedia_1qsn_B/propedia_1qsn_B_peptide.pdb,propedia
propedia_1qz0_C,/home/igem/unknown_software/datasets/propedia_formatted/propedia_1qz0_C/propedia_1qz0_C_protein_pocket.pdb,/home/igem/unknown_software/datasets/propedia_formatted/propedia_1qz0_C/propedia_1qz0_C_peptide.pdb,propedia
propedia_1r17_C,/home/igem/unknown_software/datasets/propedia_formatted/propedia_1r17_C/propedia_1r17_C_protein_pocket.pdb,/home/igem/unknown_software/datasets/propedia_formatted/propedia_1r17_C/propedia_1r17_C_peptide.pdb,propedia
propedia_1r17_C,/home/igem/unknown_software/datasets/propedia_formatted/propedia_1r17_C/propedia_1r17_C_protein_pocket.pdb,/home/igem/unknown_software/datasets/propedia_formatted/propedia_1r17_C/propedia_1r17_C_peptide.pdb,propedia
propedia_1r1p_E,/home/igem/unknown_software/datasets/propedia_formatted/propedia_1r1p_E/propedia_1r1p_E_protein_pocket.pdb,/home/igem/unknown_software/datasets/propedia_formatted/propedia_1r1p_E/propedia_1r1p_E_peptide.pdb,propedia
propedia_1r1p_E,/home/igem/unknown_software/datasets/propedia_formatted/propedia_1r1p_E/propedia_1r1p_E_protein_pocket.pdb,/home/igem/unknown_software/datasets/propedia_formatted/propedia_1r1p_E/propedia_1r1p_E_peptide.pdb,propedia
propedia_1r1q_C,/home/igem/unknown_software/datasets/propedia_formatted/propedia_1r1q_C/propedia_1r1q_C_protein_pocket.pdb,/home/igem/unknown_software/datasets/propedia_formatted/propedia_1r1q_C/propedia_1r1q_C_peptide.pdb,propedia
propedia_1r1q_C,/home/igem/unknown_software/datasets/propedia_formatted/propedia_1r1q_C/propedia_1r1q_C_protein_pocket.pdb,/home/igem/unknown_software/datasets/propedia_formatted/propedia_1r1q_C/propedia_1r1q_C_peptide.pdb,propedia
propedia_1r1s_B,/home/igem/unknown_software/datasets/propedia_formatted/propedia_1r1s_B/propedia_1r1s_B_protein_pocket.pdb,/home/igem/unknown_software/datasets/propedia_formatted/propedia_1r1s_B/propedia_1r1s_B_peptide.pdb,propedia
propedia_1rff_C,/home/igem/unknown_software/datasets/propedia_formatted/propedia_1rff_C/propedia_1rff_C_protein_pocket.pdb,/home/igem/unknown_software/datasets/propedia_formatted/propedia_1rff_C/propedia_1rff_C_peptide.pdb,propedia
propedia_1rgr_B,/home/igem/unknown_software/datasets/propedia_formatted/propedia_1rgr_B/propedia_1rgr_B_protein_pocket.pdb,/home/igem/unknown_software/datasets/propedia_formatted/propedia_1rgr_B/propedia_1rgr_B_peptide.pdb,propedia
propedia_1rjk_C,/home/igem/unknown_software/datasets/propedia_formatted/propedia_1rjk_C/propedia_1rjk_C_protein_pocket.pdb,/home/igem/unknown_software/datasets/propedia_formatted/propedia_1rjk_C/propedia_1rjk_C_peptide.pdb,propedia
propedia_1rjy_P,/home/igem/unknown_software/datasets/propedia_formatted/propedia_1rjy_P/propedia_1rjy_P_protein_pocket.pdb,/home/igem/unknown_software/datasets/propedia_formatted/propedia_1rjy_P/propedia_1rjy_P_peptide.pdb,propedia
propedia_1rmh_C,/home/igem/unknown_software/datasets/propedia_formatted/propedia_1rmh_C/propedia_1rmh_C_protein_pocket.pdb,/home/igem/unknown_software/datasets/propedia_formatted/propedia_1rmh_C/propedia_1rmh_C_peptide.pdb,propedia
propedia_1rmh_C,/home/igem/unknown_software/datasets/propedia_formatted/propedia_1rmh_C/propedia_1rmh_C_protein_pocket.pdb,/home/igem/unknown_software/datasets/propedia_formatted/propedia_1rmh_C/propedia_1rmh_C_peptide.pdb,propedia
propedia_1rrv_C,/home/igem/unknown_software/datasets/propedia_formatted/propedia_1rrv_C/propedia_1rrv_C_protein_pocket.pdb,/home/igem/unknown_software/datasets/propedia_formatted/propedia_1rrv_C/propedia_1rrv_C_peptide.pdb,propedia
propedia_1rst_P,/home/igem/unknown_software/datasets/propedia_formatted/propedia_1rst_P/propedia_1rst_P_protein_pocket.pdb,/home/igem/unknown_software/datasets/propedia_formatted/propedia_1rst_P/propedia_1rst_P_peptide.pdb,propedia
propedia_1rsu_P,/home/igem/unknown_software/datasets/propedia_formatted/propedia_1rsu_P/propedia_1rsu_P_protein_pocket.pdb,/home/igem/unknown_software/datasets/propedia_formatted/propedia_1rsu_P/propedia_1rsu_P_peptide.pdb,propedia
propedia_1rtf_A,/home/igem/unknown_software/datasets/propedia_formatted/propedia_1rtf_A/propedia_1rtf_A_protein_pocket.pdb,/home/igem/unknown_software/datasets/propedia_formatted/propedia_1rtf_A/propedia_1rtf_A_peptide.pdb,propedia
propedia_1rxz_B,/home/igem/unknown_software/datasets/propedia_formatted/propedia_1rxz_B/propedia_1rxz_B_protein_pocket.pdb,/home/igem/unknown_software/datasets/propedia_formatted/propedia_1rxz_B/propedia_1rxz_B_peptide.pdb,propedia
propedia_1rzx_B,/home/igem/unknown_software/datasets/propedia_formatted/propedia_1rzx_B/propedia_1rzx_B_protein_pocket.pdb,/home/igem/unknown_software/datasets/propedia_formatted/propedia_1rzx_B/propedia_1rzx_B_peptide.pdb,propedia
propedia_1s5p_B,/home/igem/unknown_software/datasets/propedia_formatted/propedia_1s5p_B/propedia_1s5p_B_protein_pocket.pdb,/home/igem/unknown_software/datasets/propedia_formatted/propedia_1s5p_B/propedia_1s5p_B_peptide.pdb,propedia
propedia_1s7q_C,/home/igem/unknown_software/datasets/propedia_formatted/propedia_1s7q_C/propedia_1s7q_C_protein_pocket.pdb,/home/igem/unknown_software/datasets/propedia_formatted/propedia_1s7q_C/propedia_1s7q_C_peptide.pdb,propedia
propedia_1s7w_C,/home/igem/unknown_software/datasets/propedia_formatted/propedia_1s7w_C/propedia_1s7w_C_protein_pocket.pdb,/home/igem/unknown_software/datasets/propedia_formatted/propedia_1s7w_C/propedia_1s7w_C_peptide.pdb,propedia
propedia_1s7w_C,/home/igem/unknown_software/datasets/propedia_formatted/propedia_1s7w_C/propedia_1s7w_C_protein_pocket.pdb,/home/igem/unknown_software/datasets/propedia_formatted/propedia_1s7w_C/propedia_1s7w_C_peptide.pdb,propedia
propedia_1s7x_C,/home/igem/unknown_software/datasets/propedia_formatted/propedia_1s7x_C/propedia_1s7x_C_protein_pocket.pdb,/home/igem/unknown_software/datasets/propedia_formatted/propedia_1s7x_C/propedia_1s7x_C_peptide.pdb,propedia
propedia_1s7x_C,/home/igem/unknown_software/datasets/propedia_formatted/propedia_1s7x_C/propedia_1s7x_C_protein_pocket.pdb,/home/igem/unknown_software/datasets/propedia_formatted/propedia_1s7x_C/propedia_1s7x_C_peptide.pdb,propedia
propedia_1s9v_C,/home/igem/unknown_software/datasets/propedia_formatted/propedia_1s9v_C/propedia_1s9v_C_protein_pocket.pdb,/home/igem/unknown_software/datasets/propedia_formatted/propedia_1s9v_C/propedia_1s9v_C_peptide.pdb,propedia
propedia_1s9v_C,/home/igem/unknown_software/datasets/propedia_formatted/propedia_1s9v_C/propedia_1s9v_C_protein_pocket.pdb,/home/igem/unknown_software/datasets/propedia_formatted/propedia_1s9v_C/propedia_1s9v_C_peptide.pdb,propedia
propedia_1s9w_C,/home/igem/unknown_software/datasets/propedia_formatted/propedia_1s9w_C/propedia_1s9w_C_protein_pocket.pdb,/home/igem/unknown_software/datasets/propedia_formatted/propedia_1s9w_C/propedia_1s9w_C_peptide.pdb,propedia
propedia_1sb1_I,/home/igem/unknown_software/datasets/propedia_formatted/propedia_1sb1_I/propedia_1sb1_I_protein_pocket.pdb,/home/igem/unknown_software/datasets/propedia_formatted/propedia_1sb1_I/propedia_1sb1_I_peptide.pdb,propedia
propedia_1sdx_E,/home/igem/unknown_software/datasets/propedia_formatted/propedia_1sdx_E/propedia_1sdx_E_protein_pocket.pdb,/home/igem/unknown_software/datasets/propedia_formatted/propedia_1sdx_E/propedia_1sdx_E_peptide.pdb,propedia
propedia_1sdz_B,/home/igem/unknown_software/datasets/propedia_formatted/propedia_1sdz_B/propedia_1sdz_B_protein_pocket.pdb,/home/igem/unknown_software/datasets/propedia_formatted/propedia_1sdz_B/propedia_1sdz_B_peptide.pdb,propedia
propedia_1sha_B,/home/igem/unknown_software/datasets/propedia_formatted/propedia_1sha_B/propedia_1sha_B_protein_pocket.pdb,/home/igem/unknown_software/datasets/propedia_formatted/propedia_1sha_B/propedia_1sha_B_peptide.pdb,propedia
propedia_1shb_B,/home/igem/unknown_software/datasets/propedia_formatted/propedia_1shb_B/propedia_1shb_B_protein_pocket.pdb,/home/igem/unknown_software/datasets/propedia_formatted/propedia_1shb_B/propedia_1shb_B_peptide.pdb,propedia
propedia_1shc_B,/home/igem/unknown_software/datasets/propedia_formatted/propedia_1shc_B/propedia_1shc_B_protein_pocket.pdb,/home/igem/unknown_software/datasets/propedia_formatted/propedia_1shc_B/propedia_1shc_B_peptide.pdb,propedia
propedia_1sl3_B,/home/igem/unknown_software/datasets/propedia_formatted/propedia_1sl3_B/propedia_1sl3_B_protein_pocket.pdb,/home/igem/unknown_software/datasets/propedia_formatted/propedia_1sl3_B/propedia_1sl3_B_peptide.pdb,propedia
propedia_1sld_P,/home/igem/unknown_software/datasets/propedia_formatted/propedia_1sld_P/propedia_1sld_P_protein_pocket.pdb,/home/igem/unknown_software/datasets/propedia_formatted/propedia_1sld_P/propedia_1sld_P_peptide.pdb,propedia
propedia_1sle_M,/home/igem/unknown_software/datasets/propedia_formatted/propedia_1sle_M/propedia_1sle_M_protein_pocket.pdb,/home/igem/unknown_software/datasets/propedia_formatted/propedia_1sle_M/propedia_1sle_M_peptide.pdb,propedia
propedia_1slg_M,/home/igem/unknown_software/datasets/propedia_formatted/propedia_1slg_M/propedia_1slg_M_protein_pocket.pdb,/home/igem/unknown_software/datasets/propedia_formatted/propedia_1slg_M/propedia_1slg_M_peptide.pdb,propedia
propedia_1sm3_P,/home/igem/unknown_software/datasets/propedia_formatted/propedia_1sm3_P/propedia_1sm3_P_protein_pocket.pdb,/home/igem/unknown_software/datasets/propedia_formatted/propedia_1sm3_P/propedia_1sm3_P_peptide.pdb,propedia
propedia_1sm3_P,/home/igem/unknown_software/datasets/propedia_formatted/propedia_1sm3_P/propedia_1sm3_P_protein_pocket.pdb,/home/igem/unknown_software/datasets/propedia_formatted/propedia_1sm3_P/propedia_1sm3_P_peptide.pdb,propedia
propedia_1smr_B,/home/igem/unknown_software/datasets/propedia_formatted/propedia_1smr_B/propedia_1smr_B_protein_pocket.pdb,/home/igem/unknown_software/datasets/propedia_formatted/propedia_1smr_B/propedia_1smr_B_peptide.pdb,propedia
propedia_1sp5_I,/home/igem/unknown_software/datasets/propedia_formatted/propedia_1sp5_I/propedia_1sp5_I_protein_pocket.pdb,/home/igem/unknown_software/datasets/propedia_formatted/propedia_1sp5_I/propedia_1sp5_I_peptide.pdb,propedia
propedia_1sp5_I,/home/igem/unknown_software/datasets/propedia_formatted/propedia_1sp5_I/propedia_1sp5_I_protein_pocket.pdb,/home/igem/unknown_software/datasets/propedia_formatted/propedia_1sp5_I/propedia_1sp5_I_peptide.pdb,propedia
propedia_1sqz_B,/home/igem/unknown_software/datasets/propedia_formatted/propedia_1sqz_B/propedia_1sqz_B_protein_pocket.pdb,/home/igem/unknown_software/datasets/propedia_formatted/propedia_1sqz_B/propedia_1sqz_B_peptide.pdb,propedia
propedia_1srn_B,/home/igem/unknown_software/datasets/propedia_formatted/propedia_1srn_B/propedia_1srn_B_protein_pocket.pdb,/home/igem/unknown_software/datasets/propedia_formatted/propedia_1srn_B/propedia_1srn_B_peptide.pdb,propedia
propedia_1ssh_B,/home/igem/unknown_software/datasets/propedia_formatted/propedia_1ssh_B/propedia_1ssh_B_protein_pocket.pdb,/home/igem/unknown_software/datasets/propedia_formatted/propedia_1ssh_B/propedia_1ssh_B_peptide.pdb,propedia
propedia_1str_M,/home/igem/unknown_software/datasets/propedia_formatted/propedia_1str_M/propedia_1str_M_protein_pocket.pdb,/home/igem/unknown_software/datasets/propedia_formatted/propedia_1str_M/propedia_1str_M_peptide.pdb,propedia
propedia_1sts_M,/home/igem/unknown_software/datasets/propedia_formatted/propedia_1sts_M/propedia_1sts_M_protein_pocket.pdb,/home/igem/unknown_software/datasets/propedia_formatted/propedia_1sts_M/propedia_1sts_M_peptide.pdb,propedia
propedia_1svz_C,/home/igem/unknown_software/datasets/propedia_formatted/propedia_1svz_C/propedia_1svz_C_protein_pocket.pdb,/home/igem/unknown_software/datasets/propedia_formatted/propedia_1svz_C/propedia_1svz_C_peptide.pdb,propedia
propedia_1sys_C,/home/igem/unknown_software/datasets/propedia_formatted/propedia_1sys_C/propedia_1sys_C_protein_pocket.pdb,/home/igem/unknown_software/datasets/propedia_formatted/propedia_1sys_C/propedia_1sys_C_peptide.pdb,propedia
propedia_1sza_Z,/home/igem/unknown_software/datasets/propedia_formatted/propedia_1sza_Z/propedia_1sza_Z_protein_pocket.pdb,/home/igem/unknown_software/datasets/propedia_formatted/propedia_1sza_Z/propedia_1sza_Z_peptide.pdb,propedia
propedia_1szc_B,/home/igem/unknown_software/datasets/propedia_formatted/propedia_1szc_B/propedia_1szc_B_protein_pocket.pdb,/home/igem/unknown_software/datasets/propedia_formatted/propedia_1szc_B/propedia_1szc_B_peptide.pdb,propedia
propedia_1szd_B,/home/igem/unknown_software/datasets/propedia_formatted/propedia_1szd_B/propedia_1szd_B_protein_pocket.pdb,/home/igem/unknown_software/datasets/propedia_formatted/propedia_1szd_B/propedia_1szd_B_peptide.pdb,propedia
propedia_1t15_B,/home/igem/unknown_software/datasets/propedia_formatted/propedia_1t15_B/propedia_1t15_B_protein_pocket.pdb,/home/igem/unknown_software/datasets/propedia_formatted/propedia_1t15_B/propedia_1t15_B_peptide.pdb,propedia
propedia_1t1z_C,/home/igem/unknown_software/datasets/propedia_formatted/propedia_1t1z_C/propedia_1t1z_C_protein_pocket.pdb,/home/igem/unknown_software/datasets/propedia_formatted/propedia_1t1z_C/propedia_1t1z_C_peptide.pdb,propedia
propedia_1t29_B,/home/igem/unknown_software/datasets/propedia_formatted/propedia_1t29_B/propedia_1t29_B_protein_pocket.pdb,/home/igem/unknown_software/datasets/propedia_formatted/propedia_1t29_B/propedia_1t29_B_peptide.pdb,propedia
propedia_1t4f_P,/home/igem/unknown_software/datasets/propedia_formatted/propedia_1t4f_P/propedia_1t4f_P_protein_pocket.pdb,/home/igem/unknown_software/datasets/propedia_formatted/propedia_1t4f_P/propedia_1t4f_P_peptide.pdb,propedia
propedia_1t4u_I,/home/igem/unknown_software/datasets/propedia_formatted/propedia_1t4u_I/propedia_1t4u_I_protein_pocket.pdb,/home/igem/unknown_software/datasets/propedia_formatted/propedia_1t4u_I/propedia_1t4u_I_peptide.pdb,propedia
propedia_1t4v_I,/home/igem/unknown_software/datasets/propedia_formatted/propedia_1t4v_I/propedia_1t4v_I_protein_pocket.pdb,/home/igem/unknown_software/datasets/propedia_formatted/propedia_1t4v_I/propedia_1t4v_I_peptide.pdb,propedia
propedia_1t5z_B,/home/igem/unknown_software/datasets/propedia_formatted/propedia_1t5z_B/propedia_1t5z_B_protein_pocket.pdb,/home/igem/unknown_software/datasets/propedia_formatted/propedia_1t5z_B/propedia_1t5z_B_peptide.pdb,propedia
propedia_1t73_B,/home/igem/unknown_software/datasets/propedia_formatted/propedia_1t73_B/propedia_1t73_B_protein_pocket.pdb,/home/igem/unknown_software/datasets/propedia_formatted/propedia_1t73_B/propedia_1t73_B_peptide.pdb,propedia
propedia_1t74_B,/home/igem/unknown_software/datasets/propedia_formatted/propedia_1t74_B/propedia_1t74_B_protein_pocket.pdb,/home/igem/unknown_software/datasets/propedia_formatted/propedia_1t74_B/propedia_1t74_B_peptide.pdb,propedia
propedia_1t76_B,/home/igem/unknown_software/datasets/propedia_formatted/propedia_1t76_B/propedia_1t76_B_protein_pocket.pdb,/home/igem/unknown_software/datasets/propedia_formatted/propedia_1t76_B/propedia_1t76_B_peptide.pdb,propedia
propedia_1t79_B,/home/igem/unknown_software/datasets/propedia_formatted/propedia_1t79_B/propedia_1t79_B_protein_pocket.pdb,/home/igem/unknown_software/datasets/propedia_formatted/propedia_1t79_B/propedia_1t79_B_peptide.pdb,propedia
propedia_1t7d_C,/home/igem/unknown_software/datasets/propedia_formatted/propedia_1t7d_C/propedia_1t7d_C_protein_pocket.pdb,/home/igem/unknown_software/datasets/propedia_formatted/propedia_1t7d_C/propedia_1t7d_C_peptide.pdb,propedia
propedia_1t7f_B,/home/igem/unknown_software/datasets/propedia_formatted/propedia_1t7f_B/propedia_1t7f_B_protein_pocket.pdb,/home/igem/unknown_software/datasets/propedia_formatted/propedia_1t7f_B/propedia_1t7f_B_peptide.pdb,propedia
propedia_1t7m_B,/home/igem/unknown_software/datasets/propedia_formatted/propedia_1t7m_B/propedia_1t7m_B_protein_pocket.pdb,/home/igem/unknown_software/datasets/propedia_formatted/propedia_1t7m_B/propedia_1t7m_B_peptide.pdb,propedia
propedia_1t7r_B,/home/igem/unknown_software/datasets/propedia_formatted/propedia_1t7r_B/propedia_1t7r_B_protein_pocket.pdb,/home/igem/unknown_software/datasets/propedia_formatted/propedia_1t7r_B/propedia_1t7r_B_peptide.pdb,propedia
propedia_1ta2_B,/home/igem/unknown_software/datasets/propedia_formatted/propedia_1ta2_B/propedia_1ta2_B_protein_pocket.pdb,/home/igem/unknown_software/datasets/propedia_formatted/propedia_1ta2_B/propedia_1ta2_B_peptide.pdb,propedia
propedia_1ta6_B,/home/igem/unknown_software/datasets/propedia_formatted/propedia_1ta6_B/propedia_1ta6_B_protein_pocket.pdb,/home/igem/unknown_software/datasets/propedia_formatted/propedia_1ta6_B/propedia_1ta6_B_peptide.pdb,propedia
propedia_1tdv_B,/home/igem/unknown_software/datasets/propedia_formatted/propedia_1tdv_B/propedia_1tdv_B_protein_pocket.pdb,/home/igem/unknown_software/datasets/propedia_formatted/propedia_1tdv_B/propedia_1tdv_B_peptide.pdb,propedia
propedia_1tet_P,/home/igem/unknown_software/datasets/propedia_formatted/propedia_1tet_P/propedia_1tet_P_protein_pocket.pdb,/home/igem/unknown_software/datasets/propedia_formatted/propedia_1tet_P/propedia_1tet_P_peptide.pdb,propedia
propedia_1tet_P,/home/igem/unknown_software/datasets/propedia_formatted/propedia_1tet_P/propedia_1tet_P_protein_pocket.pdb,/home/igem/unknown_software/datasets/propedia_formatted/propedia_1tet_P/propedia_1tet_P_peptide.pdb,propedia
propedia_1tg1_C,/home/igem/unknown_software/datasets/propedia_formatted/propedia_1tg1_C/propedia_1tg1_C_protein_pocket.pdb,/home/igem/unknown_software/datasets/propedia_formatted/propedia_1tg1_C/propedia_1tg1_C_peptide.pdb,propedia
propedia_1tg4_I,/home/igem/unknown_software/datasets/propedia_formatted/propedia_1tg4_I/propedia_1tg4_I_protein_pocket.pdb,/home/igem/unknown_software/datasets/propedia_formatted/propedia_1tg4_I/propedia_1tg4_I_peptide.pdb,propedia
propedia_1ths_I,/home/igem/unknown_software/datasets/propedia_formatted/propedia_1ths_I/propedia_1ths_I_protein_pocket.pdb,/home/igem/unknown_software/datasets/propedia_formatted/propedia_1ths_I/propedia_1ths_I_peptide.pdb,propedia
propedia_1tjg_P,/home/igem/unknown_software/datasets/propedia_formatted/propedia_1tjg_P/propedia_1tjg_P_protein_pocket.pdb,/home/igem/unknown_software/datasets/propedia_formatted/propedia_1tjg_P/propedia_1tjg_P_peptide.pdb,propedia
propedia_1tjg_P,/home/igem/unknown_software/datasets/propedia_formatted/propedia_1tjg_P/propedia_1tjg_P_protein_pocket.pdb,/home/igem/unknown_software/datasets/propedia_formatted/propedia_1tjg_P/propedia_1tjg_P_peptide.pdb,propedia
propedia_1tjh_P,/home/igem/unknown_software/datasets/propedia_formatted/propedia_1tjh_P/propedia_1tjh_P_protein_pocket.pdb,/home/igem/unknown_software/datasets/propedia_formatted/propedia_1tjh_P/propedia_1tjh_P_peptide.pdb,propedia
propedia_1tjh_P,/home/igem/unknown_software/datasets/propedia_formatted/propedia_1tjh_P/propedia_1tjh_P_protein_pocket.pdb,/home/igem/unknown_software/datasets/propedia_formatted/propedia_1tjh_P/propedia_1tjh_P_peptide.pdb,propedia
propedia_1tk2_B,/home/igem/unknown_software/datasets/propedia_formatted/propedia_1tk2_B/propedia_1tk2_B_protein_pocket.pdb,/home/igem/unknown_software/datasets/propedia_formatted/propedia_1tk2_B/propedia_1tk2_B_peptide.pdb,propedia
propedia_1tmb_I,/home/igem/unknown_software/datasets/propedia_formatted/propedia_1tmb_I/propedia_1tmb_I_protein_pocket.pdb,/home/igem/unknown_software/datasets/propedia_formatted/propedia_1tmb_I/propedia_1tmb_I_peptide.pdb,propedia
propedia_1tmc_C,/home/igem/unknown_software/datasets/propedia_formatted/propedia_1tmc_C/propedia_1tmc_C_protein_pocket.pdb,/home/igem/unknown_software/datasets/propedia_formatted/propedia_1tmc_C/propedia_1tmc_C_peptide.pdb,propedia
propedia_1tmu_J,/home/igem/unknown_software/datasets/propedia_formatted/propedia_1tmu_J/propedia_1tmu_J_protein_pocket.pdb,/home/igem/unknown_software/datasets/propedia_formatted/propedia_1tmu_J/propedia_1tmu_J_peptide.pdb,propedia
propedia_1tn6_C,/home/igem/unknown_software/datasets/propedia_formatted/propedia_1tn6_C/propedia_1tn6_C_protein_pocket.pdb,/home/igem/unknown_software/datasets/propedia_formatted/propedia_1tn6_C/propedia_1tn6_C_peptide.pdb,propedia
propedia_1tn6_C,/home/igem/unknown_software/datasets/propedia_formatted/propedia_1tn6_C/propedia_1tn6_C_protein_pocket.pdb,/home/igem/unknown_software/datasets/propedia_formatted/propedia_1tn6_C/propedia_1tn6_C_peptide.pdb,propedia
propedia_1tn7_C,/home/igem/unknown_software/datasets/propedia_formatted/propedia_1tn7_C/propedia_1tn7_C_protein_pocket.pdb,/home/igem/unknown_software/datasets/propedia_formatted/propedia_1tn7_C/propedia_1tn7_C_peptide.pdb,propedia
propedia_1tn7_C,/home/igem/unknown_software/datasets/propedia_formatted/propedia_1tn7_C/propedia_1tn7_C_protein_pocket.pdb,/home/igem/unknown_software/datasets/propedia_formatted/propedia_1tn7_C/propedia_1tn7_C_peptide.pdb,propedia
propedia_1tn8_C,/home/igem/unknown_software/datasets/propedia_formatted/propedia_1tn8_C/propedia_1tn8_C_protein_pocket.pdb,/home/igem/unknown_software/datasets/propedia_formatted/propedia_1tn8_C/propedia_1tn8_C_peptide.pdb,propedia
propedia_1tn8_C,/home/igem/unknown_software/datasets/propedia_formatted/propedia_1tn8_C/propedia_1tn8_C_protein_pocket.pdb,/home/igem/unknown_software/datasets/propedia_formatted/propedia_1tn8_C/propedia_1tn8_C_peptide.pdb,propedia
propedia_1tom_I,/home/igem/unknown_software/datasets/propedia_formatted/propedia_1tom_I/propedia_1tom_I_protein_pocket.pdb,/home/igem/unknown_software/datasets/propedia_formatted/propedia_1tom_I/propedia_1tom_I_peptide.pdb,propedia
propedia_1tp3_B,/home/igem/unknown_software/datasets/propedia_formatted/propedia_1tp3_B/propedia_1tp3_B_protein_pocket.pdb,/home/igem/unknown_software/datasets/propedia_formatted/propedia_1tp3_B/propedia_1tp3_B_peptide.pdb,propedia
propedia_1tps_B,/home/igem/unknown_software/datasets/propedia_formatted/propedia_1tps_B/propedia_1tps_B_protein_pocket.pdb,/home/igem/unknown_software/datasets/propedia_formatted/propedia_1tps_B/propedia_1tps_B_peptide.pdb,propedia
propedia_1tsq_P,/home/igem/unknown_software/datasets/propedia_formatted/propedia_1tsq_P/propedia_1tsq_P_protein_pocket.pdb,/home/igem/unknown_software/datasets/propedia_formatted/propedia_1tsq_P/propedia_1tsq_P_peptide.pdb,propedia
propedia_1tsq_P,/home/igem/unknown_software/datasets/propedia_formatted/propedia_1tsq_P/propedia_1tsq_P_protein_pocket.pdb,/home/igem/unknown_software/datasets/propedia_formatted/propedia_1tsq_P/propedia_1tsq_P_peptide.pdb,propedia
propedia_1tsu_P,/home/igem/unknown_software/datasets/propedia_formatted/propedia_1tsu_P/propedia_1tsu_P_protein_pocket.pdb,/home/igem/unknown_software/datasets/propedia_formatted/propedia_1tsu_P/propedia_1tsu_P_peptide.pdb,propedia
propedia_1tsu_P,/home/igem/unknown_software/datasets/propedia_formatted/propedia_1tsu_P/propedia_1tsu_P_protein_pocket.pdb,/home/igem/unknown_software/datasets/propedia_formatted/propedia_1tsu_P/propedia_1tsu_P_peptide.pdb,propedia
propedia_1twq_P,/home/igem/unknown_software/datasets/propedia_formatted/propedia_1twq_P/propedia_1twq_P_protein_pocket.pdb,/home/igem/unknown_software/datasets/propedia_formatted/propedia_1twq_P/propedia_1twq_P_peptide.pdb,propedia
propedia_1tze_I,/home/igem/unknown_software/datasets/propedia_formatted/propedia_1tze_I/propedia_1tze_I_protein_pocket.pdb,/home/igem/unknown_software/datasets/propedia_formatted/propedia_1tze_I/propedia_1tze_I_peptide.pdb,propedia
propedia_1tzg_P,/home/igem/unknown_software/datasets/propedia_formatted/propedia_1tzg_P/propedia_1tzg_P_protein_pocket.pdb,/home/igem/unknown_software/datasets/propedia_formatted/propedia_1tzg_P/propedia_1tzg_P_peptide.pdb,propedia
propedia_1tzg_P,/home/igem/unknown_software/datasets/propedia_formatted/propedia_1tzg_P/propedia_1tzg_P_protein_pocket.pdb,/home/igem/unknown_software/datasets/propedia_formatted/propedia_1tzg_P/propedia_1tzg_P_peptide.pdb,propedia
propedia_1tzs_P,/home/igem/unknown_software/datasets/propedia_formatted/propedia_1tzs_P/propedia_1tzs_P_protein_pocket.pdb,/home/igem/unknown_software/datasets/propedia_formatted/propedia_1tzs_P/propedia_1tzs_P_peptide.pdb,propedia
propedia_1u00_P,/home/igem/unknown_software/datasets/propedia_formatted/propedia_1u00_P/propedia_1u00_P_protein_pocket.pdb,/home/igem/unknown_software/datasets/propedia_formatted/propedia_1u00_P/propedia_1u00_P_peptide.pdb,propedia
propedia_1u3h_I,/home/igem/unknown_software/datasets/propedia_formatted/propedia_1u3h_I/propedia_1u3h_I_protein_pocket.pdb,/home/igem/unknown_software/datasets/propedia_formatted/propedia_1u3h_I/propedia_1u3h_I_peptide.pdb,propedia
propedia_1u3h_I,/home/igem/unknown_software/datasets/propedia_formatted/propedia_1u3h_I/propedia_1u3h_I_protein_pocket.pdb,/home/igem/unknown_software/datasets/propedia_formatted/propedia_1u3h_I/propedia_1u3h_I_peptide.pdb,propedia
propedia_1u3h_I,/home/igem/unknown_software/datasets/propedia_formatted/propedia_1u3h_I/propedia_1u3h_I_protein_pocket.pdb,/home/igem/unknown_software/datasets/propedia_formatted/propedia_1u3h_I/propedia_1u3h_I_peptide.pdb,propedia
propedia_1u3h_I,/home/igem/unknown_software/datasets/propedia_formatted/propedia_1u3h_I/propedia_1u3h_I_protein_pocket.pdb,/home/igem/unknown_software/datasets/propedia_formatted/propedia_1u3h_I/propedia_1u3h_I_peptide.pdb,propedia
propedia_1u3r_C,/home/igem/unknown_software/datasets/propedia_formatted/propedia_1u3r_C/propedia_1u3r_C_protein_pocket.pdb,/home/igem/unknown_software/datasets/propedia_formatted/propedia_1u3r_C/propedia_1u3r_C_peptide.pdb,propedia
propedia_1u8g_I,/home/igem/unknown_software/datasets/propedia_formatted/propedia_1u8g_I/propedia_1u8g_I_protein_pocket.pdb,/home/igem/unknown_software/datasets/propedia_formatted/propedia_1u8g_I/propedia_1u8g_I_peptide.pdb,propedia
propedia_1u8g_I,/home/igem/unknown_software/datasets/propedia_formatted/propedia_1u8g_I/propedia_1u8g_I_protein_pocket.pdb,/home/igem/unknown_software/datasets/propedia_formatted/propedia_1u8g_I/propedia_1u8g_I_peptide.pdb,propedia
propedia_1u8h_C,/home/igem/unknown_software/datasets/propedia_formatted/propedia_1u8h_C/propedia_1u8h_C_protein_pocket.pdb,/home/igem/unknown_software/datasets/propedia_formatted/propedia_1u8h_C/propedia_1u8h_C_peptide.pdb,propedia
propedia_1u8h_C,/home/igem/unknown_software/datasets/propedia_formatted/propedia_1u8h_C/propedia_1u8h_C_protein_pocket.pdb,/home/igem/unknown_software/datasets/propedia_formatted/propedia_1u8h_C/propedia_1u8h_C_peptide.pdb,propedia
propedia_1u8i_C,/home/igem/unknown_software/datasets/propedia_formatted/propedia_1u8i_C/propedia_1u8i_C_protein_pocket.pdb,/home/igem/unknown_software/datasets/propedia_formatted/propedia_1u8i_C/propedia_1u8i_C_peptide.pdb,propedia
propedia_1u8i_C,/home/igem/unknown_software/datasets/propedia_formatted/propedia_1u8i_C/propedia_1u8i_C_protein_pocket.pdb,/home/igem/unknown_software/datasets/propedia_formatted/propedia_1u8i_C/propedia_1u8i_C_peptide.pdb,propedia
propedia_1u8j_C,/home/igem/unknown_software/datasets/propedia_formatted/propedia_1u8j_C/propedia_1u8j_C_protein_pocket.pdb,/home/igem/unknown_software/datasets/propedia_formatted/propedia_1u8j_C/propedia_1u8j_C_peptide.pdb,propedia
propedia_1u8j_C,/home/igem/unknown_software/datasets/propedia_formatted/propedia_1u8j_C/propedia_1u8j_C_protein_pocket.pdb,/home/igem/unknown_software/datasets/propedia_formatted/propedia_1u8j_C/propedia_1u8j_C_peptide.pdb,propedia
propedia_1u8k_C,/home/igem/unknown_software/datasets/propedia_formatted/propedia_1u8k_C/propedia_1u8k_C_protein_pocket.pdb,/home/igem/unknown_software/datasets/propedia_formatted/propedia_1u8k_C/propedia_1u8k_C_peptide.pdb,propedia
propedia_1u8k_C,/home/igem/unknown_software/datasets/propedia_formatted/propedia_1u8k_C/propedia_1u8k_C_protein_pocket.pdb,/home/igem/unknown_software/datasets/propedia_formatted/propedia_1u8k_C/propedia_1u8k_C_peptide.pdb,propedia
propedia_1u8m_C,/home/igem/unknown_software/datasets/propedia_formatted/propedia_1u8m_C/propedia_1u8m_C_protein_pocket.pdb,/home/igem/unknown_software/datasets/propedia_formatted/propedia_1u8m_C/propedia_1u8m_C_peptide.pdb,propedia
propedia_1u8m_C,/home/igem/unknown_software/datasets/propedia_formatted/propedia_1u8m_C/propedia_1u8m_C_protein_pocket.pdb,/home/igem/unknown_software/datasets/propedia_formatted/propedia_1u8m_C/propedia_1u8m_C_peptide.pdb,propedia
propedia_1u8q_C,/home/igem/unknown_software/datasets/propedia_formatted/propedia_1u8q_C/propedia_1u8q_C_protein_pocket.pdb,/home/igem/unknown_software/datasets/propedia_formatted/propedia_1u8q_C/propedia_1u8q_C_peptide.pdb,propedia
propedia_1u8q_C,/home/igem/unknown_software/datasets/propedia_formatted/propedia_1u8q_C/propedia_1u8q_C_protein_pocket.pdb,/home/igem/unknown_software/datasets/propedia_formatted/propedia_1u8q_C/propedia_1u8q_C_peptide.pdb,propedia
propedia_1u91_C,/home/igem/unknown_software/datasets/propedia_formatted/propedia_1u91_C/propedia_1u91_C_protein_pocket.pdb,/home/igem/unknown_software/datasets/propedia_formatted/propedia_1u91_C/propedia_1u91_C_peptide.pdb,propedia
propedia_1u91_C,/home/igem/unknown_software/datasets/propedia_formatted/propedia_1u91_C/propedia_1u91_C_protein_pocket.pdb,/home/igem/unknown_software/datasets/propedia_formatted/propedia_1u91_C/propedia_1u91_C_peptide.pdb,propedia
propedia_1u92_C,/home/igem/unknown_software/datasets/propedia_formatted/propedia_1u92_C/propedia_1u92_C_protein_pocket.pdb,/home/igem/unknown_software/datasets/propedia_formatted/propedia_1u92_C/propedia_1u92_C_peptide.pdb,propedia
propedia_1u92_C,/home/igem/unknown_software/datasets/propedia_formatted/propedia_1u92_C/propedia_1u92_C_protein_pocket.pdb,/home/igem/unknown_software/datasets/propedia_formatted/propedia_1u92_C/propedia_1u92_C_peptide.pdb,propedia
propedia_1u93_C,/home/igem/unknown_software/datasets/propedia_formatted/propedia_1u93_C/propedia_1u93_C_protein_pocket.pdb,/home/igem/unknown_software/datasets/propedia_formatted/propedia_1u93_C/propedia_1u93_C_peptide.pdb,propedia
propedia_1u93_C,/home/igem/unknown_software/datasets/propedia_formatted/propedia_1u93_C/propedia_1u93_C_protein_pocket.pdb,/home/igem/unknown_software/datasets/propedia_formatted/propedia_1u93_C/propedia_1u93_C_peptide.pdb,propedia
propedia_1u95_C,/home/igem/unknown_software/datasets/propedia_formatted/propedia_1u95_C/propedia_1u95_C_protein_pocket.pdb,/home/igem/unknown_software/datasets/propedia_formatted/propedia_1u95_C/propedia_1u95_C_peptide.pdb,propedia
propedia_1u95_C,/home/igem/unknown_software/datasets/propedia_formatted/propedia_1u95_C/propedia_1u95_C_protein_pocket.pdb,/home/igem/unknown_software/datasets/propedia_formatted/propedia_1u95_C/propedia_1u95_C_peptide.pdb,propedia
propedia_1u9l_C,/home/igem/unknown_software/datasets/propedia_formatted/propedia_1u9l_C/propedia_1u9l_C_protein_pocket.pdb,/home/igem/unknown_software/datasets/propedia_formatted/propedia_1u9l_C/propedia_1u9l_C_peptide.pdb,propedia
propedia_1u9l_C,/home/igem/unknown_software/datasets/propedia_formatted/propedia_1u9l_C/propedia_1u9l_C_protein_pocket.pdb,/home/igem/unknown_software/datasets/propedia_formatted/propedia_1u9l_C/propedia_1u9l_C_peptide.pdb,propedia
propedia_1ucy_F,/home/igem/unknown_software/datasets/propedia_formatted/propedia_1ucy_F/propedia_1ucy_F_protein_pocket.pdb,/home/igem/unknown_software/datasets/propedia_formatted/propedia_1ucy_F/propedia_1ucy_F_peptide.pdb,propedia
propedia_1ucy_F,/home/igem/unknown_software/datasets/propedia_formatted/propedia_1ucy_F/propedia_1ucy_F_protein_pocket.pdb,/home/igem/unknown_software/datasets/propedia_formatted/propedia_1ucy_F/propedia_1ucy_F_peptide.pdb,propedia
propedia_1uef_C,/home/igem/unknown_software/datasets/propedia_formatted/propedia_1uef_C/propedia_1uef_C_protein_pocket.pdb,/home/igem/unknown_software/datasets/propedia_formatted/propedia_1uef_C/propedia_1uef_C_peptide.pdb,propedia
propedia_1uef_C,/home/igem/unknown_software/datasets/propedia_formatted/propedia_1uef_C/propedia_1uef_C_protein_pocket.pdb,/home/igem/unknown_software/datasets/propedia_formatted/propedia_1uef_C/propedia_1uef_C_peptide.pdb,propedia
propedia_1uhb_P,/home/igem/unknown_software/datasets/propedia_formatted/propedia_1uhb_P/propedia_1uhb_P_protein_pocket.pdb,/home/igem/unknown_software/datasets/propedia_formatted/propedia_1uhb_P/propedia_1uhb_P_peptide.pdb,propedia
propedia_1uhb_P,/home/igem/unknown_software/datasets/propedia_formatted/propedia_1uhb_P/propedia_1uhb_P_protein_pocket.pdb,/home/igem/unknown_software/datasets/propedia_formatted/propedia_1uhb_P/propedia_1uhb_P_peptide.pdb,propedia
propedia_1ujk_C,/home/igem/unknown_software/datasets/propedia_formatted/propedia_1ujk_C/propedia_1ujk_C_protein_pocket.pdb,/home/igem/unknown_software/datasets/propedia_formatted/propedia_1ujk_C/propedia_1ujk_C_peptide.pdb,propedia
propedia_1uk4_G,/home/igem/unknown_software/datasets/propedia_formatted/propedia_1uk4_G/propedia_1uk4_G_protein_pocket.pdb,/home/igem/unknown_software/datasets/propedia_formatted/propedia_1uk4_G/propedia_1uk4_G_peptide.pdb,propedia
propedia_1uk4_G,/home/igem/unknown_software/datasets/propedia_formatted/propedia_1uk4_G/propedia_1uk4_G_protein_pocket.pdb,/home/igem/unknown_software/datasets/propedia_formatted/propedia_1uk4_G/propedia_1uk4_G_peptide.pdb,propedia
propedia_1ukh_B,/home/igem/unknown_software/datasets/propedia_formatted/propedia_1ukh_B/propedia_1ukh_B_protein_pocket.pdb,/home/igem/unknown_software/datasets/propedia_formatted/propedia_1ukh_B/propedia_1ukh_B_peptide.pdb,propedia
propedia_1uma_I,/home/igem/unknown_software/datasets/propedia_formatted/propedia_1uma_I/propedia_1uma_I_protein_pocket.pdb,/home/igem/unknown_software/datasets/propedia_formatted/propedia_1uma_I/propedia_1uma_I_peptide.pdb,propedia
propedia_1umw_E,/home/igem/unknown_software/datasets/propedia_formatted/propedia_1umw_E/propedia_1umw_E_protein_pocket.pdb,/home/igem/unknown_software/datasets/propedia_formatted/propedia_1umw_E/propedia_1umw_E_peptide.pdb,propedia
propedia_1umw_E,/home/igem/unknown_software/datasets/propedia_formatted/propedia_1umw_E/propedia_1umw_E_protein_pocket.pdb,/home/igem/unknown_software/datasets/propedia_formatted/propedia_1umw_E/propedia_1umw_E_peptide.pdb,propedia
propedia_1url_B,/home/igem/unknown_software/datasets/propedia_formatted/propedia_1url_B/propedia_1url_B_protein_pocket.pdb,/home/igem/unknown_software/datasets/propedia_formatted/propedia_1url_B/propedia_1url_B_peptide.pdb,propedia
propedia_1utc_P,/home/igem/unknown_software/datasets/propedia_formatted/propedia_1utc_P/propedia_1utc_P_protein_pocket.pdb,/home/igem/unknown_software/datasets/propedia_formatted/propedia_1utc_P/propedia_1utc_P_peptide.pdb,propedia
propedia_1utc_P,/home/igem/unknown_software/datasets/propedia_formatted/propedia_1utc_P/propedia_1utc_P_protein_pocket.pdb,/home/igem/unknown_software/datasets/propedia_formatted/propedia_1utc_P/propedia_1utc_P_peptide.pdb,propedia
propedia_1v1t_S,/home/igem/unknown_software/datasets/propedia_formatted/propedia_1v1t_S/propedia_1v1t_S_protein_pocket.pdb,/home/igem/unknown_software/datasets/propedia_formatted/propedia_1v1t_S/propedia_1v1t_S_peptide.pdb,propedia
propedia_1v6d_B,/home/igem/unknown_software/datasets/propedia_formatted/propedia_1v6d_B/propedia_1v6d_B_protein_pocket.pdb,/home/igem/unknown_software/datasets/propedia_formatted/propedia_1v6d_B/propedia_1v6d_B_peptide.pdb,propedia
propedia_1v9t_C,/home/igem/unknown_software/datasets/propedia_formatted/propedia_1v9t_C/propedia_1v9t_C_protein_pocket.pdb,/home/igem/unknown_software/datasets/propedia_formatted/propedia_1v9t_C/propedia_1v9t_C_peptide.pdb,propedia
propedia_1vac_P,/home/igem/unknown_software/datasets/propedia_formatted/propedia_1vac_P/propedia_1vac_P_protein_pocket.pdb,/home/igem/unknown_software/datasets/propedia_formatted/propedia_1vac_P/propedia_1vac_P_peptide.pdb,propedia
propedia_1vai_C,/home/igem/unknown_software/datasets/propedia_formatted/propedia_1vai_C/propedia_1vai_C_protein_pocket.pdb,/home/igem/unknown_software/datasets/propedia_formatted/propedia_1vai_C/propedia_1vai_C_peptide.pdb,propedia
propedia_1vbs_B,/home/igem/unknown_software/datasets/propedia_formatted/propedia_1vbs_B/propedia_1vbs_B_protein_pocket.pdb,/home/igem/unknown_software/datasets/propedia_formatted/propedia_1vbs_B/propedia_1vbs_B_peptide.pdb,propedia
propedia_1vbt_C,/home/igem/unknown_software/datasets/propedia_formatted/propedia_1vbt_C/propedia_1vbt_C_protein_pocket.pdb,/home/igem/unknown_software/datasets/propedia_formatted/propedia_1vbt_C/propedia_1vbt_C_peptide.pdb,propedia
propedia_1vbt_C,/home/igem/unknown_software/datasets/propedia_formatted/propedia_1vbt_C/propedia_1vbt_C_protein_pocket.pdb,/home/igem/unknown_software/datasets/propedia_formatted/propedia_1vbt_C/propedia_1vbt_C_peptide.pdb,propedia
propedia_1vdn_B,/home/igem/unknown_software/datasets/propedia_formatted/propedia_1vdn_B/propedia_1vdn_B_protein_pocket.pdb,/home/igem/unknown_software/datasets/propedia_formatted/propedia_1vdn_B/propedia_1vdn_B_peptide.pdb,propedia
propedia_1vgc_A,/home/igem/unknown_software/datasets/propedia_formatted/propedia_1vgc_A/propedia_1vgc_A_protein_pocket.pdb,/home/igem/unknown_software/datasets/propedia_formatted/propedia_1vgc_A/propedia_1vgc_A_peptide.pdb,propedia
propedia_1vgc_A,/home/igem/unknown_software/datasets/propedia_formatted/propedia_1vgc_A/propedia_1vgc_A_protein_pocket.pdb,/home/igem/unknown_software/datasets/propedia_formatted/propedia_1vgc_A/propedia_1vgc_A_peptide.pdb,propedia
propedia_1vgk_C,/home/igem/unknown_software/datasets/propedia_formatted/propedia_1vgk_C/propedia_1vgk_C_protein_pocket.pdb,/home/igem/unknown_software/datasets/propedia_formatted/propedia_1vgk_C/propedia_1vgk_C_peptide.pdb,propedia
propedia_1vj6_B,/home/igem/unknown_software/datasets/propedia_formatted/propedia_1vj6_B/propedia_1vj6_B_protein_pocket.pdb,/home/igem/unknown_software/datasets/propedia_formatted/propedia_1vj6_B/propedia_1vj6_B_peptide.pdb,propedia
propedia_1vr1_I,/home/igem/unknown_software/datasets/propedia_formatted/propedia_1vr1_I/propedia_1vr1_I_protein_pocket.pdb,/home/igem/unknown_software/datasets/propedia_formatted/propedia_1vr1_I/propedia_1vr1_I_peptide.pdb,propedia
propedia_1vwb_P,/home/igem/unknown_software/datasets/propedia_formatted/propedia_1vwb_P/propedia_1vwb_P_protein_pocket.pdb,/home/igem/unknown_software/datasets/propedia_formatted/propedia_1vwb_P/propedia_1vwb_P_peptide.pdb,propedia
propedia_1vwc_P,/home/igem/unknown_software/datasets/propedia_formatted/propedia_1vwc_P/propedia_1vwc_P_protein_pocket.pdb,/home/igem/unknown_software/datasets/propedia_formatted/propedia_1vwc_P/propedia_1vwc_P_peptide.pdb,propedia
propedia_1vwd_P,/home/igem/unknown_software/datasets/propedia_formatted/propedia_1vwd_P/propedia_1vwd_P_protein_pocket.pdb,/home/igem/unknown_software/datasets/propedia_formatted/propedia_1vwd_P/propedia_1vwd_P_peptide.pdb,propedia
propedia_1vwe_P,/home/igem/unknown_software/datasets/propedia_formatted/propedia_1vwe_P/propedia_1vwe_P_protein_pocket.pdb,/home/igem/unknown_software/datasets/propedia_formatted/propedia_1vwe_P/propedia_1vwe_P_peptide.pdb,propedia
propedia_1vwf_P,/home/igem/unknown_software/datasets/propedia_formatted/propedia_1vwf_P/propedia_1vwf_P_protein_pocket.pdb,/home/igem/unknown_software/datasets/propedia_formatted/propedia_1vwf_P/propedia_1vwf_P_peptide.pdb,propedia
propedia_1vwg_P,/home/igem/unknown_software/datasets/propedia_formatted/propedia_1vwg_P/propedia_1vwg_P_protein_pocket.pdb,/home/igem/unknown_software/datasets/propedia_formatted/propedia_1vwg_P/propedia_1vwg_P_peptide.pdb,propedia
propedia_1vwh_P,/home/igem/unknown_software/datasets/propedia_formatted/propedia_1vwh_P/propedia_1vwh_P_protein_pocket.pdb,/home/igem/unknown_software/datasets/propedia_formatted/propedia_1vwh_P/propedia_1vwh_P_peptide.pdb,propedia
propedia_1vwi_M,/home/igem/unknown_software/datasets/propedia_formatted/propedia_1vwi_M/propedia_1vwi_M_protein_pocket.pdb,/home/igem/unknown_software/datasets/propedia_formatted/propedia_1vwi_M/propedia_1vwi_M_peptide.pdb,propedia
propedia_1vwj_M,/home/igem/unknown_software/datasets/propedia_formatted/propedia_1vwj_M/propedia_1vwj_M_protein_pocket.pdb,/home/igem/unknown_software/datasets/propedia_formatted/propedia_1vwj_M/propedia_1vwj_M_peptide.pdb,propedia
propedia_1vwk_M,/home/igem/unknown_software/datasets/propedia_formatted/propedia_1vwk_M/propedia_1vwk_M_protein_pocket.pdb,/home/igem/unknown_software/datasets/propedia_formatted/propedia_1vwk_M/propedia_1vwk_M_peptide.pdb,propedia
propedia_1vwl_M,/home/igem/unknown_software/datasets/propedia_formatted/propedia_1vwl_M/propedia_1vwl_M_protein_pocket.pdb,/home/igem/unknown_software/datasets/propedia_formatted/propedia_1vwl_M/propedia_1vwl_M_peptide.pdb,propedia
propedia_1vwm_P,/home/igem/unknown_software/datasets/propedia_formatted/propedia_1vwm_P/propedia_1vwm_P_protein_pocket.pdb,/home/igem/unknown_software/datasets/propedia_formatted/propedia_1vwm_P/propedia_1vwm_P_peptide.pdb,propedia
propedia_1vwn_P,/home/igem/unknown_software/datasets/propedia_formatted/propedia_1vwn_P/propedia_1vwn_P_protein_pocket.pdb,/home/igem/unknown_software/datasets/propedia_formatted/propedia_1vwn_P/propedia_1vwn_P_peptide.pdb,propedia
propedia_1vwo_P,/home/igem/unknown_software/datasets/propedia_formatted/propedia_1vwo_P/propedia_1vwo_P_protein_pocket.pdb,/home/igem/unknown_software/datasets/propedia_formatted/propedia_1vwo_P/propedia_1vwo_P_peptide.pdb,propedia
propedia_1vwp_P,/home/igem/unknown_software/datasets/propedia_formatted/propedia_1vwp_P/propedia_1vwp_P_protein_pocket.pdb,/home/igem/unknown_software/datasets/propedia_formatted/propedia_1vwp_P/propedia_1vwp_P_peptide.pdb,propedia
propedia_1vwq_P,/home/igem/unknown_software/datasets/propedia_formatted/propedia_1vwq_P/propedia_1vwq_P_protein_pocket.pdb,/home/igem/unknown_software/datasets/propedia_formatted/propedia_1vwq_P/propedia_1vwq_P_peptide.pdb,propedia
propedia_1vwr_P,/home/igem/unknown_software/datasets/propedia_formatted/propedia_1vwr_P/propedia_1vwr_P_protein_pocket.pdb,/home/igem/unknown_software/datasets/propedia_formatted/propedia_1vwr_P/propedia_1vwr_P_peptide.pdb,propedia
propedia_1w0v_C,/home/igem/unknown_software/datasets/propedia_formatted/propedia_1w0v_C/propedia_1w0v_C_protein_pocket.pdb,/home/igem/unknown_software/datasets/propedia_formatted/propedia_1w0v_C/propedia_1w0v_C_peptide.pdb,propedia
propedia_1w72_C,/home/igem/unknown_software/datasets/propedia_formatted/propedia_1w72_C/propedia_1w72_C_protein_pocket.pdb,/home/igem/unknown_software/datasets/propedia_formatted/propedia_1w72_C/propedia_1w72_C_peptide.pdb,propedia
propedia_1w72_C,/home/igem/unknown_software/datasets/propedia_formatted/propedia_1w72_C/propedia_1w72_C_protein_pocket.pdb,/home/igem/unknown_software/datasets/propedia_formatted/propedia_1w72_C/propedia_1w72_C_peptide.pdb,propedia
propedia_1w72_C,/home/igem/unknown_software/datasets/propedia_formatted/propedia_1w72_C/propedia_1w72_C_protein_pocket.pdb,/home/igem/unknown_software/datasets/propedia_formatted/propedia_1w72_C/propedia_1w72_C_peptide.pdb,propedia
propedia_1w80_P,/home/igem/unknown_software/datasets/propedia_formatted/propedia_1w80_P/propedia_1w80_P_protein_pocket.pdb,/home/igem/unknown_software/datasets/propedia_formatted/propedia_1w80_P/propedia_1w80_P_peptide.pdb,propedia
propedia_1w9u_C,/home/igem/unknown_software/datasets/propedia_formatted/propedia_1w9u_C/propedia_1w9u_C_protein_pocket.pdb,/home/igem/unknown_software/datasets/propedia_formatted/propedia_1w9u_C/propedia_1w9u_C_peptide.pdb,propedia
propedia_1waw_B,/home/igem/unknown_software/datasets/propedia_formatted/propedia_1waw_B/propedia_1waw_B_protein_pocket.pdb,/home/igem/unknown_software/datasets/propedia_formatted/propedia_1waw_B/propedia_1waw_B_peptide.pdb,propedia
propedia_1wbp_B,/home/igem/unknown_software/datasets/propedia_formatted/propedia_1wbp_B/propedia_1wbp_B_protein_pocket.pdb,/home/igem/unknown_software/datasets/propedia_formatted/propedia_1wbp_B/propedia_1wbp_B_peptide.pdb,propedia
propedia_1wbx_C,/home/igem/unknown_software/datasets/propedia_formatted/propedia_1wbx_C/propedia_1wbx_C_protein_pocket.pdb,/home/igem/unknown_software/datasets/propedia_formatted/propedia_1wbx_C/propedia_1wbx_C_peptide.pdb,propedia
propedia_1wby_C,/home/igem/unknown_software/datasets/propedia_formatted/propedia_1wby_C/propedia_1wby_C_protein_pocket.pdb,/home/igem/unknown_software/datasets/propedia_formatted/propedia_1wby_C/propedia_1wby_C_peptide.pdb,propedia
propedia_1wbz_P,/home/igem/unknown_software/datasets/propedia_formatted/propedia_1wbz_P/propedia_1wbz_P_protein_pocket.pdb,/home/igem/unknown_software/datasets/propedia_formatted/propedia_1wbz_P/propedia_1wbz_P_peptide.pdb,propedia
propedia_1wkr_I,/home/igem/unknown_software/datasets/propedia_formatted/propedia_1wkr_I/propedia_1wkr_I_protein_pocket.pdb,/home/igem/unknown_software/datasets/propedia_formatted/propedia_1wkr_I/propedia_1wkr_I_peptide.pdb,propedia
propedia_1x2r_B,/home/igem/unknown_software/datasets/propedia_formatted/propedia_1x2r_B/propedia_1x2r_B_protein_pocket.pdb,/home/igem/unknown_software/datasets/propedia_formatted/propedia_1x2r_B/propedia_1x2r_B_peptide.pdb,propedia
propedia_1x7q_C,/home/igem/unknown_software/datasets/propedia_formatted/propedia_1x7q_C/propedia_1x7q_C_protein_pocket.pdb,/home/igem/unknown_software/datasets/propedia_formatted/propedia_1x7q_C/propedia_1x7q_C_peptide.pdb,propedia
propedia_1x8s_B,/home/igem/unknown_software/datasets/propedia_formatted/propedia_1x8s_B/propedia_1x8s_B_protein_pocket.pdb,/home/igem/unknown_software/datasets/propedia_formatted/propedia_1x8s_B/propedia_1x8s_B_peptide.pdb,propedia
propedia_1xb7_P,/home/igem/unknown_software/datasets/propedia_formatted/propedia_1xb7_P/propedia_1xb7_P_protein_pocket.pdb,/home/igem/unknown_software/datasets/propedia_formatted/propedia_1xb7_P/propedia_1xb7_P_peptide.pdb,propedia
propedia_1xdh_C,/home/igem/unknown_software/datasets/propedia_formatted/propedia_1xdh_C/propedia_1xdh_C_protein_pocket.pdb,/home/igem/unknown_software/datasets/propedia_formatted/propedia_1xdh_C/propedia_1xdh_C_peptide.pdb,propedia
propedia_1xdh_C,/home/igem/unknown_software/datasets/propedia_formatted/propedia_1xdh_C/propedia_1xdh_C_protein_pocket.pdb,/home/igem/unknown_software/datasets/propedia_formatted/propedia_1xdh_C/propedia_1xdh_C_peptide.pdb,propedia
propedia_1xm1_H,/home/igem/unknown_software/datasets/propedia_formatted/propedia_1xm1_H/propedia_1xm1_H_protein_pocket.pdb,/home/igem/unknown_software/datasets/propedia_formatted/propedia_1xm1_H/propedia_1xm1_H_peptide.pdb,propedia
propedia_1xn2_E,/home/igem/unknown_software/datasets/propedia_formatted/propedia_1xn2_E/propedia_1xn2_E_protein_pocket.pdb,/home/igem/unknown_software/datasets/propedia_formatted/propedia_1xn2_E/propedia_1xn2_E_peptide.pdb,propedia
propedia_1xn2_E,/home/igem/unknown_software/datasets/propedia_formatted/propedia_1xn2_E/propedia_1xn2_E_protein_pocket.pdb,/home/igem/unknown_software/datasets/propedia_formatted/propedia_1xn2_E/propedia_1xn2_E_peptide.pdb,propedia
propedia_1xoc_B,/home/igem/unknown_software/datasets/propedia_formatted/propedia_1xoc_B/propedia_1xoc_B_protein_pocket.pdb,/home/igem/unknown_software/datasets/propedia_formatted/propedia_1xoc_B/propedia_1xoc_B_peptide.pdb,propedia
propedia_1xow_B,/home/igem/unknown_software/datasets/propedia_formatted/propedia_1xow_B/propedia_1xow_B_protein_pocket.pdb,/home/igem/unknown_software/datasets/propedia_formatted/propedia_1xow_B/propedia_1xow_B_peptide.pdb,propedia
propedia_1xq7_D,/home/igem/unknown_software/datasets/propedia_formatted/propedia_1xq7_D/propedia_1xq7_D_protein_pocket.pdb,/home/igem/unknown_software/datasets/propedia_formatted/propedia_1xq7_D/propedia_1xq7_D_peptide.pdb,propedia
propedia_1xqh_B,/home/igem/unknown_software/datasets/propedia_formatted/propedia_1xqh_B/propedia_1xqh_B_protein_pocket.pdb,/home/igem/unknown_software/datasets/propedia_formatted/propedia_1xqh_B/propedia_1xqh_B_peptide.pdb,propedia
propedia_1xr8_C,/home/igem/unknown_software/datasets/propedia_formatted/propedia_1xr8_C/propedia_1xr8_C_protein_pocket.pdb,/home/igem/unknown_software/datasets/propedia_formatted/propedia_1xr8_C/propedia_1xr8_C_peptide.pdb,propedia
propedia_1xr9_C,/home/igem/unknown_software/datasets/propedia_formatted/propedia_1xr9_C/propedia_1xr9_C_protein_pocket.pdb,/home/igem/unknown_software/datasets/propedia_formatted/propedia_1xr9_C/propedia_1xr9_C_peptide.pdb,propedia
propedia_1xxv_C,/home/igem/unknown_software/datasets/propedia_formatted/propedia_1xxv_C/propedia_1xxv_C_protein_pocket.pdb,/home/igem/unknown_software/datasets/propedia_formatted/propedia_1xxv_C/propedia_1xxv_C_peptide.pdb,propedia
propedia_1y2a_P,/home/igem/unknown_software/datasets/propedia_formatted/propedia_1y2a_P/propedia_1y2a_P_protein_pocket.pdb,/home/igem/unknown_software/datasets/propedia_formatted/propedia_1y2a_P/propedia_1y2a_P_peptide.pdb,propedia
propedia_1y3a_E,/home/igem/unknown_software/datasets/propedia_formatted/propedia_1y3a_E/propedia_1y3a_E_protein_pocket.pdb,/home/igem/unknown_software/datasets/propedia_formatted/propedia_1y3a_E/propedia_1y3a_E_peptide.pdb,propedia
propedia_1y3a_E,/home/igem/unknown_software/datasets/propedia_formatted/propedia_1y3a_E/propedia_1y3a_E_protein_pocket.pdb,/home/igem/unknown_software/datasets/propedia_formatted/propedia_1y3a_E/propedia_1y3a_E_peptide.pdb,propedia
propedia_1y98_B,/home/igem/unknown_software/datasets/propedia_formatted/propedia_1y98_B/propedia_1y98_B_protein_pocket.pdb,/home/igem/unknown_software/datasets/propedia_formatted/propedia_1y98_B/propedia_1y98_B_peptide.pdb,propedia
propedia_1ybo_C,/home/igem/unknown_software/datasets/propedia_formatted/propedia_1ybo_C/propedia_1ybo_C_protein_pocket.pdb,/home/igem/unknown_software/datasets/propedia_formatted/propedia_1ybo_C/propedia_1ybo_C_peptide.pdb,propedia
propedia_1ycq_B,/home/igem/unknown_software/datasets/propedia_formatted/propedia_1ycq_B/propedia_1ycq_B_protein_pocket.pdb,/home/igem/unknown_software/datasets/propedia_formatted/propedia_1ycq_B/propedia_1ycq_B_peptide.pdb,propedia
propedia_1ydp_P,/home/igem/unknown_software/datasets/propedia_formatted/propedia_1ydp_P/propedia_1ydp_P_protein_pocket.pdb,/home/igem/unknown_software/datasets/propedia_formatted/propedia_1ydp_P/propedia_1ydp_P_peptide.pdb,propedia
propedia_1yf4_B,/home/igem/unknown_software/datasets/propedia_formatted/propedia_1yf4_B/propedia_1yf4_B_protein_pocket.pdb,/home/igem/unknown_software/datasets/propedia_formatted/propedia_1yf4_B/propedia_1yf4_B_peptide.pdb,propedia
propedia_1yjm_E,/home/igem/unknown_software/datasets/propedia_formatted/propedia_1yjm_E/propedia_1yjm_E_protein_pocket.pdb,/home/igem/unknown_software/datasets/propedia_formatted/propedia_1yjm_E/propedia_1yjm_E_peptide.pdb,propedia
propedia_1ym2_X,/home/igem/unknown_software/datasets/propedia_formatted/propedia_1ym2_X/propedia_1ym2_X_protein_pocket.pdb,/home/igem/unknown_software/datasets/propedia_formatted/propedia_1ym2_X/propedia_1ym2_X_peptide.pdb,propedia
propedia_1ym4_X,/home/igem/unknown_software/datasets/propedia_formatted/propedia_1ym4_X/propedia_1ym4_X_protein_pocket.pdb,/home/igem/unknown_software/datasets/propedia_formatted/propedia_1ym4_X/propedia_1ym4_X_peptide.pdb,propedia
propedia_1ymt_B,/home/igem/unknown_software/datasets/propedia_formatted/propedia_1ymt_B/propedia_1ymt_B_protein_pocket.pdb,/home/igem/unknown_software/datasets/propedia_formatted/propedia_1ymt_B/propedia_1ymt_B_peptide.pdb,propedia
propedia_1ype_I,/home/igem/unknown_software/datasets/propedia_formatted/propedia_1ype_I/propedia_1ype_I_protein_pocket.pdb,/home/igem/unknown_software/datasets/propedia_formatted/propedia_1ype_I/propedia_1ype_I_peptide.pdb,propedia
propedia_1ypg_I,/home/igem/unknown_software/datasets/propedia_formatted/propedia_1ypg_I/propedia_1ypg_I_protein_pocket.pdb,/home/igem/unknown_software/datasets/propedia_formatted/propedia_1ypg_I/propedia_1ypg_I_peptide.pdb,propedia
propedia_1yph_A,/home/igem/unknown_software/datasets/propedia_formatted/propedia_1yph_A/propedia_1yph_A_protein_pocket.pdb,/home/igem/unknown_software/datasets/propedia_formatted/propedia_1yph_A/propedia_1yph_A_peptide.pdb,propedia
propedia_1yph_A,/home/igem/unknown_software/datasets/propedia_formatted/propedia_1yph_A/propedia_1yph_A_protein_pocket.pdb,/home/igem/unknown_software/datasets/propedia_formatted/propedia_1yph_A/propedia_1yph_A_peptide.pdb,propedia
propedia_1ypj_I,/home/igem/unknown_software/datasets/propedia_formatted/propedia_1ypj_I/propedia_1ypj_I_protein_pocket.pdb,/home/igem/unknown_software/datasets/propedia_formatted/propedia_1ypj_I/propedia_1ypj_I_peptide.pdb,propedia
propedia_1ypk_I,/home/igem/unknown_software/datasets/propedia_formatted/propedia_1ypk_I/propedia_1ypk_I_protein_pocket.pdb,/home/igem/unknown_software/datasets/propedia_formatted/propedia_1ypk_I/propedia_1ypk_I_peptide.pdb,propedia
propedia_1ypl_I,/home/igem/unknown_software/datasets/propedia_formatted/propedia_1ypl_I/propedia_1ypl_I_protein_pocket.pdb,/home/igem/unknown_software/datasets/propedia_formatted/propedia_1ypl_I/propedia_1ypl_I_peptide.pdb,propedia
propedia_1ypm_I,/home/igem/unknown_software/datasets/propedia_formatted/propedia_1ypm_I/propedia_1ypm_I_protein_pocket.pdb,/home/igem/unknown_software/datasets/propedia_formatted/propedia_1ypm_I/propedia_1ypm_I_peptide.pdb,propedia
propedia_1ytj_I,/home/igem/unknown_software/datasets/propedia_formatted/propedia_1ytj_I/propedia_1ytj_I_protein_pocket.pdb,/home/igem/unknown_software/datasets/propedia_formatted/propedia_1ytj_I/propedia_1ytj_I_peptide.pdb,propedia
propedia_1ytv_M,/home/igem/unknown_software/datasets/propedia_formatted/propedia_1ytv_M/propedia_1ytv_M_protein_pocket.pdb,/home/igem/unknown_software/datasets/propedia_formatted/propedia_1ytv_M/propedia_1ytv_M_peptide.pdb,propedia
propedia_1yvh_B,/home/igem/unknown_software/datasets/propedia_formatted/propedia_1yvh_B/propedia_1yvh_B_protein_pocket.pdb,/home/igem/unknown_software/datasets/propedia_formatted/propedia_1yvh_B/propedia_1yvh_B_peptide.pdb,propedia
propedia_1ywt_C,/home/igem/unknown_software/datasets/propedia_formatted/propedia_1ywt_C/propedia_1ywt_C_protein_pocket.pdb,/home/igem/unknown_software/datasets/propedia_formatted/propedia_1ywt_C/propedia_1ywt_C_peptide.pdb,propedia
propedia_1yy6_B,/home/igem/unknown_software/datasets/propedia_formatted/propedia_1yy6_B/propedia_1yy6_B_protein_pocket.pdb,/home/igem/unknown_software/datasets/propedia_formatted/propedia_1yy6_B/propedia_1yy6_B_peptide.pdb,propedia
propedia_1z71_B,/home/igem/unknown_software/datasets/propedia_formatted/propedia_1z71_B/propedia_1z71_B_protein_pocket.pdb,/home/igem/unknown_software/datasets/propedia_formatted/propedia_1z71_B/propedia_1z71_B_peptide.pdb,propedia
propedia_1z8g_L,/home/igem/unknown_software/datasets/propedia_formatted/propedia_1z8g_L/propedia_1z8g_L_protein_pocket.pdb,/home/igem/unknown_software/datasets/propedia_formatted/propedia_1z8g_L/propedia_1z8g_L_peptide.pdb,propedia
propedia_1z9o_G,/home/igem/unknown_software/datasets/propedia_formatted/propedia_1z9o_G/propedia_1z9o_G_protein_pocket.pdb,/home/igem/unknown_software/datasets/propedia_formatted/propedia_1z9o_G/propedia_1z9o_G_peptide.pdb,propedia
propedia_1z9o_G,/home/igem/unknown_software/datasets/propedia_formatted/propedia_1z9o_G/propedia_1z9o_G_protein_pocket.pdb,/home/igem/unknown_software/datasets/propedia_formatted/propedia_1z9o_G/propedia_1z9o_G_peptide.pdb,propedia
propedia_1zea_A,/home/igem/unknown_software/datasets/propedia_formatted/propedia_1zea_A/propedia_1zea_A_protein_pocket.pdb,/home/igem/unknown_software/datasets/propedia_formatted/propedia_1zea_A/propedia_1zea_A_peptide.pdb,propedia
propedia_1zfp_I,/home/igem/unknown_software/datasets/propedia_formatted/propedia_1zfp_I/propedia_1zfp_I_protein_pocket.pdb,/home/igem/unknown_software/datasets/propedia_formatted/propedia_1zfp_I/propedia_1zfp_I_peptide.pdb,propedia
propedia_1zgi_B,/home/igem/unknown_software/datasets/propedia_formatted/propedia_1zgi_B/propedia_1zgi_B_protein_pocket.pdb,/home/igem/unknown_software/datasets/propedia_formatted/propedia_1zgi_B/propedia_1zgi_B_peptide.pdb,propedia
propedia_1zgv_B,/home/igem/unknown_software/datasets/propedia_formatted/propedia_1zgv_B/propedia_1zgv_B_protein_pocket.pdb,/home/igem/unknown_software/datasets/propedia_formatted/propedia_1zgv_B/propedia_1zgv_B_peptide.pdb,propedia
propedia_1zkk_E,/home/igem/unknown_software/datasets/propedia_formatted/propedia_1zkk_E/propedia_1zkk_E_protein_pocket.pdb,/home/igem/unknown_software/datasets/propedia_formatted/propedia_1zkk_E/propedia_1zkk_E_peptide.pdb,propedia
propedia_1zkk_E,/home/igem/unknown_software/datasets/propedia_formatted/propedia_1zkk_E/propedia_1zkk_E_protein_pocket.pdb,/home/igem/unknown_software/datasets/propedia_formatted/propedia_1zkk_E/propedia_1zkk_E_peptide.pdb,propedia
propedia_1zrb_B,/home/igem/unknown_software/datasets/propedia_formatted/propedia_1zrb_B/propedia_1zrb_B_protein_pocket.pdb,/home/igem/unknown_software/datasets/propedia_formatted/propedia_1zrb_B/propedia_1zrb_B_peptide.pdb,propedia
propedia_1zsd_C,/home/igem/unknown_software/datasets/propedia_formatted/propedia_1zsd_C/propedia_1zsd_C_protein_pocket.pdb,/home/igem/unknown_software/datasets/propedia_formatted/propedia_1zsd_C/propedia_1zsd_C_peptide.pdb,propedia
propedia_1zt1_P,/home/igem/unknown_software/datasets/propedia_formatted/propedia_1zt1_P/propedia_1zt1_P_protein_pocket.pdb,/home/igem/unknown_software/datasets/propedia_formatted/propedia_1zt1_P/propedia_1zt1_P_peptide.pdb,propedia
propedia_1ztz_P,/home/igem/unknown_software/datasets/propedia_formatted/propedia_1ztz_P/propedia_1ztz_P_protein_pocket.pdb,/home/igem/unknown_software/datasets/propedia_formatted/propedia_1ztz_P/propedia_1ztz_P_peptide.pdb,propedia
propedia_1ztz_P,/home/igem/unknown_software/datasets/propedia_formatted/propedia_1ztz_P/propedia_1ztz_P_protein_pocket.pdb,/home/igem/unknown_software/datasets/propedia_formatted/propedia_1ztz_P/propedia_1ztz_P_peptide.pdb,propedia
propedia_1zub_B,/home/igem/unknown_software/datasets/propedia_formatted/propedia_1zub_B/propedia_1zub_B_protein_pocket.pdb,/home/igem/unknown_software/datasets/propedia_formatted/propedia_1zub_B/propedia_1zub_B_peptide.pdb,propedia
propedia_1zuk_C,/home/igem/unknown_software/datasets/propedia_formatted/propedia_1zuk_C/propedia_1zuk_C_protein_pocket.pdb,/home/igem/unknown_software/datasets/propedia_formatted/propedia_1zuk_C/propedia_1zuk_C_peptide.pdb,propedia
propedia_1zuk_C,/home/igem/unknown_software/datasets/propedia_formatted/propedia_1zuk_C/propedia_1zuk_C_protein_pocket.pdb,/home/igem/unknown_software/datasets/propedia_formatted/propedia_1zuk_C/propedia_1zuk_C_peptide.pdb,propedia
propedia_2a0t_B,/home/igem/unknown_software/datasets/propedia_formatted/propedia_2a0t_B/propedia_2a0t_B_protein_pocket.pdb,/home/igem/unknown_software/datasets/propedia_formatted/propedia_2a0t_B/propedia_2a0t_B_peptide.pdb,propedia
propedia_2a25_B,/home/igem/unknown_software/datasets/propedia_formatted/propedia_2a25_B/propedia_2a25_B_protein_pocket.pdb,/home/igem/unknown_software/datasets/propedia_formatted/propedia_2a25_B/propedia_2a25_B_peptide.pdb,propedia
propedia_2a6i_P,/home/igem/unknown_software/datasets/propedia_formatted/propedia_2a6i_P/propedia_2a6i_P_protein_pocket.pdb,/home/igem/unknown_software/datasets/propedia_formatted/propedia_2a6i_P/propedia_2a6i_P_peptide.pdb,propedia
propedia_2a6i_P,/home/igem/unknown_software/datasets/propedia_formatted/propedia_2a6i_P/propedia_2a6i_P_protein_pocket.pdb,/home/igem/unknown_software/datasets/propedia_formatted/propedia_2a6i_P/propedia_2a6i_P_peptide.pdb,propedia
propedia_2age_A,/home/igem/unknown_software/datasets/propedia_formatted/propedia_2age_A/propedia_2age_A_protein_pocket.pdb,/home/igem/unknown_software/datasets/propedia_formatted/propedia_2age_A/propedia_2age_A_peptide.pdb,propedia
propedia_2agg_A,/home/igem/unknown_software/datasets/propedia_formatted/propedia_2agg_A/propedia_2agg_A_protein_pocket.pdb,/home/igem/unknown_software/datasets/propedia_formatted/propedia_2agg_A/propedia_2agg_A_peptide.pdb,propedia
propedia_2aij_P,/home/igem/unknown_software/datasets/propedia_formatted/propedia_2aij_P/propedia_2aij_P_protein_pocket.pdb,/home/igem/unknown_software/datasets/propedia_formatted/propedia_2aij_P/propedia_2aij_P_peptide.pdb,propedia
propedia_2ain_B,/home/igem/unknown_software/datasets/propedia_formatted/propedia_2ain_B/propedia_2ain_B_protein_pocket.pdb,/home/igem/unknown_software/datasets/propedia_formatted/propedia_2ain_B/propedia_2ain_B_peptide.pdb,propedia
propedia_2aiz_U,/home/igem/unknown_software/datasets/propedia_formatted/propedia_2aiz_U/propedia_2aiz_U_protein_pocket.pdb,/home/igem/unknown_software/datasets/propedia_formatted/propedia_2aiz_U/propedia_2aiz_U_peptide.pdb,propedia
propedia_2aka_L,/home/igem/unknown_software/datasets/propedia_formatted/propedia_2aka_L/propedia_2aka_L_protein_pocket.pdb,/home/igem/unknown_software/datasets/propedia_formatted/propedia_2aka_L/propedia_2aka_L_peptide.pdb,propedia
propedia_2aka_L,/home/igem/unknown_software/datasets/propedia_formatted/propedia_2aka_L/propedia_2aka_L_protein_pocket.pdb,/home/igem/unknown_software/datasets/propedia_formatted/propedia_2aka_L/propedia_2aka_L_peptide.pdb,propedia
propedia_2amq_C,/home/igem/unknown_software/datasets/propedia_formatted/propedia_2amq_C/propedia_2amq_C_protein_pocket.pdb,/home/igem/unknown_software/datasets/propedia_formatted/propedia_2amq_C/propedia_2amq_C_peptide.pdb,propedia
propedia_2aof_C,/home/igem/unknown_software/datasets/propedia_formatted/propedia_2aof_C/propedia_2aof_C_protein_pocket.pdb,/home/igem/unknown_software/datasets/propedia_formatted/propedia_2aof_C/propedia_2aof_C_peptide.pdb,propedia
propedia_2aof_C,/home/igem/unknown_software/datasets/propedia_formatted/propedia_2aof_C/propedia_2aof_C_protein_pocket.pdb,/home/igem/unknown_software/datasets/propedia_formatted/propedia_2aof_C/propedia_2aof_C_peptide.pdb,propedia
propedia_2aoh_C,/home/igem/unknown_software/datasets/propedia_formatted/propedia_2aoh_C/propedia_2aoh_C_protein_pocket.pdb,/home/igem/unknown_software/datasets/propedia_formatted/propedia_2aoh_C/propedia_2aoh_C_peptide.pdb,propedia
propedia_2aoh_C,/home/igem/unknown_software/datasets/propedia_formatted/propedia_2aoh_C/propedia_2aoh_C_protein_pocket.pdb,/home/igem/unknown_software/datasets/propedia_formatted/propedia_2aoh_C/propedia_2aoh_C_peptide.pdb,propedia
propedia_2aoi_C,/home/igem/unknown_software/datasets/propedia_formatted/propedia_2aoi_C/propedia_2aoi_C_protein_pocket.pdb,/home/igem/unknown_software/datasets/propedia_formatted/propedia_2aoi_C/propedia_2aoi_C_peptide.pdb,propedia
propedia_2aoi_C,/home/igem/unknown_software/datasets/propedia_formatted/propedia_2aoi_C/propedia_2aoi_C_protein_pocket.pdb,/home/igem/unknown_software/datasets/propedia_formatted/propedia_2aoi_C/propedia_2aoi_C_peptide.pdb,propedia
propedia_2aoj_C,/home/igem/unknown_software/datasets/propedia_formatted/propedia_2aoj_C/propedia_2aoj_C_protein_pocket.pdb,/home/igem/unknown_software/datasets/propedia_formatted/propedia_2aoj_C/propedia_2aoj_C_peptide.pdb,propedia
propedia_2aoj_C,/home/igem/unknown_software/datasets/propedia_formatted/propedia_2aoj_C/propedia_2aoj_C_protein_pocket.pdb,/home/igem/unknown_software/datasets/propedia_formatted/propedia_2aoj_C/propedia_2aoj_C_peptide.pdb,propedia
propedia_2aph_C,/home/igem/unknown_software/datasets/propedia_formatted/propedia_2aph_C/propedia_2aph_C_protein_pocket.pdb,/home/igem/unknown_software/datasets/propedia_formatted/propedia_2aph_C/propedia_2aph_C_peptide.pdb,propedia
propedia_2aph_C,/home/igem/unknown_software/datasets/propedia_formatted/propedia_2aph_C/propedia_2aph_C_protein_pocket.pdb,/home/igem/unknown_software/datasets/propedia_formatted/propedia_2aph_C/propedia_2aph_C_peptide.pdb,propedia
propedia_2aq9_X,/home/igem/unknown_software/datasets/propedia_formatted/propedia_2aq9_X/propedia_2aq9_X_protein_pocket.pdb,/home/igem/unknown_software/datasets/propedia_formatted/propedia_2aq9_X/propedia_2aq9_X_peptide.pdb,propedia
propedia_2ast_D,/home/igem/unknown_software/datasets/propedia_formatted/propedia_2ast_D/propedia_2ast_D_protein_pocket.pdb,/home/igem/unknown_software/datasets/propedia_formatted/propedia_2ast_D/propedia_2ast_D_peptide.pdb,propedia
propedia_2ast_D,/home/igem/unknown_software/datasets/propedia_formatted/propedia_2ast_D/propedia_2ast_D_protein_pocket.pdb,/home/igem/unknown_software/datasets/propedia_formatted/propedia_2ast_D/propedia_2ast_D_peptide.pdb,propedia
propedia_2atp_E,/home/igem/unknown_software/datasets/propedia_formatted/propedia_2atp_E/propedia_2atp_E_protein_pocket.pdb,/home/igem/unknown_software/datasets/propedia_formatted/propedia_2atp_E/propedia_2atp_E_peptide.pdb,propedia
propedia_2atp_E,/home/igem/unknown_software/datasets/propedia_formatted/propedia_2atp_E/propedia_2atp_E_protein_pocket.pdb,/home/igem/unknown_software/datasets/propedia_formatted/propedia_2atp_E/propedia_2atp_E_peptide.pdb,propedia
propedia_2ax3_B,/home/igem/unknown_software/datasets/propedia_formatted/propedia_2ax3_B/propedia_2ax3_B_protein_pocket.pdb,/home/igem/unknown_software/datasets/propedia_formatted/propedia_2ax3_B/propedia_2ax3_B_peptide.pdb,propedia
propedia_2axf_C,/home/igem/unknown_software/datasets/propedia_formatted/propedia_2axf_C/propedia_2axf_C_protein_pocket.pdb,/home/igem/unknown_software/datasets/propedia_formatted/propedia_2axf_C/propedia_2axf_C_peptide.pdb,propedia
propedia_2axi_B,/home/igem/unknown_software/datasets/propedia_formatted/propedia_2axi_B/propedia_2axi_B_protein_pocket.pdb,/home/igem/unknown_software/datasets/propedia_formatted/propedia_2axi_B/propedia_2axi_B_peptide.pdb,propedia
propedia_2azm_C,/home/igem/unknown_software/datasets/propedia_formatted/propedia_2azm_C/propedia_2azm_C_protein_pocket.pdb,/home/igem/unknown_software/datasets/propedia_formatted/propedia_2azm_C/propedia_2azm_C_peptide.pdb,propedia
propedia_2b0f_B,/home/igem/unknown_software/datasets/propedia_formatted/propedia_2b0f_B/propedia_2b0f_B_protein_pocket.pdb,/home/igem/unknown_software/datasets/propedia_formatted/propedia_2b0f_B/propedia_2b0f_B_peptide.pdb,propedia
propedia_2b1n_B,/home/igem/unknown_software/datasets/propedia_formatted/propedia_2b1n_B/propedia_2b1n_B_protein_pocket.pdb,/home/igem/unknown_software/datasets/propedia_formatted/propedia_2b1n_B/propedia_2b1n_B_peptide.pdb,propedia
propedia_2b2w_D,/home/igem/unknown_software/datasets/propedia_formatted/propedia_2b2w_D/propedia_2b2w_D_protein_pocket.pdb,/home/igem/unknown_software/datasets/propedia_formatted/propedia_2b2w_D/propedia_2b2w_D_peptide.pdb,propedia
propedia_2b9h_C,/home/igem/unknown_software/datasets/propedia_formatted/propedia_2b9h_C/propedia_2b9h_C_protein_pocket.pdb,/home/igem/unknown_software/datasets/propedia_formatted/propedia_2b9h_C/propedia_2b9h_C_peptide.pdb,propedia
propedia_2b9j_C,/home/igem/unknown_software/datasets/propedia_formatted/propedia_2b9j_C/propedia_2b9j_C_protein_pocket.pdb,/home/igem/unknown_software/datasets/propedia_formatted/propedia_2b9j_C/propedia_2b9j_C_peptide.pdb,propedia
propedia_2bcd_B,/home/igem/unknown_software/datasets/propedia_formatted/propedia_2bcd_B/propedia_2bcd_B_protein_pocket.pdb,/home/igem/unknown_software/datasets/propedia_formatted/propedia_2bcd_B/propedia_2bcd_B_peptide.pdb,propedia
propedia_2bd3_P,/home/igem/unknown_software/datasets/propedia_formatted/propedia_2bd3_P/propedia_2bd3_P_protein_pocket.pdb,/home/igem/unknown_software/datasets/propedia_formatted/propedia_2bd3_P/propedia_2bd3_P_peptide.pdb,propedia
propedia_2bdx_B,/home/igem/unknown_software/datasets/propedia_formatted/propedia_2bdx_B/propedia_2bdx_B_protein_pocket.pdb,/home/igem/unknown_software/datasets/propedia_formatted/propedia_2bdx_B/propedia_2bdx_B_peptide.pdb,propedia
propedia_2bdy_B,/home/igem/unknown_software/datasets/propedia_formatted/propedia_2bdy_B/propedia_2bdy_B_protein_pocket.pdb,/home/igem/unknown_software/datasets/propedia_formatted/propedia_2bdy_B/propedia_2bdy_B_peptide.pdb,propedia
propedia_2bj4_C,/home/igem/unknown_software/datasets/propedia_formatted/propedia_2bj4_C/propedia_2bj4_C_protein_pocket.pdb,/home/igem/unknown_software/datasets/propedia_formatted/propedia_2bj4_C/propedia_2bj4_C_peptide.pdb,propedia
propedia_2bnq_C,/home/igem/unknown_software/datasets/propedia_formatted/propedia_2bnq_C/propedia_2bnq_C_protein_pocket.pdb,/home/igem/unknown_software/datasets/propedia_formatted/propedia_2bnq_C/propedia_2bnq_C_peptide.pdb,propedia
propedia_2bnq_C,/home/igem/unknown_software/datasets/propedia_formatted/propedia_2bnq_C/propedia_2bnq_C_protein_pocket.pdb,/home/igem/unknown_software/datasets/propedia_formatted/propedia_2bnq_C/propedia_2bnq_C_peptide.pdb,propedia
propedia_2bnq_C,/home/igem/unknown_software/datasets/propedia_formatted/propedia_2bnq_C/propedia_2bnq_C_protein_pocket.pdb,/home/igem/unknown_software/datasets/propedia_formatted/propedia_2bnq_C/propedia_2bnq_C_peptide.pdb,propedia
propedia_2bnr_C,/home/igem/unknown_software/datasets/propedia_formatted/propedia_2bnr_C/propedia_2bnr_C_protein_pocket.pdb,/home/igem/unknown_software/datasets/propedia_formatted/propedia_2bnr_C/propedia_2bnr_C_peptide.pdb,propedia
propedia_2bnr_C,/home/igem/unknown_software/datasets/propedia_formatted/propedia_2bnr_C/propedia_2bnr_C_protein_pocket.pdb,/home/igem/unknown_software/datasets/propedia_formatted/propedia_2bnr_C/propedia_2bnr_C_peptide.pdb,propedia
propedia_2bnr_C,/home/igem/unknown_software/datasets/propedia_formatted/propedia_2bnr_C/propedia_2bnr_C_protein_pocket.pdb,/home/igem/unknown_software/datasets/propedia_formatted/propedia_2bnr_C/propedia_2bnr_C_peptide.pdb,propedia
propedia_2bqz_B,/home/igem/unknown_software/datasets/propedia_formatted/propedia_2bqz_B/propedia_2bqz_B_protein_pocket.pdb,/home/igem/unknown_software/datasets/propedia_formatted/propedia_2bqz_B/propedia_2bqz_B_peptide.pdb,propedia
propedia_2br9_P,/home/igem/unknown_software/datasets/propedia_formatted/propedia_2br9_P/propedia_2br9_P_protein_pocket.pdb,/home/igem/unknown_software/datasets/propedia_formatted/propedia_2br9_P/propedia_2br9_P_peptide.pdb,propedia
propedia_2brr_P,/home/igem/unknown_software/datasets/propedia_formatted/propedia_2brr_P/propedia_2brr_P_protein_pocket.pdb,/home/igem/unknown_software/datasets/propedia_formatted/propedia_2brr_P/propedia_2brr_P_peptide.pdb,propedia
propedia_2brr_P,/home/igem/unknown_software/datasets/propedia_formatted/propedia_2brr_P/propedia_2brr_P_protein_pocket.pdb,/home/igem/unknown_software/datasets/propedia_formatted/propedia_2brr_P/propedia_2brr_P_peptide.pdb,propedia
propedia_2brr_P,/home/igem/unknown_software/datasets/propedia_formatted/propedia_2brr_P/propedia_2brr_P_protein_pocket.pdb,/home/igem/unknown_software/datasets/propedia_formatted/propedia_2brr_P/propedia_2brr_P_peptide.pdb,propedia
propedia_2brr_P,/home/igem/unknown_software/datasets/propedia_formatted/propedia_2brr_P/propedia_2brr_P_protein_pocket.pdb,/home/igem/unknown_software/datasets/propedia_formatted/propedia_2brr_P/propedia_2brr_P_peptide.pdb,propedia
propedia_2bsr_C,/home/igem/unknown_software/datasets/propedia_formatted/propedia_2bsr_C/propedia_2bsr_C_protein_pocket.pdb,/home/igem/unknown_software/datasets/propedia_formatted/propedia_2bsr_C/propedia_2bsr_C_peptide.pdb,propedia
propedia_2bss_C,/home/igem/unknown_software/datasets/propedia_formatted/propedia_2bss_C/propedia_2bss_C_protein_pocket.pdb,/home/igem/unknown_software/datasets/propedia_formatted/propedia_2bss_C/propedia_2bss_C_peptide.pdb,propedia
propedia_2bst_C,/home/igem/unknown_software/datasets/propedia_formatted/propedia_2bst_C/propedia_2bst_C_protein_pocket.pdb,/home/igem/unknown_software/datasets/propedia_formatted/propedia_2bst_C/propedia_2bst_C_peptide.pdb,propedia
propedia_2buo_T,/home/igem/unknown_software/datasets/propedia_formatted/propedia_2buo_T/propedia_2buo_T_protein_pocket.pdb,/home/igem/unknown_software/datasets/propedia_formatted/propedia_2buo_T/propedia_2buo_T_peptide.pdb,propedia
propedia_2bvo_C,/home/igem/unknown_software/datasets/propedia_formatted/propedia_2bvo_C/propedia_2bvo_C_protein_pocket.pdb,/home/igem/unknown_software/datasets/propedia_formatted/propedia_2bvo_C/propedia_2bvo_C_peptide.pdb,propedia
propedia_2bvp_C,/home/igem/unknown_software/datasets/propedia_formatted/propedia_2bvp_C/propedia_2bvp_C_protein_pocket.pdb,/home/igem/unknown_software/datasets/propedia_formatted/propedia_2bvp_C/propedia_2bvp_C_peptide.pdb,propedia
propedia_2bvr_I,/home/igem/unknown_software/datasets/propedia_formatted/propedia_2bvr_I/propedia_2bvr_I_protein_pocket.pdb,/home/igem/unknown_software/datasets/propedia_formatted/propedia_2bvr_I/propedia_2bvr_I_peptide.pdb,propedia
propedia_2bvs_I,/home/igem/unknown_software/datasets/propedia_formatted/propedia_2bvs_I/propedia_2bvs_I_protein_pocket.pdb,/home/igem/unknown_software/datasets/propedia_formatted/propedia_2bvs_I/propedia_2bvs_I_peptide.pdb,propedia
propedia_2bxt_I,/home/igem/unknown_software/datasets/propedia_formatted/propedia_2bxt_I/propedia_2bxt_I_protein_pocket.pdb,/home/igem/unknown_software/datasets/propedia_formatted/propedia_2bxt_I/propedia_2bxt_I_peptide.pdb,propedia
propedia_2byp_F,/home/igem/unknown_software/datasets/propedia_formatted/propedia_2byp_F/propedia_2byp_F_protein_pocket.pdb,/home/igem/unknown_software/datasets/propedia_formatted/propedia_2byp_F/propedia_2byp_F_peptide.pdb,propedia
propedia_2byp_F,/home/igem/unknown_software/datasets/propedia_formatted/propedia_2byp_F/propedia_2byp_F_protein_pocket.pdb,/home/igem/unknown_software/datasets/propedia_formatted/propedia_2byp_F/propedia_2byp_F_peptide.pdb,propedia
propedia_2c1e_C,/home/igem/unknown_software/datasets/propedia_formatted/propedia_2c1e_C/propedia_2c1e_C_protein_pocket.pdb,/home/igem/unknown_software/datasets/propedia_formatted/propedia_2c1e_C/propedia_2c1e_C_peptide.pdb,propedia
propedia_2c1e_C,/home/igem/unknown_software/datasets/propedia_formatted/propedia_2c1e_C/propedia_2c1e_C_protein_pocket.pdb,/home/igem/unknown_software/datasets/propedia_formatted/propedia_2c1e_C/propedia_2c1e_C_peptide.pdb,propedia
propedia_2c1n_C,/home/igem/unknown_software/datasets/propedia_formatted/propedia_2c1n_C/propedia_2c1n_C_protein_pocket.pdb,/home/igem/unknown_software/datasets/propedia_formatted/propedia_2c1n_C/propedia_2c1n_C_peptide.pdb,propedia
propedia_2c2k_C,/home/igem/unknown_software/datasets/propedia_formatted/propedia_2c2k_C/propedia_2c2k_C_protein_pocket.pdb,/home/igem/unknown_software/datasets/propedia_formatted/propedia_2c2k_C/propedia_2c2k_C_peptide.pdb,propedia
propedia_2c2k_C,/home/igem/unknown_software/datasets/propedia_formatted/propedia_2c2k_C/propedia_2c2k_C_protein_pocket.pdb,/home/igem/unknown_software/datasets/propedia_formatted/propedia_2c2k_C/propedia_2c2k_C_peptide.pdb,propedia
propedia_2c2m_C,/home/igem/unknown_software/datasets/propedia_formatted/propedia_2c2m_C/propedia_2c2m_C_protein_pocket.pdb,/home/igem/unknown_software/datasets/propedia_formatted/propedia_2c2m_C/propedia_2c2m_C_peptide.pdb,propedia
propedia_2c2m_C,/home/igem/unknown_software/datasets/propedia_formatted/propedia_2c2m_C/propedia_2c2m_C_protein_pocket.pdb,/home/igem/unknown_software/datasets/propedia_formatted/propedia_2c2m_C/propedia_2c2m_C_peptide.pdb,propedia
propedia_2c2o_C,/home/igem/unknown_software/datasets/propedia_formatted/propedia_2c2o_C/propedia_2c2o_C_protein_pocket.pdb,/home/igem/unknown_software/datasets/propedia_formatted/propedia_2c2o_C/propedia_2c2o_C_peptide.pdb,propedia
propedia_2c2o_C,/home/igem/unknown_software/datasets/propedia_formatted/propedia_2c2o_C/propedia_2c2o_C_protein_pocket.pdb,/home/igem/unknown_software/datasets/propedia_formatted/propedia_2c2o_C/propedia_2c2o_C_peptide.pdb,propedia
propedia_2c2z_C,/home/igem/unknown_software/datasets/propedia_formatted/propedia_2c2z_C/propedia_2c2z_C_protein_pocket.pdb,/home/igem/unknown_software/datasets/propedia_formatted/propedia_2c2z_C/propedia_2c2z_C_peptide.pdb,propedia
propedia_2c2z_C,/home/igem/unknown_software/datasets/propedia_formatted/propedia_2c2z_C/propedia_2c2z_C_protein_pocket.pdb,/home/igem/unknown_software/datasets/propedia_formatted/propedia_2c2z_C/propedia_2c2z_C_peptide.pdb,propedia
propedia_2cbl_B,/home/igem/unknown_software/datasets/propedia_formatted/propedia_2cbl_B/propedia_2cbl_B_protein_pocket.pdb,/home/igem/unknown_software/datasets/propedia_formatted/propedia_2cbl_B/propedia_2cbl_B_peptide.pdb,propedia
propedia_2cch_E,/home/igem/unknown_software/datasets/propedia_formatted/propedia_2cch_E/propedia_2cch_E_protein_pocket.pdb,/home/igem/unknown_software/datasets/propedia_formatted/propedia_2cch_E/propedia_2cch_E_peptide.pdb,propedia
propedia_2cdr_I,/home/igem/unknown_software/datasets/propedia_formatted/propedia_2cdr_I/propedia_2cdr_I_protein_pocket.pdb,/home/igem/unknown_software/datasets/propedia_formatted/propedia_2cdr_I/propedia_2cdr_I_peptide.pdb,propedia
propedia_2cdr_I,/home/igem/unknown_software/datasets/propedia_formatted/propedia_2cdr_I/propedia_2cdr_I_protein_pocket.pdb,/home/igem/unknown_software/datasets/propedia_formatted/propedia_2cdr_I/propedia_2cdr_I_peptide.pdb,propedia
propedia_2ce8_X,/home/igem/unknown_software/datasets/propedia_formatted/propedia_2ce8_X/propedia_2ce8_X_protein_pocket.pdb,/home/igem/unknown_software/datasets/propedia_formatted/propedia_2ce8_X/propedia_2ce8_X_peptide.pdb,propedia
propedia_2ce9_X,/home/igem/unknown_software/datasets/propedia_formatted/propedia_2ce9_X/propedia_2ce9_X_protein_pocket.pdb,/home/igem/unknown_software/datasets/propedia_formatted/propedia_2ce9_X/propedia_2ce9_X_peptide.pdb,propedia
propedia_2cf8_I,/home/igem/unknown_software/datasets/propedia_formatted/propedia_2cf8_I/propedia_2cf8_I_protein_pocket.pdb,/home/igem/unknown_software/datasets/propedia_formatted/propedia_2cf8_I/propedia_2cf8_I_peptide.pdb,propedia
propedia_2cf9_I,/home/igem/unknown_software/datasets/propedia_formatted/propedia_2cf9_I/propedia_2cf9_I_protein_pocket.pdb,/home/igem/unknown_software/datasets/propedia_formatted/propedia_2cf9_I/propedia_2cf9_I_peptide.pdb,propedia
propedia_2cha_A,/home/igem/unknown_software/datasets/propedia_formatted/propedia_2cha_A/propedia_2cha_A_protein_pocket.pdb,/home/igem/unknown_software/datasets/propedia_formatted/propedia_2cha_A/propedia_2cha_A_peptide.pdb,propedia
propedia_2cha_A,/home/igem/unknown_software/datasets/propedia_formatted/propedia_2cha_A/propedia_2cha_A_protein_pocket.pdb,/home/igem/unknown_software/datasets/propedia_formatted/propedia_2cha_A/propedia_2cha_A_peptide.pdb,propedia
propedia_2ci9_L,/home/igem/unknown_software/datasets/propedia_formatted/propedia_2ci9_L/propedia_2ci9_L_protein_pocket.pdb,/home/igem/unknown_software/datasets/propedia_formatted/propedia_2ci9_L/propedia_2ci9_L_peptide.pdb,propedia
propedia_2cia_L,/home/igem/unknown_software/datasets/propedia_formatted/propedia_2cia_L/propedia_2cia_L_protein_pocket.pdb,/home/igem/unknown_software/datasets/propedia_formatted/propedia_2cia_L/propedia_2cia_L_peptide.pdb,propedia
propedia_2cik_C,/home/igem/unknown_software/datasets/propedia_formatted/propedia_2cik_C/propedia_2cik_C_protein_pocket.pdb,/home/igem/unknown_software/datasets/propedia_formatted/propedia_2cik_C/propedia_2cik_C_peptide.pdb,propedia
propedia_2cio_B,/home/igem/unknown_software/datasets/propedia_formatted/propedia_2cio_B/propedia_2cio_B_protein_pocket.pdb,/home/igem/unknown_software/datasets/propedia_formatted/propedia_2cio_B/propedia_2cio_B_peptide.pdb,propedia
propedia_2cjx_I,/home/igem/unknown_software/datasets/propedia_formatted/propedia_2cjx_I/propedia_2cjx_I_protein_pocket.pdb,/home/igem/unknown_software/datasets/propedia_formatted/propedia_2cjx_I/propedia_2cjx_I_peptide.pdb,propedia
propedia_2cjx_I,/home/igem/unknown_software/datasets/propedia_formatted/propedia_2cjx_I/propedia_2cjx_I_protein_pocket.pdb,/home/igem/unknown_software/datasets/propedia_formatted/propedia_2cjx_I/propedia_2cjx_I_peptide.pdb,propedia
propedia_2cjy_I,/home/igem/unknown_software/datasets/propedia_formatted/propedia_2cjy_I/propedia_2cjy_I_protein_pocket.pdb,/home/igem/unknown_software/datasets/propedia_formatted/propedia_2cjy_I/propedia_2cjy_I_peptide.pdb,propedia
propedia_2cjy_I,/home/igem/unknown_software/datasets/propedia_formatted/propedia_2cjy_I/propedia_2cjy_I_protein_pocket.pdb,/home/igem/unknown_software/datasets/propedia_formatted/propedia_2cjy_I/propedia_2cjy_I_peptide.pdb,propedia
propedia_2ck0_P,/home/igem/unknown_software/datasets/propedia_formatted/propedia_2ck0_P/propedia_2ck0_P_protein_pocket.pdb,/home/igem/unknown_software/datasets/propedia_formatted/propedia_2ck0_P/propedia_2ck0_P_peptide.pdb,propedia
propedia_2ck0_P,/home/igem/unknown_software/datasets/propedia_formatted/propedia_2ck0_P/propedia_2ck0_P_protein_pocket.pdb,/home/igem/unknown_software/datasets/propedia_formatted/propedia_2ck0_P/propedia_2ck0_P_peptide.pdb,propedia
propedia_2clr_C,/home/igem/unknown_software/datasets/propedia_formatted/propedia_2clr_C/propedia_2clr_C_protein_pocket.pdb,/home/igem/unknown_software/datasets/propedia_formatted/propedia_2clr_C/propedia_2clr_C_peptide.pdb,propedia
propedia_2clv_C,/home/igem/unknown_software/datasets/propedia_formatted/propedia_2clv_C/propedia_2clv_C_protein_pocket.pdb,/home/igem/unknown_software/datasets/propedia_formatted/propedia_2clv_C/propedia_2clv_C_peptide.pdb,propedia
propedia_2cn0_I,/home/igem/unknown_software/datasets/propedia_formatted/propedia_2cn0_I/propedia_2cn0_I_protein_pocket.pdb,/home/igem/unknown_software/datasets/propedia_formatted/propedia_2cn0_I/propedia_2cn0_I_peptide.pdb,propedia
propedia_2cnk_I,/home/igem/unknown_software/datasets/propedia_formatted/propedia_2cnk_I/propedia_2cnk_I_protein_pocket.pdb,/home/igem/unknown_software/datasets/propedia_formatted/propedia_2cnk_I/propedia_2cnk_I_peptide.pdb,propedia
propedia_2cnk_I,/home/igem/unknown_software/datasets/propedia_formatted/propedia_2cnk_I/propedia_2cnk_I_protein_pocket.pdb,/home/igem/unknown_software/datasets/propedia_formatted/propedia_2cnk_I/propedia_2cnk_I_peptide.pdb,propedia
propedia_2cnl_I,/home/igem/unknown_software/datasets/propedia_formatted/propedia_2cnl_I/propedia_2cnl_I_protein_pocket.pdb,/home/igem/unknown_software/datasets/propedia_formatted/propedia_2cnl_I/propedia_2cnl_I_peptide.pdb,propedia
propedia_2cnl_I,/home/igem/unknown_software/datasets/propedia_formatted/propedia_2cnl_I/propedia_2cnl_I_protein_pocket.pdb,/home/igem/unknown_software/datasets/propedia_formatted/propedia_2cnl_I/propedia_2cnl_I_peptide.pdb,propedia
propedia_2cnn_I,/home/igem/unknown_software/datasets/propedia_formatted/propedia_2cnn_I/propedia_2cnn_I_protein_pocket.pdb,/home/igem/unknown_software/datasets/propedia_formatted/propedia_2cnn_I/propedia_2cnn_I_peptide.pdb,propedia
propedia_2cnn_I,/home/igem/unknown_software/datasets/propedia_formatted/propedia_2cnn_I/propedia_2cnn_I_protein_pocket.pdb,/home/igem/unknown_software/datasets/propedia_formatted/propedia_2cnn_I/propedia_2cnn_I_peptide.pdb,propedia
propedia_2cnx_P,/home/igem/unknown_software/datasets/propedia_formatted/propedia_2cnx_P/propedia_2cnx_P_protein_pocket.pdb,/home/igem/unknown_software/datasets/propedia_formatted/propedia_2cnx_P/propedia_2cnx_P_peptide.pdb,propedia
propedia_2co0_B,/home/igem/unknown_software/datasets/propedia_formatted/propedia_2co0_B/propedia_2co0_B_protein_pocket.pdb,/home/igem/unknown_software/datasets/propedia_formatted/propedia_2co0_B/propedia_2co0_B_peptide.pdb,propedia
propedia_2cv3_B,/home/igem/unknown_software/datasets/propedia_formatted/propedia_2cv3_B/propedia_2cv3_B_protein_pocket.pdb,/home/igem/unknown_software/datasets/propedia_formatted/propedia_2cv3_B/propedia_2cv3_B_peptide.pdb,propedia
propedia_2cvy_B,/home/igem/unknown_software/datasets/propedia_formatted/propedia_2cvy_B/propedia_2cvy_B_protein_pocket.pdb,/home/igem/unknown_software/datasets/propedia_formatted/propedia_2cvy_B/propedia_2cvy_B_peptide.pdb,propedia
propedia_2cwg_D,/home/igem/unknown_software/datasets/propedia_formatted/propedia_2cwg_D/propedia_2cwg_D_protein_pocket.pdb,/home/igem/unknown_software/datasets/propedia_formatted/propedia_2cwg_D/propedia_2cwg_D_peptide.pdb,propedia
propedia_2cwg_D,/home/igem/unknown_software/datasets/propedia_formatted/propedia_2cwg_D/propedia_2cwg_D_protein_pocket.pdb,/home/igem/unknown_software/datasets/propedia_formatted/propedia_2cwg_D/propedia_2cwg_D_peptide.pdb,propedia
propedia_2d5w_C,/home/igem/unknown_software/datasets/propedia_formatted/propedia_2d5w_C/propedia_2d5w_C_protein_pocket.pdb,/home/igem/unknown_software/datasets/propedia_formatted/propedia_2d5w_C/propedia_2d5w_C_peptide.pdb,propedia
propedia_2dew_A,/home/igem/unknown_software/datasets/propedia_formatted/propedia_2dew_A/propedia_2dew_A_protein_pocket.pdb,/home/igem/unknown_software/datasets/propedia_formatted/propedia_2dew_A/propedia_2dew_A_peptide.pdb,propedia
propedia_2dey_A,/home/igem/unknown_software/datasets/propedia_formatted/propedia_2dey_A/propedia_2dey_A_protein_pocket.pdb,/home/igem/unknown_software/datasets/propedia_formatted/propedia_2dey_A/propedia_2dey_A_peptide.pdb,propedia
propedia_2dko_I,/home/igem/unknown_software/datasets/propedia_formatted/propedia_2dko_I/propedia_2dko_I_protein_pocket.pdb,/home/igem/unknown_software/datasets/propedia_formatted/propedia_2dko_I/propedia_2dko_I_peptide.pdb,propedia
propedia_2dko_I,/home/igem/unknown_software/datasets/propedia_formatted/propedia_2dko_I/propedia_2dko_I_protein_pocket.pdb,/home/igem/unknown_software/datasets/propedia_formatted/propedia_2dko_I/propedia_2dko_I_peptide.pdb,propedia
propedia_2duj_P,/home/igem/unknown_software/datasets/propedia_formatted/propedia_2duj_P/propedia_2duj_P_protein_pocket.pdb,/home/igem/unknown_software/datasets/propedia_formatted/propedia_2duj_P/propedia_2duj_P_peptide.pdb,propedia
propedia_2dvr_P,/home/igem/unknown_software/datasets/propedia_formatted/propedia_2dvr_P/propedia_2dvr_P_protein_pocket.pdb,/home/igem/unknown_software/datasets/propedia_formatted/propedia_2dvr_P/propedia_2dvr_P_peptide.pdb,propedia
propedia_2dvr_P,/home/igem/unknown_software/datasets/propedia_formatted/propedia_2dvr_P/propedia_2dvr_P_protein_pocket.pdb,/home/igem/unknown_software/datasets/propedia_formatted/propedia_2dvr_P/propedia_2dvr_P_peptide.pdb,propedia
propedia_2dze_X,/home/igem/unknown_software/datasets/propedia_formatted/propedia_2dze_X/propedia_2dze_X_protein_pocket.pdb,/home/igem/unknown_software/datasets/propedia_formatted/propedia_2dze_X/propedia_2dze_X_peptide.pdb,propedia
propedia_2dze_X,/home/igem/unknown_software/datasets/propedia_formatted/propedia_2dze_X/propedia_2dze_X_protein_pocket.pdb,/home/igem/unknown_software/datasets/propedia_formatted/propedia_2dze_X/propedia_2dze_X_peptide.pdb,propedia
propedia_2e4h_B,/home/igem/unknown_software/datasets/propedia_formatted/propedia_2e4h_B/propedia_2e4h_B_protein_pocket.pdb,/home/igem/unknown_software/datasets/propedia_formatted/propedia_2e4h_B/propedia_2e4h_B_peptide.pdb,propedia
propedia_2e7l_P,/home/igem/unknown_software/datasets/propedia_formatted/propedia_2e7l_P/propedia_2e7l_P_protein_pocket.pdb,/home/igem/unknown_software/datasets/propedia_formatted/propedia_2e7l_P/propedia_2e7l_P_peptide.pdb,propedia
propedia_2e7l_P,/home/igem/unknown_software/datasets/propedia_formatted/propedia_2e7l_P/propedia_2e7l_P_protein_pocket.pdb,/home/igem/unknown_software/datasets/propedia_formatted/propedia_2e7l_P/propedia_2e7l_P_peptide.pdb,propedia
propedia_2e7l_P,/home/igem/unknown_software/datasets/propedia_formatted/propedia_2e7l_P/propedia_2e7l_P_protein_pocket.pdb,/home/igem/unknown_software/datasets/propedia_formatted/propedia_2e7l_P/propedia_2e7l_P_peptide.pdb,propedia
propedia_2eax_L,/home/igem/unknown_software/datasets/propedia_formatted/propedia_2eax_L/propedia_2eax_L_protein_pocket.pdb,/home/igem/unknown_software/datasets/propedia_formatted/propedia_2eax_L/propedia_2eax_L_peptide.pdb,propedia
propedia_2egn_B,/home/igem/unknown_software/datasets/propedia_formatted/propedia_2egn_B/propedia_2egn_B_protein_pocket.pdb,/home/igem/unknown_software/datasets/propedia_formatted/propedia_2egn_B/propedia_2egn_B_peptide.pdb,propedia
propedia_2ejy_B,/home/igem/unknown_software/datasets/propedia_formatted/propedia_2ejy_B/propedia_2ejy_B_protein_pocket.pdb,/home/igem/unknown_software/datasets/propedia_formatted/propedia_2ejy_B/propedia_2ejy_B_peptide.pdb,propedia
propedia_2er6_I,/home/igem/unknown_software/datasets/propedia_formatted/propedia_2er6_I/propedia_2er6_I_protein_pocket.pdb,/home/igem/unknown_software/datasets/propedia_formatted/propedia_2er6_I/propedia_2er6_I_peptide.pdb,propedia
propedia_2er7_I,/home/igem/unknown_software/datasets/propedia_formatted/propedia_2er7_I/propedia_2er7_I_protein_pocket.pdb,/home/igem/unknown_software/datasets/propedia_formatted/propedia_2er7_I/propedia_2er7_I_peptide.pdb,propedia
propedia_2er9_I,/home/igem/unknown_software/datasets/propedia_formatted/propedia_2er9_I/propedia_2er9_I_protein_pocket.pdb,/home/igem/unknown_software/datasets/propedia_formatted/propedia_2er9_I/propedia_2er9_I_peptide.pdb,propedia
propedia_2esl_I,/home/igem/unknown_software/datasets/propedia_formatted/propedia_2esl_I/propedia_2esl_I_protein_pocket.pdb,/home/igem/unknown_software/datasets/propedia_formatted/propedia_2esl_I/propedia_2esl_I_peptide.pdb,propedia
propedia_2esl_I,/home/igem/unknown_software/datasets/propedia_formatted/propedia_2esl_I/propedia_2esl_I_protein_pocket.pdb,/home/igem/unknown_software/datasets/propedia_formatted/propedia_2esl_I/propedia_2esl_I_peptide.pdb,propedia
propedia_2etz_B,/home/igem/unknown_software/datasets/propedia_formatted/propedia_2etz_B/propedia_2etz_B_protein_pocket.pdb,/home/igem/unknown_software/datasets/propedia_formatted/propedia_2etz_B/propedia_2etz_B_peptide.pdb,propedia
propedia_2eu0_B,/home/igem/unknown_software/datasets/propedia_formatted/propedia_2eu0_B/propedia_2eu0_B_protein_pocket.pdb,/home/igem/unknown_software/datasets/propedia_formatted/propedia_2eu0_B/propedia_2eu0_B_peptide.pdb,propedia
propedia_2f4o_I,/home/igem/unknown_software/datasets/propedia_formatted/propedia_2f4o_I/propedia_2f4o_I_protein_pocket.pdb,/home/igem/unknown_software/datasets/propedia_formatted/propedia_2f4o_I/propedia_2f4o_I_peptide.pdb,propedia
propedia_2f53_C,/home/igem/unknown_software/datasets/propedia_formatted/propedia_2f53_C/propedia_2f53_C_protein_pocket.pdb,/home/igem/unknown_software/datasets/propedia_formatted/propedia_2f53_C/propedia_2f53_C_peptide.pdb,propedia
propedia_2f53_C,/home/igem/unknown_software/datasets/propedia_formatted/propedia_2f53_C/propedia_2f53_C_protein_pocket.pdb,/home/igem/unknown_software/datasets/propedia_formatted/propedia_2f53_C/propedia_2f53_C_peptide.pdb,propedia
propedia_2f53_C,/home/igem/unknown_software/datasets/propedia_formatted/propedia_2f53_C/propedia_2f53_C_protein_pocket.pdb,/home/igem/unknown_software/datasets/propedia_formatted/propedia_2f53_C/propedia_2f53_C_peptide.pdb,propedia
propedia_2f5b_P,/home/igem/unknown_software/datasets/propedia_formatted/propedia_2f5b_P/propedia_2f5b_P_protein_pocket.pdb,/home/igem/unknown_software/datasets/propedia_formatted/propedia_2f5b_P/propedia_2f5b_P_peptide.pdb,propedia
propedia_2f5b_P,/home/igem/unknown_software/datasets/propedia_formatted/propedia_2f5b_P/propedia_2f5b_P_protein_pocket.pdb,/home/igem/unknown_software/datasets/propedia_formatted/propedia_2f5b_P/propedia_2f5b_P_peptide.pdb,propedia
propedia_2f69_B,/home/igem/unknown_software/datasets/propedia_formatted/propedia_2f69_B/propedia_2f69_B_protein_pocket.pdb,/home/igem/unknown_software/datasets/propedia_formatted/propedia_2f69_B/propedia_2f69_B_peptide.pdb,propedia
propedia_2f6j_P,/home/igem/unknown_software/datasets/propedia_formatted/propedia_2f6j_P/propedia_2f6j_P_protein_pocket.pdb,/home/igem/unknown_software/datasets/propedia_formatted/propedia_2f6j_P/propedia_2f6j_P_peptide.pdb,propedia
propedia_2feq_D,/home/igem/unknown_software/datasets/propedia_formatted/propedia_2feq_D/propedia_2feq_D_protein_pocket.pdb,/home/igem/unknown_software/datasets/propedia_formatted/propedia_2feq_D/propedia_2feq_D_peptide.pdb,propedia
propedia_2ff4_E,/home/igem/unknown_software/datasets/propedia_formatted/propedia_2ff4_E/propedia_2ff4_E_protein_pocket.pdb,/home/igem/unknown_software/datasets/propedia_formatted/propedia_2ff4_E/propedia_2ff4_E_peptide.pdb,propedia
propedia_2ff4_E,/home/igem/unknown_software/datasets/propedia_formatted/propedia_2ff4_E/propedia_2ff4_E_protein_pocket.pdb,/home/igem/unknown_software/datasets/propedia_formatted/propedia_2ff4_E/propedia_2ff4_E_peptide.pdb,propedia
propedia_2ff6_H,/home/igem/unknown_software/datasets/propedia_formatted/propedia_2ff6_H/propedia_2ff6_H_protein_pocket.pdb,/home/igem/unknown_software/datasets/propedia_formatted/propedia_2ff6_H/propedia_2ff6_H_peptide.pdb,propedia
propedia_2ff6_H,/home/igem/unknown_software/datasets/propedia_formatted/propedia_2ff6_H/propedia_2ff6_H_protein_pocket.pdb,/home/igem/unknown_software/datasets/propedia_formatted/propedia_2ff6_H/propedia_2ff6_H_peptide.pdb,propedia
propedia_2ffu_P,/home/igem/unknown_software/datasets/propedia_formatted/propedia_2ffu_P/propedia_2ffu_P_protein_pocket.pdb,/home/igem/unknown_software/datasets/propedia_formatted/propedia_2ffu_P/propedia_2ffu_P_peptide.pdb,propedia
propedia_2fge_D,/home/igem/unknown_software/datasets/propedia_formatted/propedia_2fge_D/propedia_2fge_D_protein_pocket.pdb,/home/igem/unknown_software/datasets/propedia_formatted/propedia_2fge_D/propedia_2fge_D_peptide.pdb,propedia
propedia_2fiv_I,/home/igem/unknown_software/datasets/propedia_formatted/propedia_2fiv_I/propedia_2fiv_I_protein_pocket.pdb,/home/igem/unknown_software/datasets/propedia_formatted/propedia_2fiv_I/propedia_2fiv_I_peptide.pdb,propedia
propedia_2fiv_I,/home/igem/unknown_software/datasets/propedia_formatted/propedia_2fiv_I/propedia_2fiv_I_protein_pocket.pdb,/home/igem/unknown_software/datasets/propedia_formatted/propedia_2fiv_I/propedia_2fiv_I_peptide.pdb,propedia
propedia_2fns_P,/home/igem/unknown_software/datasets/propedia_formatted/propedia_2fns_P/propedia_2fns_P_protein_pocket.pdb,/home/igem/unknown_software/datasets/propedia_formatted/propedia_2fns_P/propedia_2fns_P_peptide.pdb,propedia
propedia_2fns_P,/home/igem/unknown_software/datasets/propedia_formatted/propedia_2fns_P/propedia_2fns_P_protein_pocket.pdb,/home/igem/unknown_software/datasets/propedia_formatted/propedia_2fns_P/propedia_2fns_P_peptide.pdb,propedia
propedia_2fnt_P,/home/igem/unknown_software/datasets/propedia_formatted/propedia_2fnt_P/propedia_2fnt_P_protein_pocket.pdb,/home/igem/unknown_software/datasets/propedia_formatted/propedia_2fnt_P/propedia_2fnt_P_peptide.pdb,propedia
propedia_2fnt_P,/home/igem/unknown_software/datasets/propedia_formatted/propedia_2fnt_P/propedia_2fnt_P_protein_pocket.pdb,/home/igem/unknown_software/datasets/propedia_formatted/propedia_2fnt_P/propedia_2fnt_P_peptide.pdb,propedia
propedia_2foj_B,/home/igem/unknown_software/datasets/propedia_formatted/propedia_2foj_B/propedia_2foj_B_protein_pocket.pdb,/home/igem/unknown_software/datasets/propedia_formatted/propedia_2foj_B/propedia_2foj_B_peptide.pdb,propedia
propedia_2foo_B,/home/igem/unknown_software/datasets/propedia_formatted/propedia_2foo_B/propedia_2foo_B_protein_pocket.pdb,/home/igem/unknown_software/datasets/propedia_formatted/propedia_2foo_B/propedia_2foo_B_peptide.pdb,propedia
propedia_2fop_B,/home/igem/unknown_software/datasets/propedia_formatted/propedia_2fop_B/propedia_2fop_B_protein_pocket.pdb,/home/igem/unknown_software/datasets/propedia_formatted/propedia_2fop_B/propedia_2fop_B_peptide.pdb,propedia
propedia_2fsa_P,/home/igem/unknown_software/datasets/propedia_formatted/propedia_2fsa_P/propedia_2fsa_P_protein_pocket.pdb,/home/igem/unknown_software/datasets/propedia_formatted/propedia_2fsa_P/propedia_2fsa_P_peptide.pdb,propedia
propedia_2fx8_P,/home/igem/unknown_software/datasets/propedia_formatted/propedia_2fx8_P/propedia_2fx8_P_protein_pocket.pdb,/home/igem/unknown_software/datasets/propedia_formatted/propedia_2fx8_P/propedia_2fx8_P_peptide.pdb,propedia
propedia_2fx8_P,/home/igem/unknown_software/datasets/propedia_formatted/propedia_2fx8_P/propedia_2fx8_P_protein_pocket.pdb,/home/igem/unknown_software/datasets/propedia_formatted/propedia_2fx8_P/propedia_2fx8_P_peptide.pdb,propedia
propedia_2fx8_P,/home/igem/unknown_software/datasets/propedia_formatted/propedia_2fx8_P/propedia_2fx8_P_protein_pocket.pdb,/home/igem/unknown_software/datasets/propedia_formatted/propedia_2fx8_P/propedia_2fx8_P_peptide.pdb,propedia
propedia_2fys_C,/home/igem/unknown_software/datasets/propedia_formatted/propedia_2fys_C/propedia_2fys_C_protein_pocket.pdb,/home/igem/unknown_software/datasets/propedia_formatted/propedia_2fys_C/propedia_2fys_C_peptide.pdb,propedia
propedia_2fyy_C,/home/igem/unknown_software/datasets/propedia_formatted/propedia_2fyy_C/propedia_2fyy_C_protein_pocket.pdb,/home/igem/unknown_software/datasets/propedia_formatted/propedia_2fyy_C/propedia_2fyy_C_peptide.pdb,propedia
propedia_2fz3_C,/home/igem/unknown_software/datasets/propedia_formatted/propedia_2fz3_C/propedia_2fz3_C_protein_pocket.pdb,/home/igem/unknown_software/datasets/propedia_formatted/propedia_2fz3_C/propedia_2fz3_C_peptide.pdb,propedia
propedia_2g1t_E,/home/igem/unknown_software/datasets/propedia_formatted/propedia_2g1t_E/propedia_2g1t_E_protein_pocket.pdb,/home/igem/unknown_software/datasets/propedia_formatted/propedia_2g1t_E/propedia_2g1t_E_peptide.pdb,propedia
propedia_2g35_B,/home/igem/unknown_software/datasets/propedia_formatted/propedia_2g35_B/propedia_2g35_B_protein_pocket.pdb,/home/igem/unknown_software/datasets/propedia_formatted/propedia_2g35_B/propedia_2g35_B_peptide.pdb,propedia
propedia_2g47_C,/home/igem/unknown_software/datasets/propedia_formatted/propedia_2g47_C/propedia_2g47_C_protein_pocket.pdb,/home/igem/unknown_software/datasets/propedia_formatted/propedia_2g47_C/propedia_2g47_C_peptide.pdb,propedia
propedia_2g49_C,/home/igem/unknown_software/datasets/propedia_formatted/propedia_2g49_C/propedia_2g49_C_protein_pocket.pdb,/home/igem/unknown_software/datasets/propedia_formatted/propedia_2g49_C/propedia_2g49_C_peptide.pdb,propedia
propedia_2g58_B,/home/igem/unknown_software/datasets/propedia_formatted/propedia_2g58_B/propedia_2g58_B_protein_pocket.pdb,/home/igem/unknown_software/datasets/propedia_formatted/propedia_2g58_B/propedia_2g58_B_peptide.pdb,propedia
propedia_2g5b_I,/home/igem/unknown_software/datasets/propedia_formatted/propedia_2g5b_I/propedia_2g5b_I_protein_pocket.pdb,/home/igem/unknown_software/datasets/propedia_formatted/propedia_2g5b_I/propedia_2g5b_I_peptide.pdb,propedia
propedia_2g5b_I,/home/igem/unknown_software/datasets/propedia_formatted/propedia_2g5b_I/propedia_2g5b_I_protein_pocket.pdb,/home/igem/unknown_software/datasets/propedia_formatted/propedia_2g5b_I/propedia_2g5b_I_peptide.pdb,propedia
propedia_2g5b_I,/home/igem/unknown_software/datasets/propedia_formatted/propedia_2g5b_I/propedia_2g5b_I_protein_pocket.pdb,/home/igem/unknown_software/datasets/propedia_formatted/propedia_2g5b_I/propedia_2g5b_I_peptide.pdb,propedia
propedia_2g5l_X,/home/igem/unknown_software/datasets/propedia_formatted/propedia_2g5l_X/propedia_2g5l_X_protein_pocket.pdb,/home/igem/unknown_software/datasets/propedia_formatted/propedia_2g5l_X/propedia_2g5l_X_peptide.pdb,propedia
propedia_2g99_C,/home/igem/unknown_software/datasets/propedia_formatted/propedia_2g99_C/propedia_2g99_C_protein_pocket.pdb,/home/igem/unknown_software/datasets/propedia_formatted/propedia_2g99_C/propedia_2g99_C_peptide.pdb,propedia
propedia_2gch_E,/home/igem/unknown_software/datasets/propedia_formatted/propedia_2gch_E/propedia_2gch_E_protein_pocket.pdb,/home/igem/unknown_software/datasets/propedia_formatted/propedia_2gch_E/propedia_2gch_E_peptide.pdb,propedia
propedia_2gch_E,/home/igem/unknown_software/datasets/propedia_formatted/propedia_2gch_E/propedia_2gch_E_protein_pocket.pdb,/home/igem/unknown_software/datasets/propedia_formatted/propedia_2gch_E/propedia_2gch_E_peptide.pdb,propedia
propedia_2gct_A,/home/igem/unknown_software/datasets/propedia_formatted/propedia_2gct_A/propedia_2gct_A_protein_pocket.pdb,/home/igem/unknown_software/datasets/propedia_formatted/propedia_2gct_A/propedia_2gct_A_peptide.pdb,propedia
propedia_2gct_A,/home/igem/unknown_software/datasets/propedia_formatted/propedia_2gct_A/propedia_2gct_A_protein_pocket.pdb,/home/igem/unknown_software/datasets/propedia_formatted/propedia_2gct_A/propedia_2gct_A_peptide.pdb,propedia
propedia_2gde_D,/home/igem/unknown_software/datasets/propedia_formatted/propedia_2gde_D/propedia_2gde_D_protein_pocket.pdb,/home/igem/unknown_software/datasets/propedia_formatted/propedia_2gde_D/propedia_2gde_D_peptide.pdb,propedia
propedia_2gfa_C,/home/igem/unknown_software/datasets/propedia_formatted/propedia_2gfa_C/propedia_2gfa_C_protein_pocket.pdb,/home/igem/unknown_software/datasets/propedia_formatted/propedia_2gfa_C/propedia_2gfa_C_peptide.pdb,propedia
propedia_2gfa_C,/home/igem/unknown_software/datasets/propedia_formatted/propedia_2gfa_C/propedia_2gfa_C_protein_pocket.pdb,/home/igem/unknown_software/datasets/propedia_formatted/propedia_2gfa_C/propedia_2gfa_C_peptide.pdb,propedia
propedia_2ghq_C,/home/igem/unknown_software/datasets/propedia_formatted/propedia_2ghq_C/propedia_2ghq_C_protein_pocket.pdb,/home/igem/unknown_software/datasets/propedia_formatted/propedia_2ghq_C/propedia_2ghq_C_peptide.pdb,propedia
propedia_2ght_C,/home/igem/unknown_software/datasets/propedia_formatted/propedia_2ght_C/propedia_2ght_C_protein_pocket.pdb,/home/igem/unknown_software/datasets/propedia_formatted/propedia_2ght_C/propedia_2ght_C_peptide.pdb,propedia
propedia_2ght_C,/home/igem/unknown_software/datasets/propedia_formatted/propedia_2ght_C/propedia_2ght_C_protein_pocket.pdb,/home/igem/unknown_software/datasets/propedia_formatted/propedia_2ght_C/propedia_2ght_C_peptide.pdb,propedia
propedia_2gmt_A,/home/igem/unknown_software/datasets/propedia_formatted/propedia_2gmt_A/propedia_2gmt_A_protein_pocket.pdb,/home/igem/unknown_software/datasets/propedia_formatted/propedia_2gmt_A/propedia_2gmt_A_peptide.pdb,propedia
propedia_2gmt_A,/home/igem/unknown_software/datasets/propedia_formatted/propedia_2gmt_A/propedia_2gmt_A_protein_pocket.pdb,/home/igem/unknown_software/datasets/propedia_formatted/propedia_2gmt_A/propedia_2gmt_A_peptide.pdb,propedia
propedia_2gns_P,/home/igem/unknown_software/datasets/propedia_formatted/propedia_2gns_P/propedia_2gns_P_protein_pocket.pdb,/home/igem/unknown_software/datasets/propedia_formatted/propedia_2gns_P/propedia_2gns_P_peptide.pdb,propedia
propedia_2gpo_C,/home/igem/unknown_software/datasets/propedia_formatted/propedia_2gpo_C/propedia_2gpo_C_protein_pocket.pdb,/home/igem/unknown_software/datasets/propedia_formatted/propedia_2gpo_C/propedia_2gpo_C_peptide.pdb,propedia
propedia_2gv2_B,/home/igem/unknown_software/datasets/propedia_formatted/propedia_2gv2_B/propedia_2gv2_B_protein_pocket.pdb,/home/igem/unknown_software/datasets/propedia_formatted/propedia_2gv2_B/propedia_2gv2_B_peptide.pdb,propedia
propedia_2h13_B,/home/igem/unknown_software/datasets/propedia_formatted/propedia_2h13_B/propedia_2h13_B_protein_pocket.pdb,/home/igem/unknown_software/datasets/propedia_formatted/propedia_2h13_B/propedia_2h13_B_peptide.pdb,propedia
propedia_2h1p_P,/home/igem/unknown_software/datasets/propedia_formatted/propedia_2h1p_P/propedia_2h1p_P_protein_pocket.pdb,/home/igem/unknown_software/datasets/propedia_formatted/propedia_2h1p_P/propedia_2h1p_P_peptide.pdb,propedia
propedia_2h1p_P,/home/igem/unknown_software/datasets/propedia_formatted/propedia_2h1p_P/propedia_2h1p_P_protein_pocket.pdb,/home/igem/unknown_software/datasets/propedia_formatted/propedia_2h1p_P/propedia_2h1p_P_peptide.pdb,propedia
propedia_2h2g_B,/home/igem/unknown_software/datasets/propedia_formatted/propedia_2h2g_B/propedia_2h2g_B_protein_pocket.pdb,/home/igem/unknown_software/datasets/propedia_formatted/propedia_2h2g_B/propedia_2h2g_B_peptide.pdb,propedia
propedia_2h2h_B,/home/igem/unknown_software/datasets/propedia_formatted/propedia_2h2h_B/propedia_2h2h_B_protein_pocket.pdb,/home/igem/unknown_software/datasets/propedia_formatted/propedia_2h2h_B/propedia_2h2h_B_peptide.pdb,propedia
propedia_2h48_C,/home/igem/unknown_software/datasets/propedia_formatted/propedia_2h48_C/propedia_2h48_C_protein_pocket.pdb,/home/igem/unknown_software/datasets/propedia_formatted/propedia_2h48_C/propedia_2h48_C_peptide.pdb,propedia
propedia_2h48_C,/home/igem/unknown_software/datasets/propedia_formatted/propedia_2h48_C/propedia_2h48_C_protein_pocket.pdb,/home/igem/unknown_software/datasets/propedia_formatted/propedia_2h48_C/propedia_2h48_C_peptide.pdb,propedia
propedia_2h4f_D,/home/igem/unknown_software/datasets/propedia_formatted/propedia_2h4f_D/propedia_2h4f_D_protein_pocket.pdb,/home/igem/unknown_software/datasets/propedia_formatted/propedia_2h4f_D/propedia_2h4f_D_peptide.pdb,propedia
propedia_2h4h_B,/home/igem/unknown_software/datasets/propedia_formatted/propedia_2h4h_B/propedia_2h4h_B_protein_pocket.pdb,/home/igem/unknown_software/datasets/propedia_formatted/propedia_2h4h_B/propedia_2h4h_B_peptide.pdb,propedia
propedia_2h4w_C,/home/igem/unknown_software/datasets/propedia_formatted/propedia_2h4w_C/propedia_2h4w_C_protein_pocket.pdb,/home/igem/unknown_software/datasets/propedia_formatted/propedia_2h4w_C/propedia_2h4w_C_peptide.pdb,propedia
propedia_2h4w_C,/home/igem/unknown_software/datasets/propedia_formatted/propedia_2h4w_C/propedia_2h4w_C_protein_pocket.pdb,/home/igem/unknown_software/datasets/propedia_formatted/propedia_2h4w_C/propedia_2h4w_C_peptide.pdb,propedia
propedia_2h4y_C,/home/igem/unknown_software/datasets/propedia_formatted/propedia_2h4y_C/propedia_2h4y_C_protein_pocket.pdb,/home/igem/unknown_software/datasets/propedia_formatted/propedia_2h4y_C/propedia_2h4y_C_peptide.pdb,propedia
propedia_2h4y_C,/home/igem/unknown_software/datasets/propedia_formatted/propedia_2h4y_C/propedia_2h4y_C_protein_pocket.pdb,/home/igem/unknown_software/datasets/propedia_formatted/propedia_2h4y_C/propedia_2h4y_C_peptide.pdb,propedia
propedia_2h51_C,/home/igem/unknown_software/datasets/propedia_formatted/propedia_2h51_C/propedia_2h51_C_protein_pocket.pdb,/home/igem/unknown_software/datasets/propedia_formatted/propedia_2h51_C/propedia_2h51_C_peptide.pdb,propedia
propedia_2h51_C,/home/igem/unknown_software/datasets/propedia_formatted/propedia_2h51_C/propedia_2h51_C_protein_pocket.pdb,/home/igem/unknown_software/datasets/propedia_formatted/propedia_2h51_C/propedia_2h51_C_peptide.pdb,propedia
propedia_2h54_C,/home/igem/unknown_software/datasets/propedia_formatted/propedia_2h54_C/propedia_2h54_C_protein_pocket.pdb,/home/igem/unknown_software/datasets/propedia_formatted/propedia_2h54_C/propedia_2h54_C_peptide.pdb,propedia
propedia_2h54_C,/home/igem/unknown_software/datasets/propedia_formatted/propedia_2h54_C/propedia_2h54_C_protein_pocket.pdb,/home/igem/unknown_software/datasets/propedia_formatted/propedia_2h54_C/propedia_2h54_C_peptide.pdb,propedia
propedia_2h59_D,/home/igem/unknown_software/datasets/propedia_formatted/propedia_2h59_D/propedia_2h59_D_protein_pocket.pdb,/home/igem/unknown_software/datasets/propedia_formatted/propedia_2h59_D/propedia_2h59_D_peptide.pdb,propedia
propedia_2h59_D,/home/igem/unknown_software/datasets/propedia_formatted/propedia_2h59_D/propedia_2h59_D_protein_pocket.pdb,/home/igem/unknown_software/datasets/propedia_formatted/propedia_2h59_D/propedia_2h59_D_peptide.pdb,propedia
propedia_2h5d_B,/home/igem/unknown_software/datasets/propedia_formatted/propedia_2h5d_B/propedia_2h5d_B_protein_pocket.pdb,/home/igem/unknown_software/datasets/propedia_formatted/propedia_2h5d_B/propedia_2h5d_B_peptide.pdb,propedia
propedia_2h65_E,/home/igem/unknown_software/datasets/propedia_formatted/propedia_2h65_E/propedia_2h65_E_protein_pocket.pdb,/home/igem/unknown_software/datasets/propedia_formatted/propedia_2h65_E/propedia_2h65_E_peptide.pdb,propedia
propedia_2h65_E,/home/igem/unknown_software/datasets/propedia_formatted/propedia_2h65_E/propedia_2h65_E_protein_pocket.pdb,/home/igem/unknown_software/datasets/propedia_formatted/propedia_2h65_E/propedia_2h65_E_peptide.pdb,propedia
propedia_2h6f_P,/home/igem/unknown_software/datasets/propedia_formatted/propedia_2h6f_P/propedia_2h6f_P_protein_pocket.pdb,/home/igem/unknown_software/datasets/propedia_formatted/propedia_2h6f_P/propedia_2h6f_P_peptide.pdb,propedia
propedia_2h6f_P,/home/igem/unknown_software/datasets/propedia_formatted/propedia_2h6f_P/propedia_2h6f_P_protein_pocket.pdb,/home/igem/unknown_software/datasets/propedia_formatted/propedia_2h6f_P/propedia_2h6f_P_peptide.pdb,propedia
propedia_2h6g_P,/home/igem/unknown_software/datasets/propedia_formatted/propedia_2h6g_P/propedia_2h6g_P_protein_pocket.pdb,/home/igem/unknown_software/datasets/propedia_formatted/propedia_2h6g_P/propedia_2h6g_P_peptide.pdb,propedia
propedia_2h6g_P,/home/igem/unknown_software/datasets/propedia_formatted/propedia_2h6g_P/propedia_2h6g_P_protein_pocket.pdb,/home/igem/unknown_software/datasets/propedia_formatted/propedia_2h6g_P/propedia_2h6g_P_peptide.pdb,propedia
propedia_2h6h_P,/home/igem/unknown_software/datasets/propedia_formatted/propedia_2h6h_P/propedia_2h6h_P_protein_pocket.pdb,/home/igem/unknown_software/datasets/propedia_formatted/propedia_2h6h_P/propedia_2h6h_P_peptide.pdb,propedia
propedia_2h6h_P,/home/igem/unknown_software/datasets/propedia_formatted/propedia_2h6h_P/propedia_2h6h_P_protein_pocket.pdb,/home/igem/unknown_software/datasets/propedia_formatted/propedia_2h6h_P/propedia_2h6h_P_peptide.pdb,propedia
propedia_2h6k_C,/home/igem/unknown_software/datasets/propedia_formatted/propedia_2h6k_C/propedia_2h6k_C_protein_pocket.pdb,/home/igem/unknown_software/datasets/propedia_formatted/propedia_2h6k_C/propedia_2h6k_C_peptide.pdb,propedia
propedia_2h6m_I,/home/igem/unknown_software/datasets/propedia_formatted/propedia_2h6m_I/propedia_2h6m_I_protein_pocket.pdb,/home/igem/unknown_software/datasets/propedia_formatted/propedia_2h6m_I/propedia_2h6m_I_peptide.pdb,propedia
propedia_2h6n_C,/home/igem/unknown_software/datasets/propedia_formatted/propedia_2h6n_C/propedia_2h6n_C_protein_pocket.pdb,/home/igem/unknown_software/datasets/propedia_formatted/propedia_2h6n_C/propedia_2h6n_C_peptide.pdb,propedia
propedia_2h6q_C,/home/igem/unknown_software/datasets/propedia_formatted/propedia_2h6q_C/propedia_2h6q_C_protein_pocket.pdb,/home/igem/unknown_software/datasets/propedia_formatted/propedia_2h6q_C/propedia_2h6q_C_peptide.pdb,propedia
propedia_2h6t_B,/home/igem/unknown_software/datasets/propedia_formatted/propedia_2h6t_B/propedia_2h6t_B_protein_pocket.pdb,/home/igem/unknown_software/datasets/propedia_formatted/propedia_2h6t_B/propedia_2h6t_B_peptide.pdb,propedia
propedia_2h9h_I,/home/igem/unknown_software/datasets/propedia_formatted/propedia_2h9h_I/propedia_2h9h_I_protein_pocket.pdb,/home/igem/unknown_software/datasets/propedia_formatted/propedia_2h9h_I/propedia_2h9h_I_peptide.pdb,propedia
propedia_2h9n_B,/home/igem/unknown_software/datasets/propedia_formatted/propedia_2h9n_B/propedia_2h9n_B_protein_pocket.pdb,/home/igem/unknown_software/datasets/propedia_formatted/propedia_2h9n_B/propedia_2h9n_B_peptide.pdb,propedia
propedia_2h9n_B,/home/igem/unknown_software/datasets/propedia_formatted/propedia_2h9n_B/propedia_2h9n_B_protein_pocket.pdb,/home/igem/unknown_software/datasets/propedia_formatted/propedia_2h9n_B/propedia_2h9n_B_peptide.pdb,propedia
propedia_2hal_I,/home/igem/unknown_software/datasets/propedia_formatted/propedia_2hal_I/propedia_2hal_I_protein_pocket.pdb,/home/igem/unknown_software/datasets/propedia_formatted/propedia_2hal_I/propedia_2hal_I_peptide.pdb,propedia
propedia_2hbq_C,/home/igem/unknown_software/datasets/propedia_formatted/propedia_2hbq_C/propedia_2hbq_C_protein_pocket.pdb,/home/igem/unknown_software/datasets/propedia_formatted/propedia_2hbq_C/propedia_2hbq_C_peptide.pdb,propedia
propedia_2hbq_C,/home/igem/unknown_software/datasets/propedia_formatted/propedia_2hbq_C/propedia_2hbq_C_protein_pocket.pdb,/home/igem/unknown_software/datasets/propedia_formatted/propedia_2hbq_C/propedia_2hbq_C_peptide.pdb,propedia
propedia_2hbr_C,/home/igem/unknown_software/datasets/propedia_formatted/propedia_2hbr_C/propedia_2hbr_C_protein_pocket.pdb,/home/igem/unknown_software/datasets/propedia_formatted/propedia_2hbr_C/propedia_2hbr_C_peptide.pdb,propedia
propedia_2hbr_C,/home/igem/unknown_software/datasets/propedia_formatted/propedia_2hbr_C/propedia_2hbr_C_protein_pocket.pdb,/home/igem/unknown_software/datasets/propedia_formatted/propedia_2hbr_C/propedia_2hbr_C_peptide.pdb,propedia
propedia_2hby_C,/home/igem/unknown_software/datasets/propedia_formatted/propedia_2hby_C/propedia_2hby_C_protein_pocket.pdb,/home/igem/unknown_software/datasets/propedia_formatted/propedia_2hby_C/propedia_2hby_C_peptide.pdb,propedia
propedia_2hby_C,/home/igem/unknown_software/datasets/propedia_formatted/propedia_2hby_C/propedia_2hby_C_protein_pocket.pdb,/home/igem/unknown_software/datasets/propedia_formatted/propedia_2hby_C/propedia_2hby_C_peptide.pdb,propedia
propedia_2hbz_C,/home/igem/unknown_software/datasets/propedia_formatted/propedia_2hbz_C/propedia_2hbz_C_protein_pocket.pdb,/home/igem/unknown_software/datasets/propedia_formatted/propedia_2hbz_C/propedia_2hbz_C_peptide.pdb,propedia
propedia_2hbz_C,/home/igem/unknown_software/datasets/propedia_formatted/propedia_2hbz_C/propedia_2hbz_C_protein_pocket.pdb,/home/igem/unknown_software/datasets/propedia_formatted/propedia_2hbz_C/propedia_2hbz_C_peptide.pdb,propedia
propedia_2hd4_B,/home/igem/unknown_software/datasets/propedia_formatted/propedia_2hd4_B/propedia_2hd4_B_protein_pocket.pdb,/home/igem/unknown_software/datasets/propedia_formatted/propedia_2hd4_B/propedia_2hd4_B_peptide.pdb,propedia
propedia_2hdx_G,/home/igem/unknown_software/datasets/propedia_formatted/propedia_2hdx_G/propedia_2hdx_G_protein_pocket.pdb,/home/igem/unknown_software/datasets/propedia_formatted/propedia_2hdx_G/propedia_2hdx_G_peptide.pdb,propedia
propedia_2hkf_P,/home/igem/unknown_software/datasets/propedia_formatted/propedia_2hkf_P/propedia_2hkf_P_protein_pocket.pdb,/home/igem/unknown_software/datasets/propedia_formatted/propedia_2hkf_P/propedia_2hkf_P_peptide.pdb,propedia
propedia_2hkf_P,/home/igem/unknown_software/datasets/propedia_formatted/propedia_2hkf_P/propedia_2hkf_P_protein_pocket.pdb,/home/igem/unknown_software/datasets/propedia_formatted/propedia_2hkf_P/propedia_2hkf_P_peptide.pdb,propedia
propedia_2hmh_B,/home/igem/unknown_software/datasets/propedia_formatted/propedia_2hmh_B/propedia_2hmh_B_protein_pocket.pdb,/home/igem/unknown_software/datasets/propedia_formatted/propedia_2hmh_B/propedia_2hmh_B_peptide.pdb,propedia
propedia_2hn7_C,/home/igem/unknown_software/datasets/propedia_formatted/propedia_2hn7_C/propedia_2hn7_C_protein_pocket.pdb,/home/igem/unknown_software/datasets/propedia_formatted/propedia_2hn7_C/propedia_2hn7_C_peptide.pdb,propedia
propedia_2hob_B,/home/igem/unknown_software/datasets/propedia_formatted/propedia_2hob_B/propedia_2hob_B_protein_pocket.pdb,/home/igem/unknown_software/datasets/propedia_formatted/propedia_2hob_B/propedia_2hob_B_peptide.pdb,propedia
propedia_2hpl_B,/home/igem/unknown_software/datasets/propedia_formatted/propedia_2hpl_B/propedia_2hpl_B_protein_pocket.pdb,/home/igem/unknown_software/datasets/propedia_formatted/propedia_2hpl_B/propedia_2hpl_B_peptide.pdb,propedia
propedia_2hpz_B,/home/igem/unknown_software/datasets/propedia_formatted/propedia_2hpz_B/propedia_2hpz_B_protein_pocket.pdb,/home/igem/unknown_software/datasets/propedia_formatted/propedia_2hpz_B/propedia_2hpz_B_peptide.pdb,propedia
propedia_2hrp_P,/home/igem/unknown_software/datasets/propedia_formatted/propedia_2hrp_P/propedia_2hrp_P_protein_pocket.pdb,/home/igem/unknown_software/datasets/propedia_formatted/propedia_2hrp_P/propedia_2hrp_P_peptide.pdb,propedia
propedia_2hrp_P,/home/igem/unknown_software/datasets/propedia_formatted/propedia_2hrp_P/propedia_2hrp_P_protein_pocket.pdb,/home/igem/unknown_software/datasets/propedia_formatted/propedia_2hrp_P/propedia_2hrp_P_peptide.pdb,propedia
propedia_2i04_C,/home/igem/unknown_software/datasets/propedia_formatted/propedia_2i04_C/propedia_2i04_C_protein_pocket.pdb,/home/igem/unknown_software/datasets/propedia_formatted/propedia_2i04_C/propedia_2i04_C_peptide.pdb,propedia
propedia_2i6o_B,/home/igem/unknown_software/datasets/propedia_formatted/propedia_2i6o_B/propedia_2i6o_B_protein_pocket.pdb,/home/igem/unknown_software/datasets/propedia_formatted/propedia_2i6o_B/propedia_2i6o_B_peptide.pdb,propedia
propedia_2id4_C,/home/igem/unknown_software/datasets/propedia_formatted/propedia_2id4_C/propedia_2id4_C_protein_pocket.pdb,/home/igem/unknown_software/datasets/propedia_formatted/propedia_2id4_C/propedia_2id4_C_peptide.pdb,propedia
propedia_2id4_C,/home/igem/unknown_software/datasets/propedia_formatted/propedia_2id4_C/propedia_2id4_C_protein_pocket.pdb,/home/igem/unknown_software/datasets/propedia_formatted/propedia_2id4_C/propedia_2id4_C_peptide.pdb,propedia
propedia_2ifr_B,/home/igem/unknown_software/datasets/propedia_formatted/propedia_2ifr_B/propedia_2ifr_B_protein_pocket.pdb,/home/igem/unknown_software/datasets/propedia_formatted/propedia_2ifr_B/propedia_2ifr_B_peptide.pdb,propedia
propedia_2ifw_C,/home/igem/unknown_software/datasets/propedia_formatted/propedia_2ifw_C/propedia_2ifw_C_protein_pocket.pdb,/home/igem/unknown_software/datasets/propedia_formatted/propedia_2ifw_C/propedia_2ifw_C_peptide.pdb,propedia
propedia_2ifw_C,/home/igem/unknown_software/datasets/propedia_formatted/propedia_2ifw_C/propedia_2ifw_C_protein_pocket.pdb,/home/igem/unknown_software/datasets/propedia_formatted/propedia_2ifw_C/propedia_2ifw_C_peptide.pdb,propedia
propedia_2ilm_S,/home/igem/unknown_software/datasets/propedia_formatted/propedia_2ilm_S/propedia_2ilm_S_protein_pocket.pdb,/home/igem/unknown_software/datasets/propedia_formatted/propedia_2ilm_S/propedia_2ilm_S_peptide.pdb,propedia
propedia_2ipu_P,/home/igem/unknown_software/datasets/propedia_formatted/propedia_2ipu_P/propedia_2ipu_P_protein_pocket.pdb,/home/igem/unknown_software/datasets/propedia_formatted/propedia_2ipu_P/propedia_2ipu_P_peptide.pdb,propedia
propedia_2ipu_P,/home/igem/unknown_software/datasets/propedia_formatted/propedia_2ipu_P/propedia_2ipu_P_protein_pocket.pdb,/home/igem/unknown_software/datasets/propedia_formatted/propedia_2ipu_P/propedia_2ipu_P_peptide.pdb,propedia
propedia_2itk_B,/home/igem/unknown_software/datasets/propedia_formatted/propedia_2itk_B/propedia_2itk_B_protein_pocket.pdb,/home/igem/unknown_software/datasets/propedia_formatted/propedia_2itk_B/propedia_2itk_B_peptide.pdb,propedia
propedia_2iuh_B,/home/igem/unknown_software/datasets/propedia_formatted/propedia_2iuh_B/propedia_2iuh_B_protein_pocket.pdb,/home/igem/unknown_software/datasets/propedia_formatted/propedia_2iuh_B/propedia_2iuh_B_peptide.pdb,propedia
propedia_2iui_C,/home/igem/unknown_software/datasets/propedia_formatted/propedia_2iui_C/propedia_2iui_C_protein_pocket.pdb,/home/igem/unknown_software/datasets/propedia_formatted/propedia_2iui_C/propedia_2iui_C_peptide.pdb,propedia
propedia_2iv9_P,/home/igem/unknown_software/datasets/propedia_formatted/propedia_2iv9_P/propedia_2iv9_P_protein_pocket.pdb,/home/igem/unknown_software/datasets/propedia_formatted/propedia_2iv9_P/propedia_2iv9_P_peptide.pdb,propedia
propedia_2iv9_P,/home/igem/unknown_software/datasets/propedia_formatted/propedia_2iv9_P/propedia_2iv9_P_protein_pocket.pdb,/home/igem/unknown_software/datasets/propedia_formatted/propedia_2iv9_P/propedia_2iv9_P_peptide.pdb,propedia
propedia_2j30_B,/home/igem/unknown_software/datasets/propedia_formatted/propedia_2j30_B/propedia_2j30_B_protein_pocket.pdb,/home/igem/unknown_software/datasets/propedia_formatted/propedia_2j30_B/propedia_2j30_B_peptide.pdb,propedia
propedia_2j31_B,/home/igem/unknown_software/datasets/propedia_formatted/propedia_2j31_B/propedia_2j31_B_protein_pocket.pdb,/home/igem/unknown_software/datasets/propedia_formatted/propedia_2j31_B/propedia_2j31_B_peptide.pdb,propedia
propedia_2j32_B,/home/igem/unknown_software/datasets/propedia_formatted/propedia_2j32_B/propedia_2j32_B_protein_pocket.pdb,/home/igem/unknown_software/datasets/propedia_formatted/propedia_2j32_B/propedia_2j32_B_peptide.pdb,propedia
propedia_2j33_B,/home/igem/unknown_software/datasets/propedia_formatted/propedia_2j33_B/propedia_2j33_B_protein_pocket.pdb,/home/igem/unknown_software/datasets/propedia_formatted/propedia_2j33_B/propedia_2j33_B_peptide.pdb,propedia
propedia_2j7x_B,/home/igem/unknown_software/datasets/propedia_formatted/propedia_2j7x_B/propedia_2j7x_B_protein_pocket.pdb,/home/igem/unknown_software/datasets/propedia_formatted/propedia_2j7x_B/propedia_2j7x_B_peptide.pdb,propedia
propedia_2j9a_D,/home/igem/unknown_software/datasets/propedia_formatted/propedia_2j9a_D/propedia_2j9a_D_protein_pocket.pdb,/home/igem/unknown_software/datasets/propedia_formatted/propedia_2j9a_D/propedia_2j9a_D_peptide.pdb,propedia
propedia_2j9j_C,/home/igem/unknown_software/datasets/propedia_formatted/propedia_2j9j_C/propedia_2j9j_C_protein_pocket.pdb,/home/igem/unknown_software/datasets/propedia_formatted/propedia_2j9j_C/propedia_2j9j_C_peptide.pdb,propedia
propedia_2j9j_C,/home/igem/unknown_software/datasets/propedia_formatted/propedia_2j9j_C/propedia_2j9j_C_protein_pocket.pdb,/home/igem/unknown_software/datasets/propedia_formatted/propedia_2j9j_C/propedia_2j9j_C_peptide.pdb,propedia
propedia_2jam_D,/home/igem/unknown_software/datasets/propedia_formatted/propedia_2jam_D/propedia_2jam_D_protein_pocket.pdb,/home/igem/unknown_software/datasets/propedia_formatted/propedia_2jam_D/propedia_2jam_D_peptide.pdb,propedia
propedia_2jcc_C,/home/igem/unknown_software/datasets/propedia_formatted/propedia_2jcc_C/propedia_2jcc_C_protein_pocket.pdb,/home/igem/unknown_software/datasets/propedia_formatted/propedia_2jcc_C/propedia_2jcc_C_peptide.pdb,propedia
propedia_2jcc_C,/home/igem/unknown_software/datasets/propedia_formatted/propedia_2jcc_C/propedia_2jcc_C_protein_pocket.pdb,/home/igem/unknown_software/datasets/propedia_formatted/propedia_2jcc_C/propedia_2jcc_C_peptide.pdb,propedia
propedia_2jcc_C,/home/igem/unknown_software/datasets/propedia_formatted/propedia_2jcc_C/propedia_2jcc_C_protein_pocket.pdb,/home/igem/unknown_software/datasets/propedia_formatted/propedia_2jcc_C/propedia_2jcc_C_peptide.pdb,propedia
propedia_2jd5_C,/home/igem/unknown_software/datasets/propedia_formatted/propedia_2jd5_C/propedia_2jd5_C_protein_pocket.pdb,/home/igem/unknown_software/datasets/propedia_formatted/propedia_2jd5_C/propedia_2jd5_C_peptide.pdb,propedia
propedia_2jd5_C,/home/igem/unknown_software/datasets/propedia_formatted/propedia_2jd5_C/propedia_2jd5_C_protein_pocket.pdb,/home/igem/unknown_software/datasets/propedia_formatted/propedia_2jd5_C/propedia_2jd5_C_peptide.pdb,propedia
propedia_2jdl_C,/home/igem/unknown_software/datasets/propedia_formatted/propedia_2jdl_C/propedia_2jdl_C_protein_pocket.pdb,/home/igem/unknown_software/datasets/propedia_formatted/propedia_2jdl_C/propedia_2jdl_C_peptide.pdb,propedia
propedia_2je4_C,/home/igem/unknown_software/datasets/propedia_formatted/propedia_2je4_C/propedia_2je4_C_protein_pocket.pdb,/home/igem/unknown_software/datasets/propedia_formatted/propedia_2je4_C/propedia_2je4_C_peptide.pdb,propedia
propedia_2je4_C,/home/igem/unknown_software/datasets/propedia_formatted/propedia_2je4_C/propedia_2je4_C_protein_pocket.pdb,/home/igem/unknown_software/datasets/propedia_formatted/propedia_2je4_C/propedia_2je4_C_peptide.pdb,propedia
propedia_2jet_A,/home/igem/unknown_software/datasets/propedia_formatted/propedia_2jet_A/propedia_2jet_A_protein_pocket.pdb,/home/igem/unknown_software/datasets/propedia_formatted/propedia_2jet_A/propedia_2jet_A_peptide.pdb,propedia
propedia_2jet_A,/home/igem/unknown_software/datasets/propedia_formatted/propedia_2jet_A/propedia_2jet_A_protein_pocket.pdb,/home/igem/unknown_software/datasets/propedia_formatted/propedia_2jet_A/propedia_2jet_A_peptide.pdb,propedia
propedia_2jf1_T,/home/igem/unknown_software/datasets/propedia_formatted/propedia_2jf1_T/propedia_2jf1_T_protein_pocket.pdb,/home/igem/unknown_software/datasets/propedia_formatted/propedia_2jf1_T/propedia_2jf1_T_peptide.pdb,propedia
propedia_2jk9_B,/home/igem/unknown_software/datasets/propedia_formatted/propedia_2jk9_B/propedia_2jk9_B_protein_pocket.pdb,/home/igem/unknown_software/datasets/propedia_formatted/propedia_2jk9_B/propedia_2jk9_B_peptide.pdb,propedia
propedia_2jld_E,/home/igem/unknown_software/datasets/propedia_formatted/propedia_2jld_E/propedia_2jld_E_protein_pocket.pdb,/home/igem/unknown_software/datasets/propedia_formatted/propedia_2jld_E/propedia_2jld_E_peptide.pdb,propedia
propedia_2jmj_P,/home/igem/unknown_software/datasets/propedia_formatted/propedia_2jmj_P/propedia_2jmj_P_protein_pocket.pdb,/home/igem/unknown_software/datasets/propedia_formatted/propedia_2jmj_P/propedia_2jmj_P_peptide.pdb,propedia
propedia_2jnw_B,/home/igem/unknown_software/datasets/propedia_formatted/propedia_2jnw_B/propedia_2jnw_B_protein_pocket.pdb,/home/igem/unknown_software/datasets/propedia_formatted/propedia_2jnw_B/propedia_2jnw_B_peptide.pdb,propedia
propedia_2joa_B,/home/igem/unknown_software/datasets/propedia_formatted/propedia_2joa_B/propedia_2joa_B_protein_pocket.pdb,/home/igem/unknown_software/datasets/propedia_formatted/propedia_2joa_B/propedia_2joa_B_peptide.pdb,propedia
propedia_2jqi_B,/home/igem/unknown_software/datasets/propedia_formatted/propedia_2jqi_B/propedia_2jqi_B_protein_pocket.pdb,/home/igem/unknown_software/datasets/propedia_formatted/propedia_2jqi_B/propedia_2jqi_B_peptide.pdb,propedia
propedia_2jql_B,/home/igem/unknown_software/datasets/propedia_formatted/propedia_2jql_B/propedia_2jql_B_protein_pocket.pdb,/home/igem/unknown_software/datasets/propedia_formatted/propedia_2jql_B/propedia_2jql_B_peptide.pdb,propedia
propedia_2k1q_B,/home/igem/unknown_software/datasets/propedia_formatted/propedia_2k1q_B/propedia_2k1q_B_protein_pocket.pdb,/home/igem/unknown_software/datasets/propedia_formatted/propedia_2k1q_B/propedia_2k1q_B_peptide.pdb,propedia
propedia_2k20_B,/home/igem/unknown_software/datasets/propedia_formatted/propedia_2k20_B/propedia_2k20_B_protein_pocket.pdb,/home/igem/unknown_software/datasets/propedia_formatted/propedia_2k20_B/propedia_2k20_B_peptide.pdb,propedia
propedia_2k2f_C,/home/igem/unknown_software/datasets/propedia_formatted/propedia_2k2f_C/propedia_2k2f_C_protein_pocket.pdb,/home/igem/unknown_software/datasets/propedia_formatted/propedia_2k2f_C/propedia_2k2f_C_peptide.pdb,propedia
propedia_2k3w_B,/home/igem/unknown_software/datasets/propedia_formatted/propedia_2k3w_B/propedia_2k3w_B_protein_pocket.pdb,/home/igem/unknown_software/datasets/propedia_formatted/propedia_2k3w_B/propedia_2k3w_B_peptide.pdb,propedia
propedia_2ka9_B,/home/igem/unknown_software/datasets/propedia_formatted/propedia_2ka9_B/propedia_2ka9_B_protein_pocket.pdb,/home/igem/unknown_software/datasets/propedia_formatted/propedia_2ka9_B/propedia_2ka9_B_peptide.pdb,propedia
propedia_2kbm_X,/home/igem/unknown_software/datasets/propedia_formatted/propedia_2kbm_X/propedia_2kbm_X_protein_pocket.pdb,/home/igem/unknown_software/datasets/propedia_formatted/propedia_2kbm_X/propedia_2kbm_X_peptide.pdb,propedia
propedia_2kbm_X,/home/igem/unknown_software/datasets/propedia_formatted/propedia_2kbm_X/propedia_2kbm_X_protein_pocket.pdb,/home/igem/unknown_software/datasets/propedia_formatted/propedia_2kbm_X/propedia_2kbm_X_peptide.pdb,propedia
propedia_2kbs_B,/home/igem/unknown_software/datasets/propedia_formatted/propedia_2kbs_B/propedia_2kbs_B_protein_pocket.pdb,/home/igem/unknown_software/datasets/propedia_formatted/propedia_2kbs_B/propedia_2kbs_B_peptide.pdb,propedia
propedia_2kff_B,/home/igem/unknown_software/datasets/propedia_formatted/propedia_2kff_B/propedia_2kff_B_protein_pocket.pdb,/home/igem/unknown_software/datasets/propedia_formatted/propedia_2kff_B/propedia_2kff_B_peptide.pdb,propedia
propedia_2kid_C,/home/igem/unknown_software/datasets/propedia_formatted/propedia_2kid_C/propedia_2kid_C_protein_pocket.pdb,/home/igem/unknown_software/datasets/propedia_formatted/propedia_2kid_C/propedia_2kid_C_peptide.pdb,propedia
propedia_2ks9_B,/home/igem/unknown_software/datasets/propedia_formatted/propedia_2ks9_B/propedia_2ks9_B_protein_pocket.pdb,/home/igem/unknown_software/datasets/propedia_formatted/propedia_2ks9_B/propedia_2ks9_B_peptide.pdb,propedia
propedia_2l0i_B,/home/igem/unknown_software/datasets/propedia_formatted/propedia_2l0i_B/propedia_2l0i_B_protein_pocket.pdb,/home/igem/unknown_software/datasets/propedia_formatted/propedia_2l0i_B/propedia_2l0i_B_peptide.pdb,propedia
propedia_2l3r_B,/home/igem/unknown_software/datasets/propedia_formatted/propedia_2l3r_B/propedia_2l3r_B_protein_pocket.pdb,/home/igem/unknown_software/datasets/propedia_formatted/propedia_2l3r_B/propedia_2l3r_B_peptide.pdb,propedia
propedia_2l4k_B,/home/igem/unknown_software/datasets/propedia_formatted/propedia_2l4k_B/propedia_2l4k_B_protein_pocket.pdb,/home/igem/unknown_software/datasets/propedia_formatted/propedia_2l4k_B/propedia_2l4k_B_peptide.pdb,propedia
propedia_2l4t_B,/home/igem/unknown_software/datasets/propedia_formatted/propedia_2l4t_B/propedia_2l4t_B_protein_pocket.pdb,/home/igem/unknown_software/datasets/propedia_formatted/propedia_2l4t_B/propedia_2l4t_B_peptide.pdb,propedia
propedia_2l5e_B,/home/igem/unknown_software/datasets/propedia_formatted/propedia_2l5e_B/propedia_2l5e_B_protein_pocket.pdb,/home/igem/unknown_software/datasets/propedia_formatted/propedia_2l5e_B/propedia_2l5e_B_peptide.pdb,propedia
propedia_2l7u_B,/home/igem/unknown_software/datasets/propedia_formatted/propedia_2l7u_B/propedia_2l7u_B_protein_pocket.pdb,/home/igem/unknown_software/datasets/propedia_formatted/propedia_2l7u_B/propedia_2l7u_B_peptide.pdb,propedia
propedia_2lgk_B,/home/igem/unknown_software/datasets/propedia_formatted/propedia_2lgk_B/propedia_2lgk_B_protein_pocket.pdb,/home/igem/unknown_software/datasets/propedia_formatted/propedia_2lgk_B/propedia_2lgk_B_peptide.pdb,propedia
propedia_2lnw_B,/home/igem/unknown_software/datasets/propedia_formatted/propedia_2lnw_B/propedia_2lnw_B_protein_pocket.pdb,/home/igem/unknown_software/datasets/propedia_formatted/propedia_2lnw_B/propedia_2lnw_B_peptide.pdb,propedia
propedia_2lob_B,/home/igem/unknown_software/datasets/propedia_formatted/propedia_2lob_B/propedia_2lob_B_protein_pocket.pdb,/home/igem/unknown_software/datasets/propedia_formatted/propedia_2lob_B/propedia_2lob_B_peptide.pdb,propedia
propedia_2m0o_B,/home/igem/unknown_software/datasets/propedia_formatted/propedia_2m0o_B/propedia_2m0o_B_protein_pocket.pdb,/home/igem/unknown_software/datasets/propedia_formatted/propedia_2m0o_B/propedia_2m0o_B_peptide.pdb,propedia
propedia_2m3m_B,/home/igem/unknown_software/datasets/propedia_formatted/propedia_2m3m_B/propedia_2m3m_B_protein_pocket.pdb,/home/igem/unknown_software/datasets/propedia_formatted/propedia_2m3m_B/propedia_2m3m_B_peptide.pdb,propedia
propedia_2m9p_B,/home/igem/unknown_software/datasets/propedia_formatted/propedia_2m9p_B/propedia_2m9p_B_protein_pocket.pdb,/home/igem/unknown_software/datasets/propedia_formatted/propedia_2m9p_B/propedia_2m9p_B_peptide.pdb,propedia
propedia_2m9q_B,/home/igem/unknown_software/datasets/propedia_formatted/propedia_2m9q_B/propedia_2m9q_B_protein_pocket.pdb,/home/igem/unknown_software/datasets/propedia_formatted/propedia_2m9q_B/propedia_2m9q_B_peptide.pdb,propedia
propedia_2mbz_B,/home/igem/unknown_software/datasets/propedia_formatted/propedia_2mbz_B/propedia_2mbz_B_protein_pocket.pdb,/home/igem/unknown_software/datasets/propedia_formatted/propedia_2mbz_B/propedia_2mbz_B_peptide.pdb,propedia
propedia_2mc6_B,/home/igem/unknown_software/datasets/propedia_formatted/propedia_2mc6_B/propedia_2mc6_B_protein_pocket.pdb,/home/igem/unknown_software/datasets/propedia_formatted/propedia_2mc6_B/propedia_2mc6_B_peptide.pdb,propedia
propedia_2mho_B,/home/igem/unknown_software/datasets/propedia_formatted/propedia_2mho_B/propedia_2mho_B_protein_pocket.pdb,/home/igem/unknown_software/datasets/propedia_formatted/propedia_2mho_B/propedia_2mho_B_peptide.pdb,propedia
propedia_2mip_E,/home/igem/unknown_software/datasets/propedia_formatted/propedia_2mip_E/propedia_2mip_E_protein_pocket.pdb,/home/igem/unknown_software/datasets/propedia_formatted/propedia_2mip_E/propedia_2mip_E_peptide.pdb,propedia
propedia_2mip_E,/home/igem/unknown_software/datasets/propedia_formatted/propedia_2mip_E/propedia_2mip_E_protein_pocket.pdb,/home/igem/unknown_software/datasets/propedia_formatted/propedia_2mip_E/propedia_2mip_E_peptide.pdb,propedia
propedia_2mjv_A,/home/igem/unknown_software/datasets/propedia_formatted/propedia_2mjv_A/propedia_2mjv_A_protein_pocket.pdb,/home/igem/unknown_software/datasets/propedia_formatted/propedia_2mjv_A/propedia_2mjv_A_peptide.pdb,propedia
propedia_2mow_B,/home/igem/unknown_software/datasets/propedia_formatted/propedia_2mow_B/propedia_2mow_B_protein_pocket.pdb,/home/igem/unknown_software/datasets/propedia_formatted/propedia_2mow_B/propedia_2mow_B_peptide.pdb,propedia
propedia_2mrk_B,/home/igem/unknown_software/datasets/propedia_formatted/propedia_2mrk_B/propedia_2mrk_B_protein_pocket.pdb,/home/igem/unknown_software/datasets/propedia_formatted/propedia_2mrk_B/propedia_2mrk_B_peptide.pdb,propedia
propedia_2ms4_B,/home/igem/unknown_software/datasets/propedia_formatted/propedia_2ms4_B/propedia_2ms4_B_protein_pocket.pdb,/home/igem/unknown_software/datasets/propedia_formatted/propedia_2ms4_B/propedia_2ms4_B_peptide.pdb,propedia
propedia_2mwp_B,/home/igem/unknown_software/datasets/propedia_formatted/propedia_2mwp_B/propedia_2mwp_B_protein_pocket.pdb,/home/igem/unknown_software/datasets/propedia_formatted/propedia_2mwp_B/propedia_2mwp_B_peptide.pdb,propedia
propedia_2ncz_B,/home/igem/unknown_software/datasets/propedia_formatted/propedia_2ncz_B/propedia_2ncz_B_protein_pocket.pdb,/home/igem/unknown_software/datasets/propedia_formatted/propedia_2ncz_B/propedia_2ncz_B_peptide.pdb,propedia
propedia_2nmb_B,/home/igem/unknown_software/datasets/propedia_formatted/propedia_2nmb_B/propedia_2nmb_B_protein_pocket.pdb,/home/igem/unknown_software/datasets/propedia_formatted/propedia_2nmb_B/propedia_2nmb_B_peptide.pdb,propedia
propedia_2nwn_B,/home/igem/unknown_software/datasets/propedia_formatted/propedia_2nwn_B/propedia_2nwn_B_protein_pocket.pdb,/home/igem/unknown_software/datasets/propedia_formatted/propedia_2nwn_B/propedia_2nwn_B_peptide.pdb,propedia
propedia_2nxd_P,/home/igem/unknown_software/datasets/propedia_formatted/propedia_2nxd_P/propedia_2nxd_P_protein_pocket.pdb,/home/igem/unknown_software/datasets/propedia_formatted/propedia_2nxd_P/propedia_2nxd_P_peptide.pdb,propedia
propedia_2nxd_P,/home/igem/unknown_software/datasets/propedia_formatted/propedia_2nxd_P/propedia_2nxd_P_protein_pocket.pdb,/home/igem/unknown_software/datasets/propedia_formatted/propedia_2nxd_P/propedia_2nxd_P_peptide.pdb,propedia
propedia_2nxl_P,/home/igem/unknown_software/datasets/propedia_formatted/propedia_2nxl_P/propedia_2nxl_P_protein_pocket.pdb,/home/igem/unknown_software/datasets/propedia_formatted/propedia_2nxl_P/propedia_2nxl_P_peptide.pdb,propedia
propedia_2nxl_P,/home/igem/unknown_software/datasets/propedia_formatted/propedia_2nxl_P/propedia_2nxl_P_protein_pocket.pdb,/home/igem/unknown_software/datasets/propedia_formatted/propedia_2nxl_P/propedia_2nxl_P_peptide.pdb,propedia
propedia_2nxm_P,/home/igem/unknown_software/datasets/propedia_formatted/propedia_2nxm_P/propedia_2nxm_P_protein_pocket.pdb,/home/igem/unknown_software/datasets/propedia_formatted/propedia_2nxm_P/propedia_2nxm_P_peptide.pdb,propedia
propedia_2nxm_P,/home/igem/unknown_software/datasets/propedia_formatted/propedia_2nxm_P/propedia_2nxm_P_protein_pocket.pdb,/home/igem/unknown_software/datasets/propedia_formatted/propedia_2nxm_P/propedia_2nxm_P_peptide.pdb,propedia
propedia_2o9k_B,/home/igem/unknown_software/datasets/propedia_formatted/propedia_2o9k_B/propedia_2o9k_B_protein_pocket.pdb,/home/igem/unknown_software/datasets/propedia_formatted/propedia_2o9k_B/propedia_2o9k_B_peptide.pdb,propedia
propedia_2od2_B,/home/igem/unknown_software/datasets/propedia_formatted/propedia_2od2_B/propedia_2od2_B_protein_pocket.pdb,/home/igem/unknown_software/datasets/propedia_formatted/propedia_2od2_B/propedia_2od2_B_peptide.pdb,propedia
propedia_2od7_B,/home/igem/unknown_software/datasets/propedia_formatted/propedia_2od7_B/propedia_2od7_B_protein_pocket.pdb,/home/igem/unknown_software/datasets/propedia_formatted/propedia_2od7_B/propedia_2od7_B_peptide.pdb,propedia
propedia_2od9_B,/home/igem/unknown_software/datasets/propedia_formatted/propedia_2od9_B/propedia_2od9_B_protein_pocket.pdb,/home/igem/unknown_software/datasets/propedia_formatted/propedia_2od9_B/propedia_2od9_B_peptide.pdb,propedia
propedia_2oi9_Q,/home/igem/unknown_software/datasets/propedia_formatted/propedia_2oi9_Q/propedia_2oi9_Q_protein_pocket.pdb,/home/igem/unknown_software/datasets/propedia_formatted/propedia_2oi9_Q/propedia_2oi9_Q_peptide.pdb,propedia
propedia_2oi9_Q,/home/igem/unknown_software/datasets/propedia_formatted/propedia_2oi9_Q/propedia_2oi9_Q_protein_pocket.pdb,/home/igem/unknown_software/datasets/propedia_formatted/propedia_2oi9_Q/propedia_2oi9_Q_peptide.pdb,propedia
propedia_2oi9_Q,/home/igem/unknown_software/datasets/propedia_formatted/propedia_2oi9_Q/propedia_2oi9_Q_protein_pocket.pdb,/home/igem/unknown_software/datasets/propedia_formatted/propedia_2oi9_Q/propedia_2oi9_Q_peptide.pdb,propedia
propedia_2oju_C,/home/igem/unknown_software/datasets/propedia_formatted/propedia_2oju_C/propedia_2oju_C_protein_pocket.pdb,/home/igem/unknown_software/datasets/propedia_formatted/propedia_2oju_C/propedia_2oju_C_peptide.pdb,propedia
propedia_2oq6_C,/home/igem/unknown_software/datasets/propedia_formatted/propedia_2oq6_C/propedia_2oq6_C_protein_pocket.pdb,/home/igem/unknown_software/datasets/propedia_formatted/propedia_2oq6_C/propedia_2oq6_C_peptide.pdb,propedia
propedia_2os2_C,/home/igem/unknown_software/datasets/propedia_formatted/propedia_2os2_C/propedia_2os2_C_protein_pocket.pdb,/home/igem/unknown_software/datasets/propedia_formatted/propedia_2os2_C/propedia_2os2_C_peptide.pdb,propedia
propedia_2os6_B,/home/igem/unknown_software/datasets/propedia_formatted/propedia_2os6_B/propedia_2os6_B_protein_pocket.pdb,/home/igem/unknown_software/datasets/propedia_formatted/propedia_2os6_B/propedia_2os6_B_peptide.pdb,propedia
propedia_2ot7_C,/home/igem/unknown_software/datasets/propedia_formatted/propedia_2ot7_C/propedia_2ot7_C_protein_pocket.pdb,/home/igem/unknown_software/datasets/propedia_formatted/propedia_2ot7_C/propedia_2ot7_C_peptide.pdb,propedia
propedia_2otu_P,/home/igem/unknown_software/datasets/propedia_formatted/propedia_2otu_P/propedia_2otu_P_protein_pocket.pdb,/home/igem/unknown_software/datasets/propedia_formatted/propedia_2otu_P/propedia_2otu_P_peptide.pdb,propedia
propedia_2otu_P,/home/igem/unknown_software/datasets/propedia_formatted/propedia_2otu_P/propedia_2otu_P_protein_pocket.pdb,/home/igem/unknown_software/datasets/propedia_formatted/propedia_2otu_P/propedia_2otu_P_peptide.pdb,propedia
propedia_2otw_E,/home/igem/unknown_software/datasets/propedia_formatted/propedia_2otw_E/propedia_2otw_E_protein_pocket.pdb,/home/igem/unknown_software/datasets/propedia_formatted/propedia_2otw_E/propedia_2otw_E_peptide.pdb,propedia
propedia_2otw_E,/home/igem/unknown_software/datasets/propedia_formatted/propedia_2otw_E/propedia_2otw_E_protein_pocket.pdb,/home/igem/unknown_software/datasets/propedia_formatted/propedia_2otw_E/propedia_2otw_E_peptide.pdb,propedia
propedia_2ovr_C,/home/igem/unknown_software/datasets/propedia_formatted/propedia_2ovr_C/propedia_2ovr_C_protein_pocket.pdb,/home/igem/unknown_software/datasets/propedia_formatted/propedia_2ovr_C/propedia_2ovr_C_peptide.pdb,propedia
propedia_2ox0_C,/home/igem/unknown_software/datasets/propedia_formatted/propedia_2ox0_C/propedia_2ox0_C_protein_pocket.pdb,/home/igem/unknown_software/datasets/propedia_formatted/propedia_2ox0_C/propedia_2ox0_C_peptide.pdb,propedia
propedia_2p5e_C,/home/igem/unknown_software/datasets/propedia_formatted/propedia_2p5e_C/propedia_2p5e_C_protein_pocket.pdb,/home/igem/unknown_software/datasets/propedia_formatted/propedia_2p5e_C/propedia_2p5e_C_peptide.pdb,propedia
propedia_2p5e_C,/home/igem/unknown_software/datasets/propedia_formatted/propedia_2p5e_C/propedia_2p5e_C_protein_pocket.pdb,/home/igem/unknown_software/datasets/propedia_formatted/propedia_2p5e_C/propedia_2p5e_C_peptide.pdb,propedia
propedia_2p5e_C,/home/igem/unknown_software/datasets/propedia_formatted/propedia_2p5e_C/propedia_2p5e_C_protein_pocket.pdb,/home/igem/unknown_software/datasets/propedia_formatted/propedia_2p5e_C/propedia_2p5e_C_peptide.pdb,propedia
propedia_2p5w_C,/home/igem/unknown_software/datasets/propedia_formatted/propedia_2p5w_C/propedia_2p5w_C_protein_pocket.pdb,/home/igem/unknown_software/datasets/propedia_formatted/propedia_2p5w_C/propedia_2p5w_C_peptide.pdb,propedia
propedia_2p5w_C,/home/igem/unknown_software/datasets/propedia_formatted/propedia_2p5w_C/propedia_2p5w_C_protein_pocket.pdb,/home/igem/unknown_software/datasets/propedia_formatted/propedia_2p5w_C/propedia_2p5w_C_peptide.pdb,propedia
propedia_2p5w_C,/home/igem/unknown_software/datasets/propedia_formatted/propedia_2p5w_C/propedia_2p5w_C_protein_pocket.pdb,/home/igem/unknown_software/datasets/propedia_formatted/propedia_2p5w_C/propedia_2p5w_C_peptide.pdb,propedia
propedia_2p8l_C,/home/igem/unknown_software/datasets/propedia_formatted/propedia_2p8l_C/propedia_2p8l_C_protein_pocket.pdb,/home/igem/unknown_software/datasets/propedia_formatted/propedia_2p8l_C/propedia_2p8l_C_peptide.pdb,propedia
propedia_2p8l_C,/home/igem/unknown_software/datasets/propedia_formatted/propedia_2p8l_C/propedia_2p8l_C_protein_pocket.pdb,/home/igem/unknown_software/datasets/propedia_formatted/propedia_2p8l_C/propedia_2p8l_C_peptide.pdb,propedia
propedia_2p8o_A,/home/igem/unknown_software/datasets/propedia_formatted/propedia_2p8o_A/propedia_2p8o_A_protein_pocket.pdb,/home/igem/unknown_software/datasets/propedia_formatted/propedia_2p8o_A/propedia_2p8o_A_peptide.pdb,propedia
propedia_2p8o_A,/home/igem/unknown_software/datasets/propedia_formatted/propedia_2p8o_A/propedia_2p8o_A_protein_pocket.pdb,/home/igem/unknown_software/datasets/propedia_formatted/propedia_2p8o_A/propedia_2p8o_A_peptide.pdb,propedia
propedia_2pbk_C,/home/igem/unknown_software/datasets/propedia_formatted/propedia_2pbk_C/propedia_2pbk_C_protein_pocket.pdb,/home/igem/unknown_software/datasets/propedia_formatted/propedia_2pbk_C/propedia_2pbk_C_peptide.pdb,propedia
propedia_2pcu_B,/home/igem/unknown_software/datasets/propedia_formatted/propedia_2pcu_B/propedia_2pcu_B_protein_pocket.pdb,/home/igem/unknown_software/datasets/propedia_formatted/propedia_2pcu_B/propedia_2pcu_B_peptide.pdb,propedia
propedia_2peh_C,/home/igem/unknown_software/datasets/propedia_formatted/propedia_2peh_C/propedia_2peh_C_protein_pocket.pdb,/home/igem/unknown_software/datasets/propedia_formatted/propedia_2peh_C/propedia_2peh_C_peptide.pdb,propedia
propedia_2pie_F,/home/igem/unknown_software/datasets/propedia_formatted/propedia_2pie_F/propedia_2pie_F_protein_pocket.pdb,/home/igem/unknown_software/datasets/propedia_formatted/propedia_2pie_F/propedia_2pie_F_peptide.pdb,propedia
propedia_2pku_B,/home/igem/unknown_software/datasets/propedia_formatted/propedia_2pku_B/propedia_2pku_B_protein_pocket.pdb,/home/igem/unknown_software/datasets/propedia_formatted/propedia_2pku_B/propedia_2pku_B_peptide.pdb,propedia
propedia_2pld_B,/home/igem/unknown_software/datasets/propedia_formatted/propedia_2pld_B/propedia_2pld_B_protein_pocket.pdb,/home/igem/unknown_software/datasets/propedia_formatted/propedia_2pld_B/propedia_2pld_B_peptide.pdb,propedia
propedia_2ple_B,/home/igem/unknown_software/datasets/propedia_formatted/propedia_2ple_B/propedia_2ple_B_protein_pocket.pdb,/home/igem/unknown_software/datasets/propedia_formatted/propedia_2ple_B/propedia_2ple_B_peptide.pdb,propedia
propedia_2poy_T,/home/igem/unknown_software/datasets/propedia_formatted/propedia_2poy_T/propedia_2poy_T_protein_pocket.pdb,/home/igem/unknown_software/datasets/propedia_formatted/propedia_2poy_T/propedia_2poy_T_peptide.pdb,propedia
propedia_2pq2_B,/home/igem/unknown_software/datasets/propedia_formatted/propedia_2pq2_B/propedia_2pq2_B_protein_pocket.pdb,/home/igem/unknown_software/datasets/propedia_formatted/propedia_2pq2_B/propedia_2pq2_B_peptide.pdb,propedia
propedia_2pqw_B,/home/igem/unknown_software/datasets/propedia_formatted/propedia_2pqw_B/propedia_2pqw_B_protein_pocket.pdb,/home/igem/unknown_software/datasets/propedia_formatted/propedia_2pqw_B/propedia_2pqw_B_peptide.pdb,propedia
propedia_2pv1_B,/home/igem/unknown_software/datasets/propedia_formatted/propedia_2pv1_B/propedia_2pv1_B_protein_pocket.pdb,/home/igem/unknown_software/datasets/propedia_formatted/propedia_2pv1_B/propedia_2pv1_B_peptide.pdb,propedia
propedia_2pv2_E,/home/igem/unknown_software/datasets/propedia_formatted/propedia_2pv2_E/propedia_2pv2_E_protein_pocket.pdb,/home/igem/unknown_software/datasets/propedia_formatted/propedia_2pv2_E/propedia_2pv2_E_peptide.pdb,propedia
propedia_2pv2_E,/home/igem/unknown_software/datasets/propedia_formatted/propedia_2pv2_E/propedia_2pv2_E_protein_pocket.pdb,/home/igem/unknown_software/datasets/propedia_formatted/propedia_2pv2_E/propedia_2pv2_E_peptide.pdb,propedia
propedia_2pxj_I,/home/igem/unknown_software/datasets/propedia_formatted/propedia_2pxj_I/propedia_2pxj_I_protein_pocket.pdb,/home/igem/unknown_software/datasets/propedia_formatted/propedia_2pxj_I/propedia_2pxj_I_peptide.pdb,propedia
propedia_2pxy_P,/home/igem/unknown_software/datasets/propedia_formatted/propedia_2pxy_P/propedia_2pxy_P_protein_pocket.pdb,/home/igem/unknown_software/datasets/propedia_formatted/propedia_2pxy_P/propedia_2pxy_P_peptide.pdb,propedia
propedia_2pxy_P,/home/igem/unknown_software/datasets/propedia_formatted/propedia_2pxy_P/propedia_2pxy_P_protein_pocket.pdb,/home/igem/unknown_software/datasets/propedia_formatted/propedia_2pxy_P/propedia_2pxy_P_peptide.pdb,propedia
propedia_2pxy_P,/home/igem/unknown_software/datasets/propedia_formatted/propedia_2pxy_P/propedia_2pxy_P_protein_pocket.pdb,/home/igem/unknown_software/datasets/propedia_formatted/propedia_2pxy_P/propedia_2pxy_P_peptide.pdb,propedia
propedia_2pxy_P,/home/igem/unknown_software/datasets/propedia_formatted/propedia_2pxy_P/propedia_2pxy_P_protein_pocket.pdb,/home/igem/unknown_software/datasets/propedia_formatted/propedia_2pxy_P/propedia_2pxy_P_peptide.pdb,propedia
propedia_2pye_C,/home/igem/unknown_software/datasets/propedia_formatted/propedia_2pye_C/propedia_2pye_C_protein_pocket.pdb,/home/igem/unknown_software/datasets/propedia_formatted/propedia_2pye_C/propedia_2pye_C_peptide.pdb,propedia
propedia_2pye_C,/home/igem/unknown_software/datasets/propedia_formatted/propedia_2pye_C/propedia_2pye_C_protein_pocket.pdb,/home/igem/unknown_software/datasets/propedia_formatted/propedia_2pye_C/propedia_2pye_C_peptide.pdb,propedia
propedia_2pye_C,/home/igem/unknown_software/datasets/propedia_formatted/propedia_2pye_C/propedia_2pye_C_protein_pocket.pdb,/home/igem/unknown_software/datasets/propedia_formatted/propedia_2pye_C/propedia_2pye_C_peptide.pdb,propedia
propedia_2q0n_B,/home/igem/unknown_software/datasets/propedia_formatted/propedia_2q0n_B/propedia_2q0n_B_protein_pocket.pdb,/home/igem/unknown_software/datasets/propedia_formatted/propedia_2q0n_B/propedia_2q0n_B_peptide.pdb,propedia
propedia_2q3z_X,/home/igem/unknown_software/datasets/propedia_formatted/propedia_2q3z_X/propedia_2q3z_X_protein_pocket.pdb,/home/igem/unknown_software/datasets/propedia_formatted/propedia_2q3z_X/propedia_2q3z_X_peptide.pdb,propedia
propedia_2q5a_B,/home/igem/unknown_software/datasets/propedia_formatted/propedia_2q5a_B/propedia_2q5a_B_protein_pocket.pdb,/home/igem/unknown_software/datasets/propedia_formatted/propedia_2q5a_B/propedia_2q5a_B_peptide.pdb,propedia
propedia_2q6f_C,/home/igem/unknown_software/datasets/propedia_formatted/propedia_2q6f_C/propedia_2q6f_C_protein_pocket.pdb,/home/igem/unknown_software/datasets/propedia_formatted/propedia_2q6f_C/propedia_2q6f_C_peptide.pdb,propedia
propedia_2q6g_C,/home/igem/unknown_software/datasets/propedia_formatted/propedia_2q6g_C/propedia_2q6g_C_protein_pocket.pdb,/home/igem/unknown_software/datasets/propedia_formatted/propedia_2q6g_C/propedia_2q6g_C_peptide.pdb,propedia
propedia_2q6w_C,/home/igem/unknown_software/datasets/propedia_formatted/propedia_2q6w_C/propedia_2q6w_C_protein_pocket.pdb,/home/igem/unknown_software/datasets/propedia_formatted/propedia_2q6w_C/propedia_2q6w_C_peptide.pdb,propedia
propedia_2q6w_C,/home/igem/unknown_software/datasets/propedia_formatted/propedia_2q6w_C/propedia_2q6w_C_protein_pocket.pdb,/home/igem/unknown_software/datasets/propedia_formatted/propedia_2q6w_C/propedia_2q6w_C_peptide.pdb,propedia
propedia_2q8y_B,/home/igem/unknown_software/datasets/propedia_formatted/propedia_2q8y_B/propedia_2q8y_B_protein_pocket.pdb,/home/igem/unknown_software/datasets/propedia_formatted/propedia_2q8y_B/propedia_2q8y_B_peptide.pdb,propedia
propedia_2qbx_D,/home/igem/unknown_software/datasets/propedia_formatted/propedia_2qbx_D/propedia_2qbx_D_protein_pocket.pdb,/home/igem/unknown_software/datasets/propedia_formatted/propedia_2qbx_D/propedia_2qbx_D_peptide.pdb,propedia
propedia_2qhr_P,/home/igem/unknown_software/datasets/propedia_formatted/propedia_2qhr_P/propedia_2qhr_P_protein_pocket.pdb,/home/igem/unknown_software/datasets/propedia_formatted/propedia_2qhr_P/propedia_2qhr_P_peptide.pdb,propedia
propedia_2qhr_P,/home/igem/unknown_software/datasets/propedia_formatted/propedia_2qhr_P/propedia_2qhr_P_protein_pocket.pdb,/home/igem/unknown_software/datasets/propedia_formatted/propedia_2qhr_P/propedia_2qhr_P_peptide.pdb,propedia
propedia_2qos_A,/home/igem/unknown_software/datasets/propedia_formatted/propedia_2qos_A/propedia_2qos_A_protein_pocket.pdb,/home/igem/unknown_software/datasets/propedia_formatted/propedia_2qos_A/propedia_2qos_A_peptide.pdb,propedia
propedia_2qqf_B,/home/igem/unknown_software/datasets/propedia_formatted/propedia_2qqf_B/propedia_2qqf_B_protein_pocket.pdb,/home/igem/unknown_software/datasets/propedia_formatted/propedia_2qqf_B/propedia_2qqf_B_peptide.pdb,propedia
propedia_2qqg_B,/home/igem/unknown_software/datasets/propedia_formatted/propedia_2qqg_B/propedia_2qqg_B_protein_pocket.pdb,/home/igem/unknown_software/datasets/propedia_formatted/propedia_2qqg_B/propedia_2qqg_B_peptide.pdb,propedia
propedia_2qzx_C,/home/igem/unknown_software/datasets/propedia_formatted/propedia_2qzx_C/propedia_2qzx_C_protein_pocket.pdb,/home/igem/unknown_software/datasets/propedia_formatted/propedia_2qzx_C/propedia_2qzx_C_peptide.pdb,propedia
propedia_2r0l_B,/home/igem/unknown_software/datasets/propedia_formatted/propedia_2r0l_B/propedia_2r0l_B_protein_pocket.pdb,/home/igem/unknown_software/datasets/propedia_formatted/propedia_2r0l_B/propedia_2r0l_B_peptide.pdb,propedia
propedia_2r0w_Q,/home/igem/unknown_software/datasets/propedia_formatted/propedia_2r0w_Q/propedia_2r0w_Q_protein_pocket.pdb,/home/igem/unknown_software/datasets/propedia_formatted/propedia_2r0w_Q/propedia_2r0w_Q_peptide.pdb,propedia
propedia_2r0w_Q,/home/igem/unknown_software/datasets/propedia_formatted/propedia_2r0w_Q/propedia_2r0w_Q_protein_pocket.pdb,/home/igem/unknown_software/datasets/propedia_formatted/propedia_2r0w_Q/propedia_2r0w_Q_peptide.pdb,propedia
propedia_2r0z_Q,/home/igem/unknown_software/datasets/propedia_formatted/propedia_2r0z_Q/propedia_2r0z_Q_protein_pocket.pdb,/home/igem/unknown_software/datasets/propedia_formatted/propedia_2r0z_Q/propedia_2r0z_Q_peptide.pdb,propedia
propedia_2r0z_Q,/home/igem/unknown_software/datasets/propedia_formatted/propedia_2r0z_Q/propedia_2r0z_Q_protein_pocket.pdb,/home/igem/unknown_software/datasets/propedia_formatted/propedia_2r0z_Q/propedia_2r0z_Q_peptide.pdb,propedia
propedia_2r7g_B,/home/igem/unknown_software/datasets/propedia_formatted/propedia_2r7g_B/propedia_2r7g_B_protein_pocket.pdb,/home/igem/unknown_software/datasets/propedia_formatted/propedia_2r7g_B/propedia_2r7g_B_peptide.pdb,propedia
propedia_2r9q_X,/home/igem/unknown_software/datasets/propedia_formatted/propedia_2r9q_X/propedia_2r9q_X_protein_pocket.pdb,/home/igem/unknown_software/datasets/propedia_formatted/propedia_2r9q_X/propedia_2r9q_X_peptide.pdb,propedia
propedia_2r9q_X,/home/igem/unknown_software/datasets/propedia_formatted/propedia_2r9q_X/propedia_2r9q_X_protein_pocket.pdb,/home/igem/unknown_software/datasets/propedia_formatted/propedia_2r9q_X/propedia_2r9q_X_peptide.pdb,propedia
propedia_2rdl_I,/home/igem/unknown_software/datasets/propedia_formatted/propedia_2rdl_I/propedia_2rdl_I_protein_pocket.pdb,/home/igem/unknown_software/datasets/propedia_formatted/propedia_2rdl_I/propedia_2rdl_I_peptide.pdb,propedia
propedia_2rdl_I,/home/igem/unknown_software/datasets/propedia_formatted/propedia_2rdl_I/propedia_2rdl_I_protein_pocket.pdb,/home/igem/unknown_software/datasets/propedia_formatted/propedia_2rdl_I/propedia_2rdl_I_peptide.pdb,propedia
propedia_2rfi_P,/home/igem/unknown_software/datasets/propedia_formatted/propedia_2rfi_P/propedia_2rfi_P_protein_pocket.pdb,/home/igem/unknown_software/datasets/propedia_formatted/propedia_2rfi_P/propedia_2rfi_P_peptide.pdb,propedia
propedia_2rfx_C,/home/igem/unknown_software/datasets/propedia_formatted/propedia_2rfx_C/propedia_2rfx_C_protein_pocket.pdb,/home/igem/unknown_software/datasets/propedia_formatted/propedia_2rfx_C/propedia_2rfx_C_peptide.pdb,propedia
propedia_2ri7_P,/home/igem/unknown_software/datasets/propedia_formatted/propedia_2ri7_P/propedia_2ri7_P_protein_pocket.pdb,/home/igem/unknown_software/datasets/propedia_formatted/propedia_2ri7_P/propedia_2ri7_P_peptide.pdb,propedia
propedia_2rje_P,/home/igem/unknown_software/datasets/propedia_formatted/propedia_2rje_P/propedia_2rje_P_protein_pocket.pdb,/home/igem/unknown_software/datasets/propedia_formatted/propedia_2rje_P/propedia_2rje_P_peptide.pdb,propedia
propedia_2rje_P,/home/igem/unknown_software/datasets/propedia_formatted/propedia_2rje_P/propedia_2rje_P_protein_pocket.pdb,/home/igem/unknown_software/datasets/propedia_formatted/propedia_2rje_P/propedia_2rje_P_peptide.pdb,propedia
propedia_2rjf_B,/home/igem/unknown_software/datasets/propedia_formatted/propedia_2rjf_B/propedia_2rjf_B_protein_pocket.pdb,/home/igem/unknown_software/datasets/propedia_formatted/propedia_2rjf_B/propedia_2rjf_B_peptide.pdb,propedia
propedia_2rjf_B,/home/igem/unknown_software/datasets/propedia_formatted/propedia_2rjf_B/propedia_2rjf_B_protein_pocket.pdb,/home/igem/unknown_software/datasets/propedia_formatted/propedia_2rjf_B/propedia_2rjf_B_peptide.pdb,propedia
propedia_2rma_B,/home/igem/unknown_software/datasets/propedia_formatted/propedia_2rma_B/propedia_2rma_B_protein_pocket.pdb,/home/igem/unknown_software/datasets/propedia_formatted/propedia_2rma_B/propedia_2rma_B_peptide.pdb,propedia
propedia_2rma_B,/home/igem/unknown_software/datasets/propedia_formatted/propedia_2rma_B/propedia_2rma_B_protein_pocket.pdb,/home/igem/unknown_software/datasets/propedia_formatted/propedia_2rma_B/propedia_2rma_B_peptide.pdb,propedia
propedia_2rma_B,/home/igem/unknown_software/datasets/propedia_formatted/propedia_2rma_B/propedia_2rma_B_protein_pocket.pdb,/home/igem/unknown_software/datasets/propedia_formatted/propedia_2rma_B/propedia_2rma_B_peptide.pdb,propedia
propedia_2rmb_B,/home/igem/unknown_software/datasets/propedia_formatted/propedia_2rmb_B/propedia_2rmb_B_protein_pocket.pdb,/home/igem/unknown_software/datasets/propedia_formatted/propedia_2rmb_B/propedia_2rmb_B_peptide.pdb,propedia
propedia_2rmb_B,/home/igem/unknown_software/datasets/propedia_formatted/propedia_2rmb_B/propedia_2rmb_B_protein_pocket.pdb,/home/igem/unknown_software/datasets/propedia_formatted/propedia_2rmb_B/propedia_2rmb_B_peptide.pdb,propedia
propedia_2rmb_B,/home/igem/unknown_software/datasets/propedia_formatted/propedia_2rmb_B/propedia_2rmb_B_protein_pocket.pdb,/home/igem/unknown_software/datasets/propedia_formatted/propedia_2rmb_B/propedia_2rmb_B_peptide.pdb,propedia
propedia_2rmc_B,/home/igem/unknown_software/datasets/propedia_formatted/propedia_2rmc_B/propedia_2rmc_B_protein_pocket.pdb,/home/igem/unknown_software/datasets/propedia_formatted/propedia_2rmc_B/propedia_2rmc_B_peptide.pdb,propedia
propedia_2rol_B,/home/igem/unknown_software/datasets/propedia_formatted/propedia_2rol_B/propedia_2rol_B_protein_pocket.pdb,/home/igem/unknown_software/datasets/propedia_formatted/propedia_2rol_B/propedia_2rol_B_peptide.pdb,propedia
propedia_2rpq_B,/home/igem/unknown_software/datasets/propedia_formatted/propedia_2rpq_B/propedia_2rpq_B_protein_pocket.pdb,/home/igem/unknown_software/datasets/propedia_formatted/propedia_2rpq_B/propedia_2rpq_B_peptide.pdb,propedia
propedia_2rr4_B,/home/igem/unknown_software/datasets/propedia_formatted/propedia_2rr4_B/propedia_2rr4_B_protein_pocket.pdb,/home/igem/unknown_software/datasets/propedia_formatted/propedia_2rr4_B/propedia_2rr4_B_peptide.pdb,propedia
propedia_2rs9_A,/home/igem/unknown_software/datasets/propedia_formatted/propedia_2rs9_A/propedia_2rs9_A_protein_pocket.pdb,/home/igem/unknown_software/datasets/propedia_formatted/propedia_2rs9_A/propedia_2rs9_A_peptide.pdb,propedia
propedia_2rt5_B,/home/igem/unknown_software/datasets/propedia_formatted/propedia_2rt5_B/propedia_2rt5_B_protein_pocket.pdb,/home/igem/unknown_software/datasets/propedia_formatted/propedia_2rt5_B/propedia_2rt5_B_peptide.pdb,propedia
propedia_2rui_B,/home/igem/unknown_software/datasets/propedia_formatted/propedia_2rui_B/propedia_2rui_B_protein_pocket.pdb,/home/igem/unknown_software/datasets/propedia_formatted/propedia_2rui_B/propedia_2rui_B_peptide.pdb,propedia
propedia_2seb_E,/home/igem/unknown_software/datasets/propedia_formatted/propedia_2seb_E/propedia_2seb_E_protein_pocket.pdb,/home/igem/unknown_software/datasets/propedia_formatted/propedia_2seb_E/propedia_2seb_E_peptide.pdb,propedia
propedia_2seb_E,/home/igem/unknown_software/datasets/propedia_formatted/propedia_2seb_E/propedia_2seb_E_protein_pocket.pdb,/home/igem/unknown_software/datasets/propedia_formatted/propedia_2seb_E/propedia_2seb_E_peptide.pdb,propedia
propedia_2uue_E,/home/igem/unknown_software/datasets/propedia_formatted/propedia_2uue_E/propedia_2uue_E_protein_pocket.pdb,/home/igem/unknown_software/datasets/propedia_formatted/propedia_2uue_E/propedia_2uue_E_peptide.pdb,propedia
propedia_2uwe_C,/home/igem/unknown_software/datasets/propedia_formatted/propedia_2uwe_C/propedia_2uwe_C_protein_pocket.pdb,/home/igem/unknown_software/datasets/propedia_formatted/propedia_2uwe_C/propedia_2uwe_C_peptide.pdb,propedia
propedia_2uwe_C,/home/igem/unknown_software/datasets/propedia_formatted/propedia_2uwe_C/propedia_2uwe_C_protein_pocket.pdb,/home/igem/unknown_software/datasets/propedia_formatted/propedia_2uwe_C/propedia_2uwe_C_peptide.pdb,propedia
propedia_2uwe_C,/home/igem/unknown_software/datasets/propedia_formatted/propedia_2uwe_C/propedia_2uwe_C_protein_pocket.pdb,/home/igem/unknown_software/datasets/propedia_formatted/propedia_2uwe_C/propedia_2uwe_C_peptide.pdb,propedia
propedia_2v17_A,/home/igem/unknown_software/datasets/propedia_formatted/propedia_2v17_A/propedia_2v17_A_protein_pocket.pdb,/home/igem/unknown_software/datasets/propedia_formatted/propedia_2v17_A/propedia_2v17_A_peptide.pdb,propedia
propedia_2v17_A,/home/igem/unknown_software/datasets/propedia_formatted/propedia_2v17_A/propedia_2v17_A_protein_pocket.pdb,/home/igem/unknown_software/datasets/propedia_formatted/propedia_2v17_A/propedia_2v17_A_peptide.pdb,propedia
propedia_2v1r_P,/home/igem/unknown_software/datasets/propedia_formatted/propedia_2v1r_P/propedia_2v1r_P_protein_pocket.pdb,/home/igem/unknown_software/datasets/propedia_formatted/propedia_2v1r_P/propedia_2v1r_P_peptide.pdb,propedia
propedia_2v3h_I,/home/igem/unknown_software/datasets/propedia_formatted/propedia_2v3h_I/propedia_2v3h_I_protein_pocket.pdb,/home/igem/unknown_software/datasets/propedia_formatted/propedia_2v3h_I/propedia_2v3h_I_peptide.pdb,propedia
propedia_2v3o_I,/home/igem/unknown_software/datasets/propedia_formatted/propedia_2v3o_I/propedia_2v3o_I_protein_pocket.pdb,/home/igem/unknown_software/datasets/propedia_formatted/propedia_2v3o_I/propedia_2v3o_I_peptide.pdb,propedia
propedia_2v3s_C,/home/igem/unknown_software/datasets/propedia_formatted/propedia_2v3s_C/propedia_2v3s_C_protein_pocket.pdb,/home/igem/unknown_software/datasets/propedia_formatted/propedia_2v3s_C/propedia_2v3s_C_peptide.pdb,propedia
propedia_2v5f_X,/home/igem/unknown_software/datasets/propedia_formatted/propedia_2v5f_X/propedia_2v5f_X_protein_pocket.pdb,/home/igem/unknown_software/datasets/propedia_formatted/propedia_2v5f_X/propedia_2v5f_X_peptide.pdb,propedia
propedia_2v7d_P,/home/igem/unknown_software/datasets/propedia_formatted/propedia_2v7d_P/propedia_2v7d_P_protein_pocket.pdb,/home/igem/unknown_software/datasets/propedia_formatted/propedia_2v7d_P/propedia_2v7d_P_peptide.pdb,propedia
propedia_2v83_D,/home/igem/unknown_software/datasets/propedia_formatted/propedia_2v83_D/propedia_2v83_D_protein_pocket.pdb,/home/igem/unknown_software/datasets/propedia_formatted/propedia_2v83_D/propedia_2v83_D_peptide.pdb,propedia
propedia_2v83_D,/home/igem/unknown_software/datasets/propedia_formatted/propedia_2v83_D/propedia_2v83_D_protein_pocket.pdb,/home/igem/unknown_software/datasets/propedia_formatted/propedia_2v83_D/propedia_2v83_D_peptide.pdb,propedia
propedia_2v83_D,/home/igem/unknown_software/datasets/propedia_formatted/propedia_2v83_D/propedia_2v83_D_protein_pocket.pdb,/home/igem/unknown_software/datasets/propedia_formatted/propedia_2v83_D/propedia_2v83_D_peptide.pdb,propedia
propedia_2v85_D,/home/igem/unknown_software/datasets/propedia_formatted/propedia_2v85_D/propedia_2v85_D_protein_pocket.pdb,/home/igem/unknown_software/datasets/propedia_formatted/propedia_2v85_D/propedia_2v85_D_peptide.pdb,propedia
propedia_2v86_D,/home/igem/unknown_software/datasets/propedia_formatted/propedia_2v86_D/propedia_2v86_D_protein_pocket.pdb,/home/igem/unknown_software/datasets/propedia_formatted/propedia_2v86_D/propedia_2v86_D_peptide.pdb,propedia
propedia_2v88_D,/home/igem/unknown_software/datasets/propedia_formatted/propedia_2v88_D/propedia_2v88_D_protein_pocket.pdb,/home/igem/unknown_software/datasets/propedia_formatted/propedia_2v88_D/propedia_2v88_D_peptide.pdb,propedia
propedia_2v89_D,/home/igem/unknown_software/datasets/propedia_formatted/propedia_2v89_D/propedia_2v89_D_protein_pocket.pdb,/home/igem/unknown_software/datasets/propedia_formatted/propedia_2v89_D/propedia_2v89_D_peptide.pdb,propedia
propedia_2vdr_C,/home/igem/unknown_software/datasets/propedia_formatted/propedia_2vdr_C/propedia_2vdr_C_protein_pocket.pdb,/home/igem/unknown_software/datasets/propedia_formatted/propedia_2vdr_C/propedia_2vdr_C_peptide.pdb,propedia
propedia_2vdr_C,/home/igem/unknown_software/datasets/propedia_formatted/propedia_2vdr_C/propedia_2vdr_C_protein_pocket.pdb,/home/igem/unknown_software/datasets/propedia_formatted/propedia_2vdr_C/propedia_2vdr_C_peptide.pdb,propedia
propedia_2vgc_A,/home/igem/unknown_software/datasets/propedia_formatted/propedia_2vgc_A/propedia_2vgc_A_protein_pocket.pdb,/home/igem/unknown_software/datasets/propedia_formatted/propedia_2vgc_A/propedia_2vgc_A_peptide.pdb,propedia
propedia_2vgc_A,/home/igem/unknown_software/datasets/propedia_formatted/propedia_2vgc_A/propedia_2vgc_A_protein_pocket.pdb,/home/igem/unknown_software/datasets/propedia_formatted/propedia_2vgc_A/propedia_2vgc_A_peptide.pdb,propedia
propedia_2vif_P,/home/igem/unknown_software/datasets/propedia_formatted/propedia_2vif_P/propedia_2vif_P_protein_pocket.pdb,/home/igem/unknown_software/datasets/propedia_formatted/propedia_2vif_P/propedia_2vif_P_peptide.pdb,propedia
propedia_2vlj_C,/home/igem/unknown_software/datasets/propedia_formatted/propedia_2vlj_C/propedia_2vlj_C_protein_pocket.pdb,/home/igem/unknown_software/datasets/propedia_formatted/propedia_2vlj_C/propedia_2vlj_C_peptide.pdb,propedia
propedia_2vlj_C,/home/igem/unknown_software/datasets/propedia_formatted/propedia_2vlj_C/propedia_2vlj_C_protein_pocket.pdb,/home/igem/unknown_software/datasets/propedia_formatted/propedia_2vlj_C/propedia_2vlj_C_peptide.pdb,propedia
propedia_2vlj_C,/home/igem/unknown_software/datasets/propedia_formatted/propedia_2vlj_C/propedia_2vlj_C_protein_pocket.pdb,/home/igem/unknown_software/datasets/propedia_formatted/propedia_2vlj_C/propedia_2vlj_C_peptide.pdb,propedia
propedia_2vlk_C,/home/igem/unknown_software/datasets/propedia_formatted/propedia_2vlk_C/propedia_2vlk_C_protein_pocket.pdb,/home/igem/unknown_software/datasets/propedia_formatted/propedia_2vlk_C/propedia_2vlk_C_peptide.pdb,propedia
propedia_2vlk_C,/home/igem/unknown_software/datasets/propedia_formatted/propedia_2vlk_C/propedia_2vlk_C_protein_pocket.pdb,/home/igem/unknown_software/datasets/propedia_formatted/propedia_2vlk_C/propedia_2vlk_C_peptide.pdb,propedia
propedia_2vlk_C,/home/igem/unknown_software/datasets/propedia_formatted/propedia_2vlk_C/propedia_2vlk_C_protein_pocket.pdb,/home/igem/unknown_software/datasets/propedia_formatted/propedia_2vlk_C/propedia_2vlk_C_peptide.pdb,propedia
propedia_2vlr_C,/home/igem/unknown_software/datasets/propedia_formatted/propedia_2vlr_C/propedia_2vlr_C_protein_pocket.pdb,/home/igem/unknown_software/datasets/propedia_formatted/propedia_2vlr_C/propedia_2vlr_C_peptide.pdb,propedia
propedia_2vlr_C,/home/igem/unknown_software/datasets/propedia_formatted/propedia_2vlr_C/propedia_2vlr_C_protein_pocket.pdb,/home/igem/unknown_software/datasets/propedia_formatted/propedia_2vlr_C/propedia_2vlr_C_peptide.pdb,propedia
propedia_2vlr_C,/home/igem/unknown_software/datasets/propedia_formatted/propedia_2vlr_C/propedia_2vlr_C_protein_pocket.pdb,/home/igem/unknown_software/datasets/propedia_formatted/propedia_2vlr_C/propedia_2vlr_C_peptide.pdb,propedia
propedia_2w0p_C,/home/igem/unknown_software/datasets/propedia_formatted/propedia_2w0p_C/propedia_2w0p_C_protein_pocket.pdb,/home/igem/unknown_software/datasets/propedia_formatted/propedia_2w0p_C/propedia_2w0p_C_peptide.pdb,propedia
propedia_2w0p_C,/home/igem/unknown_software/datasets/propedia_formatted/propedia_2w0p_C/propedia_2w0p_C_protein_pocket.pdb,/home/igem/unknown_software/datasets/propedia_formatted/propedia_2w0p_C/propedia_2w0p_C_peptide.pdb,propedia
propedia_2w10_C,/home/igem/unknown_software/datasets/propedia_formatted/propedia_2w10_C/propedia_2w10_C_protein_pocket.pdb,/home/igem/unknown_software/datasets/propedia_formatted/propedia_2w10_C/propedia_2w10_C_peptide.pdb,propedia
propedia_2w2u_C,/home/igem/unknown_software/datasets/propedia_formatted/propedia_2w2u_C/propedia_2w2u_C_protein_pocket.pdb,/home/igem/unknown_software/datasets/propedia_formatted/propedia_2w2u_C/propedia_2w2u_C_peptide.pdb,propedia
propedia_2w3o_C,/home/igem/unknown_software/datasets/propedia_formatted/propedia_2w3o_C/propedia_2w3o_C_protein_pocket.pdb,/home/igem/unknown_software/datasets/propedia_formatted/propedia_2w3o_C/propedia_2w3o_C_peptide.pdb,propedia
propedia_2w5z_C,/home/igem/unknown_software/datasets/propedia_formatted/propedia_2w5z_C/propedia_2w5z_C_protein_pocket.pdb,/home/igem/unknown_software/datasets/propedia_formatted/propedia_2w5z_C/propedia_2w5z_C_peptide.pdb,propedia
propedia_2w65_E,/home/igem/unknown_software/datasets/propedia_formatted/propedia_2w65_E/propedia_2w65_E_protein_pocket.pdb,/home/igem/unknown_software/datasets/propedia_formatted/propedia_2w65_E/propedia_2w65_E_peptide.pdb,propedia
propedia_2w65_E,/home/igem/unknown_software/datasets/propedia_formatted/propedia_2w65_E/propedia_2w65_E_protein_pocket.pdb,/home/igem/unknown_software/datasets/propedia_formatted/propedia_2w65_E/propedia_2w65_E_peptide.pdb,propedia
propedia_2w65_E,/home/igem/unknown_software/datasets/propedia_formatted/propedia_2w65_E/propedia_2w65_E_protein_pocket.pdb,/home/igem/unknown_software/datasets/propedia_formatted/propedia_2w65_E/propedia_2w65_E_peptide.pdb,propedia
propedia_2w9r_B,/home/igem/unknown_software/datasets/propedia_formatted/propedia_2w9r_B/propedia_2w9r_B_protein_pocket.pdb,/home/igem/unknown_software/datasets/propedia_formatted/propedia_2w9r_B/propedia_2w9r_B_peptide.pdb,propedia
propedia_2wa8_B,/home/igem/unknown_software/datasets/propedia_formatted/propedia_2wa8_B/propedia_2wa8_B_protein_pocket.pdb,/home/igem/unknown_software/datasets/propedia_formatted/propedia_2wa8_B/propedia_2wa8_B_peptide.pdb,propedia
propedia_2wev_E,/home/igem/unknown_software/datasets/propedia_formatted/propedia_2wev_E/propedia_2wev_E_protein_pocket.pdb,/home/igem/unknown_software/datasets/propedia_formatted/propedia_2wev_E/propedia_2wev_E_peptide.pdb,propedia
propedia_2wfj_B,/home/igem/unknown_software/datasets/propedia_formatted/propedia_2wfj_B/propedia_2wfj_B_protein_pocket.pdb,/home/igem/unknown_software/datasets/propedia_formatted/propedia_2wfj_B/propedia_2wfj_B_peptide.pdb,propedia
propedia_2why_B,/home/igem/unknown_software/datasets/propedia_formatted/propedia_2why_B/propedia_2why_B_protein_pocket.pdb,/home/igem/unknown_software/datasets/propedia_formatted/propedia_2why_B/propedia_2why_B_peptide.pdb,propedia
propedia_2wo6_C,/home/igem/unknown_software/datasets/propedia_formatted/propedia_2wo6_C/propedia_2wo6_C_protein_pocket.pdb,/home/igem/unknown_software/datasets/propedia_formatted/propedia_2wo6_C/propedia_2wo6_C_peptide.pdb,propedia
propedia_2wok_B,/home/igem/unknown_software/datasets/propedia_formatted/propedia_2wok_B/propedia_2wok_B_protein_pocket.pdb,/home/igem/unknown_software/datasets/propedia_formatted/propedia_2wok_B/propedia_2wok_B_peptide.pdb,propedia
propedia_2wp1_P,/home/igem/unknown_software/datasets/propedia_formatted/propedia_2wp1_P/propedia_2wp1_P_protein_pocket.pdb,/home/igem/unknown_software/datasets/propedia_formatted/propedia_2wp1_P/propedia_2wp1_P_peptide.pdb,propedia
propedia_2wp2_P,/home/igem/unknown_software/datasets/propedia_formatted/propedia_2wp2_P/propedia_2wp2_P_protein_pocket.pdb,/home/igem/unknown_software/datasets/propedia_formatted/propedia_2wp2_P/propedia_2wp2_P_peptide.pdb,propedia
propedia_2wv4_C,/home/igem/unknown_software/datasets/propedia_formatted/propedia_2wv4_C/propedia_2wv4_C_protein_pocket.pdb,/home/igem/unknown_software/datasets/propedia_formatted/propedia_2wv4_C/propedia_2wv4_C_peptide.pdb,propedia
propedia_2x2c_B,/home/igem/unknown_software/datasets/propedia_formatted/propedia_2x2c_B/propedia_2x2c_B_protein_pocket.pdb,/home/igem/unknown_software/datasets/propedia_formatted/propedia_2x2c_B/propedia_2x2c_B_peptide.pdb,propedia
propedia_2x4n_C,/home/igem/unknown_software/datasets/propedia_formatted/propedia_2x4n_C/propedia_2x4n_C_protein_pocket.pdb,/home/igem/unknown_software/datasets/propedia_formatted/propedia_2x4n_C/propedia_2x4n_C_peptide.pdb,propedia
propedia_2x4n_C,/home/igem/unknown_software/datasets/propedia_formatted/propedia_2x4n_C/propedia_2x4n_C_protein_pocket.pdb,/home/igem/unknown_software/datasets/propedia_formatted/propedia_2x4n_C/propedia_2x4n_C_peptide.pdb,propedia
propedia_2x4o_C,/home/igem/unknown_software/datasets/propedia_formatted/propedia_2x4o_C/propedia_2x4o_C_protein_pocket.pdb,/home/igem/unknown_software/datasets/propedia_formatted/propedia_2x4o_C/propedia_2x4o_C_peptide.pdb,propedia
propedia_2x4p_C,/home/igem/unknown_software/datasets/propedia_formatted/propedia_2x4p_C/propedia_2x4p_C_protein_pocket.pdb,/home/igem/unknown_software/datasets/propedia_formatted/propedia_2x4p_C/propedia_2x4p_C_peptide.pdb,propedia
propedia_2x4p_C,/home/igem/unknown_software/datasets/propedia_formatted/propedia_2x4p_C/propedia_2x4p_C_protein_pocket.pdb,/home/igem/unknown_software/datasets/propedia_formatted/propedia_2x4p_C/propedia_2x4p_C_peptide.pdb,propedia
propedia_2x4q_C,/home/igem/unknown_software/datasets/propedia_formatted/propedia_2x4q_C/propedia_2x4q_C_protein_pocket.pdb,/home/igem/unknown_software/datasets/propedia_formatted/propedia_2x4q_C/propedia_2x4q_C_peptide.pdb,propedia
propedia_2x4r_C,/home/igem/unknown_software/datasets/propedia_formatted/propedia_2x4r_C/propedia_2x4r_C_protein_pocket.pdb,/home/igem/unknown_software/datasets/propedia_formatted/propedia_2x4r_C/propedia_2x4r_C_peptide.pdb,propedia
propedia_2x4t_C,/home/igem/unknown_software/datasets/propedia_formatted/propedia_2x4t_C/propedia_2x4t_C_protein_pocket.pdb,/home/igem/unknown_software/datasets/propedia_formatted/propedia_2x4t_C/propedia_2x4t_C_peptide.pdb,propedia
propedia_2x6m_B,/home/igem/unknown_software/datasets/propedia_formatted/propedia_2x6m_B/propedia_2x6m_B_protein_pocket.pdb,/home/igem/unknown_software/datasets/propedia_formatted/propedia_2x6m_B/propedia_2x6m_B_peptide.pdb,propedia
propedia_2x70_C,/home/igem/unknown_software/datasets/propedia_formatted/propedia_2x70_C/propedia_2x70_C_protein_pocket.pdb,/home/igem/unknown_software/datasets/propedia_formatted/propedia_2x70_C/propedia_2x70_C_peptide.pdb,propedia
propedia_2x70_C,/home/igem/unknown_software/datasets/propedia_formatted/propedia_2x70_C/propedia_2x70_C_protein_pocket.pdb,/home/igem/unknown_software/datasets/propedia_formatted/propedia_2x70_C/propedia_2x70_C_peptide.pdb,propedia
propedia_2x70_C,/home/igem/unknown_software/datasets/propedia_formatted/propedia_2x70_C/propedia_2x70_C_protein_pocket.pdb,/home/igem/unknown_software/datasets/propedia_formatted/propedia_2x70_C/propedia_2x70_C_peptide.pdb,propedia
propedia_2x7k_B,/home/igem/unknown_software/datasets/propedia_formatted/propedia_2x7k_B/propedia_2x7k_B_protein_pocket.pdb,/home/igem/unknown_software/datasets/propedia_formatted/propedia_2x7k_B/propedia_2x7k_B_peptide.pdb,propedia
propedia_2xc8_C,/home/igem/unknown_software/datasets/propedia_formatted/propedia_2xc8_C/propedia_2xc8_C_protein_pocket.pdb,/home/igem/unknown_software/datasets/propedia_formatted/propedia_2xc8_C/propedia_2xc8_C_peptide.pdb,propedia
propedia_2xcb_C,/home/igem/unknown_software/datasets/propedia_formatted/propedia_2xcb_C/propedia_2xcb_C_protein_pocket.pdb,/home/igem/unknown_software/datasets/propedia_formatted/propedia_2xcb_C/propedia_2xcb_C_peptide.pdb,propedia
propedia_2xfx_C,/home/igem/unknown_software/datasets/propedia_formatted/propedia_2xfx_C/propedia_2xfx_C_protein_pocket.pdb,/home/igem/unknown_software/datasets/propedia_formatted/propedia_2xfx_C/propedia_2xfx_C_peptide.pdb,propedia
propedia_2xl2_C,/home/igem/unknown_software/datasets/propedia_formatted/propedia_2xl2_C/propedia_2xl2_C_protein_pocket.pdb,/home/igem/unknown_software/datasets/propedia_formatted/propedia_2xl2_C/propedia_2xl2_C_peptide.pdb,propedia
propedia_2xqq_E,/home/igem/unknown_software/datasets/propedia_formatted/propedia_2xqq_E/propedia_2xqq_E_protein_pocket.pdb,/home/igem/unknown_software/datasets/propedia_formatted/propedia_2xqq_E/propedia_2xqq_E_peptide.pdb,propedia
propedia_2xqq_E,/home/igem/unknown_software/datasets/propedia_formatted/propedia_2xqq_E/propedia_2xqq_E_protein_pocket.pdb,/home/igem/unknown_software/datasets/propedia_formatted/propedia_2xqq_E/propedia_2xqq_E_peptide.pdb,propedia
propedia_2xqq_E,/home/igem/unknown_software/datasets/propedia_formatted/propedia_2xqq_E/propedia_2xqq_E_protein_pocket.pdb,/home/igem/unknown_software/datasets/propedia_formatted/propedia_2xqq_E/propedia_2xqq_E_peptide.pdb,propedia
propedia_2xrw_B,/home/igem/unknown_software/datasets/propedia_formatted/propedia_2xrw_B/propedia_2xrw_B_protein_pocket.pdb,/home/igem/unknown_software/datasets/propedia_formatted/propedia_2xrw_B/propedia_2xrw_B_peptide.pdb,propedia
propedia_2xs8_B,/home/igem/unknown_software/datasets/propedia_formatted/propedia_2xs8_B/propedia_2xs8_B_protein_pocket.pdb,/home/igem/unknown_software/datasets/propedia_formatted/propedia_2xs8_B/propedia_2xs8_B_peptide.pdb,propedia
propedia_2xzq_P,/home/igem/unknown_software/datasets/propedia_formatted/propedia_2xzq_P/propedia_2xzq_P_protein_pocket.pdb,/home/igem/unknown_software/datasets/propedia_formatted/propedia_2xzq_P/propedia_2xzq_P_peptide.pdb,propedia
propedia_2xzq_P,/home/igem/unknown_software/datasets/propedia_formatted/propedia_2xzq_P/propedia_2xzq_P_protein_pocket.pdb,/home/igem/unknown_software/datasets/propedia_formatted/propedia_2xzq_P/propedia_2xzq_P_peptide.pdb,propedia
propedia_2y06_P,/home/igem/unknown_software/datasets/propedia_formatted/propedia_2y06_P/propedia_2y06_P_protein_pocket.pdb,/home/igem/unknown_software/datasets/propedia_formatted/propedia_2y06_P/propedia_2y06_P_peptide.pdb,propedia
propedia_2y06_P,/home/igem/unknown_software/datasets/propedia_formatted/propedia_2y06_P/propedia_2y06_P_protein_pocket.pdb,/home/igem/unknown_software/datasets/propedia_formatted/propedia_2y06_P/propedia_2y06_P_peptide.pdb,propedia
propedia_2y07_P,/home/igem/unknown_software/datasets/propedia_formatted/propedia_2y07_P/propedia_2y07_P_protein_pocket.pdb,/home/igem/unknown_software/datasets/propedia_formatted/propedia_2y07_P/propedia_2y07_P_peptide.pdb,propedia
propedia_2y07_P,/home/igem/unknown_software/datasets/propedia_formatted/propedia_2y07_P/propedia_2y07_P_protein_pocket.pdb,/home/igem/unknown_software/datasets/propedia_formatted/propedia_2y07_P/propedia_2y07_P_peptide.pdb,propedia
propedia_2y1n_B,/home/igem/unknown_software/datasets/propedia_formatted/propedia_2y1n_B/propedia_2y1n_B_protein_pocket.pdb,/home/igem/unknown_software/datasets/propedia_formatted/propedia_2y1n_B/propedia_2y1n_B_peptide.pdb,propedia
propedia_2y7l_B,/home/igem/unknown_software/datasets/propedia_formatted/propedia_2y7l_B/propedia_2y7l_B_protein_pocket.pdb,/home/igem/unknown_software/datasets/propedia_formatted/propedia_2y7l_B/propedia_2y7l_B_peptide.pdb,propedia
propedia_2y8o_B,/home/igem/unknown_software/datasets/propedia_formatted/propedia_2y8o_B/propedia_2y8o_B_protein_pocket.pdb,/home/igem/unknown_software/datasets/propedia_formatted/propedia_2y8o_B/propedia_2y8o_B_peptide.pdb,propedia
propedia_2ybp_C,/home/igem/unknown_software/datasets/propedia_formatted/propedia_2ybp_C/propedia_2ybp_C_protein_pocket.pdb,/home/igem/unknown_software/datasets/propedia_formatted/propedia_2ybp_C/propedia_2ybp_C_peptide.pdb,propedia
propedia_2ybs_C,/home/igem/unknown_software/datasets/propedia_formatted/propedia_2ybs_C/propedia_2ybs_C_protein_pocket.pdb,/home/igem/unknown_software/datasets/propedia_formatted/propedia_2ybs_C/propedia_2ybs_C_peptide.pdb,propedia
propedia_2ych_B,/home/igem/unknown_software/datasets/propedia_formatted/propedia_2ych_B/propedia_2ych_B_protein_pocket.pdb,/home/igem/unknown_software/datasets/propedia_formatted/propedia_2ych_B/propedia_2ych_B_peptide.pdb,propedia
propedia_2yja_A,/home/igem/unknown_software/datasets/propedia_formatted/propedia_2yja_A/propedia_2yja_A_protein_pocket.pdb,/home/igem/unknown_software/datasets/propedia_formatted/propedia_2yja_A/propedia_2yja_A_peptide.pdb,propedia
propedia_2yjd_C,/home/igem/unknown_software/datasets/propedia_formatted/propedia_2yjd_C/propedia_2yjd_C_protein_pocket.pdb,/home/igem/unknown_software/datasets/propedia_formatted/propedia_2yjd_C/propedia_2yjd_C_peptide.pdb,propedia
propedia_2ymt_B,/home/igem/unknown_software/datasets/propedia_formatted/propedia_2ymt_B/propedia_2ymt_B_protein_pocket.pdb,/home/igem/unknown_software/datasets/propedia_formatted/propedia_2ymt_B/propedia_2ymt_B_peptide.pdb,propedia
propedia_2ynn_P,/home/igem/unknown_software/datasets/propedia_formatted/propedia_2ynn_P/propedia_2ynn_P_protein_pocket.pdb,/home/igem/unknown_software/datasets/propedia_formatted/propedia_2ynn_P/propedia_2ynn_P_peptide.pdb,propedia
propedia_2yno_P,/home/igem/unknown_software/datasets/propedia_formatted/propedia_2yno_P/propedia_2yno_P_protein_pocket.pdb,/home/igem/unknown_software/datasets/propedia_formatted/propedia_2yno_P/propedia_2yno_P_peptide.pdb,propedia
propedia_2ypl_C,/home/igem/unknown_software/datasets/propedia_formatted/propedia_2ypl_C/propedia_2ypl_C_protein_pocket.pdb,/home/igem/unknown_software/datasets/propedia_formatted/propedia_2ypl_C/propedia_2ypl_C_peptide.pdb,propedia
propedia_2ypl_C,/home/igem/unknown_software/datasets/propedia_formatted/propedia_2ypl_C/propedia_2ypl_C_protein_pocket.pdb,/home/igem/unknown_software/datasets/propedia_formatted/propedia_2ypl_C/propedia_2ypl_C_peptide.pdb,propedia
propedia_2ypl_C,/home/igem/unknown_software/datasets/propedia_formatted/propedia_2ypl_C/propedia_2ypl_C_protein_pocket.pdb,/home/igem/unknown_software/datasets/propedia_formatted/propedia_2ypl_C/propedia_2ypl_C_peptide.pdb,propedia
propedia_2yyr_P,/home/igem/unknown_software/datasets/propedia_formatted/propedia_2yyr_P/propedia_2yyr_P_protein_pocket.pdb,/home/igem/unknown_software/datasets/propedia_formatted/propedia_2yyr_P/propedia_2yyr_P_peptide.pdb,propedia
propedia_2z32_B,/home/igem/unknown_software/datasets/propedia_formatted/propedia_2z32_B/propedia_2z32_B_protein_pocket.pdb,/home/igem/unknown_software/datasets/propedia_formatted/propedia_2z32_B/propedia_2z32_B_peptide.pdb,propedia
propedia_2z3c_B,/home/igem/unknown_software/datasets/propedia_formatted/propedia_2z3c_B/propedia_2z3c_B_protein_pocket.pdb,/home/igem/unknown_software/datasets/propedia_formatted/propedia_2z3c_B/propedia_2z3c_B_peptide.pdb,propedia
propedia_2z3d_I,/home/igem/unknown_software/datasets/propedia_formatted/propedia_2z3d_I/propedia_2z3d_I_protein_pocket.pdb,/home/igem/unknown_software/datasets/propedia_formatted/propedia_2z3d_I/propedia_2z3d_I_peptide.pdb,propedia
propedia_2z3n_C,/home/igem/unknown_software/datasets/propedia_formatted/propedia_2z3n_C/propedia_2z3n_C_protein_pocket.pdb,/home/igem/unknown_software/datasets/propedia_formatted/propedia_2z3n_C/propedia_2z3n_C_peptide.pdb,propedia
propedia_2z5s_P,/home/igem/unknown_software/datasets/propedia_formatted/propedia_2z5s_P/propedia_2z5s_P_protein_pocket.pdb,/home/igem/unknown_software/datasets/propedia_formatted/propedia_2z5s_P/propedia_2z5s_P_peptide.pdb,propedia
propedia_2z5s_P,/home/igem/unknown_software/datasets/propedia_formatted/propedia_2z5s_P/propedia_2z5s_P_protein_pocket.pdb,/home/igem/unknown_software/datasets/propedia_formatted/propedia_2z5s_P/propedia_2z5s_P_peptide.pdb,propedia
propedia_2z5t_P,/home/igem/unknown_software/datasets/propedia_formatted/propedia_2z5t_P/propedia_2z5t_P_protein_pocket.pdb,/home/igem/unknown_software/datasets/propedia_formatted/propedia_2z5t_P/propedia_2z5t_P_peptide.pdb,propedia
propedia_2z5t_P,/home/igem/unknown_software/datasets/propedia_formatted/propedia_2z5t_P/propedia_2z5t_P_protein_pocket.pdb,/home/igem/unknown_software/datasets/propedia_formatted/propedia_2z5t_P/propedia_2z5t_P_peptide.pdb,propedia
propedia_2z6w_M,/home/igem/unknown_software/datasets/propedia_formatted/propedia_2z6w_M/propedia_2z6w_M_protein_pocket.pdb,/home/igem/unknown_software/datasets/propedia_formatted/propedia_2z6w_M/propedia_2z6w_M_peptide.pdb,propedia
propedia_2z7x_C,/home/igem/unknown_software/datasets/propedia_formatted/propedia_2z7x_C/propedia_2z7x_C_protein_pocket.pdb,/home/igem/unknown_software/datasets/propedia_formatted/propedia_2z7x_C/propedia_2z7x_C_peptide.pdb,propedia
propedia_2z7x_C,/home/igem/unknown_software/datasets/propedia_formatted/propedia_2z7x_C/propedia_2z7x_C_protein_pocket.pdb,/home/igem/unknown_software/datasets/propedia_formatted/propedia_2z7x_C/propedia_2z7x_C_peptide.pdb,propedia
propedia_2z8p_B,/home/igem/unknown_software/datasets/propedia_formatted/propedia_2z8p_B/propedia_2z8p_B_protein_pocket.pdb,/home/igem/unknown_software/datasets/propedia_formatted/propedia_2z8p_B/propedia_2z8p_B_peptide.pdb,propedia
propedia_2zc9_I,/home/igem/unknown_software/datasets/propedia_formatted/propedia_2zc9_I/propedia_2zc9_I_protein_pocket.pdb,/home/igem/unknown_software/datasets/propedia_formatted/propedia_2zc9_I/propedia_2zc9_I_peptide.pdb,propedia
propedia_2zda_I,/home/igem/unknown_software/datasets/propedia_formatted/propedia_2zda_I/propedia_2zda_I_protein_pocket.pdb,/home/igem/unknown_software/datasets/propedia_formatted/propedia_2zda_I/propedia_2zda_I_peptide.pdb,propedia
propedia_2zdv_I,/home/igem/unknown_software/datasets/propedia_formatted/propedia_2zdv_I/propedia_2zdv_I_protein_pocket.pdb,/home/igem/unknown_software/datasets/propedia_formatted/propedia_2zdv_I/propedia_2zdv_I_peptide.pdb,propedia
propedia_2zf0_I,/home/igem/unknown_software/datasets/propedia_formatted/propedia_2zf0_I/propedia_2zf0_I_protein_pocket.pdb,/home/igem/unknown_software/datasets/propedia_formatted/propedia_2zf0_I/propedia_2zf0_I_peptide.pdb,propedia
propedia_2zff_I,/home/igem/unknown_software/datasets/propedia_formatted/propedia_2zff_I/propedia_2zff_I_protein_pocket.pdb,/home/igem/unknown_software/datasets/propedia_formatted/propedia_2zff_I/propedia_2zff_I_peptide.pdb,propedia
propedia_2zfp_I,/home/igem/unknown_software/datasets/propedia_formatted/propedia_2zfp_I/propedia_2zfp_I_protein_pocket.pdb,/home/igem/unknown_software/datasets/propedia_formatted/propedia_2zfp_I/propedia_2zfp_I_peptide.pdb,propedia
propedia_2zfq_I,/home/igem/unknown_software/datasets/propedia_formatted/propedia_2zfq_I/propedia_2zfq_I_protein_pocket.pdb,/home/igem/unknown_software/datasets/propedia_formatted/propedia_2zfq_I/propedia_2zfq_I_peptide.pdb,propedia
propedia_2zfr_I,/home/igem/unknown_software/datasets/propedia_formatted/propedia_2zfr_I/propedia_2zfr_I_protein_pocket.pdb,/home/igem/unknown_software/datasets/propedia_formatted/propedia_2zfr_I/propedia_2zfr_I_peptide.pdb,propedia
propedia_2zg0_I,/home/igem/unknown_software/datasets/propedia_formatted/propedia_2zg0_I/propedia_2zg0_I_protein_pocket.pdb,/home/igem/unknown_software/datasets/propedia_formatted/propedia_2zg0_I/propedia_2zg0_I_peptide.pdb,propedia
propedia_2zgb_I,/home/igem/unknown_software/datasets/propedia_formatted/propedia_2zgb_I/propedia_2zgb_I_protein_pocket.pdb,/home/igem/unknown_software/datasets/propedia_formatted/propedia_2zgb_I/propedia_2zgb_I_peptide.pdb,propedia
propedia_2zgh_B,/home/igem/unknown_software/datasets/propedia_formatted/propedia_2zgh_B/propedia_2zgh_B_protein_pocket.pdb,/home/igem/unknown_software/datasets/propedia_formatted/propedia_2zgh_B/propedia_2zgh_B_peptide.pdb,propedia
propedia_2zgx_I,/home/igem/unknown_software/datasets/propedia_formatted/propedia_2zgx_I/propedia_2zgx_I_protein_pocket.pdb,/home/igem/unknown_software/datasets/propedia_formatted/propedia_2zgx_I/propedia_2zgx_I_peptide.pdb,propedia
propedia_2zhe_I,/home/igem/unknown_software/datasets/propedia_formatted/propedia_2zhe_I/propedia_2zhe_I_protein_pocket.pdb,/home/igem/unknown_software/datasets/propedia_formatted/propedia_2zhe_I/propedia_2zhe_I_peptide.pdb,propedia
propedia_2zhf_I,/home/igem/unknown_software/datasets/propedia_formatted/propedia_2zhf_I/propedia_2zhf_I_protein_pocket.pdb,/home/igem/unknown_software/datasets/propedia_formatted/propedia_2zhf_I/propedia_2zhf_I_peptide.pdb,propedia
propedia_2zhq_I,/home/igem/unknown_software/datasets/propedia_formatted/propedia_2zhq_I/propedia_2zhq_I_protein_pocket.pdb,/home/igem/unknown_software/datasets/propedia_formatted/propedia_2zhq_I/propedia_2zhq_I_peptide.pdb,propedia
propedia_2zhr_C,/home/igem/unknown_software/datasets/propedia_formatted/propedia_2zhr_C/propedia_2zhr_C_protein_pocket.pdb,/home/igem/unknown_software/datasets/propedia_formatted/propedia_2zhr_C/propedia_2zhr_C_peptide.pdb,propedia
propedia_2zhw_I,/home/igem/unknown_software/datasets/propedia_formatted/propedia_2zhw_I/propedia_2zhw_I_protein_pocket.pdb,/home/igem/unknown_software/datasets/propedia_formatted/propedia_2zhw_I/propedia_2zhw_I_peptide.pdb,propedia
propedia_2zi2_I,/home/igem/unknown_software/datasets/propedia_formatted/propedia_2zi2_I/propedia_2zi2_I_protein_pocket.pdb,/home/igem/unknown_software/datasets/propedia_formatted/propedia_2zi2_I/propedia_2zi2_I_peptide.pdb,propedia
propedia_2ziq_I,/home/igem/unknown_software/datasets/propedia_formatted/propedia_2ziq_I/propedia_2ziq_I_protein_pocket.pdb,/home/igem/unknown_software/datasets/propedia_formatted/propedia_2ziq_I/propedia_2ziq_I_peptide.pdb,propedia
propedia_2zjd_B,/home/igem/unknown_software/datasets/propedia_formatted/propedia_2zjd_B/propedia_2zjd_B_protein_pocket.pdb,/home/igem/unknown_software/datasets/propedia_formatted/propedia_2zjd_B/propedia_2zjd_B_peptide.pdb,propedia
propedia_2znk_I,/home/igem/unknown_software/datasets/propedia_formatted/propedia_2znk_I/propedia_2znk_I_protein_pocket.pdb,/home/igem/unknown_software/datasets/propedia_formatted/propedia_2znk_I/propedia_2znk_I_peptide.pdb,propedia
propedia_2zo3_I,/home/igem/unknown_software/datasets/propedia_formatted/propedia_2zo3_I/propedia_2zo3_I_protein_pocket.pdb,/home/igem/unknown_software/datasets/propedia_formatted/propedia_2zo3_I/propedia_2zo3_I_peptide.pdb,propedia
propedia_2zok_I,/home/igem/unknown_software/datasets/propedia_formatted/propedia_2zok_I/propedia_2zok_I_protein_pocket.pdb,/home/igem/unknown_software/datasets/propedia_formatted/propedia_2zok_I/propedia_2zok_I_peptide.pdb,propedia
propedia_2zpk_P,/home/igem/unknown_software/datasets/propedia_formatted/propedia_2zpk_P/propedia_2zpk_P_protein_pocket.pdb,/home/igem/unknown_software/datasets/propedia_formatted/propedia_2zpk_P/propedia_2zpk_P_peptide.pdb,propedia
propedia_2zpk_P,/home/igem/unknown_software/datasets/propedia_formatted/propedia_2zpk_P/propedia_2zpk_P_protein_pocket.pdb,/home/igem/unknown_software/datasets/propedia_formatted/propedia_2zpk_P/propedia_2zpk_P_peptide.pdb,propedia
propedia_2zpy_B,/home/igem/unknown_software/datasets/propedia_formatted/propedia_2zpy_B/propedia_2zpy_B_protein_pocket.pdb,/home/igem/unknown_software/datasets/propedia_formatted/propedia_2zpy_B/propedia_2zpy_B_peptide.pdb,propedia
propedia_2zsv_E,/home/igem/unknown_software/datasets/propedia_formatted/propedia_2zsv_E/propedia_2zsv_E_protein_pocket.pdb,/home/igem/unknown_software/datasets/propedia_formatted/propedia_2zsv_E/propedia_2zsv_E_peptide.pdb,propedia
propedia_2zvw_I,/home/igem/unknown_software/datasets/propedia_formatted/propedia_2zvw_I/propedia_2zvw_I_protein_pocket.pdb,/home/igem/unknown_software/datasets/propedia_formatted/propedia_2zvw_I/propedia_2zvw_I_peptide.pdb,propedia
propedia_3al3_B,/home/igem/unknown_software/datasets/propedia_formatted/propedia_3al3_B/propedia_3al3_B_protein_pocket.pdb,/home/igem/unknown_software/datasets/propedia_formatted/propedia_3al3_B/propedia_3al3_B_peptide.pdb,propedia
propedia_3ap1_S,/home/igem/unknown_software/datasets/propedia_formatted/propedia_3ap1_S/propedia_3ap1_S_protein_pocket.pdb,/home/igem/unknown_software/datasets/propedia_formatted/propedia_3ap1_S/propedia_3ap1_S_peptide.pdb,propedia
propedia_3ap1_S,/home/igem/unknown_software/datasets/propedia_formatted/propedia_3ap1_S/propedia_3ap1_S_protein_pocket.pdb,/home/igem/unknown_software/datasets/propedia_formatted/propedia_3ap1_S/propedia_3ap1_S_peptide.pdb,propedia
propedia_3ap2_S,/home/igem/unknown_software/datasets/propedia_formatted/propedia_3ap2_S/propedia_3ap2_S_protein_pocket.pdb,/home/igem/unknown_software/datasets/propedia_formatted/propedia_3ap2_S/propedia_3ap2_S_peptide.pdb,propedia
propedia_3ap2_S,/home/igem/unknown_software/datasets/propedia_formatted/propedia_3ap2_S/propedia_3ap2_S_protein_pocket.pdb,/home/igem/unknown_software/datasets/propedia_formatted/propedia_3ap2_S/propedia_3ap2_S_peptide.pdb,propedia
propedia_3apr_I,/home/igem/unknown_software/datasets/propedia_formatted/propedia_3apr_I/propedia_3apr_I_protein_pocket.pdb,/home/igem/unknown_software/datasets/propedia_formatted/propedia_3apr_I/propedia_3apr_I_peptide.pdb,propedia
propedia_3at0_B,/home/igem/unknown_software/datasets/propedia_formatted/propedia_3at0_B/propedia_3at0_B_protein_pocket.pdb,/home/igem/unknown_software/datasets/propedia_formatted/propedia_3at0_B/propedia_3at0_B_peptide.pdb,propedia
propedia_3av9_X,/home/igem/unknown_software/datasets/propedia_formatted/propedia_3av9_X/propedia_3av9_X_protein_pocket.pdb,/home/igem/unknown_software/datasets/propedia_formatted/propedia_3av9_X/propedia_3av9_X_peptide.pdb,propedia
propedia_3av9_X,/home/igem/unknown_software/datasets/propedia_formatted/propedia_3av9_X/propedia_3av9_X_protein_pocket.pdb,/home/igem/unknown_software/datasets/propedia_formatted/propedia_3av9_X/propedia_3av9_X_peptide.pdb,propedia
propedia_3ava_X,/home/igem/unknown_software/datasets/propedia_formatted/propedia_3ava_X/propedia_3ava_X_protein_pocket.pdb,/home/igem/unknown_software/datasets/propedia_formatted/propedia_3ava_X/propedia_3ava_X_peptide.pdb,propedia
propedia_3ava_X,/home/igem/unknown_software/datasets/propedia_formatted/propedia_3ava_X/propedia_3ava_X_protein_pocket.pdb,/home/igem/unknown_software/datasets/propedia_formatted/propedia_3ava_X/propedia_3ava_X_peptide.pdb,propedia
propedia_3avb_X,/home/igem/unknown_software/datasets/propedia_formatted/propedia_3avb_X/propedia_3avb_X_protein_pocket.pdb,/home/igem/unknown_software/datasets/propedia_formatted/propedia_3avb_X/propedia_3avb_X_peptide.pdb,propedia
propedia_3avb_X,/home/igem/unknown_software/datasets/propedia_formatted/propedia_3avb_X/propedia_3avb_X_protein_pocket.pdb,/home/igem/unknown_software/datasets/propedia_formatted/propedia_3avb_X/propedia_3avb_X_peptide.pdb,propedia
propedia_3avc_D,/home/igem/unknown_software/datasets/propedia_formatted/propedia_3avc_D/propedia_3avc_D_protein_pocket.pdb,/home/igem/unknown_software/datasets/propedia_formatted/propedia_3avc_D/propedia_3avc_D_peptide.pdb,propedia
propedia_3avc_D,/home/igem/unknown_software/datasets/propedia_formatted/propedia_3avc_D/propedia_3avc_D_protein_pocket.pdb,/home/igem/unknown_software/datasets/propedia_formatted/propedia_3avc_D/propedia_3avc_D_peptide.pdb,propedia
propedia_3avf_D,/home/igem/unknown_software/datasets/propedia_formatted/propedia_3avf_D/propedia_3avf_D_protein_pocket.pdb,/home/igem/unknown_software/datasets/propedia_formatted/propedia_3avf_D/propedia_3avf_D_peptide.pdb,propedia
propedia_3avf_D,/home/igem/unknown_software/datasets/propedia_formatted/propedia_3avf_D/propedia_3avf_D_protein_pocket.pdb,/home/igem/unknown_software/datasets/propedia_formatted/propedia_3avf_D/propedia_3avf_D_peptide.pdb,propedia
propedia_3avg_D,/home/igem/unknown_software/datasets/propedia_formatted/propedia_3avg_D/propedia_3avg_D_protein_pocket.pdb,/home/igem/unknown_software/datasets/propedia_formatted/propedia_3avg_D/propedia_3avg_D_peptide.pdb,propedia
propedia_3avg_D,/home/igem/unknown_software/datasets/propedia_formatted/propedia_3avg_D/propedia_3avg_D_protein_pocket.pdb,/home/igem/unknown_software/datasets/propedia_formatted/propedia_3avg_D/propedia_3avg_D_peptide.pdb,propedia
propedia_3avh_E,/home/igem/unknown_software/datasets/propedia_formatted/propedia_3avh_E/propedia_3avh_E_protein_pocket.pdb,/home/igem/unknown_software/datasets/propedia_formatted/propedia_3avh_E/propedia_3avh_E_peptide.pdb,propedia
propedia_3avh_E,/home/igem/unknown_software/datasets/propedia_formatted/propedia_3avh_E/propedia_3avh_E_protein_pocket.pdb,/home/igem/unknown_software/datasets/propedia_formatted/propedia_3avh_E/propedia_3avh_E_peptide.pdb,propedia
propedia_3avi_D,/home/igem/unknown_software/datasets/propedia_formatted/propedia_3avi_D/propedia_3avi_D_protein_pocket.pdb,/home/igem/unknown_software/datasets/propedia_formatted/propedia_3avi_D/propedia_3avi_D_peptide.pdb,propedia
propedia_3avi_D,/home/igem/unknown_software/datasets/propedia_formatted/propedia_3avi_D/propedia_3avi_D_protein_pocket.pdb,/home/igem/unknown_software/datasets/propedia_formatted/propedia_3avi_D/propedia_3avi_D_peptide.pdb,propedia
propedia_3avj_D,/home/igem/unknown_software/datasets/propedia_formatted/propedia_3avj_D/propedia_3avj_D_protein_pocket.pdb,/home/igem/unknown_software/datasets/propedia_formatted/propedia_3avj_D/propedia_3avj_D_peptide.pdb,propedia
propedia_3avj_D,/home/igem/unknown_software/datasets/propedia_formatted/propedia_3avj_D/propedia_3avj_D_protein_pocket.pdb,/home/igem/unknown_software/datasets/propedia_formatted/propedia_3avj_D/propedia_3avj_D_peptide.pdb,propedia
propedia_3avk_D,/home/igem/unknown_software/datasets/propedia_formatted/propedia_3avk_D/propedia_3avk_D_protein_pocket.pdb,/home/igem/unknown_software/datasets/propedia_formatted/propedia_3avk_D/propedia_3avk_D_peptide.pdb,propedia
propedia_3avk_D,/home/igem/unknown_software/datasets/propedia_formatted/propedia_3avk_D/propedia_3avk_D_protein_pocket.pdb,/home/igem/unknown_software/datasets/propedia_formatted/propedia_3avk_D/propedia_3avk_D_peptide.pdb,propedia
propedia_3avl_E,/home/igem/unknown_software/datasets/propedia_formatted/propedia_3avl_E/propedia_3avl_E_protein_pocket.pdb,/home/igem/unknown_software/datasets/propedia_formatted/propedia_3avl_E/propedia_3avl_E_peptide.pdb,propedia
propedia_3avl_E,/home/igem/unknown_software/datasets/propedia_formatted/propedia_3avl_E/propedia_3avl_E_protein_pocket.pdb,/home/igem/unknown_software/datasets/propedia_formatted/propedia_3avl_E/propedia_3avl_E_peptide.pdb,propedia
propedia_3avm_D,/home/igem/unknown_software/datasets/propedia_formatted/propedia_3avm_D/propedia_3avm_D_protein_pocket.pdb,/home/igem/unknown_software/datasets/propedia_formatted/propedia_3avm_D/propedia_3avm_D_peptide.pdb,propedia
propedia_3avm_D,/home/igem/unknown_software/datasets/propedia_formatted/propedia_3avm_D/propedia_3avm_D_protein_pocket.pdb,/home/igem/unknown_software/datasets/propedia_formatted/propedia_3avm_D/propedia_3avm_D_peptide.pdb,propedia
propedia_3avn_G,/home/igem/unknown_software/datasets/propedia_formatted/propedia_3avn_G/propedia_3avn_G_protein_pocket.pdb,/home/igem/unknown_software/datasets/propedia_formatted/propedia_3avn_G/propedia_3avn_G_peptide.pdb,propedia
propedia_3avn_G,/home/igem/unknown_software/datasets/propedia_formatted/propedia_3avn_G/propedia_3avn_G_protein_pocket.pdb,/home/igem/unknown_software/datasets/propedia_formatted/propedia_3avn_G/propedia_3avn_G_peptide.pdb,propedia
propedia_3avz_B,/home/igem/unknown_software/datasets/propedia_formatted/propedia_3avz_B/propedia_3avz_B_protein_pocket.pdb,/home/igem/unknown_software/datasets/propedia_formatted/propedia_3avz_B/propedia_3avz_B_peptide.pdb,propedia
propedia_3aw0_B,/home/igem/unknown_software/datasets/propedia_formatted/propedia_3aw0_B/propedia_3aw0_B_protein_pocket.pdb,/home/igem/unknown_software/datasets/propedia_formatted/propedia_3aw0_B/propedia_3aw0_B_peptide.pdb,propedia
propedia_3ax3_B,/home/igem/unknown_software/datasets/propedia_formatted/propedia_3ax3_B/propedia_3ax3_B_protein_pocket.pdb,/home/igem/unknown_software/datasets/propedia_formatted/propedia_3ax3_B/propedia_3ax3_B_peptide.pdb,propedia
propedia_3ax3_B,/home/igem/unknown_software/datasets/propedia_formatted/propedia_3ax3_B/propedia_3ax3_B_protein_pocket.pdb,/home/igem/unknown_software/datasets/propedia_formatted/propedia_3ax3_B/propedia_3ax3_B_peptide.pdb,propedia
propedia_3ax5_B,/home/igem/unknown_software/datasets/propedia_formatted/propedia_3ax5_B/propedia_3ax5_B_protein_pocket.pdb,/home/igem/unknown_software/datasets/propedia_formatted/propedia_3ax5_B/propedia_3ax5_B_peptide.pdb,propedia
propedia_3axy_E,/home/igem/unknown_software/datasets/propedia_formatted/propedia_3axy_E/propedia_3axy_E_protein_pocket.pdb,/home/igem/unknown_software/datasets/propedia_formatted/propedia_3axy_E/propedia_3axy_E_peptide.pdb,propedia
propedia_3ayu_B,/home/igem/unknown_software/datasets/propedia_formatted/propedia_3ayu_B/propedia_3ayu_B_protein_pocket.pdb,/home/igem/unknown_software/datasets/propedia_formatted/propedia_3ayu_B/propedia_3ayu_B_peptide.pdb,propedia
propedia_3b3i_C,/home/igem/unknown_software/datasets/propedia_formatted/propedia_3b3i_C/propedia_3b3i_C_protein_pocket.pdb,/home/igem/unknown_software/datasets/propedia_formatted/propedia_3b3i_C/propedia_3b3i_C_peptide.pdb,propedia
propedia_3b6s_C,/home/igem/unknown_software/datasets/propedia_formatted/propedia_3b6s_C/propedia_3b6s_C_protein_pocket.pdb,/home/igem/unknown_software/datasets/propedia_formatted/propedia_3b6s_C/propedia_3b6s_C_peptide.pdb,propedia
propedia_3b7v_C,/home/igem/unknown_software/datasets/propedia_formatted/propedia_3b7v_C/propedia_3b7v_C_protein_pocket.pdb,/home/igem/unknown_software/datasets/propedia_formatted/propedia_3b7v_C/propedia_3b7v_C_peptide.pdb,propedia
propedia_3b7v_C,/home/igem/unknown_software/datasets/propedia_formatted/propedia_3b7v_C/propedia_3b7v_C_protein_pocket.pdb,/home/igem/unknown_software/datasets/propedia_formatted/propedia_3b7v_C/propedia_3b7v_C_peptide.pdb,propedia
propedia_3b80_C,/home/igem/unknown_software/datasets/propedia_formatted/propedia_3b80_C/propedia_3b80_C_protein_pocket.pdb,/home/igem/unknown_software/datasets/propedia_formatted/propedia_3b80_C/propedia_3b80_C_peptide.pdb,propedia
propedia_3b80_C,/home/igem/unknown_software/datasets/propedia_formatted/propedia_3b80_C/propedia_3b80_C_protein_pocket.pdb,/home/igem/unknown_software/datasets/propedia_formatted/propedia_3b80_C/propedia_3b80_C_peptide.pdb,propedia
propedia_3bae_A,/home/igem/unknown_software/datasets/propedia_formatted/propedia_3bae_A/propedia_3bae_A_protein_pocket.pdb,/home/igem/unknown_software/datasets/propedia_formatted/propedia_3bae_A/propedia_3bae_A_peptide.pdb,propedia
propedia_3bae_A,/home/igem/unknown_software/datasets/propedia_formatted/propedia_3bae_A/propedia_3bae_A_protein_pocket.pdb,/home/igem/unknown_software/datasets/propedia_formatted/propedia_3bae_A/propedia_3bae_A_peptide.pdb,propedia
propedia_3bev_C,/home/igem/unknown_software/datasets/propedia_formatted/propedia_3bev_C/propedia_3bev_C_protein_pocket.pdb,/home/igem/unknown_software/datasets/propedia_formatted/propedia_3bev_C/propedia_3bev_C_peptide.pdb,propedia
propedia_3bgm_C,/home/igem/unknown_software/datasets/propedia_formatted/propedia_3bgm_C/propedia_3bgm_C_protein_pocket.pdb,/home/igem/unknown_software/datasets/propedia_formatted/propedia_3bgm_C/propedia_3bgm_C_peptide.pdb,propedia
propedia_3bh8_C,/home/igem/unknown_software/datasets/propedia_formatted/propedia_3bh8_C/propedia_3bh8_C_protein_pocket.pdb,/home/igem/unknown_software/datasets/propedia_formatted/propedia_3bh8_C/propedia_3bh8_C_peptide.pdb,propedia
propedia_3bh9_C,/home/igem/unknown_software/datasets/propedia_formatted/propedia_3bh9_C/propedia_3bh9_C_protein_pocket.pdb,/home/igem/unknown_software/datasets/propedia_formatted/propedia_3bh9_C/propedia_3bh9_C_peptide.pdb,propedia
propedia_3bhb_C,/home/igem/unknown_software/datasets/propedia_formatted/propedia_3bhb_C/propedia_3bhb_C_protein_pocket.pdb,/home/igem/unknown_software/datasets/propedia_formatted/propedia_3bhb_C/propedia_3bhb_C_peptide.pdb,propedia
propedia_3bin_B,/home/igem/unknown_software/datasets/propedia_formatted/propedia_3bin_B/propedia_3bin_B_protein_pocket.pdb,/home/igem/unknown_software/datasets/propedia_formatted/propedia_3bin_B/propedia_3bin_B_peptide.pdb,propedia
propedia_3biu_I,/home/igem/unknown_software/datasets/propedia_formatted/propedia_3biu_I/propedia_3biu_I_protein_pocket.pdb,/home/igem/unknown_software/datasets/propedia_formatted/propedia_3biu_I/propedia_3biu_I_peptide.pdb,propedia
propedia_3biv_I,/home/igem/unknown_software/datasets/propedia_formatted/propedia_3biv_I/propedia_3biv_I_protein_pocket.pdb,/home/igem/unknown_software/datasets/propedia_formatted/propedia_3biv_I/propedia_3biv_I_peptide.pdb,propedia
propedia_3bkj_A,/home/igem/unknown_software/datasets/propedia_formatted/propedia_3bkj_A/propedia_3bkj_A_protein_pocket.pdb,/home/igem/unknown_software/datasets/propedia_formatted/propedia_3bkj_A/propedia_3bkj_A_peptide.pdb,propedia
propedia_3bkj_A,/home/igem/unknown_software/datasets/propedia_formatted/propedia_3bkj_A/propedia_3bkj_A_protein_pocket.pdb,/home/igem/unknown_software/datasets/propedia_formatted/propedia_3bkj_A/propedia_3bkj_A_peptide.pdb,propedia
propedia_3bo7_E,/home/igem/unknown_software/datasets/propedia_formatted/propedia_3bo7_E/propedia_3bo7_E_protein_pocket.pdb,/home/igem/unknown_software/datasets/propedia_formatted/propedia_3bo7_E/propedia_3bo7_E_peptide.pdb,propedia
propedia_3bo7_E,/home/igem/unknown_software/datasets/propedia_formatted/propedia_3bo7_E/propedia_3bo7_E_protein_pocket.pdb,/home/igem/unknown_software/datasets/propedia_formatted/propedia_3bo7_E/propedia_3bo7_E_peptide.pdb,propedia
propedia_3bo7_E,/home/igem/unknown_software/datasets/propedia_formatted/propedia_3bo7_E/propedia_3bo7_E_protein_pocket.pdb,/home/igem/unknown_software/datasets/propedia_formatted/propedia_3bo7_E/propedia_3bo7_E_peptide.pdb,propedia
propedia_3bo8_C,/home/igem/unknown_software/datasets/propedia_formatted/propedia_3bo8_C/propedia_3bo8_C_protein_pocket.pdb,/home/igem/unknown_software/datasets/propedia_formatted/propedia_3bo8_C/propedia_3bo8_C_peptide.pdb,propedia
propedia_3boo_B,/home/igem/unknown_software/datasets/propedia_formatted/propedia_3boo_B/propedia_3boo_B_protein_pocket.pdb,/home/igem/unknown_software/datasets/propedia_formatted/propedia_3boo_B/propedia_3boo_B_peptide.pdb,propedia
propedia_3bp4_C,/home/igem/unknown_software/datasets/propedia_formatted/propedia_3bp4_C/propedia_3bp4_C_protein_pocket.pdb,/home/igem/unknown_software/datasets/propedia_formatted/propedia_3bp4_C/propedia_3bp4_C_peptide.pdb,propedia
propedia_3brh_C,/home/igem/unknown_software/datasets/propedia_formatted/propedia_3brh_C/propedia_3brh_C_protein_pocket.pdb,/home/igem/unknown_software/datasets/propedia_formatted/propedia_3brh_C/propedia_3brh_C_peptide.pdb,propedia
propedia_3brl_C,/home/igem/unknown_software/datasets/propedia_formatted/propedia_3brl_C/propedia_3brl_C_protein_pocket.pdb,/home/igem/unknown_software/datasets/propedia_formatted/propedia_3brl_C/propedia_3brl_C_peptide.pdb,propedia
propedia_3bu5_B,/home/igem/unknown_software/datasets/propedia_formatted/propedia_3bu5_B/propedia_3bu5_B_protein_pocket.pdb,/home/igem/unknown_software/datasets/propedia_formatted/propedia_3bu5_B/propedia_3bu5_B_peptide.pdb,propedia
propedia_3bum_A,/home/igem/unknown_software/datasets/propedia_formatted/propedia_3bum_A/propedia_3bum_A_protein_pocket.pdb,/home/igem/unknown_software/datasets/propedia_formatted/propedia_3bum_A/propedia_3bum_A_peptide.pdb,propedia
propedia_3bun_A,/home/igem/unknown_software/datasets/propedia_formatted/propedia_3bun_A/propedia_3bun_A_protein_pocket.pdb,/home/igem/unknown_software/datasets/propedia_formatted/propedia_3bun_A/propedia_3bun_A_peptide.pdb,propedia
propedia_3buw_A,/home/igem/unknown_software/datasets/propedia_formatted/propedia_3buw_A/propedia_3buw_A_protein_pocket.pdb,/home/igem/unknown_software/datasets/propedia_formatted/propedia_3buw_A/propedia_3buw_A_peptide.pdb,propedia
propedia_3bux_A,/home/igem/unknown_software/datasets/propedia_formatted/propedia_3bux_A/propedia_3bux_A_protein_pocket.pdb,/home/igem/unknown_software/datasets/propedia_formatted/propedia_3bux_A/propedia_3bux_A_peptide.pdb,propedia
propedia_3bw9_C,/home/igem/unknown_software/datasets/propedia_formatted/propedia_3bw9_C/propedia_3bw9_C_protein_pocket.pdb,/home/igem/unknown_software/datasets/propedia_formatted/propedia_3bw9_C/propedia_3bw9_C_peptide.pdb,propedia
propedia_3bwa_C,/home/igem/unknown_software/datasets/propedia_formatted/propedia_3bwa_C/propedia_3bwa_C_protein_pocket.pdb,/home/igem/unknown_software/datasets/propedia_formatted/propedia_3bwa_C/propedia_3bwa_C_peptide.pdb,propedia
propedia_3bze_P,/home/igem/unknown_software/datasets/propedia_formatted/propedia_3bze_P/propedia_3bze_P_protein_pocket.pdb,/home/igem/unknown_software/datasets/propedia_formatted/propedia_3bze_P/propedia_3bze_P_peptide.pdb,propedia
propedia_3bzi_E,/home/igem/unknown_software/datasets/propedia_formatted/propedia_3bzi_E/propedia_3bzi_E_protein_pocket.pdb,/home/igem/unknown_software/datasets/propedia_formatted/propedia_3bzi_E/propedia_3bzi_E_peptide.pdb,propedia
propedia_3c1k_B,/home/igem/unknown_software/datasets/propedia_formatted/propedia_3c1k_B/propedia_3c1k_B_protein_pocket.pdb,/home/igem/unknown_software/datasets/propedia_formatted/propedia_3c1k_B/propedia_3c1k_B_peptide.pdb,propedia
propedia_3c2g_C,/home/igem/unknown_software/datasets/propedia_formatted/propedia_3c2g_C/propedia_3c2g_C_protein_pocket.pdb,/home/igem/unknown_software/datasets/propedia_formatted/propedia_3c2g_C/propedia_3c2g_C_peptide.pdb,propedia
propedia_3c88_B,/home/igem/unknown_software/datasets/propedia_formatted/propedia_3c88_B/propedia_3c88_B_protein_pocket.pdb,/home/igem/unknown_software/datasets/propedia_formatted/propedia_3c88_B/propedia_3c88_B_peptide.pdb,propedia
propedia_3c89_B,/home/igem/unknown_software/datasets/propedia_formatted/propedia_3c89_B/propedia_3c89_B_protein_pocket.pdb,/home/igem/unknown_software/datasets/propedia_formatted/propedia_3c89_B/propedia_3c89_B_peptide.pdb,propedia
propedia_3c8a_B,/home/igem/unknown_software/datasets/propedia_formatted/propedia_3c8a_B/propedia_3c8a_B_protein_pocket.pdb,/home/igem/unknown_software/datasets/propedia_formatted/propedia_3c8a_B/propedia_3c8a_B_peptide.pdb,propedia
propedia_3c8b_B,/home/igem/unknown_software/datasets/propedia_formatted/propedia_3c8b_B/propedia_3c8b_B_protein_pocket.pdb,/home/igem/unknown_software/datasets/propedia_formatted/propedia_3c8b_B/propedia_3c8b_B_peptide.pdb,propedia
propedia_3c9n_C,/home/igem/unknown_software/datasets/propedia_formatted/propedia_3c9n_C/propedia_3c9n_C_protein_pocket.pdb,/home/igem/unknown_software/datasets/propedia_formatted/propedia_3c9n_C/propedia_3c9n_C_peptide.pdb,propedia
propedia_3cbl_B,/home/igem/unknown_software/datasets/propedia_formatted/propedia_3cbl_B/propedia_3cbl_B_protein_pocket.pdb,/home/igem/unknown_software/datasets/propedia_formatted/propedia_3cbl_B/propedia_3cbl_B_peptide.pdb,propedia
propedia_3cbm_B,/home/igem/unknown_software/datasets/propedia_formatted/propedia_3cbm_B/propedia_3cbm_B_protein_pocket.pdb,/home/igem/unknown_software/datasets/propedia_formatted/propedia_3cbm_B/propedia_3cbm_B_peptide.pdb,propedia
propedia_3cbo_B,/home/igem/unknown_software/datasets/propedia_formatted/propedia_3cbo_B/propedia_3cbo_B_protein_pocket.pdb,/home/igem/unknown_software/datasets/propedia_formatted/propedia_3cbo_B/propedia_3cbo_B_peptide.pdb,propedia
propedia_3cc5_C,/home/igem/unknown_software/datasets/propedia_formatted/propedia_3cc5_C/propedia_3cc5_C_protein_pocket.pdb,/home/igem/unknown_software/datasets/propedia_formatted/propedia_3cc5_C/propedia_3cc5_C_peptide.pdb,propedia
propedia_3cdw_H,/home/igem/unknown_software/datasets/propedia_formatted/propedia_3cdw_H/propedia_3cdw_H_protein_pocket.pdb,/home/igem/unknown_software/datasets/propedia_formatted/propedia_3cdw_H/propedia_3cdw_H_peptide.pdb,propedia
propedia_3cu8_P,/home/igem/unknown_software/datasets/propedia_formatted/propedia_3cu8_P/propedia_3cu8_P_protein_pocket.pdb,/home/igem/unknown_software/datasets/propedia_formatted/propedia_3cu8_P/propedia_3cu8_P_peptide.pdb,propedia
propedia_3cv0_B,/home/igem/unknown_software/datasets/propedia_formatted/propedia_3cv0_B/propedia_3cv0_B_protein_pocket.pdb,/home/igem/unknown_software/datasets/propedia_formatted/propedia_3cv0_B/propedia_3cv0_B_peptide.pdb,propedia
propedia_3cvl_B,/home/igem/unknown_software/datasets/propedia_formatted/propedia_3cvl_B/propedia_3cvl_B_protein_pocket.pdb,/home/igem/unknown_software/datasets/propedia_formatted/propedia_3cvl_B/propedia_3cvl_B_peptide.pdb,propedia
propedia_3cvn_B,/home/igem/unknown_software/datasets/propedia_formatted/propedia_3cvn_B/propedia_3cvn_B_protein_pocket.pdb,/home/igem/unknown_software/datasets/propedia_formatted/propedia_3cvn_B/propedia_3cvn_B_peptide.pdb,propedia
propedia_3cvp_B,/home/igem/unknown_software/datasets/propedia_formatted/propedia_3cvp_B/propedia_3cvp_B_protein_pocket.pdb,/home/igem/unknown_software/datasets/propedia_formatted/propedia_3cvp_B/propedia_3cvp_B_peptide.pdb,propedia
propedia_3cys_B,/home/igem/unknown_software/datasets/propedia_formatted/propedia_3cys_B/propedia_3cys_B_protein_pocket.pdb,/home/igem/unknown_software/datasets/propedia_formatted/propedia_3cys_B/propedia_3cys_B_peptide.pdb,propedia
propedia_3cyy_C,/home/igem/unknown_software/datasets/propedia_formatted/propedia_3cyy_C/propedia_3cyy_C_protein_pocket.pdb,/home/igem/unknown_software/datasets/propedia_formatted/propedia_3cyy_C/propedia_3cyy_C_peptide.pdb,propedia
propedia_3cyy_C,/home/igem/unknown_software/datasets/propedia_formatted/propedia_3cyy_C/propedia_3cyy_C_protein_pocket.pdb,/home/igem/unknown_software/datasets/propedia_formatted/propedia_3cyy_C/propedia_3cyy_C_peptide.pdb,propedia
propedia_3d0l_C,/home/igem/unknown_software/datasets/propedia_formatted/propedia_3d0l_C/propedia_3d0l_C_protein_pocket.pdb,/home/igem/unknown_software/datasets/propedia_formatted/propedia_3d0l_C/propedia_3d0l_C_peptide.pdb,propedia
propedia_3d0l_C,/home/igem/unknown_software/datasets/propedia_formatted/propedia_3d0l_C/propedia_3d0l_C_protein_pocket.pdb,/home/igem/unknown_software/datasets/propedia_formatted/propedia_3d0l_C/propedia_3d0l_C_peptide.pdb,propedia
propedia_3d0v_C,/home/igem/unknown_software/datasets/propedia_formatted/propedia_3d0v_C/propedia_3d0v_C_protein_pocket.pdb,/home/igem/unknown_software/datasets/propedia_formatted/propedia_3d0v_C/propedia_3d0v_C_peptide.pdb,propedia
propedia_3d0v_C,/home/igem/unknown_software/datasets/propedia_formatted/propedia_3d0v_C/propedia_3d0v_C_protein_pocket.pdb,/home/igem/unknown_software/datasets/propedia_formatted/propedia_3d0v_C/propedia_3d0v_C_peptide.pdb,propedia
propedia_3d1e_P,/home/igem/unknown_software/datasets/propedia_formatted/propedia_3d1e_P/propedia_3d1e_P_protein_pocket.pdb,/home/igem/unknown_software/datasets/propedia_formatted/propedia_3d1e_P/propedia_3d1e_P_peptide.pdb,propedia
propedia_3d1f_P,/home/igem/unknown_software/datasets/propedia_formatted/propedia_3d1f_P/propedia_3d1f_P_protein_pocket.pdb,/home/igem/unknown_software/datasets/propedia_formatted/propedia_3d1f_P/propedia_3d1f_P_peptide.pdb,propedia
propedia_3d23_E,/home/igem/unknown_software/datasets/propedia_formatted/propedia_3d23_E/propedia_3d23_E_protein_pocket.pdb,/home/igem/unknown_software/datasets/propedia_formatted/propedia_3d23_E/propedia_3d23_E_peptide.pdb,propedia
propedia_3d25_C,/home/igem/unknown_software/datasets/propedia_formatted/propedia_3d25_C/propedia_3d25_C_protein_pocket.pdb,/home/igem/unknown_software/datasets/propedia_formatted/propedia_3d25_C/propedia_3d25_C_peptide.pdb,propedia
propedia_3d49_I,/home/igem/unknown_software/datasets/propedia_formatted/propedia_3d49_I/propedia_3d49_I_protein_pocket.pdb,/home/igem/unknown_software/datasets/propedia_formatted/propedia_3d49_I/propedia_3d49_I_peptide.pdb,propedia
propedia_3d4b_D,/home/igem/unknown_software/datasets/propedia_formatted/propedia_3d4b_D/propedia_3d4b_D_protein_pocket.pdb,/home/igem/unknown_software/datasets/propedia_formatted/propedia_3d4b_D/propedia_3d4b_D_peptide.pdb,propedia
propedia_3d6f_C,/home/igem/unknown_software/datasets/propedia_formatted/propedia_3d6f_C/propedia_3d6f_C_protein_pocket.pdb,/home/igem/unknown_software/datasets/propedia_formatted/propedia_3d6f_C/propedia_3d6f_C_peptide.pdb,propedia
propedia_3d6f_C,/home/igem/unknown_software/datasets/propedia_formatted/propedia_3d6f_C/propedia_3d6f_C_protein_pocket.pdb,/home/igem/unknown_software/datasets/propedia_formatted/propedia_3d6f_C/propedia_3d6f_C_peptide.pdb,propedia
propedia_3d6h_C,/home/igem/unknown_software/datasets/propedia_formatted/propedia_3d6h_C/propedia_3d6h_C_protein_pocket.pdb,/home/igem/unknown_software/datasets/propedia_formatted/propedia_3d6h_C/propedia_3d6h_C_peptide.pdb,propedia
propedia_3d6h_C,/home/igem/unknown_software/datasets/propedia_formatted/propedia_3d6h_C/propedia_3d6h_C_protein_pocket.pdb,/home/igem/unknown_software/datasets/propedia_formatted/propedia_3d6h_C/propedia_3d6h_C_peptide.pdb,propedia
propedia_3d6m_C,/home/igem/unknown_software/datasets/propedia_formatted/propedia_3d6m_C/propedia_3d6m_C_protein_pocket.pdb,/home/igem/unknown_software/datasets/propedia_formatted/propedia_3d6m_C/propedia_3d6m_C_peptide.pdb,propedia
propedia_3d6m_C,/home/igem/unknown_software/datasets/propedia_formatted/propedia_3d6m_C/propedia_3d6m_C_protein_pocket.pdb,/home/igem/unknown_software/datasets/propedia_formatted/propedia_3d6m_C/propedia_3d6m_C_peptide.pdb,propedia
propedia_3d81_C,/home/igem/unknown_software/datasets/propedia_formatted/propedia_3d81_C/propedia_3d81_C_protein_pocket.pdb,/home/igem/unknown_software/datasets/propedia_formatted/propedia_3d81_C/propedia_3d81_C_peptide.pdb,propedia
propedia_3d9k_Y,/home/igem/unknown_software/datasets/propedia_formatted/propedia_3d9k_Y/propedia_3d9k_Y_protein_pocket.pdb,/home/igem/unknown_software/datasets/propedia_formatted/propedia_3d9k_Y/propedia_3d9k_Y_peptide.pdb,propedia
propedia_3d9k_Y,/home/igem/unknown_software/datasets/propedia_formatted/propedia_3d9k_Y/propedia_3d9k_Y_protein_pocket.pdb,/home/igem/unknown_software/datasets/propedia_formatted/propedia_3d9k_Y/propedia_3d9k_Y_peptide.pdb,propedia
propedia_3d9l_Y,/home/igem/unknown_software/datasets/propedia_formatted/propedia_3d9l_Y/propedia_3d9l_Y_protein_pocket.pdb,/home/igem/unknown_software/datasets/propedia_formatted/propedia_3d9l_Y/propedia_3d9l_Y_peptide.pdb,propedia
propedia_3d9n_Y,/home/igem/unknown_software/datasets/propedia_formatted/propedia_3d9n_Y/propedia_3d9n_Y_protein_pocket.pdb,/home/igem/unknown_software/datasets/propedia_formatted/propedia_3d9n_Y/propedia_3d9n_Y_peptide.pdb,propedia
propedia_3d9n_Y,/home/igem/unknown_software/datasets/propedia_formatted/propedia_3d9n_Y/propedia_3d9n_Y_protein_pocket.pdb,/home/igem/unknown_software/datasets/propedia_formatted/propedia_3d9n_Y/propedia_3d9n_Y_peptide.pdb,propedia
propedia_3d9t_C,/home/igem/unknown_software/datasets/propedia_formatted/propedia_3d9t_C/propedia_3d9t_C_protein_pocket.pdb,/home/igem/unknown_software/datasets/propedia_formatted/propedia_3d9t_C/propedia_3d9t_C_peptide.pdb,propedia
propedia_3dda_B,/home/igem/unknown_software/datasets/propedia_formatted/propedia_3dda_B/propedia_3dda_B_protein_pocket.pdb,/home/igem/unknown_software/datasets/propedia_formatted/propedia_3dda_B/propedia_3dda_B_peptide.pdb,propedia
propedia_3ddb_B,/home/igem/unknown_software/datasets/propedia_formatted/propedia_3ddb_B/propedia_3ddb_B_protein_pocket.pdb,/home/igem/unknown_software/datasets/propedia_formatted/propedia_3ddb_B/propedia_3ddb_B_peptide.pdb,propedia
propedia_3dhk_I,/home/igem/unknown_software/datasets/propedia_formatted/propedia_3dhk_I/propedia_3dhk_I_protein_pocket.pdb,/home/igem/unknown_software/datasets/propedia_formatted/propedia_3dhk_I/propedia_3dhk_I_peptide.pdb,propedia
propedia_3dks_E,/home/igem/unknown_software/datasets/propedia_formatted/propedia_3dks_E/propedia_3dks_E_protein_pocket.pdb,/home/igem/unknown_software/datasets/propedia_formatted/propedia_3dks_E/propedia_3dks_E_peptide.pdb,propedia
propedia_3dks_E,/home/igem/unknown_software/datasets/propedia_formatted/propedia_3dks_E/propedia_3dks_E_protein_pocket.pdb,/home/igem/unknown_software/datasets/propedia_formatted/propedia_3dks_E/propedia_3dks_E_peptide.pdb,propedia
propedia_3dow_B,/home/igem/unknown_software/datasets/propedia_formatted/propedia_3dow_B/propedia_3dow_B_protein_pocket.pdb,/home/igem/unknown_software/datasets/propedia_formatted/propedia_3dow_B/propedia_3dow_B_peptide.pdb,propedia
propedia_3dpc_C,/home/igem/unknown_software/datasets/propedia_formatted/propedia_3dpc_C/propedia_3dpc_C_protein_pocket.pdb,/home/igem/unknown_software/datasets/propedia_formatted/propedia_3dpc_C/propedia_3dpc_C_peptide.pdb,propedia
propedia_3dpo_C,/home/igem/unknown_software/datasets/propedia_formatted/propedia_3dpo_C/propedia_3dpo_C_protein_pocket.pdb,/home/igem/unknown_software/datasets/propedia_formatted/propedia_3dpo_C/propedia_3dpo_C_peptide.pdb,propedia
propedia_3dpo_C,/home/igem/unknown_software/datasets/propedia_formatted/propedia_3dpo_C/propedia_3dpo_C_protein_pocket.pdb,/home/igem/unknown_software/datasets/propedia_formatted/propedia_3dpo_C/propedia_3dpo_C_peptide.pdb,propedia
propedia_3drf_B,/home/igem/unknown_software/datasets/propedia_formatted/propedia_3drf_B/propedia_3drf_B_protein_pocket.pdb,/home/igem/unknown_software/datasets/propedia_formatted/propedia_3drf_B/propedia_3drf_B_peptide.pdb,propedia
propedia_3drh_B,/home/igem/unknown_software/datasets/propedia_formatted/propedia_3drh_B/propedia_3drh_B_protein_pocket.pdb,/home/igem/unknown_software/datasets/propedia_formatted/propedia_3drh_B/propedia_3drh_B_peptide.pdb,propedia
propedia_3drj_B,/home/igem/unknown_software/datasets/propedia_formatted/propedia_3drj_B/propedia_3drj_B_protein_pocket.pdb,/home/igem/unknown_software/datasets/propedia_formatted/propedia_3drj_B/propedia_3drj_B_peptide.pdb,propedia
propedia_3drk_B,/home/igem/unknown_software/datasets/propedia_formatted/propedia_3drk_B/propedia_3drk_B_protein_pocket.pdb,/home/igem/unknown_software/datasets/propedia_formatted/propedia_3drk_B/propedia_3drk_B_peptide.pdb,propedia
propedia_3drq_C,/home/igem/unknown_software/datasets/propedia_formatted/propedia_3drq_C/propedia_3drq_C_protein_pocket.pdb,/home/igem/unknown_software/datasets/propedia_formatted/propedia_3drq_C/propedia_3drq_C_peptide.pdb,propedia
propedia_3drq_C,/home/igem/unknown_software/datasets/propedia_formatted/propedia_3drq_C/propedia_3drq_C_protein_pocket.pdb,/home/igem/unknown_software/datasets/propedia_formatted/propedia_3drq_C/propedia_3drq_C_peptide.pdb,propedia
propedia_3ds9_B,/home/igem/unknown_software/datasets/propedia_formatted/propedia_3ds9_B/propedia_3ds9_B_protein_pocket.pdb,/home/igem/unknown_software/datasets/propedia_formatted/propedia_3ds9_B/propedia_3ds9_B_peptide.pdb,propedia
propedia_3dt0_I,/home/igem/unknown_software/datasets/propedia_formatted/propedia_3dt0_I/propedia_3dt0_I_protein_pocket.pdb,/home/igem/unknown_software/datasets/propedia_formatted/propedia_3dt0_I/propedia_3dt0_I_peptide.pdb,propedia
propedia_3dtx_C,/home/igem/unknown_software/datasets/propedia_formatted/propedia_3dtx_C/propedia_3dtx_C_protein_pocket.pdb,/home/igem/unknown_software/datasets/propedia_formatted/propedia_3dtx_C/propedia_3dtx_C_peptide.pdb,propedia
propedia_3dux_I,/home/igem/unknown_software/datasets/propedia_formatted/propedia_3dux_I/propedia_3dux_I_protein_pocket.pdb,/home/igem/unknown_software/datasets/propedia_formatted/propedia_3dux_I/propedia_3dux_I_peptide.pdb,propedia
propedia_3dvp_C,/home/igem/unknown_software/datasets/propedia_formatted/propedia_3dvp_C/propedia_3dvp_C_protein_pocket.pdb,/home/igem/unknown_software/datasets/propedia_formatted/propedia_3dvp_C/propedia_3dvp_C_peptide.pdb,propedia
propedia_3dvp_C,/home/igem/unknown_software/datasets/propedia_formatted/propedia_3dvp_C/propedia_3dvp_C_protein_pocket.pdb,/home/igem/unknown_software/datasets/propedia_formatted/propedia_3dvp_C/propedia_3dvp_C_peptide.pdb,propedia
propedia_3dx6_C,/home/igem/unknown_software/datasets/propedia_formatted/propedia_3dx6_C/propedia_3dx6_C_protein_pocket.pdb,/home/igem/unknown_software/datasets/propedia_formatted/propedia_3dx6_C/propedia_3dx6_C_peptide.pdb,propedia
propedia_3e0m_E,/home/igem/unknown_software/datasets/propedia_formatted/propedia_3e0m_E/propedia_3e0m_E_protein_pocket.pdb,/home/igem/unknown_software/datasets/propedia_formatted/propedia_3e0m_E/propedia_3e0m_E_peptide.pdb,propedia
propedia_3e4z_C,/home/igem/unknown_software/datasets/propedia_formatted/propedia_3e4z_C/propedia_3e4z_C_protein_pocket.pdb,/home/igem/unknown_software/datasets/propedia_formatted/propedia_3e4z_C/propedia_3e4z_C_peptide.pdb,propedia
propedia_3e50_C,/home/igem/unknown_software/datasets/propedia_formatted/propedia_3e50_C/propedia_3e50_C_protein_pocket.pdb,/home/igem/unknown_software/datasets/propedia_formatted/propedia_3e50_C/propedia_3e50_C_peptide.pdb,propedia
propedia_3e7a_C,/home/igem/unknown_software/datasets/propedia_formatted/propedia_3e7a_C/propedia_3e7a_C_protein_pocket.pdb,/home/igem/unknown_software/datasets/propedia_formatted/propedia_3e7a_C/propedia_3e7a_C_peptide.pdb,propedia
propedia_3e87_C,/home/igem/unknown_software/datasets/propedia_formatted/propedia_3e87_C/propedia_3e87_C_protein_pocket.pdb,/home/igem/unknown_software/datasets/propedia_formatted/propedia_3e87_C/propedia_3e87_C_peptide.pdb,propedia
propedia_3e87_C,/home/igem/unknown_software/datasets/propedia_formatted/propedia_3e87_C/propedia_3e87_C_protein_pocket.pdb,/home/igem/unknown_software/datasets/propedia_formatted/propedia_3e87_C/propedia_3e87_C_peptide.pdb,propedia
propedia_3e88_C,/home/igem/unknown_software/datasets/propedia_formatted/propedia_3e88_C/propedia_3e88_C_protein_pocket.pdb,/home/igem/unknown_software/datasets/propedia_formatted/propedia_3e88_C/propedia_3e88_C_peptide.pdb,propedia
propedia_3e88_C,/home/igem/unknown_software/datasets/propedia_formatted/propedia_3e88_C/propedia_3e88_C_protein_pocket.pdb,/home/igem/unknown_software/datasets/propedia_formatted/propedia_3e88_C/propedia_3e88_C_peptide.pdb,propedia
propedia_3e8u_P,/home/igem/unknown_software/datasets/propedia_formatted/propedia_3e8u_P/propedia_3e8u_P_protein_pocket.pdb,/home/igem/unknown_software/datasets/propedia_formatted/propedia_3e8u_P/propedia_3e8u_P_peptide.pdb,propedia
propedia_3e8u_P,/home/igem/unknown_software/datasets/propedia_formatted/propedia_3e8u_P/propedia_3e8u_P_protein_pocket.pdb,/home/igem/unknown_software/datasets/propedia_formatted/propedia_3e8u_P/propedia_3e8u_P_peptide.pdb,propedia
propedia_3edq_E,/home/igem/unknown_software/datasets/propedia_formatted/propedia_3edq_E/propedia_3edq_E_protein_pocket.pdb,/home/igem/unknown_software/datasets/propedia_formatted/propedia_3edq_E/propedia_3edq_E_peptide.pdb,propedia
propedia_3edq_E,/home/igem/unknown_software/datasets/propedia_formatted/propedia_3edq_E/propedia_3edq_E_protein_pocket.pdb,/home/igem/unknown_software/datasets/propedia_formatted/propedia_3edq_E/propedia_3edq_E_peptide.pdb,propedia
propedia_3edr_E,/home/igem/unknown_software/datasets/propedia_formatted/propedia_3edr_E/propedia_3edr_E_protein_pocket.pdb,/home/igem/unknown_software/datasets/propedia_formatted/propedia_3edr_E/propedia_3edr_E_peptide.pdb,propedia
propedia_3edr_E,/home/igem/unknown_software/datasets/propedia_formatted/propedia_3edr_E/propedia_3edr_E_protein_pocket.pdb,/home/igem/unknown_software/datasets/propedia_formatted/propedia_3edr_E/propedia_3edr_E_peptide.pdb,propedia
propedia_3eg6_C,/home/igem/unknown_software/datasets/propedia_formatted/propedia_3eg6_C/propedia_3eg6_C_protein_pocket.pdb,/home/igem/unknown_software/datasets/propedia_formatted/propedia_3eg6_C/propedia_3eg6_C_peptide.pdb,propedia
propedia_3egh_E,/home/igem/unknown_software/datasets/propedia_formatted/propedia_3egh_E/propedia_3egh_E_protein_pocket.pdb,/home/igem/unknown_software/datasets/propedia_formatted/propedia_3egh_E/propedia_3egh_E_peptide.pdb,propedia
propedia_3egk_I,/home/igem/unknown_software/datasets/propedia_formatted/propedia_3egk_I/propedia_3egk_I_protein_pocket.pdb,/home/igem/unknown_software/datasets/propedia_formatted/propedia_3egk_I/propedia_3egk_I_peptide.pdb,propedia
propedia_3emw_B,/home/igem/unknown_software/datasets/propedia_formatted/propedia_3emw_B/propedia_3emw_B_protein_pocket.pdb,/home/igem/unknown_software/datasets/propedia_formatted/propedia_3emw_B/propedia_3emw_B_peptide.pdb,propedia
propedia_3emy_B,/home/igem/unknown_software/datasets/propedia_formatted/propedia_3emy_B/propedia_3emy_B_protein_pocket.pdb,/home/igem/unknown_software/datasets/propedia_formatted/propedia_3emy_B/propedia_3emy_B_peptide.pdb,propedia
propedia_3eq0_I,/home/igem/unknown_software/datasets/propedia_formatted/propedia_3eq0_I/propedia_3eq0_I_protein_pocket.pdb,/home/igem/unknown_software/datasets/propedia_formatted/propedia_3eq0_I/propedia_3eq0_I_peptide.pdb,propedia
propedia_3eqy_C,/home/igem/unknown_software/datasets/propedia_formatted/propedia_3eqy_C/propedia_3eqy_C_protein_pocket.pdb,/home/igem/unknown_software/datasets/propedia_formatted/propedia_3eqy_C/propedia_3eqy_C_peptide.pdb,propedia
propedia_3eqy_C,/home/igem/unknown_software/datasets/propedia_formatted/propedia_3eqy_C/propedia_3eqy_C_protein_pocket.pdb,/home/igem/unknown_software/datasets/propedia_formatted/propedia_3eqy_C/propedia_3eqy_C_peptide.pdb,propedia
propedia_3er5_I,/home/igem/unknown_software/datasets/propedia_formatted/propedia_3er5_I/propedia_3er5_I_protein_pocket.pdb,/home/igem/unknown_software/datasets/propedia_formatted/propedia_3er5_I/propedia_3er5_I_peptide.pdb,propedia
propedia_3ery_P,/home/igem/unknown_software/datasets/propedia_formatted/propedia_3ery_P/propedia_3ery_P_protein_pocket.pdb,/home/igem/unknown_software/datasets/propedia_formatted/propedia_3ery_P/propedia_3ery_P_peptide.pdb,propedia
propedia_3ewf_I,/home/igem/unknown_software/datasets/propedia_formatted/propedia_3ewf_I/propedia_3ewf_I_protein_pocket.pdb,/home/igem/unknown_software/datasets/propedia_formatted/propedia_3ewf_I/propedia_3ewf_I_peptide.pdb,propedia
propedia_3ewf_I,/home/igem/unknown_software/datasets/propedia_formatted/propedia_3ewf_I/propedia_3ewf_I_protein_pocket.pdb,/home/igem/unknown_software/datasets/propedia_formatted/propedia_3ewf_I/propedia_3ewf_I_peptide.pdb,propedia
propedia_3ewf_I,/home/igem/unknown_software/datasets/propedia_formatted/propedia_3ewf_I/propedia_3ewf_I_protein_pocket.pdb,/home/igem/unknown_software/datasets/propedia_formatted/propedia_3ewf_I/propedia_3ewf_I_peptide.pdb,propedia
propedia_3exb_B,/home/igem/unknown_software/datasets/propedia_formatted/propedia_3exb_B/propedia_3exb_B_protein_pocket.pdb,/home/igem/unknown_software/datasets/propedia_formatted/propedia_3exb_B/propedia_3exb_B_peptide.pdb,propedia
propedia_3eyf_E,/home/igem/unknown_software/datasets/propedia_formatted/propedia_3eyf_E/propedia_3eyf_E_protein_pocket.pdb,/home/igem/unknown_software/datasets/propedia_formatted/propedia_3eyf_E/propedia_3eyf_E_peptide.pdb,propedia
propedia_3eyf_E,/home/igem/unknown_software/datasets/propedia_formatted/propedia_3eyf_E/propedia_3eyf_E_protein_pocket.pdb,/home/igem/unknown_software/datasets/propedia_formatted/propedia_3eyf_E/propedia_3eyf_E_peptide.pdb,propedia
propedia_3eys_Q,/home/igem/unknown_software/datasets/propedia_formatted/propedia_3eys_Q/propedia_3eys_Q_protein_pocket.pdb,/home/igem/unknown_software/datasets/propedia_formatted/propedia_3eys_Q/propedia_3eys_Q_peptide.pdb,propedia
propedia_3eys_Q,/home/igem/unknown_software/datasets/propedia_formatted/propedia_3eys_Q/propedia_3eys_Q_protein_pocket.pdb,/home/igem/unknown_software/datasets/propedia_formatted/propedia_3eys_Q/propedia_3eys_Q_peptide.pdb,propedia
propedia_3f68_I,/home/igem/unknown_software/datasets/propedia_formatted/propedia_3f68_I/propedia_3f68_I_protein_pocket.pdb,/home/igem/unknown_software/datasets/propedia_formatted/propedia_3f68_I/propedia_3f68_I_peptide.pdb,propedia
propedia_3f9x_E,/home/igem/unknown_software/datasets/propedia_formatted/propedia_3f9x_E/propedia_3f9x_E_protein_pocket.pdb,/home/igem/unknown_software/datasets/propedia_formatted/propedia_3f9x_E/propedia_3f9x_E_peptide.pdb,propedia
propedia_3f9y_E,/home/igem/unknown_software/datasets/propedia_formatted/propedia_3f9y_E/propedia_3f9y_E_protein_pocket.pdb,/home/igem/unknown_software/datasets/propedia_formatted/propedia_3f9y_E/propedia_3f9y_E_peptide.pdb,propedia
propedia_3fe7_L,/home/igem/unknown_software/datasets/propedia_formatted/propedia_3fe7_L/propedia_3fe7_L_protein_pocket.pdb,/home/igem/unknown_software/datasets/propedia_formatted/propedia_3fe7_L/propedia_3fe7_L_peptide.pdb,propedia
propedia_3fea_L,/home/igem/unknown_software/datasets/propedia_formatted/propedia_3fea_L/propedia_3fea_L_protein_pocket.pdb,/home/igem/unknown_software/datasets/propedia_formatted/propedia_3fea_L/propedia_3fea_L_peptide.pdb,propedia
propedia_3fhv_C,/home/igem/unknown_software/datasets/propedia_formatted/propedia_3fhv_C/propedia_3fhv_C_protein_pocket.pdb,/home/igem/unknown_software/datasets/propedia_formatted/propedia_3fhv_C/propedia_3fhv_C_peptide.pdb,propedia
propedia_3fhv_C,/home/igem/unknown_software/datasets/propedia_formatted/propedia_3fhv_C/propedia_3fhv_C_protein_pocket.pdb,/home/igem/unknown_software/datasets/propedia_formatted/propedia_3fhv_C/propedia_3fhv_C_peptide.pdb,propedia
propedia_3fiv_I,/home/igem/unknown_software/datasets/propedia_formatted/propedia_3fiv_I/propedia_3fiv_I_protein_pocket.pdb,/home/igem/unknown_software/datasets/propedia_formatted/propedia_3fiv_I/propedia_3fiv_I_peptide.pdb,propedia
propedia_3fiv_I,/home/igem/unknown_software/datasets/propedia_formatted/propedia_3fiv_I/propedia_3fiv_I_protein_pocket.pdb,/home/igem/unknown_software/datasets/propedia_formatted/propedia_3fiv_I/propedia_3fiv_I_peptide.pdb,propedia
propedia_3fma_L,/home/igem/unknown_software/datasets/propedia_formatted/propedia_3fma_L/propedia_3fma_L_protein_pocket.pdb,/home/igem/unknown_software/datasets/propedia_formatted/propedia_3fma_L/propedia_3fma_L_peptide.pdb,propedia
propedia_3fma_L,/home/igem/unknown_software/datasets/propedia_formatted/propedia_3fma_L/propedia_3fma_L_protein_pocket.pdb,/home/igem/unknown_software/datasets/propedia_formatted/propedia_3fma_L/propedia_3fma_L_peptide.pdb,propedia
propedia_3fn0_P,/home/igem/unknown_software/datasets/propedia_formatted/propedia_3fn0_P/propedia_3fn0_P_protein_pocket.pdb,/home/igem/unknown_software/datasets/propedia_formatted/propedia_3fn0_P/propedia_3fn0_P_peptide.pdb,propedia
propedia_3fn0_P,/home/igem/unknown_software/datasets/propedia_formatted/propedia_3fn0_P/propedia_3fn0_P_protein_pocket.pdb,/home/igem/unknown_software/datasets/propedia_formatted/propedia_3fn0_P/propedia_3fn0_P_peptide.pdb,propedia
propedia_3fol_P,/home/igem/unknown_software/datasets/propedia_formatted/propedia_3fol_P/propedia_3fol_P_protein_pocket.pdb,/home/igem/unknown_software/datasets/propedia_formatted/propedia_3fol_P/propedia_3fol_P_peptide.pdb,propedia
propedia_3fom_P,/home/igem/unknown_software/datasets/propedia_formatted/propedia_3fom_P/propedia_3fom_P_protein_pocket.pdb,/home/igem/unknown_software/datasets/propedia_formatted/propedia_3fom_P/propedia_3fom_P_peptide.pdb,propedia
propedia_3fqn_C,/home/igem/unknown_software/datasets/propedia_formatted/propedia_3fqn_C/propedia_3fqn_C_protein_pocket.pdb,/home/igem/unknown_software/datasets/propedia_formatted/propedia_3fqn_C/propedia_3fqn_C_peptide.pdb,propedia
propedia_3fqr_C,/home/igem/unknown_software/datasets/propedia_formatted/propedia_3fqr_C/propedia_3fqr_C_protein_pocket.pdb,/home/igem/unknown_software/datasets/propedia_formatted/propedia_3fqr_C/propedia_3fqr_C_peptide.pdb,propedia
propedia_3fqt_C,/home/igem/unknown_software/datasets/propedia_formatted/propedia_3fqt_C/propedia_3fqt_C_protein_pocket.pdb,/home/igem/unknown_software/datasets/propedia_formatted/propedia_3fqt_C/propedia_3fqt_C_peptide.pdb,propedia
propedia_3fqu_C,/home/igem/unknown_software/datasets/propedia_formatted/propedia_3fqu_C/propedia_3fqu_C_protein_pocket.pdb,/home/igem/unknown_software/datasets/propedia_formatted/propedia_3fqu_C/propedia_3fqu_C_peptide.pdb,propedia
propedia_3fqw_C,/home/igem/unknown_software/datasets/propedia_formatted/propedia_3fqw_C/propedia_3fqw_C_protein_pocket.pdb,/home/igem/unknown_software/datasets/propedia_formatted/propedia_3fqw_C/propedia_3fqw_C_peptide.pdb,propedia
propedia_3fqx_C,/home/igem/unknown_software/datasets/propedia_formatted/propedia_3fqx_C/propedia_3fqx_C_protein_pocket.pdb,/home/igem/unknown_software/datasets/propedia_formatted/propedia_3fqx_C/propedia_3fqx_C_peptide.pdb,propedia
propedia_3ft2_P,/home/igem/unknown_software/datasets/propedia_formatted/propedia_3ft2_P/propedia_3ft2_P_protein_pocket.pdb,/home/igem/unknown_software/datasets/propedia_formatted/propedia_3ft2_P/propedia_3ft2_P_peptide.pdb,propedia
propedia_3fv3_I,/home/igem/unknown_software/datasets/propedia_formatted/propedia_3fv3_I/propedia_3fv3_I_protein_pocket.pdb,/home/igem/unknown_software/datasets/propedia_formatted/propedia_3fv3_I/propedia_3fv3_I_peptide.pdb,propedia
propedia_3fvh_B,/home/igem/unknown_software/datasets/propedia_formatted/propedia_3fvh_B/propedia_3fvh_B_protein_pocket.pdb,/home/igem/unknown_software/datasets/propedia_formatted/propedia_3fvh_B/propedia_3fvh_B_peptide.pdb,propedia
propedia_3fwv_C,/home/igem/unknown_software/datasets/propedia_formatted/propedia_3fwv_C/propedia_3fwv_C_protein_pocket.pdb,/home/igem/unknown_software/datasets/propedia_formatted/propedia_3fwv_C/propedia_3fwv_C_peptide.pdb,propedia
propedia_3fxx_B,/home/igem/unknown_software/datasets/propedia_formatted/propedia_3fxx_B/propedia_3fxx_B_protein_pocket.pdb,/home/igem/unknown_software/datasets/propedia_formatted/propedia_3fxx_B/propedia_3fxx_B_peptide.pdb,propedia
propedia_3fy2_B,/home/igem/unknown_software/datasets/propedia_formatted/propedia_3fy2_B/propedia_3fy2_B_protein_pocket.pdb,/home/igem/unknown_software/datasets/propedia_formatted/propedia_3fy2_B/propedia_3fy2_B_peptide.pdb,propedia
propedia_3g03_B,/home/igem/unknown_software/datasets/propedia_formatted/propedia_3g03_B/propedia_3g03_B_protein_pocket.pdb,/home/igem/unknown_software/datasets/propedia_formatted/propedia_3g03_B/propedia_3g03_B_peptide.pdb,propedia
propedia_3g03_B,/home/igem/unknown_software/datasets/propedia_formatted/propedia_3g03_B/propedia_3g03_B_protein_pocket.pdb,/home/igem/unknown_software/datasets/propedia_formatted/propedia_3g03_B/propedia_3g03_B_peptide.pdb,propedia
propedia_3g2s_C,/home/igem/unknown_software/datasets/propedia_formatted/propedia_3g2s_C/propedia_3g2s_C_protein_pocket.pdb,/home/igem/unknown_software/datasets/propedia_formatted/propedia_3g2s_C/propedia_3g2s_C_peptide.pdb,propedia
propedia_3g2t_C,/home/igem/unknown_software/datasets/propedia_formatted/propedia_3g2t_C/propedia_3g2t_C_protein_pocket.pdb,/home/igem/unknown_software/datasets/propedia_formatted/propedia_3g2t_C/propedia_3g2t_C_peptide.pdb,propedia
propedia_3g2u_C,/home/igem/unknown_software/datasets/propedia_formatted/propedia_3g2u_C/propedia_3g2u_C_protein_pocket.pdb,/home/igem/unknown_software/datasets/propedia_formatted/propedia_3g2u_C/propedia_3g2u_C_peptide.pdb,propedia
propedia_3g2u_C,/home/igem/unknown_software/datasets/propedia_formatted/propedia_3g2u_C/propedia_3g2u_C_protein_pocket.pdb,/home/igem/unknown_software/datasets/propedia_formatted/propedia_3g2u_C/propedia_3g2u_C_peptide.pdb,propedia
propedia_3g2v_C,/home/igem/unknown_software/datasets/propedia_formatted/propedia_3g2v_C/propedia_3g2v_C_protein_pocket.pdb,/home/igem/unknown_software/datasets/propedia_formatted/propedia_3g2v_C/propedia_3g2v_C_peptide.pdb,propedia
propedia_3g2v_C,/home/igem/unknown_software/datasets/propedia_formatted/propedia_3g2v_C/propedia_3g2v_C_protein_pocket.pdb,/home/igem/unknown_software/datasets/propedia_formatted/propedia_3g2v_C/propedia_3g2v_C_peptide.pdb,propedia
propedia_3g2w_C,/home/igem/unknown_software/datasets/propedia_formatted/propedia_3g2w_C/propedia_3g2w_C_protein_pocket.pdb,/home/igem/unknown_software/datasets/propedia_formatted/propedia_3g2w_C/propedia_3g2w_C_peptide.pdb,propedia
propedia_3g7l_P,/home/igem/unknown_software/datasets/propedia_formatted/propedia_3g7l_P/propedia_3g7l_P_protein_pocket.pdb,/home/igem/unknown_software/datasets/propedia_formatted/propedia_3g7l_P/propedia_3g7l_P_peptide.pdb,propedia
propedia_3g8f_B,/home/igem/unknown_software/datasets/propedia_formatted/propedia_3g8f_B/propedia_3g8f_B_protein_pocket.pdb,/home/igem/unknown_software/datasets/propedia_formatted/propedia_3g8f_B/propedia_3g8f_B_peptide.pdb,propedia
propedia_3gch_A,/home/igem/unknown_software/datasets/propedia_formatted/propedia_3gch_A/propedia_3gch_A_protein_pocket.pdb,/home/igem/unknown_software/datasets/propedia_formatted/propedia_3gch_A/propedia_3gch_A_peptide.pdb,propedia
propedia_3gch_A,/home/igem/unknown_software/datasets/propedia_formatted/propedia_3gch_A/propedia_3gch_A_protein_pocket.pdb,/home/igem/unknown_software/datasets/propedia_formatted/propedia_3gch_A/propedia_3gch_A_peptide.pdb,propedia
propedia_3gci_P,/home/igem/unknown_software/datasets/propedia_formatted/propedia_3gci_P/propedia_3gci_P_protein_pocket.pdb,/home/igem/unknown_software/datasets/propedia_formatted/propedia_3gci_P/propedia_3gci_P_peptide.pdb,propedia
propedia_3gct_B,/home/igem/unknown_software/datasets/propedia_formatted/propedia_3gct_B/propedia_3gct_B_protein_pocket.pdb,/home/igem/unknown_software/datasets/propedia_formatted/propedia_3gct_B/propedia_3gct_B_peptide.pdb,propedia
propedia_3gct_B,/home/igem/unknown_software/datasets/propedia_formatted/propedia_3gct_B/propedia_3gct_B_protein_pocket.pdb,/home/igem/unknown_software/datasets/propedia_formatted/propedia_3gct_B/propedia_3gct_B_peptide.pdb,propedia
propedia_3ggw_E,/home/igem/unknown_software/datasets/propedia_formatted/propedia_3ggw_E/propedia_3ggw_E_protein_pocket.pdb,/home/igem/unknown_software/datasets/propedia_formatted/propedia_3ggw_E/propedia_3ggw_E_peptide.pdb,propedia
propedia_3ggw_E,/home/igem/unknown_software/datasets/propedia_formatted/propedia_3ggw_E/propedia_3ggw_E_protein_pocket.pdb,/home/igem/unknown_software/datasets/propedia_formatted/propedia_3ggw_E/propedia_3ggw_E_peptide.pdb,propedia
propedia_3ghb_P,/home/igem/unknown_software/datasets/propedia_formatted/propedia_3ghb_P/propedia_3ghb_P_protein_pocket.pdb,/home/igem/unknown_software/datasets/propedia_formatted/propedia_3ghb_P/propedia_3ghb_P_peptide.pdb,propedia
propedia_3ghb_P,/home/igem/unknown_software/datasets/propedia_formatted/propedia_3ghb_P/propedia_3ghb_P_protein_pocket.pdb,/home/igem/unknown_software/datasets/propedia_formatted/propedia_3ghb_P/propedia_3ghb_P_peptide.pdb,propedia
propedia_3gi0_C,/home/igem/unknown_software/datasets/propedia_formatted/propedia_3gi0_C/propedia_3gi0_C_protein_pocket.pdb,/home/igem/unknown_software/datasets/propedia_formatted/propedia_3gi0_C/propedia_3gi0_C_peptide.pdb,propedia
propedia_3gi0_C,/home/igem/unknown_software/datasets/propedia_formatted/propedia_3gi0_C/propedia_3gi0_C_protein_pocket.pdb,/home/igem/unknown_software/datasets/propedia_formatted/propedia_3gi0_C/propedia_3gi0_C_peptide.pdb,propedia
propedia_3gjf_C,/home/igem/unknown_software/datasets/propedia_formatted/propedia_3gjf_C/propedia_3gjf_C_protein_pocket.pdb,/home/igem/unknown_software/datasets/propedia_formatted/propedia_3gjf_C/propedia_3gjf_C_peptide.pdb,propedia
propedia_3gjf_C,/home/igem/unknown_software/datasets/propedia_formatted/propedia_3gjf_C/propedia_3gjf_C_protein_pocket.pdb,/home/igem/unknown_software/datasets/propedia_formatted/propedia_3gjf_C/propedia_3gjf_C_peptide.pdb,propedia
propedia_3gjf_C,/home/igem/unknown_software/datasets/propedia_formatted/propedia_3gjf_C/propedia_3gjf_C_protein_pocket.pdb,/home/igem/unknown_software/datasets/propedia_formatted/propedia_3gjf_C/propedia_3gjf_C_peptide.pdb,propedia
propedia_3gjo_E,/home/igem/unknown_software/datasets/propedia_formatted/propedia_3gjo_E/propedia_3gjo_E_protein_pocket.pdb,/home/igem/unknown_software/datasets/propedia_formatted/propedia_3gjo_E/propedia_3gjo_E_peptide.pdb,propedia
propedia_3gjo_E,/home/igem/unknown_software/datasets/propedia_formatted/propedia_3gjo_E/propedia_3gjo_E_protein_pocket.pdb,/home/igem/unknown_software/datasets/propedia_formatted/propedia_3gjo_E/propedia_3gjo_E_peptide.pdb,propedia
propedia_3gjo_E,/home/igem/unknown_software/datasets/propedia_formatted/propedia_3gjo_E/propedia_3gjo_E_protein_pocket.pdb,/home/igem/unknown_software/datasets/propedia_formatted/propedia_3gjo_E/propedia_3gjo_E_peptide.pdb,propedia
propedia_3gkr_B,/home/igem/unknown_software/datasets/propedia_formatted/propedia_3gkr_B/propedia_3gkr_B_protein_pocket.pdb,/home/igem/unknown_software/datasets/propedia_formatted/propedia_3gkr_B/propedia_3gkr_B_peptide.pdb,propedia
propedia_3glr_B,/home/igem/unknown_software/datasets/propedia_formatted/propedia_3glr_B/propedia_3glr_B_protein_pocket.pdb,/home/igem/unknown_software/datasets/propedia_formatted/propedia_3glr_B/propedia_3glr_B_peptide.pdb,propedia
propedia_3glt_B,/home/igem/unknown_software/datasets/propedia_formatted/propedia_3glt_B/propedia_3glt_B_protein_pocket.pdb,/home/igem/unknown_software/datasets/propedia_formatted/propedia_3glt_B/propedia_3glt_B_peptide.pdb,propedia
propedia_3gze_X,/home/igem/unknown_software/datasets/propedia_formatted/propedia_3gze_X/propedia_3gze_X_protein_pocket.pdb,/home/igem/unknown_software/datasets/propedia_formatted/propedia_3gze_X/propedia_3gze_X_peptide.pdb,propedia
propedia_3h11_C,/home/igem/unknown_software/datasets/propedia_formatted/propedia_3h11_C/propedia_3h11_C_protein_pocket.pdb,/home/igem/unknown_software/datasets/propedia_formatted/propedia_3h11_C/propedia_3h11_C_peptide.pdb,propedia
propedia_3h5r_E,/home/igem/unknown_software/datasets/propedia_formatted/propedia_3h5r_E/propedia_3h5r_E_protein_pocket.pdb,/home/igem/unknown_software/datasets/propedia_formatted/propedia_3h5r_E/propedia_3h5r_E_peptide.pdb,propedia
propedia_3h5r_E,/home/igem/unknown_software/datasets/propedia_formatted/propedia_3h5r_E/propedia_3h5r_E_protein_pocket.pdb,/home/igem/unknown_software/datasets/propedia_formatted/propedia_3h5r_E/propedia_3h5r_E_peptide.pdb,propedia
propedia_3h7b_C,/home/igem/unknown_software/datasets/propedia_formatted/propedia_3h7b_C/propedia_3h7b_C_protein_pocket.pdb,/home/igem/unknown_software/datasets/propedia_formatted/propedia_3h7b_C/propedia_3h7b_C_peptide.pdb,propedia
propedia_3h9g_E,/home/igem/unknown_software/datasets/propedia_formatted/propedia_3h9g_E/propedia_3h9g_E_protein_pocket.pdb,/home/igem/unknown_software/datasets/propedia_formatted/propedia_3h9g_E/propedia_3h9g_E_peptide.pdb,propedia
propedia_3h9g_E,/home/igem/unknown_software/datasets/propedia_formatted/propedia_3h9g_E/propedia_3h9g_E_protein_pocket.pdb,/home/igem/unknown_software/datasets/propedia_formatted/propedia_3h9g_E/propedia_3h9g_E_peptide.pdb,propedia
propedia_3h9j_G,/home/igem/unknown_software/datasets/propedia_formatted/propedia_3h9j_G/propedia_3h9j_G_protein_pocket.pdb,/home/igem/unknown_software/datasets/propedia_formatted/propedia_3h9j_G/propedia_3h9j_G_peptide.pdb,propedia
propedia_3h9j_G,/home/igem/unknown_software/datasets/propedia_formatted/propedia_3h9j_G/propedia_3h9j_G_protein_pocket.pdb,/home/igem/unknown_software/datasets/propedia_formatted/propedia_3h9j_G/propedia_3h9j_G_peptide.pdb,propedia
propedia_3hat_I,/home/igem/unknown_software/datasets/propedia_formatted/propedia_3hat_I/propedia_3hat_I_protein_pocket.pdb,/home/igem/unknown_software/datasets/propedia_formatted/propedia_3hat_I/propedia_3hat_I_peptide.pdb,propedia
propedia_3hbv_Z,/home/igem/unknown_software/datasets/propedia_formatted/propedia_3hbv_Z/propedia_3hbv_Z_protein_pocket.pdb,/home/igem/unknown_software/datasets/propedia_formatted/propedia_3hbv_Z/propedia_3hbv_Z_peptide.pdb,propedia
propedia_3hcv_C,/home/igem/unknown_software/datasets/propedia_formatted/propedia_3hcv_C/propedia_3hcv_C_protein_pocket.pdb,/home/igem/unknown_software/datasets/propedia_formatted/propedia_3hcv_C/propedia_3hcv_C_peptide.pdb,propedia
propedia_3hda_Z,/home/igem/unknown_software/datasets/propedia_formatted/propedia_3hda_Z/propedia_3hda_Z_protein_pocket.pdb,/home/igem/unknown_software/datasets/propedia_formatted/propedia_3hda_Z/propedia_3hda_Z_peptide.pdb,propedia
propedia_3hds_E,/home/igem/unknown_software/datasets/propedia_formatted/propedia_3hds_E/propedia_3hds_E_protein_pocket.pdb,/home/igem/unknown_software/datasets/propedia_formatted/propedia_3hds_E/propedia_3hds_E_peptide.pdb,propedia
propedia_3hds_E,/home/igem/unknown_software/datasets/propedia_formatted/propedia_3hds_E/propedia_3hds_E_protein_pocket.pdb,/home/igem/unknown_software/datasets/propedia_formatted/propedia_3hds_E/propedia_3hds_E_peptide.pdb,propedia
propedia_3hna_P,/home/igem/unknown_software/datasets/propedia_formatted/propedia_3hna_P/propedia_3hna_P_protein_pocket.pdb,/home/igem/unknown_software/datasets/propedia_formatted/propedia_3hna_P/propedia_3hna_P_peptide.pdb,propedia
propedia_3hpj_C,/home/igem/unknown_software/datasets/propedia_formatted/propedia_3hpj_C/propedia_3hpj_C_protein_pocket.pdb,/home/igem/unknown_software/datasets/propedia_formatted/propedia_3hpj_C/propedia_3hpj_C_peptide.pdb,propedia
propedia_3hqh_M,/home/igem/unknown_software/datasets/propedia_formatted/propedia_3hqh_M/propedia_3hqh_M_protein_pocket.pdb,/home/igem/unknown_software/datasets/propedia_formatted/propedia_3hqh_M/propedia_3hqh_M_peptide.pdb,propedia
propedia_3hql_C,/home/igem/unknown_software/datasets/propedia_formatted/propedia_3hql_C/propedia_3hql_C_protein_pocket.pdb,/home/igem/unknown_software/datasets/propedia_formatted/propedia_3hql_C/propedia_3hql_C_peptide.pdb,propedia
propedia_3hqm_C,/home/igem/unknown_software/datasets/propedia_formatted/propedia_3hqm_C/propedia_3hqm_C_protein_pocket.pdb,/home/igem/unknown_software/datasets/propedia_formatted/propedia_3hqm_C/propedia_3hqm_C_peptide.pdb,propedia
propedia_3hqu_S,/home/igem/unknown_software/datasets/propedia_formatted/propedia_3hqu_S/propedia_3hqu_S_protein_pocket.pdb,/home/igem/unknown_software/datasets/propedia_formatted/propedia_3hqu_S/propedia_3hqu_S_peptide.pdb,propedia
propedia_3hr5_R,/home/igem/unknown_software/datasets/propedia_formatted/propedia_3hr5_R/propedia_3hr5_R_protein_pocket.pdb,/home/igem/unknown_software/datasets/propedia_formatted/propedia_3hr5_R/propedia_3hr5_R_peptide.pdb,propedia
propedia_3hr5_R,/home/igem/unknown_software/datasets/propedia_formatted/propedia_3hr5_R/propedia_3hr5_R_protein_pocket.pdb,/home/igem/unknown_software/datasets/propedia_formatted/propedia_3hr5_R/propedia_3hr5_R_peptide.pdb,propedia
propedia_3hr5_R,/home/igem/unknown_software/datasets/propedia_formatted/propedia_3hr5_R/propedia_3hr5_R_protein_pocket.pdb,/home/igem/unknown_software/datasets/propedia_formatted/propedia_3hr5_R/propedia_3hr5_R_peptide.pdb,propedia
propedia_3hs8_P,/home/igem/unknown_software/datasets/propedia_formatted/propedia_3hs8_P/propedia_3hs8_P_protein_pocket.pdb,/home/igem/unknown_software/datasets/propedia_formatted/propedia_3hs8_P/propedia_3hs8_P_peptide.pdb,propedia
propedia_3hsv_M,/home/igem/unknown_software/datasets/propedia_formatted/propedia_3hsv_M/propedia_3hsv_M_protein_pocket.pdb,/home/igem/unknown_software/datasets/propedia_formatted/propedia_3hsv_M/propedia_3hsv_M_peptide.pdb,propedia
propedia_3hsv_M,/home/igem/unknown_software/datasets/propedia_formatted/propedia_3hsv_M/propedia_3hsv_M_protein_pocket.pdb,/home/igem/unknown_software/datasets/propedia_formatted/propedia_3hsv_M/propedia_3hsv_M_peptide.pdb,propedia
propedia_3i5r_B,/home/igem/unknown_software/datasets/propedia_formatted/propedia_3i5r_B/propedia_3i5r_B_protein_pocket.pdb,/home/igem/unknown_software/datasets/propedia_formatted/propedia_3i5r_B/propedia_3i5r_B_peptide.pdb,propedia
propedia_3i6g_C,/home/igem/unknown_software/datasets/propedia_formatted/propedia_3i6g_C/propedia_3i6g_C_protein_pocket.pdb,/home/igem/unknown_software/datasets/propedia_formatted/propedia_3i6g_C/propedia_3i6g_C_peptide.pdb,propedia
propedia_3i6g_C,/home/igem/unknown_software/datasets/propedia_formatted/propedia_3i6g_C/propedia_3i6g_C_protein_pocket.pdb,/home/igem/unknown_software/datasets/propedia_formatted/propedia_3i6g_C/propedia_3i6g_C_peptide.pdb,propedia
propedia_3i6l_F,/home/igem/unknown_software/datasets/propedia_formatted/propedia_3i6l_F/propedia_3i6l_F_protein_pocket.pdb,/home/igem/unknown_software/datasets/propedia_formatted/propedia_3i6l_F/propedia_3i6l_F_peptide.pdb,propedia
propedia_3i7z_B,/home/igem/unknown_software/datasets/propedia_formatted/propedia_3i7z_B/propedia_3i7z_B_protein_pocket.pdb,/home/igem/unknown_software/datasets/propedia_formatted/propedia_3i7z_B/propedia_3i7z_B_peptide.pdb,propedia
propedia_3idg_C,/home/igem/unknown_software/datasets/propedia_formatted/propedia_3idg_C/propedia_3idg_C_protein_pocket.pdb,/home/igem/unknown_software/datasets/propedia_formatted/propedia_3idg_C/propedia_3idg_C_peptide.pdb,propedia
propedia_3idg_C,/home/igem/unknown_software/datasets/propedia_formatted/propedia_3idg_C/propedia_3idg_C_protein_pocket.pdb,/home/igem/unknown_software/datasets/propedia_formatted/propedia_3idg_C/propedia_3idg_C_peptide.pdb,propedia
propedia_3idi_C,/home/igem/unknown_software/datasets/propedia_formatted/propedia_3idi_C/propedia_3idi_C_protein_pocket.pdb,/home/igem/unknown_software/datasets/propedia_formatted/propedia_3idi_C/propedia_3idi_C_peptide.pdb,propedia
propedia_3idi_C,/home/igem/unknown_software/datasets/propedia_formatted/propedia_3idi_C/propedia_3idi_C_protein_pocket.pdb,/home/igem/unknown_software/datasets/propedia_formatted/propedia_3idi_C/propedia_3idi_C_peptide.pdb,propedia
propedia_3idj_C,/home/igem/unknown_software/datasets/propedia_formatted/propedia_3idj_C/propedia_3idj_C_protein_pocket.pdb,/home/igem/unknown_software/datasets/propedia_formatted/propedia_3idj_C/propedia_3idj_C_peptide.pdb,propedia
propedia_3idj_C,/home/igem/unknown_software/datasets/propedia_formatted/propedia_3idj_C/propedia_3idj_C_protein_pocket.pdb,/home/igem/unknown_software/datasets/propedia_formatted/propedia_3idj_C/propedia_3idj_C_peptide.pdb,propedia
propedia_3idm_C,/home/igem/unknown_software/datasets/propedia_formatted/propedia_3idm_C/propedia_3idm_C_protein_pocket.pdb,/home/igem/unknown_software/datasets/propedia_formatted/propedia_3idm_C/propedia_3idm_C_peptide.pdb,propedia
propedia_3idm_C,/home/igem/unknown_software/datasets/propedia_formatted/propedia_3idm_C/propedia_3idm_C_protein_pocket.pdb,/home/igem/unknown_software/datasets/propedia_formatted/propedia_3idm_C/propedia_3idm_C_peptide.pdb,propedia
propedia_3idn_C,/home/igem/unknown_software/datasets/propedia_formatted/propedia_3idn_C/propedia_3idn_C_protein_pocket.pdb,/home/igem/unknown_software/datasets/propedia_formatted/propedia_3idn_C/propedia_3idn_C_peptide.pdb,propedia
propedia_3idn_C,/home/igem/unknown_software/datasets/propedia_formatted/propedia_3idn_C/propedia_3idn_C_protein_pocket.pdb,/home/igem/unknown_software/datasets/propedia_formatted/propedia_3idn_C/propedia_3idn_C_peptide.pdb,propedia
propedia_3iet_Q,/home/igem/unknown_software/datasets/propedia_formatted/propedia_3iet_Q/propedia_3iet_Q_protein_pocket.pdb,/home/igem/unknown_software/datasets/propedia_formatted/propedia_3iet_Q/propedia_3iet_Q_peptide.pdb,propedia
propedia_3iet_Q,/home/igem/unknown_software/datasets/propedia_formatted/propedia_3iet_Q/propedia_3iet_Q_protein_pocket.pdb,/home/igem/unknown_software/datasets/propedia_formatted/propedia_3iet_Q/propedia_3iet_Q_peptide.pdb,propedia
propedia_3iet_Q,/home/igem/unknown_software/datasets/propedia_formatted/propedia_3iet_Q/propedia_3iet_Q_protein_pocket.pdb,/home/igem/unknown_software/datasets/propedia_formatted/propedia_3iet_Q/propedia_3iet_Q_peptide.pdb,propedia
propedia_3ifl_P,/home/igem/unknown_software/datasets/propedia_formatted/propedia_3ifl_P/propedia_3ifl_P_protein_pocket.pdb,/home/igem/unknown_software/datasets/propedia_formatted/propedia_3ifl_P/propedia_3ifl_P_peptide.pdb,propedia
propedia_3ifl_P,/home/igem/unknown_software/datasets/propedia_formatted/propedia_3ifl_P/propedia_3ifl_P_protein_pocket.pdb,/home/igem/unknown_software/datasets/propedia_formatted/propedia_3ifl_P/propedia_3ifl_P_peptide.pdb,propedia
propedia_3ifn_P,/home/igem/unknown_software/datasets/propedia_formatted/propedia_3ifn_P/propedia_3ifn_P_protein_pocket.pdb,/home/igem/unknown_software/datasets/propedia_formatted/propedia_3ifn_P/propedia_3ifn_P_peptide.pdb,propedia
propedia_3ifn_P,/home/igem/unknown_software/datasets/propedia_formatted/propedia_3ifn_P/propedia_3ifn_P_protein_pocket.pdb,/home/igem/unknown_software/datasets/propedia_formatted/propedia_3ifn_P/propedia_3ifn_P_peptide.pdb,propedia
propedia_3ifo_P,/home/igem/unknown_software/datasets/propedia_formatted/propedia_3ifo_P/propedia_3ifo_P_protein_pocket.pdb,/home/igem/unknown_software/datasets/propedia_formatted/propedia_3ifo_P/propedia_3ifo_P_peptide.pdb,propedia
propedia_3ifo_P,/home/igem/unknown_software/datasets/propedia_formatted/propedia_3ifo_P/propedia_3ifo_P_protein_pocket.pdb,/home/igem/unknown_software/datasets/propedia_formatted/propedia_3ifo_P/propedia_3ifo_P_peptide.pdb,propedia
propedia_3iiq_C,/home/igem/unknown_software/datasets/propedia_formatted/propedia_3iiq_C/propedia_3iiq_C_protein_pocket.pdb,/home/igem/unknown_software/datasets/propedia_formatted/propedia_3iiq_C/propedia_3iiq_C_peptide.pdb,propedia
propedia_3iiw_B,/home/igem/unknown_software/datasets/propedia_formatted/propedia_3iiw_B/propedia_3iiw_B_protein_pocket.pdb,/home/igem/unknown_software/datasets/propedia_formatted/propedia_3iiw_B/propedia_3iiw_B_peptide.pdb,propedia
propedia_3ij0_B,/home/igem/unknown_software/datasets/propedia_formatted/propedia_3ij0_B/propedia_3ij0_B_protein_pocket.pdb,/home/igem/unknown_software/datasets/propedia_formatted/propedia_3ij0_B/propedia_3ij0_B_peptide.pdb,propedia
propedia_3ij1_B,/home/igem/unknown_software/datasets/propedia_formatted/propedia_3ij1_B/propedia_3ij1_B_protein_pocket.pdb,/home/igem/unknown_software/datasets/propedia_formatted/propedia_3ij1_B/propedia_3ij1_B_peptide.pdb,propedia
propedia_3iqj_P,/home/igem/unknown_software/datasets/propedia_formatted/propedia_3iqj_P/propedia_3iqj_P_protein_pocket.pdb,/home/igem/unknown_software/datasets/propedia_formatted/propedia_3iqj_P/propedia_3iqj_P_peptide.pdb,propedia
propedia_3iqu_P,/home/igem/unknown_software/datasets/propedia_formatted/propedia_3iqu_P/propedia_3iqu_P_protein_pocket.pdb,/home/igem/unknown_software/datasets/propedia_formatted/propedia_3iqu_P/propedia_3iqu_P_peptide.pdb,propedia
propedia_3iqv_P,/home/igem/unknown_software/datasets/propedia_formatted/propedia_3iqv_P/propedia_3iqv_P_protein_pocket.pdb,/home/igem/unknown_software/datasets/propedia_formatted/propedia_3iqv_P/propedia_3iqv_P_peptide.pdb,propedia
propedia_3itb_L,/home/igem/unknown_software/datasets/propedia_formatted/propedia_3itb_L/propedia_3itb_L_protein_pocket.pdb,/home/igem/unknown_software/datasets/propedia_formatted/propedia_3itb_L/propedia_3itb_L_peptide.pdb,propedia
propedia_3itb_L,/home/igem/unknown_software/datasets/propedia_formatted/propedia_3itb_L/propedia_3itb_L_protein_pocket.pdb,/home/igem/unknown_software/datasets/propedia_formatted/propedia_3itb_L/propedia_3itb_L_peptide.pdb,propedia
propedia_3itn_B,/home/igem/unknown_software/datasets/propedia_formatted/propedia_3itn_B/propedia_3itn_B_protein_pocket.pdb,/home/igem/unknown_software/datasets/propedia_formatted/propedia_3itn_B/propedia_3itn_B_peptide.pdb,propedia
propedia_3iur_B,/home/igem/unknown_software/datasets/propedia_formatted/propedia_3iur_B/propedia_3iur_B_protein_pocket.pdb,/home/igem/unknown_software/datasets/propedia_formatted/propedia_3iur_B/propedia_3iur_B_peptide.pdb,propedia
propedia_3jpx_B,/home/igem/unknown_software/datasets/propedia_formatted/propedia_3jpx_B/propedia_3jpx_B_protein_pocket.pdb,/home/igem/unknown_software/datasets/propedia_formatted/propedia_3jpx_B/propedia_3jpx_B_peptide.pdb,propedia
propedia_3jq5_B,/home/igem/unknown_software/datasets/propedia_formatted/propedia_3jq5_B/propedia_3jq5_B_protein_pocket.pdb,/home/igem/unknown_software/datasets/propedia_formatted/propedia_3jq5_B/propedia_3jq5_B_peptide.pdb,propedia
propedia_3jql_B,/home/igem/unknown_software/datasets/propedia_formatted/propedia_3jql_B/propedia_3jql_B_protein_pocket.pdb,/home/igem/unknown_software/datasets/propedia_formatted/propedia_3jql_B/propedia_3jql_B_peptide.pdb,propedia
propedia_3jr3_D,/home/igem/unknown_software/datasets/propedia_formatted/propedia_3jr3_D/propedia_3jr3_D_protein_pocket.pdb,/home/igem/unknown_software/datasets/propedia_formatted/propedia_3jr3_D/propedia_3jr3_D_peptide.pdb,propedia
propedia_3jrv_C,/home/igem/unknown_software/datasets/propedia_formatted/propedia_3jrv_C/propedia_3jrv_C_protein_pocket.pdb,/home/igem/unknown_software/datasets/propedia_formatted/propedia_3jrv_C/propedia_3jrv_C_peptide.pdb,propedia
propedia_3jti_B,/home/igem/unknown_software/datasets/propedia_formatted/propedia_3jti_B/propedia_3jti_B_protein_pocket.pdb,/home/igem/unknown_software/datasets/propedia_formatted/propedia_3jti_B/propedia_3jti_B_peptide.pdb,propedia
propedia_3jxt_C,/home/igem/unknown_software/datasets/propedia_formatted/propedia_3jxt_C/propedia_3jxt_C_protein_pocket.pdb,/home/igem/unknown_software/datasets/propedia_formatted/propedia_3jxt_C/propedia_3jxt_C_peptide.pdb,propedia
propedia_3jxt_C,/home/igem/unknown_software/datasets/propedia_formatted/propedia_3jxt_C/propedia_3jxt_C_protein_pocket.pdb,/home/igem/unknown_software/datasets/propedia_formatted/propedia_3jxt_C/propedia_3jxt_C_peptide.pdb,propedia
propedia_3jzh_B,/home/igem/unknown_software/datasets/propedia_formatted/propedia_3jzh_B/propedia_3jzh_B_protein_pocket.pdb,/home/igem/unknown_software/datasets/propedia_formatted/propedia_3jzh_B/propedia_3jzh_B_peptide.pdb,propedia
propedia_3jzo_P,/home/igem/unknown_software/datasets/propedia_formatted/propedia_3jzo_P/propedia_3jzo_P_protein_pocket.pdb,/home/igem/unknown_software/datasets/propedia_formatted/propedia_3jzo_P/propedia_3jzo_P_peptide.pdb,propedia
propedia_3k05_C,/home/igem/unknown_software/datasets/propedia_formatted/propedia_3k05_C/propedia_3k05_C_protein_pocket.pdb,/home/igem/unknown_software/datasets/propedia_formatted/propedia_3k05_C/propedia_3k05_C_peptide.pdb,propedia
propedia_3k05_C,/home/igem/unknown_software/datasets/propedia_formatted/propedia_3k05_C/propedia_3k05_C_protein_pocket.pdb,/home/igem/unknown_software/datasets/propedia_formatted/propedia_3k05_C/propedia_3k05_C_peptide.pdb,propedia
propedia_3k27_B,/home/igem/unknown_software/datasets/propedia_formatted/propedia_3k27_B/propedia_3k27_B_protein_pocket.pdb,/home/igem/unknown_software/datasets/propedia_formatted/propedia_3k27_B/propedia_3k27_B_peptide.pdb,propedia
propedia_3k2u_B,/home/igem/unknown_software/datasets/propedia_formatted/propedia_3k2u_B/propedia_3k2u_B_protein_pocket.pdb,/home/igem/unknown_software/datasets/propedia_formatted/propedia_3k2u_B/propedia_3k2u_B_peptide.pdb,propedia
propedia_3kee_E,/home/igem/unknown_software/datasets/propedia_formatted/propedia_3kee_E/propedia_3kee_E_protein_pocket.pdb,/home/igem/unknown_software/datasets/propedia_formatted/propedia_3kee_E/propedia_3kee_E_peptide.pdb,propedia
propedia_3kee_E,/home/igem/unknown_software/datasets/propedia_formatted/propedia_3kee_E/propedia_3kee_E_protein_pocket.pdb,/home/igem/unknown_software/datasets/propedia_formatted/propedia_3kee_E/propedia_3kee_E_peptide.pdb,propedia
propedia_3kmt_G,/home/igem/unknown_software/datasets/propedia_formatted/propedia_3kmt_G/propedia_3kmt_G_protein_pocket.pdb,/home/igem/unknown_software/datasets/propedia_formatted/propedia_3kmt_G/propedia_3kmt_G_peptide.pdb,propedia
propedia_3kpl_C,/home/igem/unknown_software/datasets/propedia_formatted/propedia_3kpl_C/propedia_3kpl_C_protein_pocket.pdb,/home/igem/unknown_software/datasets/propedia_formatted/propedia_3kpl_C/propedia_3kpl_C_peptide.pdb,propedia
propedia_3kqi_B,/home/igem/unknown_software/datasets/propedia_formatted/propedia_3kqi_B/propedia_3kqi_B_protein_pocket.pdb,/home/igem/unknown_software/datasets/propedia_formatted/propedia_3kqi_B/propedia_3kqi_B_peptide.pdb,propedia
propedia_3kti_H,/home/igem/unknown_software/datasets/propedia_formatted/propedia_3kti_H/propedia_3kti_H_protein_pocket.pdb,/home/igem/unknown_software/datasets/propedia_formatted/propedia_3kti_H/propedia_3kti_H_peptide.pdb,propedia
propedia_3kti_H,/home/igem/unknown_software/datasets/propedia_formatted/propedia_3kti_H/propedia_3kti_H_protein_pocket.pdb,/home/igem/unknown_software/datasets/propedia_formatted/propedia_3kti_H/propedia_3kti_H_peptide.pdb,propedia
propedia_3kyn_P,/home/igem/unknown_software/datasets/propedia_formatted/propedia_3kyn_P/propedia_3kyn_P_protein_pocket.pdb,/home/igem/unknown_software/datasets/propedia_formatted/propedia_3kyn_P/propedia_3kyn_P_peptide.pdb,propedia
propedia_3kyo_P,/home/igem/unknown_software/datasets/propedia_formatted/propedia_3kyo_P/propedia_3kyo_P_protein_pocket.pdb,/home/igem/unknown_software/datasets/propedia_formatted/propedia_3kyo_P/propedia_3kyo_P_peptide.pdb,propedia
propedia_3kze_D,/home/igem/unknown_software/datasets/propedia_formatted/propedia_3kze_D/propedia_3kze_D_protein_pocket.pdb,/home/igem/unknown_software/datasets/propedia_formatted/propedia_3kze_D/propedia_3kze_D_peptide.pdb,propedia
propedia_3kze_D,/home/igem/unknown_software/datasets/propedia_formatted/propedia_3kze_D/propedia_3kze_D_protein_pocket.pdb,/home/igem/unknown_software/datasets/propedia_formatted/propedia_3kze_D/propedia_3kze_D_peptide.pdb,propedia
propedia_3l3q_B,/home/igem/unknown_software/datasets/propedia_formatted/propedia_3l3q_B/propedia_3l3q_B_protein_pocket.pdb,/home/igem/unknown_software/datasets/propedia_formatted/propedia_3l3q_B/propedia_3l3q_B_peptide.pdb,propedia
propedia_3l41_B,/home/igem/unknown_software/datasets/propedia_formatted/propedia_3l41_B/propedia_3l41_B_protein_pocket.pdb,/home/igem/unknown_software/datasets/propedia_formatted/propedia_3l41_B/propedia_3l41_B_peptide.pdb,propedia
propedia_3lex_C,/home/igem/unknown_software/datasets/propedia_formatted/propedia_3lex_C/propedia_3lex_C_protein_pocket.pdb,/home/igem/unknown_software/datasets/propedia_formatted/propedia_3lex_C/propedia_3lex_C_peptide.pdb,propedia
propedia_3lex_C,/home/igem/unknown_software/datasets/propedia_formatted/propedia_3lex_C/propedia_3lex_C_protein_pocket.pdb,/home/igem/unknown_software/datasets/propedia_formatted/propedia_3lex_C/propedia_3lex_C_peptide.pdb,propedia
propedia_3ley_P,/home/igem/unknown_software/datasets/propedia_formatted/propedia_3ley_P/propedia_3ley_P_protein_pocket.pdb,/home/igem/unknown_software/datasets/propedia_formatted/propedia_3ley_P/propedia_3ley_P_peptide.pdb,propedia
propedia_3ley_P,/home/igem/unknown_software/datasets/propedia_formatted/propedia_3ley_P/propedia_3ley_P_protein_pocket.pdb,/home/igem/unknown_software/datasets/propedia_formatted/propedia_3ley_P/propedia_3ley_P_peptide.pdb,propedia
propedia_3liy_I,/home/igem/unknown_software/datasets/propedia_formatted/propedia_3liy_I/propedia_3liy_I_protein_pocket.pdb,/home/igem/unknown_software/datasets/propedia_formatted/propedia_3liy_I/propedia_3liy_I_peptide.pdb,propedia
propedia_3liy_I,/home/igem/unknown_software/datasets/propedia_formatted/propedia_3liy_I/propedia_3liy_I_protein_pocket.pdb,/home/igem/unknown_software/datasets/propedia_formatted/propedia_3liy_I/propedia_3liy_I_peptide.pdb,propedia
propedia_3ll8_E,/home/igem/unknown_software/datasets/propedia_formatted/propedia_3ll8_E/propedia_3ll8_E_protein_pocket.pdb,/home/igem/unknown_software/datasets/propedia_formatted/propedia_3ll8_E/propedia_3ll8_E_peptide.pdb,propedia
propedia_3ln4_C,/home/igem/unknown_software/datasets/propedia_formatted/propedia_3ln4_C/propedia_3ln4_C_protein_pocket.pdb,/home/igem/unknown_software/datasets/propedia_formatted/propedia_3ln4_C/propedia_3ln4_C_peptide.pdb,propedia
propedia_3ln5_C,/home/igem/unknown_software/datasets/propedia_formatted/propedia_3ln5_C/propedia_3ln5_C_protein_pocket.pdb,/home/igem/unknown_software/datasets/propedia_formatted/propedia_3ln5_C/propedia_3ln5_C_peptide.pdb,propedia
propedia_3lny_B,/home/igem/unknown_software/datasets/propedia_formatted/propedia_3lny_B/propedia_3lny_B_protein_pocket.pdb,/home/igem/unknown_software/datasets/propedia_formatted/propedia_3lny_B/propedia_3lny_B_peptide.pdb,propedia
propedia_3lnz_B,/home/igem/unknown_software/datasets/propedia_formatted/propedia_3lnz_B/propedia_3lnz_B_protein_pocket.pdb,/home/igem/unknown_software/datasets/propedia_formatted/propedia_3lnz_B/propedia_3lnz_B_peptide.pdb,propedia
propedia_3lnz_B,/home/igem/unknown_software/datasets/propedia_formatted/propedia_3lnz_B/propedia_3lnz_B_protein_pocket.pdb,/home/igem/unknown_software/datasets/propedia_formatted/propedia_3lnz_B/propedia_3lnz_B_peptide.pdb,propedia
propedia_3lqi_R,/home/igem/unknown_software/datasets/propedia_formatted/propedia_3lqi_R/propedia_3lqi_R_protein_pocket.pdb,/home/igem/unknown_software/datasets/propedia_formatted/propedia_3lqi_R/propedia_3lqi_R_peptide.pdb,propedia
propedia_3lqj_Q,/home/igem/unknown_software/datasets/propedia_formatted/propedia_3lqj_Q/propedia_3lqj_Q_protein_pocket.pdb,/home/igem/unknown_software/datasets/propedia_formatted/propedia_3lqj_Q/propedia_3lqj_Q_peptide.pdb,propedia
propedia_3lw1_P,/home/igem/unknown_software/datasets/propedia_formatted/propedia_3lw1_P/propedia_3lw1_P_protein_pocket.pdb,/home/igem/unknown_software/datasets/propedia_formatted/propedia_3lw1_P/propedia_3lw1_P_peptide.pdb,propedia
propedia_3m4c_E,/home/igem/unknown_software/datasets/propedia_formatted/propedia_3m4c_E/propedia_3m4c_E_protein_pocket.pdb,/home/igem/unknown_software/datasets/propedia_formatted/propedia_3m4c_E/propedia_3m4c_E_peptide.pdb,propedia
propedia_3m53_B,/home/igem/unknown_software/datasets/propedia_formatted/propedia_3m53_B/propedia_3m53_B_protein_pocket.pdb,/home/igem/unknown_software/datasets/propedia_formatted/propedia_3m53_B/propedia_3m53_B_peptide.pdb,propedia
propedia_3m55_B,/home/igem/unknown_software/datasets/propedia_formatted/propedia_3m55_B/propedia_3m55_B_protein_pocket.pdb,/home/igem/unknown_software/datasets/propedia_formatted/propedia_3m55_B/propedia_3m55_B_peptide.pdb,propedia
propedia_3m56_B,/home/igem/unknown_software/datasets/propedia_formatted/propedia_3m56_B/propedia_3m56_B_protein_pocket.pdb,/home/igem/unknown_software/datasets/propedia_formatted/propedia_3m56_B/propedia_3m56_B_peptide.pdb,propedia
propedia_3m58_B,/home/igem/unknown_software/datasets/propedia_formatted/propedia_3m58_B/propedia_3m58_B_protein_pocket.pdb,/home/igem/unknown_software/datasets/propedia_formatted/propedia_3m58_B/propedia_3m58_B_peptide.pdb,propedia
propedia_3m59_B,/home/igem/unknown_software/datasets/propedia_formatted/propedia_3m59_B/propedia_3m59_B_protein_pocket.pdb,/home/igem/unknown_software/datasets/propedia_formatted/propedia_3m59_B/propedia_3m59_B_peptide.pdb,propedia
propedia_3m5a_B,/home/igem/unknown_software/datasets/propedia_formatted/propedia_3m5a_B/propedia_3m5a_B_protein_pocket.pdb,/home/igem/unknown_software/datasets/propedia_formatted/propedia_3m5a_B/propedia_3m5a_B_peptide.pdb,propedia
propedia_3m5n_F,/home/igem/unknown_software/datasets/propedia_formatted/propedia_3m5n_F/propedia_3m5n_F_protein_pocket.pdb,/home/igem/unknown_software/datasets/propedia_formatted/propedia_3m5n_F/propedia_3m5n_F_peptide.pdb,propedia
propedia_3m5o_C,/home/igem/unknown_software/datasets/propedia_formatted/propedia_3m5o_C/propedia_3m5o_C_protein_pocket.pdb,/home/igem/unknown_software/datasets/propedia_formatted/propedia_3m5o_C/propedia_3m5o_C_peptide.pdb,propedia
propedia_3maz_B,/home/igem/unknown_software/datasets/propedia_formatted/propedia_3maz_B/propedia_3maz_B_protein_pocket.pdb,/home/igem/unknown_software/datasets/propedia_formatted/propedia_3maz_B/propedia_3maz_B_peptide.pdb,propedia
propedia_3me9_C,/home/igem/unknown_software/datasets/propedia_formatted/propedia_3me9_C/propedia_3me9_C_protein_pocket.pdb,/home/igem/unknown_software/datasets/propedia_formatted/propedia_3me9_C/propedia_3me9_C_peptide.pdb,propedia
propedia_3met_C,/home/igem/unknown_software/datasets/propedia_formatted/propedia_3met_C/propedia_3met_C_protein_pocket.pdb,/home/igem/unknown_software/datasets/propedia_formatted/propedia_3met_C/propedia_3met_C_peptide.pdb,propedia
propedia_3meu_C,/home/igem/unknown_software/datasets/propedia_formatted/propedia_3meu_C/propedia_3meu_C_protein_pocket.pdb,/home/igem/unknown_software/datasets/propedia_formatted/propedia_3meu_C/propedia_3meu_C_peptide.pdb,propedia
propedia_3mgo_C,/home/igem/unknown_software/datasets/propedia_formatted/propedia_3mgo_C/propedia_3mgo_C_protein_pocket.pdb,/home/igem/unknown_software/datasets/propedia_formatted/propedia_3mgo_C/propedia_3mgo_C_peptide.pdb,propedia
propedia_3mgo_C,/home/igem/unknown_software/datasets/propedia_formatted/propedia_3mgo_C/propedia_3mgo_C_protein_pocket.pdb,/home/igem/unknown_software/datasets/propedia_formatted/propedia_3mgo_C/propedia_3mgo_C_peptide.pdb,propedia
propedia_3mgo_C,/home/igem/unknown_software/datasets/propedia_formatted/propedia_3mgo_C/propedia_3mgo_C_protein_pocket.pdb,/home/igem/unknown_software/datasets/propedia_formatted/propedia_3mgo_C/propedia_3mgo_C_peptide.pdb,propedia
propedia_3mgt_C,/home/igem/unknown_software/datasets/propedia_formatted/propedia_3mgt_C/propedia_3mgt_C_protein_pocket.pdb,/home/igem/unknown_software/datasets/propedia_formatted/propedia_3mgt_C/propedia_3mgt_C_peptide.pdb,propedia
propedia_3mgt_C,/home/igem/unknown_software/datasets/propedia_formatted/propedia_3mgt_C/propedia_3mgt_C_protein_pocket.pdb,/home/igem/unknown_software/datasets/propedia_formatted/propedia_3mgt_C/propedia_3mgt_C_peptide.pdb,propedia
propedia_3mgt_C,/home/igem/unknown_software/datasets/propedia_formatted/propedia_3mgt_C/propedia_3mgt_C_protein_pocket.pdb,/home/igem/unknown_software/datasets/propedia_formatted/propedia_3mgt_C/propedia_3mgt_C_peptide.pdb,propedia
propedia_3mhr_P,/home/igem/unknown_software/datasets/propedia_formatted/propedia_3mhr_P/propedia_3mhr_P_protein_pocket.pdb,/home/igem/unknown_software/datasets/propedia_formatted/propedia_3mhr_P/propedia_3mhr_P_peptide.pdb,propedia
propedia_3mly_P,/home/igem/unknown_software/datasets/propedia_formatted/propedia_3mly_P/propedia_3mly_P_protein_pocket.pdb,/home/igem/unknown_software/datasets/propedia_formatted/propedia_3mly_P/propedia_3mly_P_peptide.pdb,propedia
propedia_3mly_P,/home/igem/unknown_software/datasets/propedia_formatted/propedia_3mly_P/propedia_3mly_P_protein_pocket.pdb,/home/igem/unknown_software/datasets/propedia_formatted/propedia_3mly_P/propedia_3mly_P_peptide.pdb,propedia
propedia_3mly_P,/home/igem/unknown_software/datasets/propedia_formatted/propedia_3mly_P/propedia_3mly_P_protein_pocket.pdb,/home/igem/unknown_software/datasets/propedia_formatted/propedia_3mly_P/propedia_3mly_P_peptide.pdb,propedia
propedia_3mmg_C,/home/igem/unknown_software/datasets/propedia_formatted/propedia_3mmg_C/propedia_3mmg_C_protein_pocket.pdb,/home/igem/unknown_software/datasets/propedia_formatted/propedia_3mmg_C/propedia_3mmg_C_peptide.pdb,propedia
propedia_3mo8_B,/home/igem/unknown_software/datasets/propedia_formatted/propedia_3mo8_B/propedia_3mo8_B_protein_pocket.pdb,/home/igem/unknown_software/datasets/propedia_formatted/propedia_3mo8_B/propedia_3mo8_B_peptide.pdb,propedia
propedia_3mod_P,/home/igem/unknown_software/datasets/propedia_formatted/propedia_3mod_P/propedia_3mod_P_protein_pocket.pdb,/home/igem/unknown_software/datasets/propedia_formatted/propedia_3mod_P/propedia_3mod_P_peptide.pdb,propedia
propedia_3mod_P,/home/igem/unknown_software/datasets/propedia_formatted/propedia_3mod_P/propedia_3mod_P_protein_pocket.pdb,/home/igem/unknown_software/datasets/propedia_formatted/propedia_3mod_P/propedia_3mod_P_peptide.pdb,propedia
propedia_3mqs_D,/home/igem/unknown_software/datasets/propedia_formatted/propedia_3mqs_D/propedia_3mqs_D_protein_pocket.pdb,/home/igem/unknown_software/datasets/propedia_formatted/propedia_3mqs_D/propedia_3mqs_D_peptide.pdb,propedia
propedia_3mre_P,/home/igem/unknown_software/datasets/propedia_formatted/propedia_3mre_P/propedia_3mre_P_protein_pocket.pdb,/home/igem/unknown_software/datasets/propedia_formatted/propedia_3mre_P/propedia_3mre_P_peptide.pdb,propedia
propedia_3mrg_P,/home/igem/unknown_software/datasets/propedia_formatted/propedia_3mrg_P/propedia_3mrg_P_protein_pocket.pdb,/home/igem/unknown_software/datasets/propedia_formatted/propedia_3mrg_P/propedia_3mrg_P_peptide.pdb,propedia
propedia_3mrk_P,/home/igem/unknown_software/datasets/propedia_formatted/propedia_3mrk_P/propedia_3mrk_P_protein_pocket.pdb,/home/igem/unknown_software/datasets/propedia_formatted/propedia_3mrk_P/propedia_3mrk_P_peptide.pdb,propedia
propedia_3mrm_P,/home/igem/unknown_software/datasets/propedia_formatted/propedia_3mrm_P/propedia_3mrm_P_protein_pocket.pdb,/home/igem/unknown_software/datasets/propedia_formatted/propedia_3mrm_P/propedia_3mrm_P_peptide.pdb,propedia
propedia_3mrn_P,/home/igem/unknown_software/datasets/propedia_formatted/propedia_3mrn_P/propedia_3mrn_P_protein_pocket.pdb,/home/igem/unknown_software/datasets/propedia_formatted/propedia_3mrn_P/propedia_3mrn_P_peptide.pdb,propedia
propedia_3mt6_1,/home/igem/unknown_software/datasets/propedia_formatted/propedia_3mt6_1/propedia_3mt6_1_protein_pocket.pdb,/home/igem/unknown_software/datasets/propedia_formatted/propedia_3mt6_1/propedia_3mt6_1_peptide.pdb,propedia
propedia_3mt6_1,/home/igem/unknown_software/datasets/propedia_formatted/propedia_3mt6_1/propedia_3mt6_1_protein_pocket.pdb,/home/igem/unknown_software/datasets/propedia_formatted/propedia_3mt6_1/propedia_3mt6_1_peptide.pdb,propedia
propedia_3muk_D,/home/igem/unknown_software/datasets/propedia_formatted/propedia_3muk_D/propedia_3muk_D_protein_pocket.pdb,/home/igem/unknown_software/datasets/propedia_formatted/propedia_3muk_D/propedia_3muk_D_peptide.pdb,propedia
propedia_3mv7_C,/home/igem/unknown_software/datasets/propedia_formatted/propedia_3mv7_C/propedia_3mv7_C_protein_pocket.pdb,/home/igem/unknown_software/datasets/propedia_formatted/propedia_3mv7_C/propedia_3mv7_C_peptide.pdb,propedia
propedia_3mv7_C,/home/igem/unknown_software/datasets/propedia_formatted/propedia_3mv7_C/propedia_3mv7_C_protein_pocket.pdb,/home/igem/unknown_software/datasets/propedia_formatted/propedia_3mv7_C/propedia_3mv7_C_peptide.pdb,propedia
propedia_3mv7_C,/home/igem/unknown_software/datasets/propedia_formatted/propedia_3mv7_C/propedia_3mv7_C_protein_pocket.pdb,/home/igem/unknown_software/datasets/propedia_formatted/propedia_3mv7_C/propedia_3mv7_C_peptide.pdb,propedia
propedia_3mv8_C,/home/igem/unknown_software/datasets/propedia_formatted/propedia_3mv8_C/propedia_3mv8_C_protein_pocket.pdb,/home/igem/unknown_software/datasets/propedia_formatted/propedia_3mv8_C/propedia_3mv8_C_peptide.pdb,propedia
propedia_3mv8_C,/home/igem/unknown_software/datasets/propedia_formatted/propedia_3mv8_C/propedia_3mv8_C_protein_pocket.pdb,/home/igem/unknown_software/datasets/propedia_formatted/propedia_3mv8_C/propedia_3mv8_C_peptide.pdb,propedia
propedia_3mv8_C,/home/igem/unknown_software/datasets/propedia_formatted/propedia_3mv8_C/propedia_3mv8_C_protein_pocket.pdb,/home/igem/unknown_software/datasets/propedia_formatted/propedia_3mv8_C/propedia_3mv8_C_peptide.pdb,propedia
propedia_3mxc_L,/home/igem/unknown_software/datasets/propedia_formatted/propedia_3mxc_L/propedia_3mxc_L_protein_pocket.pdb,/home/igem/unknown_software/datasets/propedia_formatted/propedia_3mxc_L/propedia_3mxc_L_peptide.pdb,propedia
propedia_3mxy_L,/home/igem/unknown_software/datasets/propedia_formatted/propedia_3mxy_L/propedia_3mxy_L_protein_pocket.pdb,/home/igem/unknown_software/datasets/propedia_formatted/propedia_3mxy_L/propedia_3mxy_L_peptide.pdb,propedia
propedia_3n2d_B,/home/igem/unknown_software/datasets/propedia_formatted/propedia_3n2d_B/propedia_3n2d_B_protein_pocket.pdb,/home/igem/unknown_software/datasets/propedia_formatted/propedia_3n2d_B/propedia_3n2d_B_peptide.pdb,propedia
propedia_3n55_B,/home/igem/unknown_software/datasets/propedia_formatted/propedia_3n55_B/propedia_3n55_B_protein_pocket.pdb,/home/igem/unknown_software/datasets/propedia_formatted/propedia_3n55_B/propedia_3n55_B_peptide.pdb,propedia
propedia_3n5e_D,/home/igem/unknown_software/datasets/propedia_formatted/propedia_3n5e_D/propedia_3n5e_D_protein_pocket.pdb,/home/igem/unknown_software/datasets/propedia_formatted/propedia_3n5e_D/propedia_3n5e_D_peptide.pdb,propedia
propedia_3n5e_D,/home/igem/unknown_software/datasets/propedia_formatted/propedia_3n5e_D/propedia_3n5e_D_protein_pocket.pdb,/home/igem/unknown_software/datasets/propedia_formatted/propedia_3n5e_D/propedia_3n5e_D_peptide.pdb,propedia
propedia_3n7y_D,/home/igem/unknown_software/datasets/propedia_formatted/propedia_3n7y_D/propedia_3n7y_D_protein_pocket.pdb,/home/igem/unknown_software/datasets/propedia_formatted/propedia_3n7y_D/propedia_3n7y_D_peptide.pdb,propedia
propedia_3n84_G,/home/igem/unknown_software/datasets/propedia_formatted/propedia_3n84_G/propedia_3n84_G_protein_pocket.pdb,/home/igem/unknown_software/datasets/propedia_formatted/propedia_3n84_G/propedia_3n84_G_peptide.pdb,propedia
propedia_3n8m_B,/home/igem/unknown_software/datasets/propedia_formatted/propedia_3n8m_B/propedia_3n8m_B_protein_pocket.pdb,/home/igem/unknown_software/datasets/propedia_formatted/propedia_3n8m_B/propedia_3n8m_B_peptide.pdb,propedia
propedia_3n9n_B,/home/igem/unknown_software/datasets/propedia_formatted/propedia_3n9n_B/propedia_3n9n_B_protein_pocket.pdb,/home/igem/unknown_software/datasets/propedia_formatted/propedia_3n9n_B/propedia_3n9n_B_peptide.pdb,propedia
propedia_3n9o_B,/home/igem/unknown_software/datasets/propedia_formatted/propedia_3n9o_B/propedia_3n9o_B_protein_pocket.pdb,/home/igem/unknown_software/datasets/propedia_formatted/propedia_3n9o_B/propedia_3n9o_B_peptide.pdb,propedia
propedia_3n9p_B,/home/igem/unknown_software/datasets/propedia_formatted/propedia_3n9p_B/propedia_3n9p_B_protein_pocket.pdb,/home/igem/unknown_software/datasets/propedia_formatted/propedia_3n9p_B/propedia_3n9p_B_peptide.pdb,propedia
propedia_3n9q_B,/home/igem/unknown_software/datasets/propedia_formatted/propedia_3n9q_B/propedia_3n9q_B_protein_pocket.pdb,/home/igem/unknown_software/datasets/propedia_formatted/propedia_3n9q_B/propedia_3n9q_B_peptide.pdb,propedia
propedia_3nf3_C,/home/igem/unknown_software/datasets/propedia_formatted/propedia_3nf3_C/propedia_3nf3_C_protein_pocket.pdb,/home/igem/unknown_software/datasets/propedia_formatted/propedia_3nf3_C/propedia_3nf3_C_peptide.pdb,propedia
propedia_3nfl_E,/home/igem/unknown_software/datasets/propedia_formatted/propedia_3nfl_E/propedia_3nfl_E_protein_pocket.pdb,/home/igem/unknown_software/datasets/propedia_formatted/propedia_3nfl_E/propedia_3nfl_E_peptide.pdb,propedia
propedia_3nfn_C,/home/igem/unknown_software/datasets/propedia_formatted/propedia_3nfn_C/propedia_3nfn_C_protein_pocket.pdb,/home/igem/unknown_software/datasets/propedia_formatted/propedia_3nfn_C/propedia_3nfn_C_peptide.pdb,propedia
propedia_3nkx_P,/home/igem/unknown_software/datasets/propedia_formatted/propedia_3nkx_P/propedia_3nkx_P_protein_pocket.pdb,/home/igem/unknown_software/datasets/propedia_formatted/propedia_3nkx_P/propedia_3nkx_P_peptide.pdb,propedia
propedia_3nzj_3,/home/igem/unknown_software/datasets/propedia_formatted/propedia_3nzj_3/propedia_3nzj_3_protein_pocket.pdb,/home/igem/unknown_software/datasets/propedia_formatted/propedia_3nzj_3/propedia_3nzj_3_peptide.pdb,propedia
propedia_3nzj_3,/home/igem/unknown_software/datasets/propedia_formatted/propedia_3nzj_3/propedia_3nzj_3_protein_pocket.pdb,/home/igem/unknown_software/datasets/propedia_formatted/propedia_3nzj_3/propedia_3nzj_3_peptide.pdb,propedia
propedia_3nzw_3,/home/igem/unknown_software/datasets/propedia_formatted/propedia_3nzw_3/propedia_3nzw_3_protein_pocket.pdb,/home/igem/unknown_software/datasets/propedia_formatted/propedia_3nzw_3/propedia_3nzw_3_peptide.pdb,propedia
propedia_3nzw_3,/home/igem/unknown_software/datasets/propedia_formatted/propedia_3nzw_3/propedia_3nzw_3_protein_pocket.pdb,/home/igem/unknown_software/datasets/propedia_formatted/propedia_3nzw_3/propedia_3nzw_3_peptide.pdb,propedia
propedia_3o2q_F,/home/igem/unknown_software/datasets/propedia_formatted/propedia_3o2q_F/propedia_3o2q_F_protein_pocket.pdb,/home/igem/unknown_software/datasets/propedia_formatted/propedia_3o2q_F/propedia_3o2q_F_peptide.pdb,propedia
propedia_3o35_E,/home/igem/unknown_software/datasets/propedia_formatted/propedia_3o35_E/propedia_3o35_E_protein_pocket.pdb,/home/igem/unknown_software/datasets/propedia_formatted/propedia_3o35_E/propedia_3o35_E_peptide.pdb,propedia
propedia_3o35_E,/home/igem/unknown_software/datasets/propedia_formatted/propedia_3o35_E/propedia_3o35_E_protein_pocket.pdb,/home/igem/unknown_software/datasets/propedia_formatted/propedia_3o35_E/propedia_3o35_E_peptide.pdb,propedia
propedia_3o37_E,/home/igem/unknown_software/datasets/propedia_formatted/propedia_3o37_E/propedia_3o37_E_protein_pocket.pdb,/home/igem/unknown_software/datasets/propedia_formatted/propedia_3o37_E/propedia_3o37_E_peptide.pdb,propedia
propedia_3o37_E,/home/igem/unknown_software/datasets/propedia_formatted/propedia_3o37_E/propedia_3o37_E_protein_pocket.pdb,/home/igem/unknown_software/datasets/propedia_formatted/propedia_3o37_E/propedia_3o37_E_peptide.pdb,propedia
propedia_3o3a_C,/home/igem/unknown_software/datasets/propedia_formatted/propedia_3o3a_C/propedia_3o3a_C_protein_pocket.pdb,/home/igem/unknown_software/datasets/propedia_formatted/propedia_3o3a_C/propedia_3o3a_C_peptide.pdb,propedia
propedia_3o3b_C,/home/igem/unknown_software/datasets/propedia_formatted/propedia_3o3b_C/propedia_3o3b_C_protein_pocket.pdb,/home/igem/unknown_software/datasets/propedia_formatted/propedia_3o3b_C/propedia_3o3b_C_peptide.pdb,propedia
propedia_3o3d_C,/home/igem/unknown_software/datasets/propedia_formatted/propedia_3o3d_C/propedia_3o3d_C_protein_pocket.pdb,/home/igem/unknown_software/datasets/propedia_formatted/propedia_3o3d_C/propedia_3o3d_C_peptide.pdb,propedia
propedia_3o3e_C,/home/igem/unknown_software/datasets/propedia_formatted/propedia_3o3e_C/propedia_3o3e_C_protein_pocket.pdb,/home/igem/unknown_software/datasets/propedia_formatted/propedia_3o3e_C/propedia_3o3e_C_peptide.pdb,propedia
propedia_3o41_C,/home/igem/unknown_software/datasets/propedia_formatted/propedia_3o41_C/propedia_3o41_C_protein_pocket.pdb,/home/igem/unknown_software/datasets/propedia_formatted/propedia_3o41_C/propedia_3o41_C_peptide.pdb,propedia
propedia_3o41_C,/home/igem/unknown_software/datasets/propedia_formatted/propedia_3o41_C/propedia_3o41_C_protein_pocket.pdb,/home/igem/unknown_software/datasets/propedia_formatted/propedia_3o41_C/propedia_3o41_C_peptide.pdb,propedia
propedia_3o6m_C,/home/igem/unknown_software/datasets/propedia_formatted/propedia_3o6m_C/propedia_3o6m_C_protein_pocket.pdb,/home/igem/unknown_software/datasets/propedia_formatted/propedia_3o6m_C/propedia_3o6m_C_peptide.pdb,propedia
propedia_3o6m_C,/home/igem/unknown_software/datasets/propedia_formatted/propedia_3o6m_C/propedia_3o6m_C_protein_pocket.pdb,/home/igem/unknown_software/datasets/propedia_formatted/propedia_3o6m_C/propedia_3o6m_C_peptide.pdb,propedia
propedia_3o71_B,/home/igem/unknown_software/datasets/propedia_formatted/propedia_3o71_B/propedia_3o71_B_protein_pocket.pdb,/home/igem/unknown_software/datasets/propedia_formatted/propedia_3o71_B/propedia_3o71_B_peptide.pdb,propedia
propedia_3o8i_B,/home/igem/unknown_software/datasets/propedia_formatted/propedia_3o8i_B/propedia_3o8i_B_protein_pocket.pdb,/home/igem/unknown_software/datasets/propedia_formatted/propedia_3o8i_B/propedia_3o8i_B_peptide.pdb,propedia
propedia_3oa6_G,/home/igem/unknown_software/datasets/propedia_formatted/propedia_3oa6_G/propedia_3oa6_G_protein_pocket.pdb,/home/igem/unknown_software/datasets/propedia_formatted/propedia_3oa6_G/propedia_3oa6_G_peptide.pdb,propedia
propedia_3ob1_A,/home/igem/unknown_software/datasets/propedia_formatted/propedia_3ob1_A/propedia_3ob1_A_protein_pocket.pdb,/home/igem/unknown_software/datasets/propedia_formatted/propedia_3ob1_A/propedia_3ob1_A_peptide.pdb,propedia
propedia_3ob2_A,/home/igem/unknown_software/datasets/propedia_formatted/propedia_3ob2_A/propedia_3ob2_A_protein_pocket.pdb,/home/igem/unknown_software/datasets/propedia_formatted/propedia_3ob2_A/propedia_3ob2_A_peptide.pdb,propedia
propedia_3obq_B,/home/igem/unknown_software/datasets/propedia_formatted/propedia_3obq_B/propedia_3obq_B_protein_pocket.pdb,/home/igem/unknown_software/datasets/propedia_formatted/propedia_3obq_B/propedia_3obq_B_peptide.pdb,propedia
propedia_3odi_B,/home/igem/unknown_software/datasets/propedia_formatted/propedia_3odi_B/propedia_3odi_B_protein_pocket.pdb,/home/igem/unknown_software/datasets/propedia_formatted/propedia_3odi_B/propedia_3odi_B_peptide.pdb,propedia
propedia_3odi_B,/home/igem/unknown_software/datasets/propedia_formatted/propedia_3odi_B/propedia_3odi_B_protein_pocket.pdb,/home/igem/unknown_software/datasets/propedia_formatted/propedia_3odi_B/propedia_3odi_B_peptide.pdb,propedia
propedia_3odi_B,/home/igem/unknown_software/datasets/propedia_formatted/propedia_3odi_B/propedia_3odi_B_protein_pocket.pdb,/home/igem/unknown_software/datasets/propedia_formatted/propedia_3odi_B/propedia_3odi_B_peptide.pdb,propedia
propedia_3odl_B,/home/igem/unknown_software/datasets/propedia_formatted/propedia_3odl_B/propedia_3odl_B_protein_pocket.pdb,/home/igem/unknown_software/datasets/propedia_formatted/propedia_3odl_B/propedia_3odl_B_peptide.pdb,propedia
propedia_3odl_B,/home/igem/unknown_software/datasets/propedia_formatted/propedia_3odl_B/propedia_3odl_B_protein_pocket.pdb,/home/igem/unknown_software/datasets/propedia_formatted/propedia_3odl_B/propedia_3odl_B_peptide.pdb,propedia
propedia_3odl_B,/home/igem/unknown_software/datasets/propedia_formatted/propedia_3odl_B/propedia_3odl_B_protein_pocket.pdb,/home/igem/unknown_software/datasets/propedia_formatted/propedia_3odl_B/propedia_3odl_B_peptide.pdb,propedia
propedia_3olr_E,/home/igem/unknown_software/datasets/propedia_formatted/propedia_3olr_E/propedia_3olr_E_protein_pocket.pdb,/home/igem/unknown_software/datasets/propedia_formatted/propedia_3olr_E/propedia_3olr_E_peptide.pdb,propedia
propedia_3olr_E,/home/igem/unknown_software/datasets/propedia_formatted/propedia_3olr_E/propedia_3olr_E_protein_pocket.pdb,/home/igem/unknown_software/datasets/propedia_formatted/propedia_3olr_E/propedia_3olr_E_peptide.pdb,propedia
propedia_3omc_C,/home/igem/unknown_software/datasets/propedia_formatted/propedia_3omc_C/propedia_3omc_C_protein_pocket.pdb,/home/igem/unknown_software/datasets/propedia_formatted/propedia_3omc_C/propedia_3omc_C_peptide.pdb,propedia
propedia_3omg_C,/home/igem/unknown_software/datasets/propedia_formatted/propedia_3omg_C/propedia_3omg_C_protein_pocket.pdb,/home/igem/unknown_software/datasets/propedia_formatted/propedia_3omg_C/propedia_3omg_C_peptide.pdb,propedia
propedia_3oqs_B,/home/igem/unknown_software/datasets/propedia_formatted/propedia_3oqs_B/propedia_3oqs_B_protein_pocket.pdb,/home/igem/unknown_software/datasets/propedia_formatted/propedia_3oqs_B/propedia_3oqs_B_peptide.pdb,propedia
propedia_3os5_B,/home/igem/unknown_software/datasets/propedia_formatted/propedia_3os5_B/propedia_3os5_B_protein_pocket.pdb,/home/igem/unknown_software/datasets/propedia_formatted/propedia_3os5_B/propedia_3os5_B_peptide.pdb,propedia
propedia_3osz_B,/home/igem/unknown_software/datasets/propedia_formatted/propedia_3osz_B/propedia_3osz_B_protein_pocket.pdb,/home/igem/unknown_software/datasets/propedia_formatted/propedia_3osz_B/propedia_3osz_B_peptide.pdb,propedia
propedia_3ots_P,/home/igem/unknown_software/datasets/propedia_formatted/propedia_3ots_P/propedia_3ots_P_protein_pocket.pdb,/home/igem/unknown_software/datasets/propedia_formatted/propedia_3ots_P/propedia_3ots_P_peptide.pdb,propedia
propedia_3ots_P,/home/igem/unknown_software/datasets/propedia_formatted/propedia_3ots_P/propedia_3ots_P_protein_pocket.pdb,/home/igem/unknown_software/datasets/propedia_formatted/propedia_3ots_P/propedia_3ots_P_peptide.pdb,propedia
propedia_3oty_P,/home/igem/unknown_software/datasets/propedia_formatted/propedia_3oty_P/propedia_3oty_P_protein_pocket.pdb,/home/igem/unknown_software/datasets/propedia_formatted/propedia_3oty_P/propedia_3oty_P_peptide.pdb,propedia
propedia_3oty_P,/home/igem/unknown_software/datasets/propedia_formatted/propedia_3oty_P/propedia_3oty_P_protein_pocket.pdb,/home/igem/unknown_software/datasets/propedia_formatted/propedia_3oty_P/propedia_3oty_P_peptide.pdb,propedia
propedia_3ou1_P,/home/igem/unknown_software/datasets/propedia_formatted/propedia_3ou1_P/propedia_3ou1_P_protein_pocket.pdb,/home/igem/unknown_software/datasets/propedia_formatted/propedia_3ou1_P/propedia_3ou1_P_peptide.pdb,propedia
propedia_3ou1_P,/home/igem/unknown_software/datasets/propedia_formatted/propedia_3ou1_P/propedia_3ou1_P_protein_pocket.pdb,/home/igem/unknown_software/datasets/propedia_formatted/propedia_3ou1_P/propedia_3ou1_P_peptide.pdb,propedia
propedia_3ou3_C,/home/igem/unknown_software/datasets/propedia_formatted/propedia_3ou3_C/propedia_3ou3_C_protein_pocket.pdb,/home/igem/unknown_software/datasets/propedia_formatted/propedia_3ou3_C/propedia_3ou3_C_peptide.pdb,propedia
propedia_3ou3_C,/home/igem/unknown_software/datasets/propedia_formatted/propedia_3ou3_C/propedia_3ou3_C_protein_pocket.pdb,/home/igem/unknown_software/datasets/propedia_formatted/propedia_3ou3_C/propedia_3ou3_C_peptide.pdb,propedia
propedia_3ou4_C,/home/igem/unknown_software/datasets/propedia_formatted/propedia_3ou4_C/propedia_3ou4_C_protein_pocket.pdb,/home/igem/unknown_software/datasets/propedia_formatted/propedia_3ou4_C/propedia_3ou4_C_peptide.pdb,propedia
propedia_3ou4_C,/home/igem/unknown_software/datasets/propedia_formatted/propedia_3ou4_C/propedia_3ou4_C_protein_pocket.pdb,/home/igem/unknown_software/datasets/propedia_formatted/propedia_3ou4_C/propedia_3ou4_C_peptide.pdb,propedia
propedia_3oua_P,/home/igem/unknown_software/datasets/propedia_formatted/propedia_3oua_P/propedia_3oua_P_protein_pocket.pdb,/home/igem/unknown_software/datasets/propedia_formatted/propedia_3oua_P/propedia_3oua_P_peptide.pdb,propedia
propedia_3oua_P,/home/igem/unknown_software/datasets/propedia_formatted/propedia_3oua_P/propedia_3oua_P_protein_pocket.pdb,/home/igem/unknown_software/datasets/propedia_formatted/propedia_3oua_P/propedia_3oua_P_peptide.pdb,propedia
propedia_3oub_P,/home/igem/unknown_software/datasets/propedia_formatted/propedia_3oub_P/propedia_3oub_P_protein_pocket.pdb,/home/igem/unknown_software/datasets/propedia_formatted/propedia_3oub_P/propedia_3oub_P_peptide.pdb,propedia
propedia_3oub_P,/home/igem/unknown_software/datasets/propedia_formatted/propedia_3oub_P/propedia_3oub_P_protein_pocket.pdb,/home/igem/unknown_software/datasets/propedia_formatted/propedia_3oub_P/propedia_3oub_P_peptide.pdb,propedia
propedia_3ouc_P,/home/igem/unknown_software/datasets/propedia_formatted/propedia_3ouc_P/propedia_3ouc_P_protein_pocket.pdb,/home/igem/unknown_software/datasets/propedia_formatted/propedia_3ouc_P/propedia_3ouc_P_peptide.pdb,propedia
propedia_3ouc_P,/home/igem/unknown_software/datasets/propedia_formatted/propedia_3ouc_P/propedia_3ouc_P_protein_pocket.pdb,/home/igem/unknown_software/datasets/propedia_formatted/propedia_3ouc_P/propedia_3ouc_P_peptide.pdb,propedia
propedia_3oud_P,/home/igem/unknown_software/datasets/propedia_formatted/propedia_3oud_P/propedia_3oud_P_protein_pocket.pdb,/home/igem/unknown_software/datasets/propedia_formatted/propedia_3oud_P/propedia_3oud_P_peptide.pdb,propedia
propedia_3oud_P,/home/igem/unknown_software/datasets/propedia_formatted/propedia_3oud_P/propedia_3oud_P_protein_pocket.pdb,/home/igem/unknown_software/datasets/propedia_formatted/propedia_3oud_P/propedia_3oud_P_peptide.pdb,propedia
propedia_3ox8_C,/home/igem/unknown_software/datasets/propedia_formatted/propedia_3ox8_C/propedia_3ox8_C_protein_pocket.pdb,/home/igem/unknown_software/datasets/propedia_formatted/propedia_3ox8_C/propedia_3ox8_C_peptide.pdb,propedia
propedia_3ox8_C,/home/igem/unknown_software/datasets/propedia_formatted/propedia_3ox8_C/propedia_3ox8_C_protein_pocket.pdb,/home/igem/unknown_software/datasets/propedia_formatted/propedia_3ox8_C/propedia_3ox8_C_peptide.pdb,propedia
propedia_3oxr_C,/home/igem/unknown_software/datasets/propedia_formatted/propedia_3oxr_C/propedia_3oxr_C_protein_pocket.pdb,/home/igem/unknown_software/datasets/propedia_formatted/propedia_3oxr_C/propedia_3oxr_C_peptide.pdb,propedia
propedia_3p17_I,/home/igem/unknown_software/datasets/propedia_formatted/propedia_3p17_I/propedia_3p17_I_protein_pocket.pdb,/home/igem/unknown_software/datasets/propedia_formatted/propedia_3p17_I/propedia_3p17_I_peptide.pdb,propedia
propedia_3p1n_P,/home/igem/unknown_software/datasets/propedia_formatted/propedia_3p1n_P/propedia_3p1n_P_protein_pocket.pdb,/home/igem/unknown_software/datasets/propedia_formatted/propedia_3p1n_P/propedia_3p1n_P_peptide.pdb,propedia
propedia_3p1o_P,/home/igem/unknown_software/datasets/propedia_formatted/propedia_3p1o_P/propedia_3p1o_P_protein_pocket.pdb,/home/igem/unknown_software/datasets/propedia_formatted/propedia_3p1o_P/propedia_3p1o_P_peptide.pdb,propedia
propedia_3p1p_P,/home/igem/unknown_software/datasets/propedia_formatted/propedia_3p1p_P/propedia_3p1p_P_protein_pocket.pdb,/home/igem/unknown_software/datasets/propedia_formatted/propedia_3p1p_P/propedia_3p1p_P_peptide.pdb,propedia
propedia_3p1q_P,/home/igem/unknown_software/datasets/propedia_formatted/propedia_3p1q_P/propedia_3p1q_P_protein_pocket.pdb,/home/igem/unknown_software/datasets/propedia_formatted/propedia_3p1q_P/propedia_3p1q_P_peptide.pdb,propedia
propedia_3p1r_P,/home/igem/unknown_software/datasets/propedia_formatted/propedia_3p1r_P/propedia_3p1r_P_protein_pocket.pdb,/home/igem/unknown_software/datasets/propedia_formatted/propedia_3p1r_P/propedia_3p1r_P_peptide.pdb,propedia
propedia_3p1s_P,/home/igem/unknown_software/datasets/propedia_formatted/propedia_3p1s_P/propedia_3p1s_P_protein_pocket.pdb,/home/igem/unknown_software/datasets/propedia_formatted/propedia_3p1s_P/propedia_3p1s_P_peptide.pdb,propedia
propedia_3p2z_B,/home/igem/unknown_software/datasets/propedia_formatted/propedia_3p2z_B/propedia_3p2z_B_protein_pocket.pdb,/home/igem/unknown_software/datasets/propedia_formatted/propedia_3p2z_B/propedia_3p2z_B_peptide.pdb,propedia
propedia_3p34_B,/home/igem/unknown_software/datasets/propedia_formatted/propedia_3p34_B/propedia_3p34_B_protein_pocket.pdb,/home/igem/unknown_software/datasets/propedia_formatted/propedia_3p34_B/propedia_3p34_B_peptide.pdb,propedia
propedia_3p35_D,/home/igem/unknown_software/datasets/propedia_formatted/propedia_3p35_D/propedia_3p35_D_protein_pocket.pdb,/home/igem/unknown_software/datasets/propedia_formatted/propedia_3p35_D/propedia_3p35_D_peptide.pdb,propedia
propedia_3p36_B,/home/igem/unknown_software/datasets/propedia_formatted/propedia_3p36_B/propedia_3p36_B_protein_pocket.pdb,/home/igem/unknown_software/datasets/propedia_formatted/propedia_3p36_B/propedia_3p36_B_peptide.pdb,propedia
propedia_3p37_D,/home/igem/unknown_software/datasets/propedia_formatted/propedia_3p37_D/propedia_3p37_D_protein_pocket.pdb,/home/igem/unknown_software/datasets/propedia_formatted/propedia_3p37_D/propedia_3p37_D_peptide.pdb,propedia
propedia_3p3n_B,/home/igem/unknown_software/datasets/propedia_formatted/propedia_3p3n_B/propedia_3p3n_B_protein_pocket.pdb,/home/igem/unknown_software/datasets/propedia_formatted/propedia_3p3n_B/propedia_3p3n_B_peptide.pdb,propedia
propedia_3p4k_P,/home/igem/unknown_software/datasets/propedia_formatted/propedia_3p4k_P/propedia_3p4k_P_protein_pocket.pdb,/home/igem/unknown_software/datasets/propedia_formatted/propedia_3p4k_P/propedia_3p4k_P_peptide.pdb,propedia
propedia_3p4m_C,/home/igem/unknown_software/datasets/propedia_formatted/propedia_3p4m_C/propedia_3p4m_C_protein_pocket.pdb,/home/igem/unknown_software/datasets/propedia_formatted/propedia_3p4m_C/propedia_3p4m_C_peptide.pdb,propedia
propedia_3p72_B,/home/igem/unknown_software/datasets/propedia_formatted/propedia_3p72_B/propedia_3p72_B_protein_pocket.pdb,/home/igem/unknown_software/datasets/propedia_formatted/propedia_3p72_B/propedia_3p72_B_peptide.pdb,propedia
propedia_3p9g_B,/home/igem/unknown_software/datasets/propedia_formatted/propedia_3p9g_B/propedia_3p9g_B_protein_pocket.pdb,/home/igem/unknown_software/datasets/propedia_formatted/propedia_3p9g_B/propedia_3p9g_B_peptide.pdb,propedia
propedia_3p9h_B,/home/igem/unknown_software/datasets/propedia_formatted/propedia_3p9h_B/propedia_3p9h_B_protein_pocket.pdb,/home/igem/unknown_software/datasets/propedia_formatted/propedia_3p9h_B/propedia_3p9h_B_peptide.pdb,propedia
propedia_3p9y_E,/home/igem/unknown_software/datasets/propedia_formatted/propedia_3p9y_E/propedia_3p9y_E_protein_pocket.pdb,/home/igem/unknown_software/datasets/propedia_formatted/propedia_3p9y_E/propedia_3p9y_E_peptide.pdb,propedia
propedia_3p9y_E,/home/igem/unknown_software/datasets/propedia_formatted/propedia_3p9y_E/propedia_3p9y_E_protein_pocket.pdb,/home/igem/unknown_software/datasets/propedia_formatted/propedia_3p9y_E/propedia_3p9y_E_peptide.pdb,propedia
propedia_3pcx_B,/home/igem/unknown_software/datasets/propedia_formatted/propedia_3pcx_B/propedia_3pcx_B_protein_pocket.pdb,/home/igem/unknown_software/datasets/propedia_formatted/propedia_3pcx_B/propedia_3pcx_B_peptide.pdb,propedia
propedia_3pd0_B,/home/igem/unknown_software/datasets/propedia_formatted/propedia_3pd0_B/propedia_3pd0_B_protein_pocket.pdb,/home/igem/unknown_software/datasets/propedia_formatted/propedia_3pd0_B/propedia_3pd0_B_peptide.pdb,propedia
propedia_3pd1_B,/home/igem/unknown_software/datasets/propedia_formatted/propedia_3pd1_B/propedia_3pd1_B_protein_pocket.pdb,/home/igem/unknown_software/datasets/propedia_formatted/propedia_3pd1_B/propedia_3pd1_B_peptide.pdb,propedia
propedia_3pfv_C,/home/igem/unknown_software/datasets/propedia_formatted/propedia_3pfv_C/propedia_3pfv_C_protein_pocket.pdb,/home/igem/unknown_software/datasets/propedia_formatted/propedia_3pfv_C/propedia_3pfv_C_peptide.pdb,propedia
propedia_3pkn_B,/home/igem/unknown_software/datasets/propedia_formatted/propedia_3pkn_B/propedia_3pkn_B_protein_pocket.pdb,/home/igem/unknown_software/datasets/propedia_formatted/propedia_3pkn_B/propedia_3pkn_B_peptide.pdb,propedia
propedia_3pmp_C,/home/igem/unknown_software/datasets/propedia_formatted/propedia_3pmp_C/propedia_3pmp_C_protein_pocket.pdb,/home/igem/unknown_software/datasets/propedia_formatted/propedia_3pmp_C/propedia_3pmp_C_peptide.pdb,propedia
propedia_3poa_B,/home/igem/unknown_software/datasets/propedia_formatted/propedia_3poa_B/propedia_3poa_B_protein_pocket.pdb,/home/igem/unknown_software/datasets/propedia_formatted/propedia_3poa_B/propedia_3poa_B_peptide.pdb,propedia
propedia_3pqz_L,/home/igem/unknown_software/datasets/propedia_formatted/propedia_3pqz_L/propedia_3pqz_L_protein_pocket.pdb,/home/igem/unknown_software/datasets/propedia_formatted/propedia_3pqz_L/propedia_3pqz_L_peptide.pdb,propedia
propedia_3pqz_L,/home/igem/unknown_software/datasets/propedia_formatted/propedia_3pqz_L/propedia_3pqz_L_protein_pocket.pdb,/home/igem/unknown_software/datasets/propedia_formatted/propedia_3pqz_L/propedia_3pqz_L_peptide.pdb,propedia
propedia_3pqz_L,/home/igem/unknown_software/datasets/propedia_formatted/propedia_3pqz_L/propedia_3pqz_L_protein_pocket.pdb,/home/igem/unknown_software/datasets/propedia_formatted/propedia_3pqz_L/propedia_3pqz_L_peptide.pdb,propedia
propedia_3prk_I,/home/igem/unknown_software/datasets/propedia_formatted/propedia_3prk_I/propedia_3prk_I_protein_pocket.pdb,/home/igem/unknown_software/datasets/propedia_formatted/propedia_3prk_I/propedia_3prk_I_peptide.pdb,propedia
propedia_3pwj_C,/home/igem/unknown_software/datasets/propedia_formatted/propedia_3pwj_C/propedia_3pwj_C_protein_pocket.pdb,/home/igem/unknown_software/datasets/propedia_formatted/propedia_3pwj_C/propedia_3pwj_C_peptide.pdb,propedia
propedia_3pwu_C,/home/igem/unknown_software/datasets/propedia_formatted/propedia_3pwu_C/propedia_3pwu_C_protein_pocket.pdb,/home/igem/unknown_software/datasets/propedia_formatted/propedia_3pwu_C/propedia_3pwu_C_peptide.pdb,propedia
propedia_3q1i_E,/home/igem/unknown_software/datasets/propedia_formatted/propedia_3q1i_E/propedia_3q1i_E_protein_pocket.pdb,/home/igem/unknown_software/datasets/propedia_formatted/propedia_3q1i_E/propedia_3q1i_E_peptide.pdb,propedia
propedia_3q47_C,/home/igem/unknown_software/datasets/propedia_formatted/propedia_3q47_C/propedia_3q47_C_protein_pocket.pdb,/home/igem/unknown_software/datasets/propedia_formatted/propedia_3q47_C/propedia_3q47_C_peptide.pdb,propedia
propedia_3q4a_C,/home/igem/unknown_software/datasets/propedia_formatted/propedia_3q4a_C/propedia_3q4a_C_protein_pocket.pdb,/home/igem/unknown_software/datasets/propedia_formatted/propedia_3q4a_C/propedia_3q4a_C_peptide.pdb,propedia
propedia_3q4j_H,/home/igem/unknown_software/datasets/propedia_formatted/propedia_3q4j_H/propedia_3q4j_H_protein_pocket.pdb,/home/igem/unknown_software/datasets/propedia_formatted/propedia_3q4j_H/propedia_3q4j_H_peptide.pdb,propedia
propedia_3q4l_C,/home/igem/unknown_software/datasets/propedia_formatted/propedia_3q4l_C/propedia_3q4l_C_protein_pocket.pdb,/home/igem/unknown_software/datasets/propedia_formatted/propedia_3q4l_C/propedia_3q4l_C_peptide.pdb,propedia
propedia_3q5u_B,/home/igem/unknown_software/datasets/propedia_formatted/propedia_3q5u_B/propedia_3q5u_B_protein_pocket.pdb,/home/igem/unknown_software/datasets/propedia_formatted/propedia_3q5u_B/propedia_3q5u_B_peptide.pdb,propedia
propedia_3q75_G,/home/igem/unknown_software/datasets/propedia_formatted/propedia_3q75_G/propedia_3q75_G_protein_pocket.pdb,/home/igem/unknown_software/datasets/propedia_formatted/propedia_3q75_G/propedia_3q75_G_peptide.pdb,propedia
propedia_3q75_G,/home/igem/unknown_software/datasets/propedia_formatted/propedia_3q75_G/propedia_3q75_G_protein_pocket.pdb,/home/igem/unknown_software/datasets/propedia_formatted/propedia_3q75_G/propedia_3q75_G_peptide.pdb,propedia
propedia_3q78_D,/home/igem/unknown_software/datasets/propedia_formatted/propedia_3q78_D/propedia_3q78_D_protein_pocket.pdb,/home/igem/unknown_software/datasets/propedia_formatted/propedia_3q78_D/propedia_3q78_D_peptide.pdb,propedia
propedia_3q78_D,/home/igem/unknown_software/datasets/propedia_formatted/propedia_3q78_D/propedia_3q78_D_protein_pocket.pdb,/home/igem/unknown_software/datasets/propedia_formatted/propedia_3q78_D/propedia_3q78_D_peptide.pdb,propedia
propedia_3qdj_C,/home/igem/unknown_software/datasets/propedia_formatted/propedia_3qdj_C/propedia_3qdj_C_protein_pocket.pdb,/home/igem/unknown_software/datasets/propedia_formatted/propedia_3qdj_C/propedia_3qdj_C_peptide.pdb,propedia
propedia_3qdj_C,/home/igem/unknown_software/datasets/propedia_formatted/propedia_3qdj_C/propedia_3qdj_C_protein_pocket.pdb,/home/igem/unknown_software/datasets/propedia_formatted/propedia_3qdj_C/propedia_3qdj_C_peptide.pdb,propedia
propedia_3qdj_C,/home/igem/unknown_software/datasets/propedia_formatted/propedia_3qdj_C/propedia_3qdj_C_protein_pocket.pdb,/home/igem/unknown_software/datasets/propedia_formatted/propedia_3qdj_C/propedia_3qdj_C_peptide.pdb,propedia
propedia_3qfj_C,/home/igem/unknown_software/datasets/propedia_formatted/propedia_3qfj_C/propedia_3qfj_C_protein_pocket.pdb,/home/igem/unknown_software/datasets/propedia_formatted/propedia_3qfj_C/propedia_3qfj_C_peptide.pdb,propedia
propedia_3qfj_C,/home/igem/unknown_software/datasets/propedia_formatted/propedia_3qfj_C/propedia_3qfj_C_protein_pocket.pdb,/home/igem/unknown_software/datasets/propedia_formatted/propedia_3qfj_C/propedia_3qfj_C_peptide.pdb,propedia
propedia_3qfj_C,/home/igem/unknown_software/datasets/propedia_formatted/propedia_3qfj_C/propedia_3qfj_C_protein_pocket.pdb,/home/igem/unknown_software/datasets/propedia_formatted/propedia_3qfj_C/propedia_3qfj_C_peptide.pdb,propedia
propedia_3qg6_C,/home/igem/unknown_software/datasets/propedia_formatted/propedia_3qg6_C/propedia_3qg6_C_protein_pocket.pdb,/home/igem/unknown_software/datasets/propedia_formatted/propedia_3qg6_C/propedia_3qg6_C_peptide.pdb,propedia
propedia_3qg6_C,/home/igem/unknown_software/datasets/propedia_formatted/propedia_3qg6_C/propedia_3qg6_C_protein_pocket.pdb,/home/igem/unknown_software/datasets/propedia_formatted/propedia_3qg6_C/propedia_3qg6_C_peptide.pdb,propedia
propedia_3qhe_B,/home/igem/unknown_software/datasets/propedia_formatted/propedia_3qhe_B/propedia_3qhe_B_protein_pocket.pdb,/home/igem/unknown_software/datasets/propedia_formatted/propedia_3qhe_B/propedia_3qhe_B_peptide.pdb,propedia
propedia_3qhr_J,/home/igem/unknown_software/datasets/propedia_formatted/propedia_3qhr_J/propedia_3qhr_J_protein_pocket.pdb,/home/igem/unknown_software/datasets/propedia_formatted/propedia_3qhr_J/propedia_3qhr_J_peptide.pdb,propedia
propedia_3qhr_J,/home/igem/unknown_software/datasets/propedia_formatted/propedia_3qhr_J/propedia_3qhr_J_protein_pocket.pdb,/home/igem/unknown_software/datasets/propedia_formatted/propedia_3qhr_J/propedia_3qhr_J_peptide.pdb,propedia
propedia_3qhw_J,/home/igem/unknown_software/datasets/propedia_formatted/propedia_3qhw_J/propedia_3qhw_J_protein_pocket.pdb,/home/igem/unknown_software/datasets/propedia_formatted/propedia_3qhw_J/propedia_3qhw_J_peptide.pdb,propedia
propedia_3qhw_J,/home/igem/unknown_software/datasets/propedia_formatted/propedia_3qhw_J/propedia_3qhw_J_protein_pocket.pdb,/home/igem/unknown_software/datasets/propedia_formatted/propedia_3qhw_J/propedia_3qhw_J_peptide.pdb,propedia
propedia_3qj6_T,/home/igem/unknown_software/datasets/propedia_formatted/propedia_3qj6_T/propedia_3qj6_T_protein_pocket.pdb,/home/igem/unknown_software/datasets/propedia_formatted/propedia_3qj6_T/propedia_3qj6_T_peptide.pdb,propedia
propedia_3qjm_C,/home/igem/unknown_software/datasets/propedia_formatted/propedia_3qjm_C/propedia_3qjm_C_protein_pocket.pdb,/home/igem/unknown_software/datasets/propedia_formatted/propedia_3qjm_C/propedia_3qjm_C_peptide.pdb,propedia
propedia_3ql9_C,/home/igem/unknown_software/datasets/propedia_formatted/propedia_3ql9_C/propedia_3ql9_C_protein_pocket.pdb,/home/igem/unknown_software/datasets/propedia_formatted/propedia_3ql9_C/propedia_3ql9_C_peptide.pdb,propedia
propedia_3qla_C,/home/igem/unknown_software/datasets/propedia_formatted/propedia_3qla_C/propedia_3qla_C_protein_pocket.pdb,/home/igem/unknown_software/datasets/propedia_formatted/propedia_3qla_C/propedia_3qla_C_peptide.pdb,propedia
propedia_3qnj_C,/home/igem/unknown_software/datasets/propedia_formatted/propedia_3qnj_C/propedia_3qnj_C_protein_pocket.pdb,/home/igem/unknown_software/datasets/propedia_formatted/propedia_3qnj_C/propedia_3qnj_C_peptide.pdb,propedia
propedia_3qnj_C,/home/igem/unknown_software/datasets/propedia_formatted/propedia_3qnj_C/propedia_3qnj_C_protein_pocket.pdb,/home/igem/unknown_software/datasets/propedia_formatted/propedia_3qnj_C/propedia_3qnj_C_peptide.pdb,propedia
propedia_3qq4_C,/home/igem/unknown_software/datasets/propedia_formatted/propedia_3qq4_C/propedia_3qq4_C_protein_pocket.pdb,/home/igem/unknown_software/datasets/propedia_formatted/propedia_3qq4_C/propedia_3qq4_C_peptide.pdb,propedia
propedia_3qto_I,/home/igem/unknown_software/datasets/propedia_formatted/propedia_3qto_I/propedia_3qto_I_protein_pocket.pdb,/home/igem/unknown_software/datasets/propedia_formatted/propedia_3qto_I/propedia_3qto_I_peptide.pdb,propedia
propedia_3qtv_I,/home/igem/unknown_software/datasets/propedia_formatted/propedia_3qtv_I/propedia_3qtv_I_protein_pocket.pdb,/home/igem/unknown_software/datasets/propedia_formatted/propedia_3qtv_I/propedia_3qtv_I_peptide.pdb,propedia
propedia_3qw5_B,/home/igem/unknown_software/datasets/propedia_formatted/propedia_3qw5_B/propedia_3qw5_B_protein_pocket.pdb,/home/igem/unknown_software/datasets/propedia_formatted/propedia_3qw5_B/propedia_3qw5_B_peptide.pdb,propedia
propedia_3qw6_B,/home/igem/unknown_software/datasets/propedia_formatted/propedia_3qw6_B/propedia_3qw6_B_protein_pocket.pdb,/home/igem/unknown_software/datasets/propedia_formatted/propedia_3qw6_B/propedia_3qw6_B_peptide.pdb,propedia
propedia_3qw7_B,/home/igem/unknown_software/datasets/propedia_formatted/propedia_3qw7_B/propedia_3qw7_B_protein_pocket.pdb,/home/igem/unknown_software/datasets/propedia_formatted/propedia_3qw7_B/propedia_3qw7_B_peptide.pdb,propedia
propedia_3qw8_B,/home/igem/unknown_software/datasets/propedia_formatted/propedia_3qw8_B/propedia_3qw8_B_protein_pocket.pdb,/home/igem/unknown_software/datasets/propedia_formatted/propedia_3qw8_B/propedia_3qw8_B_peptide.pdb,propedia
propedia_3qwc_I,/home/igem/unknown_software/datasets/propedia_formatted/propedia_3qwc_I/propedia_3qwc_I_protein_pocket.pdb,/home/igem/unknown_software/datasets/propedia_formatted/propedia_3qwc_I/propedia_3qwc_I_peptide.pdb,propedia
propedia_3qx5_I,/home/igem/unknown_software/datasets/propedia_formatted/propedia_3qx5_I/propedia_3qx5_I_protein_pocket.pdb,/home/igem/unknown_software/datasets/propedia_formatted/propedia_3qx5_I/propedia_3qx5_I_peptide.pdb,propedia
propedia_3qzs_C,/home/igem/unknown_software/datasets/propedia_formatted/propedia_3qzs_C/propedia_3qzs_C_protein_pocket.pdb,/home/igem/unknown_software/datasets/propedia_formatted/propedia_3qzs_C/propedia_3qzs_C_peptide.pdb,propedia
propedia_3qzs_C,/home/igem/unknown_software/datasets/propedia_formatted/propedia_3qzs_C/propedia_3qzs_C_protein_pocket.pdb,/home/igem/unknown_software/datasets/propedia_formatted/propedia_3qzs_C/propedia_3qzs_C_peptide.pdb,propedia
propedia_3qzt_B,/home/igem/unknown_software/datasets/propedia_formatted/propedia_3qzt_B/propedia_3qzt_B_protein_pocket.pdb,/home/igem/unknown_software/datasets/propedia_formatted/propedia_3qzt_B/propedia_3qzt_B_peptide.pdb,propedia
propedia_3qzv_C,/home/igem/unknown_software/datasets/propedia_formatted/propedia_3qzv_C/propedia_3qzv_C_protein_pocket.pdb,/home/igem/unknown_software/datasets/propedia_formatted/propedia_3qzv_C/propedia_3qzv_C_peptide.pdb,propedia
propedia_3r42_B,/home/igem/unknown_software/datasets/propedia_formatted/propedia_3r42_B/propedia_3r42_B_protein_pocket.pdb,/home/igem/unknown_software/datasets/propedia_formatted/propedia_3r42_B/propedia_3r42_B_peptide.pdb,propedia
propedia_3r5j_E,/home/igem/unknown_software/datasets/propedia_formatted/propedia_3r5j_E/propedia_3r5j_E_protein_pocket.pdb,/home/igem/unknown_software/datasets/propedia_formatted/propedia_3r5j_E/propedia_3r5j_E_peptide.pdb,propedia
propedia_3r5j_E,/home/igem/unknown_software/datasets/propedia_formatted/propedia_3r5j_E/propedia_3r5j_E_protein_pocket.pdb,/home/igem/unknown_software/datasets/propedia_formatted/propedia_3r5j_E/propedia_3r5j_E_peptide.pdb,propedia
propedia_3r6g_E,/home/igem/unknown_software/datasets/propedia_formatted/propedia_3r6g_E/propedia_3r6g_E_protein_pocket.pdb,/home/igem/unknown_software/datasets/propedia_formatted/propedia_3r6g_E/propedia_3r6g_E_peptide.pdb,propedia
propedia_3r6g_E,/home/igem/unknown_software/datasets/propedia_formatted/propedia_3r6g_E/propedia_3r6g_E_protein_pocket.pdb,/home/igem/unknown_software/datasets/propedia_formatted/propedia_3r6g_E/propedia_3r6g_E_peptide.pdb,propedia
propedia_3r6l_E,/home/igem/unknown_software/datasets/propedia_formatted/propedia_3r6l_E/propedia_3r6l_E_protein_pocket.pdb,/home/igem/unknown_software/datasets/propedia_formatted/propedia_3r6l_E/propedia_3r6l_E_peptide.pdb,propedia
propedia_3r6l_E,/home/igem/unknown_software/datasets/propedia_formatted/propedia_3r6l_E/propedia_3r6l_E_protein_pocket.pdb,/home/igem/unknown_software/datasets/propedia_formatted/propedia_3r6l_E/propedia_3r6l_E_peptide.pdb,propedia
propedia_3rbq_G,/home/igem/unknown_software/datasets/propedia_formatted/propedia_3rbq_G/propedia_3rbq_G_protein_pocket.pdb,/home/igem/unknown_software/datasets/propedia_formatted/propedia_3rbq_G/propedia_3rbq_G_peptide.pdb,propedia
propedia_3rc0_P,/home/igem/unknown_software/datasets/propedia_formatted/propedia_3rc0_P/propedia_3rc0_P_protein_pocket.pdb,/home/igem/unknown_software/datasets/propedia_formatted/propedia_3rc0_P/propedia_3rc0_P_peptide.pdb,propedia
propedia_3rc4_B,/home/igem/unknown_software/datasets/propedia_formatted/propedia_3rc4_B/propedia_3rc4_B_protein_pocket.pdb,/home/igem/unknown_software/datasets/propedia_formatted/propedia_3rc4_B/propedia_3rc4_B_peptide.pdb,propedia
propedia_3rc5_B,/home/igem/unknown_software/datasets/propedia_formatted/propedia_3rc5_B/propedia_3rc5_B_protein_pocket.pdb,/home/igem/unknown_software/datasets/propedia_formatted/propedia_3rc5_B/propedia_3rc5_B_peptide.pdb,propedia
propedia_3rdv_E,/home/igem/unknown_software/datasets/propedia_formatted/propedia_3rdv_E/propedia_3rdv_E_protein_pocket.pdb,/home/igem/unknown_software/datasets/propedia_formatted/propedia_3rdv_E/propedia_3rdv_E_peptide.pdb,propedia
propedia_3rdv_E,/home/igem/unknown_software/datasets/propedia_formatted/propedia_3rdv_E/propedia_3rdv_E_protein_pocket.pdb,/home/igem/unknown_software/datasets/propedia_formatted/propedia_3rdv_E/propedia_3rdv_E_peptide.pdb,propedia
propedia_3rew_C,/home/igem/unknown_software/datasets/propedia_formatted/propedia_3rew_C/propedia_3rew_C_protein_pocket.pdb,/home/igem/unknown_software/datasets/propedia_formatted/propedia_3rew_C/propedia_3rew_C_peptide.pdb,propedia
propedia_3rig_C,/home/igem/unknown_software/datasets/propedia_formatted/propedia_3rig_C/propedia_3rig_C_protein_pocket.pdb,/home/igem/unknown_software/datasets/propedia_formatted/propedia_3rig_C/propedia_3rig_C_peptide.pdb,propedia
propedia_3riy_C,/home/igem/unknown_software/datasets/propedia_formatted/propedia_3riy_C/propedia_3riy_C_protein_pocket.pdb,/home/igem/unknown_software/datasets/propedia_formatted/propedia_3riy_C/propedia_3riy_C_peptide.pdb,propedia
propedia_3rl1_C,/home/igem/unknown_software/datasets/propedia_formatted/propedia_3rl1_C/propedia_3rl1_C_protein_pocket.pdb,/home/igem/unknown_software/datasets/propedia_formatted/propedia_3rl1_C/propedia_3rl1_C_peptide.pdb,propedia
propedia_3rl7_G,/home/igem/unknown_software/datasets/propedia_formatted/propedia_3rl7_G/propedia_3rl7_G_protein_pocket.pdb,/home/igem/unknown_software/datasets/propedia_formatted/propedia_3rl7_G/propedia_3rl7_G_peptide.pdb,propedia
propedia_3rl7_G,/home/igem/unknown_software/datasets/propedia_formatted/propedia_3rl7_G/propedia_3rl7_G_protein_pocket.pdb,/home/igem/unknown_software/datasets/propedia_formatted/propedia_3rl7_G/propedia_3rl7_G_peptide.pdb,propedia
propedia_3rlw_I,/home/igem/unknown_software/datasets/propedia_formatted/propedia_3rlw_I/propedia_3rlw_I_protein_pocket.pdb,/home/igem/unknown_software/datasets/propedia_formatted/propedia_3rlw_I/propedia_3rlw_I_peptide.pdb,propedia
propedia_3rly_I,/home/igem/unknown_software/datasets/propedia_formatted/propedia_3rly_I/propedia_3rly_I_protein_pocket.pdb,/home/igem/unknown_software/datasets/propedia_formatted/propedia_3rly_I/propedia_3rly_I_peptide.pdb,propedia
propedia_3rm0_I,/home/igem/unknown_software/datasets/propedia_formatted/propedia_3rm0_I/propedia_3rm0_I_protein_pocket.pdb,/home/igem/unknown_software/datasets/propedia_formatted/propedia_3rm0_I/propedia_3rm0_I_peptide.pdb,propedia
propedia_3rm2_I,/home/igem/unknown_software/datasets/propedia_formatted/propedia_3rm2_I/propedia_3rm2_I_protein_pocket.pdb,/home/igem/unknown_software/datasets/propedia_formatted/propedia_3rm2_I/propedia_3rm2_I_peptide.pdb,propedia
propedia_3rml_I,/home/igem/unknown_software/datasets/propedia_formatted/propedia_3rml_I/propedia_3rml_I_protein_pocket.pdb,/home/igem/unknown_software/datasets/propedia_formatted/propedia_3rml_I/propedia_3rml_I_peptide.pdb,propedia
propedia_3rmm_I,/home/igem/unknown_software/datasets/propedia_formatted/propedia_3rmm_I/propedia_3rmm_I_protein_pocket.pdb,/home/igem/unknown_software/datasets/propedia_formatted/propedia_3rmm_I/propedia_3rmm_I_peptide.pdb,propedia
propedia_3rmn_I,/home/igem/unknown_software/datasets/propedia_formatted/propedia_3rmn_I/propedia_3rmn_I_protein_pocket.pdb,/home/igem/unknown_software/datasets/propedia_formatted/propedia_3rmn_I/propedia_3rmn_I_peptide.pdb,propedia
propedia_3rmo_I,/home/igem/unknown_software/datasets/propedia_formatted/propedia_3rmo_I/propedia_3rmo_I_protein_pocket.pdb,/home/igem/unknown_software/datasets/propedia_formatted/propedia_3rmo_I/propedia_3rmo_I_peptide.pdb,propedia
propedia_3rq7_B,/home/igem/unknown_software/datasets/propedia_formatted/propedia_3rq7_B/propedia_3rq7_B_protein_pocket.pdb,/home/igem/unknown_software/datasets/propedia_formatted/propedia_3rq7_B/propedia_3rq7_B_peptide.pdb,propedia
propedia_3rqd_C,/home/igem/unknown_software/datasets/propedia_formatted/propedia_3rqd_C/propedia_3rqd_C_protein_pocket.pdb,/home/igem/unknown_software/datasets/propedia_formatted/propedia_3rqd_C/propedia_3rqd_C_peptide.pdb,propedia
propedia_3rqd_C,/home/igem/unknown_software/datasets/propedia_formatted/propedia_3rqd_C/propedia_3rqd_C_protein_pocket.pdb,/home/igem/unknown_software/datasets/propedia_formatted/propedia_3rqd_C/propedia_3rqd_C_peptide.pdb,propedia
propedia_3rrb_B,/home/igem/unknown_software/datasets/propedia_formatted/propedia_3rrb_B/propedia_3rrb_B_protein_pocket.pdb,/home/igem/unknown_software/datasets/propedia_formatted/propedia_3rrb_B/propedia_3rrb_B_peptide.pdb,propedia
propedia_3ru4_C,/home/igem/unknown_software/datasets/propedia_formatted/propedia_3ru4_C/propedia_3ru4_C_protein_pocket.pdb,/home/igem/unknown_software/datasets/propedia_formatted/propedia_3ru4_C/propedia_3ru4_C_peptide.pdb,propedia
propedia_3ru4_C,/home/igem/unknown_software/datasets/propedia_formatted/propedia_3ru4_C/propedia_3ru4_C_protein_pocket.pdb,/home/igem/unknown_software/datasets/propedia_formatted/propedia_3ru4_C/propedia_3ru4_C_peptide.pdb,propedia
propedia_3run_B,/home/igem/unknown_software/datasets/propedia_formatted/propedia_3run_B/propedia_3run_B_protein_pocket.pdb,/home/igem/unknown_software/datasets/propedia_formatted/propedia_3run_B/propedia_3run_B_peptide.pdb,propedia
propedia_3rwe_C,/home/igem/unknown_software/datasets/propedia_formatted/propedia_3rwe_C/propedia_3rwe_C_protein_pocket.pdb,/home/igem/unknown_software/datasets/propedia_formatted/propedia_3rwe_C/propedia_3rwe_C_peptide.pdb,propedia
propedia_3rwg_C,/home/igem/unknown_software/datasets/propedia_formatted/propedia_3rwg_C/propedia_3rwg_C_protein_pocket.pdb,/home/igem/unknown_software/datasets/propedia_formatted/propedia_3rwg_C/propedia_3rwg_C_peptide.pdb,propedia
propedia_3rwi_C,/home/igem/unknown_software/datasets/propedia_formatted/propedia_3rwi_C/propedia_3rwi_C_protein_pocket.pdb,/home/igem/unknown_software/datasets/propedia_formatted/propedia_3rwi_C/propedia_3rwi_C_peptide.pdb,propedia
propedia_3ryb_B,/home/igem/unknown_software/datasets/propedia_formatted/propedia_3ryb_B/propedia_3ryb_B_protein_pocket.pdb,/home/igem/unknown_software/datasets/propedia_formatted/propedia_3ryb_B/propedia_3ryb_B_peptide.pdb,propedia
propedia_3rz9_B,/home/igem/unknown_software/datasets/propedia_formatted/propedia_3rz9_B/propedia_3rz9_B_protein_pocket.pdb,/home/igem/unknown_software/datasets/propedia_formatted/propedia_3rz9_B/propedia_3rz9_B_peptide.pdb,propedia
propedia_3s04_I,/home/igem/unknown_software/datasets/propedia_formatted/propedia_3s04_I/propedia_3s04_I_protein_pocket.pdb,/home/igem/unknown_software/datasets/propedia_formatted/propedia_3s04_I/propedia_3s04_I_peptide.pdb,propedia
propedia_3s3j_B,/home/igem/unknown_software/datasets/propedia_formatted/propedia_3s3j_B/propedia_3s3j_B_protein_pocket.pdb,/home/igem/unknown_software/datasets/propedia_formatted/propedia_3s3j_B/propedia_3s3j_B_peptide.pdb,propedia
propedia_3s3p_B,/home/igem/unknown_software/datasets/propedia_formatted/propedia_3s3p_B/propedia_3s3p_B_protein_pocket.pdb,/home/igem/unknown_software/datasets/propedia_formatted/propedia_3s3p_B/propedia_3s3p_B_peptide.pdb,propedia
propedia_3s3s_B,/home/igem/unknown_software/datasets/propedia_formatted/propedia_3s3s_B/propedia_3s3s_B_protein_pocket.pdb,/home/igem/unknown_software/datasets/propedia_formatted/propedia_3s3s_B/propedia_3s3s_B_peptide.pdb,propedia
propedia_3s7d_I,/home/igem/unknown_software/datasets/propedia_formatted/propedia_3s7d_I/propedia_3s7d_I_protein_pocket.pdb,/home/igem/unknown_software/datasets/propedia_formatted/propedia_3s7d_I/propedia_3s7d_I_peptide.pdb,propedia
propedia_3s9c_B,/home/igem/unknown_software/datasets/propedia_formatted/propedia_3s9c_B/propedia_3s9c_B_protein_pocket.pdb,/home/igem/unknown_software/datasets/propedia_formatted/propedia_3s9c_B/propedia_3s9c_B_peptide.pdb,propedia
propedia_3sfj_B,/home/igem/unknown_software/datasets/propedia_formatted/propedia_3sfj_B/propedia_3sfj_B_protein_pocket.pdb,/home/igem/unknown_software/datasets/propedia_formatted/propedia_3sfj_B/propedia_3sfj_B_peptide.pdb,propedia
propedia_3sge_K,/home/igem/unknown_software/datasets/propedia_formatted/propedia_3sge_K/propedia_3sge_K_protein_pocket.pdb,/home/igem/unknown_software/datasets/propedia_formatted/propedia_3sge_K/propedia_3sge_K_peptide.pdb,propedia
propedia_3sge_K,/home/igem/unknown_software/datasets/propedia_formatted/propedia_3sge_K/propedia_3sge_K_protein_pocket.pdb,/home/igem/unknown_software/datasets/propedia_formatted/propedia_3sge_K/propedia_3sge_K_peptide.pdb,propedia
propedia_3sha_I,/home/igem/unknown_software/datasets/propedia_formatted/propedia_3sha_I/propedia_3sha_I_protein_pocket.pdb,/home/igem/unknown_software/datasets/propedia_formatted/propedia_3sha_I/propedia_3sha_I_peptide.pdb,propedia
propedia_3shc_I,/home/igem/unknown_software/datasets/propedia_formatted/propedia_3shc_I/propedia_3shc_I_protein_pocket.pdb,/home/igem/unknown_software/datasets/propedia_formatted/propedia_3shc_I/propedia_3shc_I_peptide.pdb,propedia
propedia_3shv_C,/home/igem/unknown_software/datasets/propedia_formatted/propedia_3shv_C/propedia_3shv_C_protein_pocket.pdb,/home/igem/unknown_software/datasets/propedia_formatted/propedia_3shv_C/propedia_3shv_C_peptide.pdb,propedia
propedia_3si3_I,/home/igem/unknown_software/datasets/propedia_formatted/propedia_3si3_I/propedia_3si3_I_protein_pocket.pdb,/home/igem/unknown_software/datasets/propedia_formatted/propedia_3si3_I/propedia_3si3_I_peptide.pdb,propedia
propedia_3si4_I,/home/igem/unknown_software/datasets/propedia_formatted/propedia_3si4_I/propedia_3si4_I_protein_pocket.pdb,/home/igem/unknown_software/datasets/propedia_formatted/propedia_3si4_I/propedia_3si4_I_peptide.pdb,propedia
propedia_3sj9_B,/home/igem/unknown_software/datasets/propedia_formatted/propedia_3sj9_B/propedia_3sj9_B_protein_pocket.pdb,/home/igem/unknown_software/datasets/propedia_formatted/propedia_3sj9_B/propedia_3sj9_B_peptide.pdb,propedia
propedia_3sjk_B,/home/igem/unknown_software/datasets/propedia_formatted/propedia_3sjk_B/propedia_3sjk_B_protein_pocket.pdb,/home/igem/unknown_software/datasets/propedia_formatted/propedia_3sjk_B/propedia_3sjk_B_peptide.pdb,propedia
propedia_3sm1_J,/home/igem/unknown_software/datasets/propedia_formatted/propedia_3sm1_J/propedia_3sm1_J_protein_pocket.pdb,/home/igem/unknown_software/datasets/propedia_formatted/propedia_3sm1_J/propedia_3sm1_J_peptide.pdb,propedia
propedia_3sm1_J,/home/igem/unknown_software/datasets/propedia_formatted/propedia_3sm1_J/propedia_3sm1_J_protein_pocket.pdb,/home/igem/unknown_software/datasets/propedia_formatted/propedia_3sm1_J/propedia_3sm1_J_peptide.pdb,propedia
propedia_3smk_P,/home/igem/unknown_software/datasets/propedia_formatted/propedia_3smk_P/propedia_3smk_P_protein_pocket.pdb,/home/igem/unknown_software/datasets/propedia_formatted/propedia_3smk_P/propedia_3smk_P_peptide.pdb,propedia
propedia_3sml_P,/home/igem/unknown_software/datasets/propedia_formatted/propedia_3sml_P/propedia_3sml_P_protein_pocket.pdb,/home/igem/unknown_software/datasets/propedia_formatted/propedia_3sml_P/propedia_3sml_P_peptide.pdb,propedia
propedia_3smm_P,/home/igem/unknown_software/datasets/propedia_formatted/propedia_3smm_P/propedia_3smm_P_protein_pocket.pdb,/home/igem/unknown_software/datasets/propedia_formatted/propedia_3smm_P/propedia_3smm_P_peptide.pdb,propedia
propedia_3smn_P,/home/igem/unknown_software/datasets/propedia_formatted/propedia_3smn_P/propedia_3smn_P_protein_pocket.pdb,/home/igem/unknown_software/datasets/propedia_formatted/propedia_3smn_P/propedia_3smn_P_peptide.pdb,propedia
propedia_3smo_P,/home/igem/unknown_software/datasets/propedia_formatted/propedia_3smo_P/propedia_3smo_P_protein_pocket.pdb,/home/igem/unknown_software/datasets/propedia_formatted/propedia_3smo_P/propedia_3smo_P_peptide.pdb,propedia
propedia_3snb_H,/home/igem/unknown_software/datasets/propedia_formatted/propedia_3snb_H/propedia_3snb_H_protein_pocket.pdb,/home/igem/unknown_software/datasets/propedia_formatted/propedia_3snb_H/propedia_3snb_H_peptide.pdb,propedia
propedia_3soq_Z,/home/igem/unknown_software/datasets/propedia_formatted/propedia_3soq_Z/propedia_3soq_Z_protein_pocket.pdb,/home/igem/unknown_software/datasets/propedia_formatted/propedia_3soq_Z/propedia_3soq_Z_peptide.pdb,propedia
propedia_3sov_Z,/home/igem/unknown_software/datasets/propedia_formatted/propedia_3sov_Z/propedia_3sov_Z_protein_pocket.pdb,/home/igem/unknown_software/datasets/propedia_formatted/propedia_3sov_Z/propedia_3sov_Z_peptide.pdb,propedia
propedia_3sow_C,/home/igem/unknown_software/datasets/propedia_formatted/propedia_3sow_C/propedia_3sow_C_protein_pocket.pdb,/home/igem/unknown_software/datasets/propedia_formatted/propedia_3sow_C/propedia_3sow_C_peptide.pdb,propedia
propedia_3sp5_P,/home/igem/unknown_software/datasets/propedia_formatted/propedia_3sp5_P/propedia_3sp5_P_protein_pocket.pdb,/home/igem/unknown_software/datasets/propedia_formatted/propedia_3sp5_P/propedia_3sp5_P_peptide.pdb,propedia
propedia_3spr_P,/home/igem/unknown_software/datasets/propedia_formatted/propedia_3spr_P/propedia_3spr_P_protein_pocket.pdb,/home/igem/unknown_software/datasets/propedia_formatted/propedia_3spr_P/propedia_3spr_P_peptide.pdb,propedia
propedia_3spv_C,/home/igem/unknown_software/datasets/propedia_formatted/propedia_3spv_C/propedia_3spv_C_protein_pocket.pdb,/home/igem/unknown_software/datasets/propedia_formatted/propedia_3spv_C/propedia_3spv_C_peptide.pdb,propedia
propedia_3sqd_C,/home/igem/unknown_software/datasets/propedia_formatted/propedia_3sqd_C/propedia_3sqd_C_protein_pocket.pdb,/home/igem/unknown_software/datasets/propedia_formatted/propedia_3sqd_C/propedia_3sqd_C_peptide.pdb,propedia
propedia_3sv2_I,/home/igem/unknown_software/datasets/propedia_formatted/propedia_3sv2_I/propedia_3sv2_I_protein_pocket.pdb,/home/igem/unknown_software/datasets/propedia_formatted/propedia_3sv2_I/propedia_3sv2_I_peptide.pdb,propedia
propedia_3svm_P,/home/igem/unknown_software/datasets/propedia_formatted/propedia_3svm_P/propedia_3svm_P_protein_pocket.pdb,/home/igem/unknown_software/datasets/propedia_formatted/propedia_3svm_P/propedia_3svm_P_peptide.pdb,propedia
propedia_3swc_P,/home/igem/unknown_software/datasets/propedia_formatted/propedia_3swc_P/propedia_3swc_P_protein_pocket.pdb,/home/igem/unknown_software/datasets/propedia_formatted/propedia_3swc_P/propedia_3swc_P_peptide.pdb,propedia
propedia_3t1u_B,/home/igem/unknown_software/datasets/propedia_formatted/propedia_3t1u_B/propedia_3t1u_B_protein_pocket.pdb,/home/igem/unknown_software/datasets/propedia_formatted/propedia_3t1u_B/propedia_3t1u_B_peptide.pdb,propedia
propedia_3t5f_I,/home/igem/unknown_software/datasets/propedia_formatted/propedia_3t5f_I/propedia_3t5f_I_protein_pocket.pdb,/home/igem/unknown_software/datasets/propedia_formatted/propedia_3t5f_I/propedia_3t5f_I_peptide.pdb,propedia
propedia_3t6b_C,/home/igem/unknown_software/datasets/propedia_formatted/propedia_3t6b_C/propedia_3t6b_C_protein_pocket.pdb,/home/igem/unknown_software/datasets/propedia_formatted/propedia_3t6b_C/propedia_3t6b_C_peptide.pdb,propedia
propedia_3t6r_D,/home/igem/unknown_software/datasets/propedia_formatted/propedia_3t6r_D/propedia_3t6r_D_protein_pocket.pdb,/home/igem/unknown_software/datasets/propedia_formatted/propedia_3t6r_D/propedia_3t6r_D_peptide.pdb,propedia
propedia_3t6r_D,/home/igem/unknown_software/datasets/propedia_formatted/propedia_3t6r_D/propedia_3t6r_D_protein_pocket.pdb,/home/igem/unknown_software/datasets/propedia_formatted/propedia_3t6r_D/propedia_3t6r_D_peptide.pdb,propedia
propedia_3t7g_C,/home/igem/unknown_software/datasets/propedia_formatted/propedia_3t7g_C/propedia_3t7g_C_protein_pocket.pdb,/home/igem/unknown_software/datasets/propedia_formatted/propedia_3t7g_C/propedia_3t7g_C_peptide.pdb,propedia
propedia_3t7g_C,/home/igem/unknown_software/datasets/propedia_formatted/propedia_3t7g_C/propedia_3t7g_C_protein_pocket.pdb,/home/igem/unknown_software/datasets/propedia_formatted/propedia_3t7g_C/propedia_3t7g_C_peptide.pdb,propedia
propedia_3t7k_C,/home/igem/unknown_software/datasets/propedia_formatted/propedia_3t7k_C/propedia_3t7k_C_protein_pocket.pdb,/home/igem/unknown_software/datasets/propedia_formatted/propedia_3t7k_C/propedia_3t7k_C_peptide.pdb,propedia
propedia_3tbh_B,/home/igem/unknown_software/datasets/propedia_formatted/propedia_3tbh_B/propedia_3tbh_B_protein_pocket.pdb,/home/igem/unknown_software/datasets/propedia_formatted/propedia_3tbh_B/propedia_3tbh_B_peptide.pdb,propedia
propedia_3td5_I,/home/igem/unknown_software/datasets/propedia_formatted/propedia_3td5_I/propedia_3td5_I_protein_pocket.pdb,/home/igem/unknown_software/datasets/propedia_formatted/propedia_3td5_I/propedia_3td5_I_peptide.pdb,propedia
propedia_3tdz_E,/home/igem/unknown_software/datasets/propedia_formatted/propedia_3tdz_E/propedia_3tdz_E_protein_pocket.pdb,/home/igem/unknown_software/datasets/propedia_formatted/propedia_3tdz_E/propedia_3tdz_E_peptide.pdb,propedia
propedia_3tg5_B,/home/igem/unknown_software/datasets/propedia_formatted/propedia_3tg5_B/propedia_3tg5_B_protein_pocket.pdb,/home/igem/unknown_software/datasets/propedia_formatted/propedia_3tg5_B/propedia_3tg5_B_peptide.pdb,propedia
propedia_3tie_C,/home/igem/unknown_software/datasets/propedia_formatted/propedia_3tie_C/propedia_3tie_C_protein_pocket.pdb,/home/igem/unknown_software/datasets/propedia_formatted/propedia_3tie_C/propedia_3tie_C_peptide.pdb,propedia
propedia_3tjh_B,/home/igem/unknown_software/datasets/propedia_formatted/propedia_3tjh_B/propedia_3tjh_B_protein_pocket.pdb,/home/igem/unknown_software/datasets/propedia_formatted/propedia_3tjh_B/propedia_3tjh_B_peptide.pdb,propedia
propedia_3tjh_B,/home/igem/unknown_software/datasets/propedia_formatted/propedia_3tjh_B/propedia_3tjh_B_protein_pocket.pdb,/home/igem/unknown_software/datasets/propedia_formatted/propedia_3tjh_B/propedia_3tjh_B_peptide.pdb,propedia
propedia_3tjh_B,/home/igem/unknown_software/datasets/propedia_formatted/propedia_3tjh_B/propedia_3tjh_B_protein_pocket.pdb,/home/igem/unknown_software/datasets/propedia_formatted/propedia_3tjh_B/propedia_3tjh_B_peptide.pdb,propedia
propedia_3tjv_B,/home/igem/unknown_software/datasets/propedia_formatted/propedia_3tjv_B/propedia_3tjv_B_protein_pocket.pdb,/home/igem/unknown_software/datasets/propedia_formatted/propedia_3tjv_B/propedia_3tjv_B_peptide.pdb,propedia
propedia_3tkz_P,/home/igem/unknown_software/datasets/propedia_formatted/propedia_3tkz_P/propedia_3tkz_P_protein_pocket.pdb,/home/igem/unknown_software/datasets/propedia_formatted/propedia_3tkz_P/propedia_3tkz_P_peptide.pdb,propedia
propedia_3tl0_B,/home/igem/unknown_software/datasets/propedia_formatted/propedia_3tl0_B/propedia_3tl0_B_protein_pocket.pdb,/home/igem/unknown_software/datasets/propedia_formatted/propedia_3tl0_B/propedia_3tl0_B_peptide.pdb,propedia
propedia_3tsz_B,/home/igem/unknown_software/datasets/propedia_formatted/propedia_3tsz_B/propedia_3tsz_B_protein_pocket.pdb,/home/igem/unknown_software/datasets/propedia_formatted/propedia_3tsz_B/propedia_3tsz_B_peptide.pdb,propedia
propedia_3tww_C,/home/igem/unknown_software/datasets/propedia_formatted/propedia_3tww_C/propedia_3tww_C_protein_pocket.pdb,/home/igem/unknown_software/datasets/propedia_formatted/propedia_3tww_C/propedia_3tww_C_peptide.pdb,propedia
propedia_3tww_C,/home/igem/unknown_software/datasets/propedia_formatted/propedia_3tww_C/propedia_3tww_C_protein_pocket.pdb,/home/igem/unknown_software/datasets/propedia_formatted/propedia_3tww_C/propedia_3tww_C_peptide.pdb,propedia
propedia_3twx_C,/home/igem/unknown_software/datasets/propedia_formatted/propedia_3twx_C/propedia_3twx_C_protein_pocket.pdb,/home/igem/unknown_software/datasets/propedia_formatted/propedia_3twx_C/propedia_3twx_C_peptide.pdb,propedia
propedia_3twx_C,/home/igem/unknown_software/datasets/propedia_formatted/propedia_3twx_C/propedia_3twx_C_protein_pocket.pdb,/home/igem/unknown_software/datasets/propedia_formatted/propedia_3twx_C/propedia_3twx_C_peptide.pdb,propedia
propedia_3tzx_C,/home/igem/unknown_software/datasets/propedia_formatted/propedia_3tzx_C/propedia_3tzx_C_protein_pocket.pdb,/home/igem/unknown_software/datasets/propedia_formatted/propedia_3tzx_C/propedia_3tzx_C_peptide.pdb,propedia
propedia_3u0t_E,/home/igem/unknown_software/datasets/propedia_formatted/propedia_3u0t_E/propedia_3u0t_E_protein_pocket.pdb,/home/igem/unknown_software/datasets/propedia_formatted/propedia_3u0t_E/propedia_3u0t_E_peptide.pdb,propedia
propedia_3u0t_E,/home/igem/unknown_software/datasets/propedia_formatted/propedia_3u0t_E/propedia_3u0t_E_protein_pocket.pdb,/home/igem/unknown_software/datasets/propedia_formatted/propedia_3u0t_E/propedia_3u0t_E_peptide.pdb,propedia
propedia_3u0t_E,/home/igem/unknown_software/datasets/propedia_formatted/propedia_3u0t_E/propedia_3u0t_E_protein_pocket.pdb,/home/igem/unknown_software/datasets/propedia_formatted/propedia_3u0t_E/propedia_3u0t_E_peptide.pdb,propedia
propedia_3u0t_E,/home/igem/unknown_software/datasets/propedia_formatted/propedia_3u0t_E/propedia_3u0t_E_protein_pocket.pdb,/home/igem/unknown_software/datasets/propedia_formatted/propedia_3u0t_E/propedia_3u0t_E_peptide.pdb,propedia
propedia_3u31_B,/home/igem/unknown_software/datasets/propedia_formatted/propedia_3u31_B/propedia_3u31_B_protein_pocket.pdb,/home/igem/unknown_software/datasets/propedia_formatted/propedia_3u31_B/propedia_3u31_B_peptide.pdb,propedia
propedia_3u3d_B,/home/igem/unknown_software/datasets/propedia_formatted/propedia_3u3d_B/propedia_3u3d_B_protein_pocket.pdb,/home/igem/unknown_software/datasets/propedia_formatted/propedia_3u3d_B/propedia_3u3d_B_peptide.pdb,propedia
propedia_3u3w_P,/home/igem/unknown_software/datasets/propedia_formatted/propedia_3u3w_P/propedia_3u3w_P_protein_pocket.pdb,/home/igem/unknown_software/datasets/propedia_formatted/propedia_3u3w_P/propedia_3u3w_P_peptide.pdb,propedia
propedia_3u4s_C,/home/igem/unknown_software/datasets/propedia_formatted/propedia_3u4s_C/propedia_3u4s_C_protein_pocket.pdb,/home/igem/unknown_software/datasets/propedia_formatted/propedia_3u4s_C/propedia_3u4s_C_peptide.pdb,propedia
propedia_3u6b_C,/home/igem/unknown_software/datasets/propedia_formatted/propedia_3u6b_C/propedia_3u6b_C_protein_pocket.pdb,/home/igem/unknown_software/datasets/propedia_formatted/propedia_3u6b_C/propedia_3u6b_C_peptide.pdb,propedia
propedia_3u6k_C,/home/igem/unknown_software/datasets/propedia_formatted/propedia_3u6k_C/propedia_3u6k_C_protein_pocket.pdb,/home/igem/unknown_software/datasets/propedia_formatted/propedia_3u6k_C/propedia_3u6k_C_peptide.pdb,propedia
propedia_3u7d_B,/home/igem/unknown_software/datasets/propedia_formatted/propedia_3u7d_B/propedia_3u7d_B_protein_pocket.pdb,/home/igem/unknown_software/datasets/propedia_formatted/propedia_3u7d_B/propedia_3u7d_B_peptide.pdb,propedia
propedia_3u8o_I,/home/igem/unknown_software/datasets/propedia_formatted/propedia_3u8o_I/propedia_3u8o_I_protein_pocket.pdb,/home/igem/unknown_software/datasets/propedia_formatted/propedia_3u8o_I/propedia_3u8o_I_peptide.pdb,propedia
propedia_3u8r_I,/home/igem/unknown_software/datasets/propedia_formatted/propedia_3u8r_I/propedia_3u8r_I_protein_pocket.pdb,/home/igem/unknown_software/datasets/propedia_formatted/propedia_3u8r_I/propedia_3u8r_I_peptide.pdb,propedia
propedia_3u8t_I,/home/igem/unknown_software/datasets/propedia_formatted/propedia_3u8t_I/propedia_3u8t_I_protein_pocket.pdb,/home/igem/unknown_software/datasets/propedia_formatted/propedia_3u8t_I/propedia_3u8t_I_peptide.pdb,propedia
propedia_3u98_I,/home/igem/unknown_software/datasets/propedia_formatted/propedia_3u98_I/propedia_3u98_I_protein_pocket.pdb,/home/igem/unknown_software/datasets/propedia_formatted/propedia_3u98_I/propedia_3u98_I_peptide.pdb,propedia
propedia_3u9a_I,/home/igem/unknown_software/datasets/propedia_formatted/propedia_3u9a_I/propedia_3u9a_I_protein_pocket.pdb,/home/igem/unknown_software/datasets/propedia_formatted/propedia_3u9a_I/propedia_3u9a_I_peptide.pdb,propedia
propedia_3ua7_E,/home/igem/unknown_software/datasets/propedia_formatted/propedia_3ua7_E/propedia_3ua7_E_protein_pocket.pdb,/home/igem/unknown_software/datasets/propedia_formatted/propedia_3ua7_E/propedia_3ua7_E_peptide.pdb,propedia
propedia_3ua7_E,/home/igem/unknown_software/datasets/propedia_formatted/propedia_3ua7_E/propedia_3ua7_E_protein_pocket.pdb,/home/igem/unknown_software/datasets/propedia_formatted/propedia_3ua7_E/propedia_3ua7_E_peptide.pdb,propedia
propedia_3ual_P,/home/igem/unknown_software/datasets/propedia_formatted/propedia_3ual_P/propedia_3ual_P_protein_pocket.pdb,/home/igem/unknown_software/datasets/propedia_formatted/propedia_3ual_P/propedia_3ual_P_peptide.pdb,propedia
propedia_3ubw_P,/home/igem/unknown_software/datasets/propedia_formatted/propedia_3ubw_P/propedia_3ubw_P_protein_pocket.pdb,/home/igem/unknown_software/datasets/propedia_formatted/propedia_3ubw_P/propedia_3ubw_P_peptide.pdb,propedia
propedia_3unn_B,/home/igem/unknown_software/datasets/propedia_formatted/propedia_3unn_B/propedia_3unn_B_protein_pocket.pdb,/home/igem/unknown_software/datasets/propedia_formatted/propedia_3unn_B/propedia_3unn_B_peptide.pdb,propedia
propedia_3uo1_P,/home/igem/unknown_software/datasets/propedia_formatted/propedia_3uo1_P/propedia_3uo1_P_protein_pocket.pdb,/home/igem/unknown_software/datasets/propedia_formatted/propedia_3uo1_P/propedia_3uo1_P_peptide.pdb,propedia
propedia_3uo1_P,/home/igem/unknown_software/datasets/propedia_formatted/propedia_3uo1_P/propedia_3uo1_P_protein_pocket.pdb,/home/igem/unknown_software/datasets/propedia_formatted/propedia_3uo1_P/propedia_3uo1_P_peptide.pdb,propedia
propedia_3uot_D,/home/igem/unknown_software/datasets/propedia_formatted/propedia_3uot_D/propedia_3uot_D_protein_pocket.pdb,/home/igem/unknown_software/datasets/propedia_formatted/propedia_3uot_D/propedia_3uot_D_peptide.pdb,propedia
propedia_3uot_D,/home/igem/unknown_software/datasets/propedia_formatted/propedia_3uot_D/propedia_3uot_D_protein_pocket.pdb,/home/igem/unknown_software/datasets/propedia_formatted/propedia_3uot_D/propedia_3uot_D_peptide.pdb,propedia
propedia_3upr_P,/home/igem/unknown_software/datasets/propedia_formatted/propedia_3upr_P/propedia_3upr_P_protein_pocket.pdb,/home/igem/unknown_software/datasets/propedia_formatted/propedia_3upr_P/propedia_3upr_P_peptide.pdb,propedia
propedia_3uqp_B,/home/igem/unknown_software/datasets/propedia_formatted/propedia_3uqp_B/propedia_3uqp_B_protein_pocket.pdb,/home/igem/unknown_software/datasets/propedia_formatted/propedia_3uqp_B/propedia_3uqp_B_peptide.pdb,propedia
propedia_3uri_B,/home/igem/unknown_software/datasets/propedia_formatted/propedia_3uri_B/propedia_3uri_B_protein_pocket.pdb,/home/igem/unknown_software/datasets/propedia_formatted/propedia_3uri_B/propedia_3uri_B_peptide.pdb,propedia
propedia_3url_B,/home/igem/unknown_software/datasets/propedia_formatted/propedia_3url_B/propedia_3url_B_protein_pocket.pdb,/home/igem/unknown_software/datasets/propedia_formatted/propedia_3url_B/propedia_3url_B_peptide.pdb,propedia
propedia_3utq_C,/home/igem/unknown_software/datasets/propedia_formatted/propedia_3utq_C/propedia_3utq_C_protein_pocket.pdb,/home/igem/unknown_software/datasets/propedia_formatted/propedia_3utq_C/propedia_3utq_C_peptide.pdb,propedia
propedia_3utu_I,/home/igem/unknown_software/datasets/propedia_formatted/propedia_3utu_I/propedia_3utu_I_protein_pocket.pdb,/home/igem/unknown_software/datasets/propedia_formatted/propedia_3utu_I/propedia_3utu_I_peptide.pdb,propedia
propedia_3uvw_B,/home/igem/unknown_software/datasets/propedia_formatted/propedia_3uvw_B/propedia_3uvw_B_protein_pocket.pdb,/home/igem/unknown_software/datasets/propedia_formatted/propedia_3uvw_B/propedia_3uvw_B_peptide.pdb,propedia
propedia_3uvx_B,/home/igem/unknown_software/datasets/propedia_formatted/propedia_3uvx_B/propedia_3uvx_B_protein_pocket.pdb,/home/igem/unknown_software/datasets/propedia_formatted/propedia_3uvx_B/propedia_3uvx_B_peptide.pdb,propedia
propedia_3uvy_B,/home/igem/unknown_software/datasets/propedia_formatted/propedia_3uvy_B/propedia_3uvy_B_protein_pocket.pdb,/home/igem/unknown_software/datasets/propedia_formatted/propedia_3uvy_B/propedia_3uvy_B_peptide.pdb,propedia
propedia_3uw9_E,/home/igem/unknown_software/datasets/propedia_formatted/propedia_3uw9_E/propedia_3uw9_E_protein_pocket.pdb,/home/igem/unknown_software/datasets/propedia_formatted/propedia_3uw9_E/propedia_3uw9_E_peptide.pdb,propedia
propedia_3uw9_E,/home/igem/unknown_software/datasets/propedia_formatted/propedia_3uw9_E/propedia_3uw9_E_protein_pocket.pdb,/home/igem/unknown_software/datasets/propedia_formatted/propedia_3uw9_E/propedia_3uw9_E_peptide.pdb,propedia
propedia_3uwj_I,/home/igem/unknown_software/datasets/propedia_formatted/propedia_3uwj_I/propedia_3uwj_I_protein_pocket.pdb,/home/igem/unknown_software/datasets/propedia_formatted/propedia_3uwj_I/propedia_3uwj_I_peptide.pdb,propedia
propedia_3ux0_P,/home/igem/unknown_software/datasets/propedia_formatted/propedia_3ux0_P/propedia_3ux0_P_protein_pocket.pdb,/home/igem/unknown_software/datasets/propedia_formatted/propedia_3ux0_P/propedia_3ux0_P_peptide.pdb,propedia
propedia_3uyr_P,/home/igem/unknown_software/datasets/propedia_formatted/propedia_3uyr_P/propedia_3uyr_P_protein_pocket.pdb,/home/igem/unknown_software/datasets/propedia_formatted/propedia_3uyr_P/propedia_3uyr_P_peptide.pdb,propedia
propedia_3uyr_P,/home/igem/unknown_software/datasets/propedia_formatted/propedia_3uyr_P/propedia_3uyr_P_protein_pocket.pdb,/home/igem/unknown_software/datasets/propedia_formatted/propedia_3uyr_P/propedia_3uyr_P_peptide.pdb,propedia
propedia_3uzd_B,/home/igem/unknown_software/datasets/propedia_formatted/propedia_3uzd_B/propedia_3uzd_B_protein_pocket.pdb,/home/igem/unknown_software/datasets/propedia_formatted/propedia_3uzd_B/propedia_3uzd_B_peptide.pdb,propedia
propedia_3v2o_B,/home/igem/unknown_software/datasets/propedia_formatted/propedia_3v2o_B/propedia_3v2o_B_protein_pocket.pdb,/home/igem/unknown_software/datasets/propedia_formatted/propedia_3v2o_B/propedia_3v2o_B_peptide.pdb,propedia
propedia_3v4o_B,/home/igem/unknown_software/datasets/propedia_formatted/propedia_3v4o_B/propedia_3v4o_B_protein_pocket.pdb,/home/igem/unknown_software/datasets/propedia_formatted/propedia_3v4o_B/propedia_3v4o_B_peptide.pdb,propedia
propedia_3v4u_P,/home/igem/unknown_software/datasets/propedia_formatted/propedia_3v4u_P/propedia_3v4u_P_protein_pocket.pdb,/home/igem/unknown_software/datasets/propedia_formatted/propedia_3v4u_P/propedia_3v4u_P_peptide.pdb,propedia
propedia_3v4u_P,/home/igem/unknown_software/datasets/propedia_formatted/propedia_3v4u_P/propedia_3v4u_P_protein_pocket.pdb,/home/igem/unknown_software/datasets/propedia_formatted/propedia_3v4u_P/propedia_3v4u_P_peptide.pdb,propedia
propedia_3v52_P,/home/igem/unknown_software/datasets/propedia_formatted/propedia_3v52_P/propedia_3v52_P_protein_pocket.pdb,/home/igem/unknown_software/datasets/propedia_formatted/propedia_3v52_P/propedia_3v52_P_peptide.pdb,propedia
propedia_3v52_P,/home/igem/unknown_software/datasets/propedia_formatted/propedia_3v52_P/propedia_3v52_P_protein_pocket.pdb,/home/igem/unknown_software/datasets/propedia_formatted/propedia_3v52_P/propedia_3v52_P_peptide.pdb,propedia
propedia_3v5d_C,/home/igem/unknown_software/datasets/propedia_formatted/propedia_3v5d_C/propedia_3v5d_C_protein_pocket.pdb,/home/igem/unknown_software/datasets/propedia_formatted/propedia_3v5d_C/propedia_3v5d_C_peptide.pdb,propedia
propedia_3v5d_C,/home/igem/unknown_software/datasets/propedia_formatted/propedia_3v5d_C/propedia_3v5d_C_protein_pocket.pdb,/home/igem/unknown_software/datasets/propedia_formatted/propedia_3v5d_C/propedia_3v5d_C_peptide.pdb,propedia
propedia_3v5h_C,/home/igem/unknown_software/datasets/propedia_formatted/propedia_3v5h_C/propedia_3v5h_C_protein_pocket.pdb,/home/igem/unknown_software/datasets/propedia_formatted/propedia_3v5h_C/propedia_3v5h_C_peptide.pdb,propedia
propedia_3v5h_C,/home/igem/unknown_software/datasets/propedia_formatted/propedia_3v5h_C/propedia_3v5h_C_protein_pocket.pdb,/home/igem/unknown_software/datasets/propedia_formatted/propedia_3v5h_C/propedia_3v5h_C_peptide.pdb,propedia
propedia_3v5h_C,/home/igem/unknown_software/datasets/propedia_formatted/propedia_3v5h_C/propedia_3v5h_C_protein_pocket.pdb,/home/igem/unknown_software/datasets/propedia_formatted/propedia_3v5h_C/propedia_3v5h_C_peptide.pdb,propedia
propedia_3v7d_E,/home/igem/unknown_software/datasets/propedia_formatted/propedia_3v7d_E/propedia_3v7d_E_protein_pocket.pdb,/home/igem/unknown_software/datasets/propedia_formatted/propedia_3v7d_E/propedia_3v7d_E_peptide.pdb,propedia
propedia_3va4_C,/home/igem/unknown_software/datasets/propedia_formatted/propedia_3va4_C/propedia_3va4_C_protein_pocket.pdb,/home/igem/unknown_software/datasets/propedia_formatted/propedia_3va4_C/propedia_3va4_C_peptide.pdb,propedia
propedia_3vb4_E,/home/igem/unknown_software/datasets/propedia_formatted/propedia_3vb4_E/propedia_3vb4_E_protein_pocket.pdb,/home/igem/unknown_software/datasets/propedia_formatted/propedia_3vb4_E/propedia_3vb4_E_peptide.pdb,propedia
propedia_3vb5_E,/home/igem/unknown_software/datasets/propedia_formatted/propedia_3vb5_E/propedia_3vb5_E_protein_pocket.pdb,/home/igem/unknown_software/datasets/propedia_formatted/propedia_3vb5_E/propedia_3vb5_E_peptide.pdb,propedia
propedia_3vcl_C,/home/igem/unknown_software/datasets/propedia_formatted/propedia_3vcl_C/propedia_3vcl_C_protein_pocket.pdb,/home/igem/unknown_software/datasets/propedia_formatted/propedia_3vcl_C/propedia_3vcl_C_peptide.pdb,propedia
propedia_3vgc_A,/home/igem/unknown_software/datasets/propedia_formatted/propedia_3vgc_A/propedia_3vgc_A_protein_pocket.pdb,/home/igem/unknown_software/datasets/propedia_formatted/propedia_3vgc_A/propedia_3vgc_A_peptide.pdb,propedia
propedia_3vgc_A,/home/igem/unknown_software/datasets/propedia_formatted/propedia_3vgc_A/propedia_3vgc_A_protein_pocket.pdb,/home/igem/unknown_software/datasets/propedia_formatted/propedia_3vgc_A/propedia_3vgc_A_peptide.pdb,propedia
propedia_3vh8_C,/home/igem/unknown_software/datasets/propedia_formatted/propedia_3vh8_C/propedia_3vh8_C_protein_pocket.pdb,/home/igem/unknown_software/datasets/propedia_formatted/propedia_3vh8_C/propedia_3vh8_C_peptide.pdb,propedia
propedia_3vh8_C,/home/igem/unknown_software/datasets/propedia_formatted/propedia_3vh8_C/propedia_3vh8_C_protein_pocket.pdb,/home/igem/unknown_software/datasets/propedia_formatted/propedia_3vh8_C/propedia_3vh8_C_peptide.pdb,propedia
propedia_3viv_C,/home/igem/unknown_software/datasets/propedia_formatted/propedia_3viv_C/propedia_3viv_C_protein_pocket.pdb,/home/igem/unknown_software/datasets/propedia_formatted/propedia_3viv_C/propedia_3viv_C_peptide.pdb,propedia
propedia_3viv_C,/home/igem/unknown_software/datasets/propedia_formatted/propedia_3viv_C/propedia_3viv_C_protein_pocket.pdb,/home/igem/unknown_software/datasets/propedia_formatted/propedia_3viv_C/propedia_3viv_C_peptide.pdb,propedia
propedia_3vri_C,/home/igem/unknown_software/datasets/propedia_formatted/propedia_3vri_C/propedia_3vri_C_protein_pocket.pdb,/home/igem/unknown_software/datasets/propedia_formatted/propedia_3vri_C/propedia_3vri_C_peptide.pdb,propedia
propedia_3vrj_C,/home/igem/unknown_software/datasets/propedia_formatted/propedia_3vrj_C/propedia_3vrj_C_protein_pocket.pdb,/home/igem/unknown_software/datasets/propedia_formatted/propedia_3vrj_C/propedia_3vrj_C_peptide.pdb,propedia
propedia_3vro_B,/home/igem/unknown_software/datasets/propedia_formatted/propedia_3vro_B/propedia_3vro_B_protein_pocket.pdb,/home/igem/unknown_software/datasets/propedia_formatted/propedia_3vro_B/propedia_3vro_B_peptide.pdb,propedia
propedia_3vrp_B,/home/igem/unknown_software/datasets/propedia_formatted/propedia_3vrp_B/propedia_3vrp_B_protein_pocket.pdb,/home/igem/unknown_software/datasets/propedia_formatted/propedia_3vrp_B/propedia_3vrp_B_peptide.pdb,propedia
propedia_3vrr_C,/home/igem/unknown_software/datasets/propedia_formatted/propedia_3vrr_C/propedia_3vrr_C_protein_pocket.pdb,/home/igem/unknown_software/datasets/propedia_formatted/propedia_3vrr_C/propedia_3vrr_C_peptide.pdb,propedia
propedia_3vxm_C,/home/igem/unknown_software/datasets/propedia_formatted/propedia_3vxm_C/propedia_3vxm_C_protein_pocket.pdb,/home/igem/unknown_software/datasets/propedia_formatted/propedia_3vxm_C/propedia_3vxm_C_peptide.pdb,propedia
propedia_3vxm_C,/home/igem/unknown_software/datasets/propedia_formatted/propedia_3vxm_C/propedia_3vxm_C_protein_pocket.pdb,/home/igem/unknown_software/datasets/propedia_formatted/propedia_3vxm_C/propedia_3vxm_C_peptide.pdb,propedia
propedia_3vxm_C,/home/igem/unknown_software/datasets/propedia_formatted/propedia_3vxm_C/propedia_3vxm_C_protein_pocket.pdb,/home/igem/unknown_software/datasets/propedia_formatted/propedia_3vxm_C/propedia_3vxm_C_peptide.pdb,propedia
propedia_3vxr_C,/home/igem/unknown_software/datasets/propedia_formatted/propedia_3vxr_C/propedia_3vxr_C_protein_pocket.pdb,/home/igem/unknown_software/datasets/propedia_formatted/propedia_3vxr_C/propedia_3vxr_C_peptide.pdb,propedia
propedia_3vxr_C,/home/igem/unknown_software/datasets/propedia_formatted/propedia_3vxr_C/propedia_3vxr_C_protein_pocket.pdb,/home/igem/unknown_software/datasets/propedia_formatted/propedia_3vxr_C/propedia_3vxr_C_peptide.pdb,propedia
propedia_3vxr_C,/home/igem/unknown_software/datasets/propedia_formatted/propedia_3vxr_C/propedia_3vxr_C_protein_pocket.pdb,/home/igem/unknown_software/datasets/propedia_formatted/propedia_3vxr_C/propedia_3vxr_C_peptide.pdb,propedia
propedia_3vxs_C,/home/igem/unknown_software/datasets/propedia_formatted/propedia_3vxs_C/propedia_3vxs_C_protein_pocket.pdb,/home/igem/unknown_software/datasets/propedia_formatted/propedia_3vxs_C/propedia_3vxs_C_peptide.pdb,propedia
propedia_3vxs_C,/home/igem/unknown_software/datasets/propedia_formatted/propedia_3vxs_C/propedia_3vxs_C_protein_pocket.pdb,/home/igem/unknown_software/datasets/propedia_formatted/propedia_3vxs_C/propedia_3vxs_C_peptide.pdb,propedia
propedia_3vxs_C,/home/igem/unknown_software/datasets/propedia_formatted/propedia_3vxs_C/propedia_3vxs_C_protein_pocket.pdb,/home/igem/unknown_software/datasets/propedia_formatted/propedia_3vxs_C/propedia_3vxs_C_peptide.pdb,propedia
propedia_3w1b_B,/home/igem/unknown_software/datasets/propedia_formatted/propedia_3w1b_B/propedia_3w1b_B_protein_pocket.pdb,/home/igem/unknown_software/datasets/propedia_formatted/propedia_3w1b_B/propedia_3w1b_B_peptide.pdb,propedia
propedia_3w3w_B,/home/igem/unknown_software/datasets/propedia_formatted/propedia_3w3w_B/propedia_3w3w_B_protein_pocket.pdb,/home/igem/unknown_software/datasets/propedia_formatted/propedia_3w3w_B/propedia_3w3w_B_peptide.pdb,propedia
propedia_3w8j_C,/home/igem/unknown_software/datasets/propedia_formatted/propedia_3w8j_C/propedia_3w8j_C_protein_pocket.pdb,/home/igem/unknown_software/datasets/propedia_formatted/propedia_3w8j_C/propedia_3w8j_C_peptide.pdb,propedia
propedia_3wa0_G,/home/igem/unknown_software/datasets/propedia_formatted/propedia_3wa0_G/propedia_3wa0_G_protein_pocket.pdb,/home/igem/unknown_software/datasets/propedia_formatted/propedia_3wa0_G/propedia_3wa0_G_peptide.pdb,propedia
propedia_3wa0_G,/home/igem/unknown_software/datasets/propedia_formatted/propedia_3wa0_G/propedia_3wa0_G_protein_pocket.pdb,/home/igem/unknown_software/datasets/propedia_formatted/propedia_3wa0_G/propedia_3wa0_G_peptide.pdb,propedia
propedia_3wa4_B,/home/igem/unknown_software/datasets/propedia_formatted/propedia_3wa4_B/propedia_3wa4_B_protein_pocket.pdb,/home/igem/unknown_software/datasets/propedia_formatted/propedia_3wa4_B/propedia_3wa4_B_peptide.pdb,propedia
propedia_3wdc_B,/home/igem/unknown_software/datasets/propedia_formatted/propedia_3wdc_B/propedia_3wdc_B_protein_pocket.pdb,/home/igem/unknown_software/datasets/propedia_formatted/propedia_3wdc_B/propedia_3wdc_B_peptide.pdb,propedia
propedia_3wdd_B,/home/igem/unknown_software/datasets/propedia_formatted/propedia_3wdd_B/propedia_3wdd_B_protein_pocket.pdb,/home/igem/unknown_software/datasets/propedia_formatted/propedia_3wdd_B/propedia_3wdd_B_peptide.pdb,propedia
propedia_3wde_B,/home/igem/unknown_software/datasets/propedia_formatted/propedia_3wde_B/propedia_3wde_B_protein_pocket.pdb,/home/igem/unknown_software/datasets/propedia_formatted/propedia_3wde_B/propedia_3wde_B_peptide.pdb,propedia
propedia_3wg5_C,/home/igem/unknown_software/datasets/propedia_formatted/propedia_3wg5_C/propedia_3wg5_C_protein_pocket.pdb,/home/igem/unknown_software/datasets/propedia_formatted/propedia_3wg5_C/propedia_3wg5_C_peptide.pdb,propedia
propedia_3wg5_C,/home/igem/unknown_software/datasets/propedia_formatted/propedia_3wg5_C/propedia_3wg5_C_protein_pocket.pdb,/home/igem/unknown_software/datasets/propedia_formatted/propedia_3wg5_C/propedia_3wg5_C_peptide.pdb,propedia
propedia_3wl9_C,/home/igem/unknown_software/datasets/propedia_formatted/propedia_3wl9_C/propedia_3wl9_C_protein_pocket.pdb,/home/igem/unknown_software/datasets/propedia_formatted/propedia_3wl9_C/propedia_3wl9_C_peptide.pdb,propedia
propedia_3wne_C,/home/igem/unknown_software/datasets/propedia_formatted/propedia_3wne_C/propedia_3wne_C_protein_pocket.pdb,/home/igem/unknown_software/datasets/propedia_formatted/propedia_3wne_C/propedia_3wne_C_peptide.pdb,propedia
propedia_3wne_C,/home/igem/unknown_software/datasets/propedia_formatted/propedia_3wne_C/propedia_3wne_C_protein_pocket.pdb,/home/igem/unknown_software/datasets/propedia_formatted/propedia_3wne_C/propedia_3wne_C_peptide.pdb,propedia
propedia_3wnf_C,/home/igem/unknown_software/datasets/propedia_formatted/propedia_3wnf_C/propedia_3wnf_C_protein_pocket.pdb,/home/igem/unknown_software/datasets/propedia_formatted/propedia_3wnf_C/propedia_3wnf_C_peptide.pdb,propedia
propedia_3wnf_C,/home/igem/unknown_software/datasets/propedia_formatted/propedia_3wnf_C/propedia_3wnf_C_protein_pocket.pdb,/home/igem/unknown_software/datasets/propedia_formatted/propedia_3wnf_C/propedia_3wnf_C_peptide.pdb,propedia
propedia_3wng_C,/home/igem/unknown_software/datasets/propedia_formatted/propedia_3wng_C/propedia_3wng_C_protein_pocket.pdb,/home/igem/unknown_software/datasets/propedia_formatted/propedia_3wng_C/propedia_3wng_C_peptide.pdb,propedia
propedia_3wng_C,/home/igem/unknown_software/datasets/propedia_formatted/propedia_3wng_C/propedia_3wng_C_protein_pocket.pdb,/home/igem/unknown_software/datasets/propedia_formatted/propedia_3wng_C/propedia_3wng_C_peptide.pdb,propedia
propedia_3wnh_C,/home/igem/unknown_software/datasets/propedia_formatted/propedia_3wnh_C/propedia_3wnh_C_protein_pocket.pdb,/home/igem/unknown_software/datasets/propedia_formatted/propedia_3wnh_C/propedia_3wnh_C_peptide.pdb,propedia
propedia_3wnh_C,/home/igem/unknown_software/datasets/propedia_formatted/propedia_3wnh_C/propedia_3wnh_C_protein_pocket.pdb,/home/igem/unknown_software/datasets/propedia_formatted/propedia_3wnh_C/propedia_3wnh_C_peptide.pdb,propedia
propedia_3woo_C,/home/igem/unknown_software/datasets/propedia_formatted/propedia_3woo_C/propedia_3woo_C_protein_pocket.pdb,/home/igem/unknown_software/datasets/propedia_formatted/propedia_3woo_C/propedia_3woo_C_peptide.pdb,propedia
propedia_3wor_C,/home/igem/unknown_software/datasets/propedia_formatted/propedia_3wor_C/propedia_3wor_C_protein_pocket.pdb,/home/igem/unknown_software/datasets/propedia_formatted/propedia_3wor_C/propedia_3wor_C_peptide.pdb,propedia
propedia_3ws3_E,/home/igem/unknown_software/datasets/propedia_formatted/propedia_3ws3_E/propedia_3ws3_E_protein_pocket.pdb,/home/igem/unknown_software/datasets/propedia_formatted/propedia_3ws3_E/propedia_3ws3_E_peptide.pdb,propedia
propedia_3ws6_E,/home/igem/unknown_software/datasets/propedia_formatted/propedia_3ws6_E/propedia_3ws6_E_protein_pocket.pdb,/home/igem/unknown_software/datasets/propedia_formatted/propedia_3ws6_E/propedia_3ws6_E_peptide.pdb,propedia
propedia_3wuw_C,/home/igem/unknown_software/datasets/propedia_formatted/propedia_3wuw_C/propedia_3wuw_C_protein_pocket.pdb,/home/igem/unknown_software/datasets/propedia_formatted/propedia_3wuw_C/propedia_3wuw_C_peptide.pdb,propedia
propedia_3wuw_C,/home/igem/unknown_software/datasets/propedia_formatted/propedia_3wuw_C/propedia_3wuw_C_protein_pocket.pdb,/home/igem/unknown_software/datasets/propedia_formatted/propedia_3wuw_C/propedia_3wuw_C_peptide.pdb,propedia
propedia_3wv0_X,/home/igem/unknown_software/datasets/propedia_formatted/propedia_3wv0_X/propedia_3wv0_X_protein_pocket.pdb,/home/igem/unknown_software/datasets/propedia_formatted/propedia_3wv0_X/propedia_3wv0_X_peptide.pdb,propedia
propedia_3x23_B,/home/igem/unknown_software/datasets/propedia_formatted/propedia_3x23_B/propedia_3x23_B_protein_pocket.pdb,/home/igem/unknown_software/datasets/propedia_formatted/propedia_3x23_B/propedia_3x23_B_peptide.pdb,propedia
propedia_3zdy_I,/home/igem/unknown_software/datasets/propedia_formatted/propedia_3zdy_I/propedia_3zdy_I_protein_pocket.pdb,/home/igem/unknown_software/datasets/propedia_formatted/propedia_3zdy_I/propedia_3zdy_I_peptide.pdb,propedia
propedia_3zdy_I,/home/igem/unknown_software/datasets/propedia_formatted/propedia_3zdy_I/propedia_3zdy_I_protein_pocket.pdb,/home/igem/unknown_software/datasets/propedia_formatted/propedia_3zdy_I/propedia_3zdy_I_peptide.pdb,propedia
propedia_3zdy_I,/home/igem/unknown_software/datasets/propedia_formatted/propedia_3zdy_I/propedia_3zdy_I_protein_pocket.pdb,/home/igem/unknown_software/datasets/propedia_formatted/propedia_3zdy_I/propedia_3zdy_I_peptide.pdb,propedia
propedia_3ze2_I,/home/igem/unknown_software/datasets/propedia_formatted/propedia_3ze2_I/propedia_3ze2_I_protein_pocket.pdb,/home/igem/unknown_software/datasets/propedia_formatted/propedia_3ze2_I/propedia_3ze2_I_peptide.pdb,propedia
propedia_3ze2_I,/home/igem/unknown_software/datasets/propedia_formatted/propedia_3ze2_I/propedia_3ze2_I_protein_pocket.pdb,/home/igem/unknown_software/datasets/propedia_formatted/propedia_3ze2_I/propedia_3ze2_I_peptide.pdb,propedia
propedia_3ze2_I,/home/igem/unknown_software/datasets/propedia_formatted/propedia_3ze2_I/propedia_3ze2_I_protein_pocket.pdb,/home/igem/unknown_software/datasets/propedia_formatted/propedia_3ze2_I/propedia_3ze2_I_peptide.pdb,propedia
propedia_3zed_D,/home/igem/unknown_software/datasets/propedia_formatted/propedia_3zed_D/propedia_3zed_D_protein_pocket.pdb,/home/igem/unknown_software/datasets/propedia_formatted/propedia_3zed_D/propedia_3zed_D_peptide.pdb,propedia
propedia_3zg6_F,/home/igem/unknown_software/datasets/propedia_formatted/propedia_3zg6_F/propedia_3zg6_F_protein_pocket.pdb,/home/igem/unknown_software/datasets/propedia_formatted/propedia_3zg6_F/propedia_3zg6_F_peptide.pdb,propedia
propedia_3zgc_C,/home/igem/unknown_software/datasets/propedia_formatted/propedia_3zgc_C/propedia_3zgc_C_protein_pocket.pdb,/home/igem/unknown_software/datasets/propedia_formatted/propedia_3zgc_C/propedia_3zgc_C_peptide.pdb,propedia
propedia_3zgc_C,/home/igem/unknown_software/datasets/propedia_formatted/propedia_3zgc_C/propedia_3zgc_C_protein_pocket.pdb,/home/igem/unknown_software/datasets/propedia_formatted/propedia_3zgc_C/propedia_3zgc_C_peptide.pdb,propedia
propedia_3zhf_B,/home/igem/unknown_software/datasets/propedia_formatted/propedia_3zhf_B/propedia_3zhf_B_protein_pocket.pdb,/home/igem/unknown_software/datasets/propedia_formatted/propedia_3zhf_B/propedia_3zhf_B_peptide.pdb,propedia
propedia_3zil_B,/home/igem/unknown_software/datasets/propedia_formatted/propedia_3zil_B/propedia_3zil_B_protein_pocket.pdb,/home/igem/unknown_software/datasets/propedia_formatted/propedia_3zil_B/propedia_3zil_B_peptide.pdb,propedia
propedia_3zio_B,/home/igem/unknown_software/datasets/propedia_formatted/propedia_3zio_B/propedia_3zio_B_protein_pocket.pdb,/home/igem/unknown_software/datasets/propedia_formatted/propedia_3zio_B/propedia_3zio_B_peptide.pdb,propedia
propedia_3zip_B,/home/igem/unknown_software/datasets/propedia_formatted/propedia_3zip_B/propedia_3zip_B_protein_pocket.pdb,/home/igem/unknown_software/datasets/propedia_formatted/propedia_3zip_B/propedia_3zip_B_peptide.pdb,propedia
propedia_3ziq_B,/home/igem/unknown_software/datasets/propedia_formatted/propedia_3ziq_B/propedia_3ziq_B_protein_pocket.pdb,/home/igem/unknown_software/datasets/propedia_formatted/propedia_3ziq_B/propedia_3ziq_B_peptide.pdb,propedia
propedia_3zir_B,/home/igem/unknown_software/datasets/propedia_formatted/propedia_3zir_B/propedia_3zir_B_protein_pocket.pdb,/home/igem/unknown_software/datasets/propedia_formatted/propedia_3zir_B/propedia_3zir_B_peptide.pdb,propedia
propedia_3zke_B,/home/igem/unknown_software/datasets/propedia_formatted/propedia_3zke_B/propedia_3zke_B_protein_pocket.pdb,/home/igem/unknown_software/datasets/propedia_formatted/propedia_3zke_B/propedia_3zke_B_peptide.pdb,propedia
propedia_3zke_B,/home/igem/unknown_software/datasets/propedia_formatted/propedia_3zke_B/propedia_3zke_B_protein_pocket.pdb,/home/igem/unknown_software/datasets/propedia_formatted/propedia_3zke_B/propedia_3zke_B_peptide.pdb,propedia
propedia_3zni_B,/home/igem/unknown_software/datasets/propedia_formatted/propedia_3zni_B/propedia_3zni_B_protein_pocket.pdb,/home/igem/unknown_software/datasets/propedia_formatted/propedia_3zni_B/propedia_3zni_B_peptide.pdb,propedia
propedia_3zqh_C,/home/igem/unknown_software/datasets/propedia_formatted/propedia_3zqh_C/propedia_3zqh_C_protein_pocket.pdb,/home/igem/unknown_software/datasets/propedia_formatted/propedia_3zqh_C/propedia_3zqh_C_peptide.pdb,propedia
propedia_4a7j_B,/home/igem/unknown_software/datasets/propedia_formatted/propedia_4a7j_B/propedia_4a7j_B_protein_pocket.pdb,/home/igem/unknown_software/datasets/propedia_formatted/propedia_4a7j_B/propedia_4a7j_B_peptide.pdb,propedia
propedia_4aa2_P,/home/igem/unknown_software/datasets/propedia_formatted/propedia_4aa2_P/propedia_4aa2_P_protein_pocket.pdb,/home/igem/unknown_software/datasets/propedia_formatted/propedia_4aa2_P/propedia_4aa2_P_peptide.pdb,propedia
propedia_4abi_B,/home/igem/unknown_software/datasets/propedia_formatted/propedia_4abi_B/propedia_4abi_B_protein_pocket.pdb,/home/igem/unknown_software/datasets/propedia_formatted/propedia_4abi_B/propedia_4abi_B_peptide.pdb,propedia
propedia_4abj_B,/home/igem/unknown_software/datasets/propedia_formatted/propedia_4abj_B/propedia_4abj_B_protein_pocket.pdb,/home/igem/unknown_software/datasets/propedia_formatted/propedia_4abj_B/propedia_4abj_B_peptide.pdb,propedia
propedia_4am9_B,/home/igem/unknown_software/datasets/propedia_formatted/propedia_4am9_B/propedia_4am9_B_protein_pocket.pdb,/home/igem/unknown_software/datasets/propedia_formatted/propedia_4am9_B/propedia_4am9_B_peptide.pdb,propedia
propedia_4apo_D,/home/igem/unknown_software/datasets/propedia_formatted/propedia_4apo_D/propedia_4apo_D_protein_pocket.pdb,/home/igem/unknown_software/datasets/propedia_formatted/propedia_4apo_D/propedia_4apo_D_peptide.pdb,propedia
propedia_4apr_I,/home/igem/unknown_software/datasets/propedia_formatted/propedia_4apr_I/propedia_4apr_I_protein_pocket.pdb,/home/igem/unknown_software/datasets/propedia_formatted/propedia_4apr_I/propedia_4apr_I_peptide.pdb,propedia
propedia_4au7_C,/home/igem/unknown_software/datasets/propedia_formatted/propedia_4au7_C/propedia_4au7_C_protein_pocket.pdb,/home/igem/unknown_software/datasets/propedia_formatted/propedia_4au7_C/propedia_4au7_C_peptide.pdb,propedia
propedia_4au7_C,/home/igem/unknown_software/datasets/propedia_formatted/propedia_4au7_C/propedia_4au7_C_protein_pocket.pdb,/home/igem/unknown_software/datasets/propedia_formatted/propedia_4au7_C/propedia_4au7_C_peptide.pdb,propedia
propedia_4auc_B,/home/igem/unknown_software/datasets/propedia_formatted/propedia_4auc_B/propedia_4auc_B_protein_pocket.pdb,/home/igem/unknown_software/datasets/propedia_formatted/propedia_4auc_B/propedia_4auc_B_peptide.pdb,propedia
propedia_4aw9_I,/home/igem/unknown_software/datasets/propedia_formatted/propedia_4aw9_I/propedia_4aw9_I_protein_pocket.pdb,/home/igem/unknown_software/datasets/propedia_formatted/propedia_4aw9_I/propedia_4aw9_I_peptide.pdb,propedia
propedia_4awa_I,/home/igem/unknown_software/datasets/propedia_formatted/propedia_4awa_I/propedia_4awa_I_protein_pocket.pdb,/home/igem/unknown_software/datasets/propedia_formatted/propedia_4awa_I/propedia_4awa_I_peptide.pdb,propedia
propedia_4b3b_C,/home/igem/unknown_software/datasets/propedia_formatted/propedia_4b3b_C/propedia_4b3b_C_protein_pocket.pdb,/home/igem/unknown_software/datasets/propedia_formatted/propedia_4b3b_C/propedia_4b3b_C_peptide.pdb,propedia
propedia_4b8p_C,/home/igem/unknown_software/datasets/propedia_formatted/propedia_4b8p_C/propedia_4b8p_C_protein_pocket.pdb,/home/igem/unknown_software/datasets/propedia_formatted/propedia_4b8p_C/propedia_4b8p_C_peptide.pdb,propedia
propedia_4b8y_B,/home/igem/unknown_software/datasets/propedia_formatted/propedia_4b8y_B/propedia_4b8y_B_protein_pocket.pdb,/home/igem/unknown_software/datasets/propedia_formatted/propedia_4b8y_B/propedia_4b8y_B_peptide.pdb,propedia
propedia_4b9w_P,/home/igem/unknown_software/datasets/propedia_formatted/propedia_4b9w_P/propedia_4b9w_P_protein_pocket.pdb,/home/igem/unknown_software/datasets/propedia_formatted/propedia_4b9w_P/propedia_4b9w_P_peptide.pdb,propedia
propedia_4b9w_P,/home/igem/unknown_software/datasets/propedia_formatted/propedia_4b9w_P/propedia_4b9w_P_protein_pocket.pdb,/home/igem/unknown_software/datasets/propedia_formatted/propedia_4b9w_P/propedia_4b9w_P_peptide.pdb,propedia
propedia_4bg6_Q,/home/igem/unknown_software/datasets/propedia_formatted/propedia_4bg6_Q/propedia_4bg6_Q_protein_pocket.pdb,/home/igem/unknown_software/datasets/propedia_formatted/propedia_4bg6_Q/propedia_4bg6_Q_peptide.pdb,propedia
propedia_4bh8_P,/home/igem/unknown_software/datasets/propedia_formatted/propedia_4bh8_P/propedia_4bh8_P_protein_pocket.pdb,/home/igem/unknown_software/datasets/propedia_formatted/propedia_4bh8_P/propedia_4bh8_P_peptide.pdb,propedia
propedia_4bh8_P,/home/igem/unknown_software/datasets/propedia_formatted/propedia_4bh8_P/propedia_4bh8_P_protein_pocket.pdb,/home/igem/unknown_software/datasets/propedia_formatted/propedia_4bh8_P/propedia_4bh8_P_peptide.pdb,propedia
propedia_4bjt_D,/home/igem/unknown_software/datasets/propedia_formatted/propedia_4bjt_D/propedia_4bjt_D_protein_pocket.pdb,/home/igem/unknown_software/datasets/propedia_formatted/propedia_4bjt_D/propedia_4bjt_D_peptide.pdb,propedia
propedia_4bjt_D,/home/igem/unknown_software/datasets/propedia_formatted/propedia_4bjt_D/propedia_4bjt_D_protein_pocket.pdb,/home/igem/unknown_software/datasets/propedia_formatted/propedia_4bjt_D/propedia_4bjt_D_peptide.pdb,propedia
propedia_4bos_F,/home/igem/unknown_software/datasets/propedia_formatted/propedia_4bos_F/propedia_4bos_F_protein_pocket.pdb,/home/igem/unknown_software/datasets/propedia_formatted/propedia_4bos_F/propedia_4bos_F_peptide.pdb,propedia
propedia_4bos_F,/home/igem/unknown_software/datasets/propedia_formatted/propedia_4bos_F/propedia_4bos_F_protein_pocket.pdb,/home/igem/unknown_software/datasets/propedia_formatted/propedia_4bos_F/propedia_4bos_F_peptide.pdb,propedia
propedia_4bos_F,/home/igem/unknown_software/datasets/propedia_formatted/propedia_4bos_F/propedia_4bos_F_protein_pocket.pdb,/home/igem/unknown_software/datasets/propedia_formatted/propedia_4bos_F/propedia_4bos_F_peptide.pdb,propedia
propedia_4buz_P,/home/igem/unknown_software/datasets/propedia_formatted/propedia_4buz_P/propedia_4buz_P_protein_pocket.pdb,/home/igem/unknown_software/datasets/propedia_formatted/propedia_4buz_P/propedia_4buz_P_peptide.pdb,propedia
propedia_4bve_B,/home/igem/unknown_software/datasets/propedia_formatted/propedia_4bve_B/propedia_4bve_B_protein_pocket.pdb,/home/igem/unknown_software/datasets/propedia_formatted/propedia_4bve_B/propedia_4bve_B_peptide.pdb,propedia
propedia_4bvg_B,/home/igem/unknown_software/datasets/propedia_formatted/propedia_4bvg_B/propedia_4bvg_B_protein_pocket.pdb,/home/igem/unknown_software/datasets/propedia_formatted/propedia_4bvg_B/propedia_4bvg_B_peptide.pdb,propedia
propedia_4bxf_C,/home/igem/unknown_software/datasets/propedia_formatted/propedia_4bxf_C/propedia_4bxf_C_protein_pocket.pdb,/home/igem/unknown_software/datasets/propedia_formatted/propedia_4bxf_C/propedia_4bxf_C_peptide.pdb,propedia
propedia_4c1q_C,/home/igem/unknown_software/datasets/propedia_formatted/propedia_4c1q_C/propedia_4c1q_C_protein_pocket.pdb,/home/igem/unknown_software/datasets/propedia_formatted/propedia_4c1q_C/propedia_4c1q_C_peptide.pdb,propedia
propedia_4c78_C,/home/igem/unknown_software/datasets/propedia_formatted/propedia_4c78_C/propedia_4c78_C_protein_pocket.pdb,/home/igem/unknown_software/datasets/propedia_formatted/propedia_4c78_C/propedia_4c78_C_peptide.pdb,propedia
propedia_4cc2_B,/home/igem/unknown_software/datasets/propedia_formatted/propedia_4cc2_B/propedia_4cc2_B_protein_pocket.pdb,/home/igem/unknown_software/datasets/propedia_formatted/propedia_4cc2_B/propedia_4cc2_B_peptide.pdb,propedia
propedia_4ccn_C,/home/igem/unknown_software/datasets/propedia_formatted/propedia_4ccn_C/propedia_4ccn_C_protein_pocket.pdb,/home/igem/unknown_software/datasets/propedia_formatted/propedia_4ccn_C/propedia_4ccn_C_peptide.pdb,propedia
propedia_4cha_A,/home/igem/unknown_software/datasets/propedia_formatted/propedia_4cha_A/propedia_4cha_A_protein_pocket.pdb,/home/igem/unknown_software/datasets/propedia_formatted/propedia_4cha_A/propedia_4cha_A_peptide.pdb,propedia
propedia_4cha_A,/home/igem/unknown_software/datasets/propedia_formatted/propedia_4cha_A/propedia_4cha_A_protein_pocket.pdb,/home/igem/unknown_software/datasets/propedia_formatted/propedia_4cha_A/propedia_4cha_A_peptide.pdb,propedia
propedia_4chx_C,/home/igem/unknown_software/datasets/propedia_formatted/propedia_4chx_C/propedia_4chx_C_protein_pocket.pdb,/home/igem/unknown_software/datasets/propedia_formatted/propedia_4chx_C/propedia_4chx_C_peptide.pdb,propedia
propedia_4cic_Q,/home/igem/unknown_software/datasets/propedia_formatted/propedia_4cic_Q/propedia_4cic_Q_protein_pocket.pdb,/home/igem/unknown_software/datasets/propedia_formatted/propedia_4cic_Q/propedia_4cic_Q_peptide.pdb,propedia
propedia_4cic_Q,/home/igem/unknown_software/datasets/propedia_formatted/propedia_4cic_Q/propedia_4cic_Q_protein_pocket.pdb,/home/igem/unknown_software/datasets/propedia_formatted/propedia_4cic_Q/propedia_4cic_Q_peptide.pdb,propedia
propedia_4cri_C,/home/igem/unknown_software/datasets/propedia_formatted/propedia_4cri_C/propedia_4cri_C_protein_pocket.pdb,/home/igem/unknown_software/datasets/propedia_formatted/propedia_4cri_C/propedia_4cri_C_peptide.pdb,propedia
propedia_4cvz_C,/home/igem/unknown_software/datasets/propedia_formatted/propedia_4cvz_C/propedia_4cvz_C_protein_pocket.pdb,/home/igem/unknown_software/datasets/propedia_formatted/propedia_4cvz_C/propedia_4cvz_C_peptide.pdb,propedia
propedia_4cy2_C,/home/igem/unknown_software/datasets/propedia_formatted/propedia_4cy2_C/propedia_4cy2_C_protein_pocket.pdb,/home/igem/unknown_software/datasets/propedia_formatted/propedia_4cy2_C/propedia_4cy2_C_peptide.pdb,propedia
propedia_4cy3_D,/home/igem/unknown_software/datasets/propedia_formatted/propedia_4cy3_D/propedia_4cy3_D_protein_pocket.pdb,/home/igem/unknown_software/datasets/propedia_formatted/propedia_4cy3_D/propedia_4cy3_D_peptide.pdb,propedia
propedia_4cy5_C,/home/igem/unknown_software/datasets/propedia_formatted/propedia_4cy5_C/propedia_4cy5_C_protein_pocket.pdb,/home/igem/unknown_software/datasets/propedia_formatted/propedia_4cy5_C/propedia_4cy5_C_peptide.pdb,propedia
propedia_4czs_E,/home/igem/unknown_software/datasets/propedia_formatted/propedia_4czs_E/propedia_4czs_E_protein_pocket.pdb,/home/igem/unknown_software/datasets/propedia_formatted/propedia_4czs_E/propedia_4czs_E_peptide.pdb,propedia
propedia_4d07_B,/home/igem/unknown_software/datasets/propedia_formatted/propedia_4d07_B/propedia_4d07_B_protein_pocket.pdb,/home/igem/unknown_software/datasets/propedia_formatted/propedia_4d07_B/propedia_4d07_B_peptide.pdb,propedia
propedia_4d0t_P,/home/igem/unknown_software/datasets/propedia_formatted/propedia_4d0t_P/propedia_4d0t_P_protein_pocket.pdb,/home/igem/unknown_software/datasets/propedia_formatted/propedia_4d0t_P/propedia_4d0t_P_peptide.pdb,propedia
propedia_4d0t_P,/home/igem/unknown_software/datasets/propedia_formatted/propedia_4d0t_P/propedia_4d0t_P_protein_pocket.pdb,/home/igem/unknown_software/datasets/propedia_formatted/propedia_4d0t_P/propedia_4d0t_P_peptide.pdb,propedia
propedia_4d0z_X,/home/igem/unknown_software/datasets/propedia_formatted/propedia_4d0z_X/propedia_4d0z_X_protein_pocket.pdb,/home/igem/unknown_software/datasets/propedia_formatted/propedia_4d0z_X/propedia_4d0z_X_peptide.pdb,propedia
propedia_4d0z_X,/home/igem/unknown_software/datasets/propedia_formatted/propedia_4d0z_X/propedia_4d0z_X_protein_pocket.pdb,/home/igem/unknown_software/datasets/propedia_formatted/propedia_4d0z_X/propedia_4d0z_X_peptide.pdb,propedia
propedia_4d49_C,/home/igem/unknown_software/datasets/propedia_formatted/propedia_4d49_C/propedia_4d49_C_protein_pocket.pdb,/home/igem/unknown_software/datasets/propedia_formatted/propedia_4d49_C/propedia_4d49_C_peptide.pdb,propedia
propedia_4d49_C,/home/igem/unknown_software/datasets/propedia_formatted/propedia_4d49_C/propedia_4d49_C_protein_pocket.pdb,/home/igem/unknown_software/datasets/propedia_formatted/propedia_4d49_C/propedia_4d49_C_peptide.pdb,propedia
propedia_4dat_B,/home/igem/unknown_software/datasets/propedia_formatted/propedia_4dat_B/propedia_4dat_B_protein_pocket.pdb,/home/igem/unknown_software/datasets/propedia_formatted/propedia_4dat_B/propedia_4dat_B_peptide.pdb,propedia
propedia_4dau_B,/home/igem/unknown_software/datasets/propedia_formatted/propedia_4dau_B/propedia_4dau_B_protein_pocket.pdb,/home/igem/unknown_software/datasets/propedia_formatted/propedia_4dau_B/propedia_4dau_B_peptide.pdb,propedia
propedia_4dfw_D,/home/igem/unknown_software/datasets/propedia_formatted/propedia_4dfw_D/propedia_4dfw_D_protein_pocket.pdb,/home/igem/unknown_software/datasets/propedia_formatted/propedia_4dfw_D/propedia_4dfw_D_peptide.pdb,propedia
propedia_4dgb_B,/home/igem/unknown_software/datasets/propedia_formatted/propedia_4dgb_B/propedia_4dgb_B_protein_pocket.pdb,/home/igem/unknown_software/datasets/propedia_formatted/propedia_4dgb_B/propedia_4dgb_B_peptide.pdb,propedia
propedia_4dgy_A,/home/igem/unknown_software/datasets/propedia_formatted/propedia_4dgy_A/propedia_4dgy_A_protein_pocket.pdb,/home/igem/unknown_software/datasets/propedia_formatted/propedia_4dgy_A/propedia_4dgy_A_peptide.pdb,propedia
propedia_4dgy_A,/home/igem/unknown_software/datasets/propedia_formatted/propedia_4dgy_A/propedia_4dgy_A_protein_pocket.pdb,/home/igem/unknown_software/datasets/propedia_formatted/propedia_4dgy_A/propedia_4dgy_A_peptide.pdb,propedia
propedia_4dm9_X,/home/igem/unknown_software/datasets/propedia_formatted/propedia_4dm9_X/propedia_4dm9_X_protein_pocket.pdb,/home/igem/unknown_software/datasets/propedia_formatted/propedia_4dm9_X/propedia_4dm9_X_peptide.pdb,propedia
propedia_4dow_C,/home/igem/unknown_software/datasets/propedia_formatted/propedia_4dow_C/propedia_4dow_C_protein_pocket.pdb,/home/igem/unknown_software/datasets/propedia_formatted/propedia_4dow_C/propedia_4dow_C_peptide.pdb,propedia
propedia_4ds1_B,/home/igem/unknown_software/datasets/propedia_formatted/propedia_4ds1_B/propedia_4ds1_B_protein_pocket.pdb,/home/igem/unknown_software/datasets/propedia_formatted/propedia_4ds1_B/propedia_4ds1_B_peptide.pdb,propedia
propedia_4ds1_B,/home/igem/unknown_software/datasets/propedia_formatted/propedia_4ds1_B/propedia_4ds1_B_protein_pocket.pdb,/home/igem/unknown_software/datasets/propedia_formatted/propedia_4ds1_B/propedia_4ds1_B_peptide.pdb,propedia
propedia_4dv9_B,/home/igem/unknown_software/datasets/propedia_formatted/propedia_4dv9_B/propedia_4dv9_B_protein_pocket.pdb,/home/igem/unknown_software/datasets/propedia_formatted/propedia_4dv9_B/propedia_4dv9_B_peptide.pdb,propedia
propedia_4dvf_C,/home/igem/unknown_software/datasets/propedia_formatted/propedia_4dvf_C/propedia_4dvf_C_protein_pocket.pdb,/home/igem/unknown_software/datasets/propedia_formatted/propedia_4dvf_C/propedia_4dvf_C_peptide.pdb,propedia
propedia_4e0r_C,/home/igem/unknown_software/datasets/propedia_formatted/propedia_4e0r_C/propedia_4e0r_C_protein_pocket.pdb,/home/igem/unknown_software/datasets/propedia_formatted/propedia_4e0r_C/propedia_4e0r_C_peptide.pdb,propedia
propedia_4e0r_C,/home/igem/unknown_software/datasets/propedia_formatted/propedia_4e0r_C/propedia_4e0r_C_protein_pocket.pdb,/home/igem/unknown_software/datasets/propedia_formatted/propedia_4e0r_C/propedia_4e0r_C_peptide.pdb,propedia
propedia_4e34_C,/home/igem/unknown_software/datasets/propedia_formatted/propedia_4e34_C/propedia_4e34_C_protein_pocket.pdb,/home/igem/unknown_software/datasets/propedia_formatted/propedia_4e34_C/propedia_4e34_C_peptide.pdb,propedia
propedia_4e34_C,/home/igem/unknown_software/datasets/propedia_formatted/propedia_4e34_C/propedia_4e34_C_protein_pocket.pdb,/home/igem/unknown_software/datasets/propedia_formatted/propedia_4e34_C/propedia_4e34_C_peptide.pdb,propedia
propedia_4e35_C,/home/igem/unknown_software/datasets/propedia_formatted/propedia_4e35_C/propedia_4e35_C_protein_pocket.pdb,/home/igem/unknown_software/datasets/propedia_formatted/propedia_4e35_C/propedia_4e35_C_peptide.pdb,propedia
propedia_4e35_C,/home/igem/unknown_software/datasets/propedia_formatted/propedia_4e35_C/propedia_4e35_C_protein_pocket.pdb,/home/igem/unknown_software/datasets/propedia_formatted/propedia_4e35_C/propedia_4e35_C_peptide.pdb,propedia
propedia_4e43_C,/home/igem/unknown_software/datasets/propedia_formatted/propedia_4e43_C/propedia_4e43_C_protein_pocket.pdb,/home/igem/unknown_software/datasets/propedia_formatted/propedia_4e43_C/propedia_4e43_C_peptide.pdb,propedia
propedia_4e43_C,/home/igem/unknown_software/datasets/propedia_formatted/propedia_4e43_C/propedia_4e43_C_protein_pocket.pdb,/home/igem/unknown_software/datasets/propedia_formatted/propedia_4e43_C/propedia_4e43_C_peptide.pdb,propedia
propedia_4e67_B,/home/igem/unknown_software/datasets/propedia_formatted/propedia_4e67_B/propedia_4e67_B_protein_pocket.pdb,/home/igem/unknown_software/datasets/propedia_formatted/propedia_4e67_B/propedia_4e67_B_peptide.pdb,propedia
propedia_4e7r_I,/home/igem/unknown_software/datasets/propedia_formatted/propedia_4e7r_I/propedia_4e7r_I_protein_pocket.pdb,/home/igem/unknown_software/datasets/propedia_formatted/propedia_4e7r_I/propedia_4e7r_I_peptide.pdb,propedia
propedia_4e7r_I,/home/igem/unknown_software/datasets/propedia_formatted/propedia_4e7r_I/propedia_4e7r_I_protein_pocket.pdb,/home/igem/unknown_software/datasets/propedia_formatted/propedia_4e7r_I/propedia_4e7r_I_peptide.pdb,propedia
propedia_4e81_C,/home/igem/unknown_software/datasets/propedia_formatted/propedia_4e81_C/propedia_4e81_C_protein_pocket.pdb,/home/igem/unknown_software/datasets/propedia_formatted/propedia_4e81_C/propedia_4e81_C_peptide.pdb,propedia
propedia_4e81_C,/home/igem/unknown_software/datasets/propedia_formatted/propedia_4e81_C/propedia_4e81_C_protein_pocket.pdb,/home/igem/unknown_software/datasets/propedia_formatted/propedia_4e81_C/propedia_4e81_C_peptide.pdb,propedia
propedia_4e9c_B,/home/igem/unknown_software/datasets/propedia_formatted/propedia_4e9c_B/propedia_4e9c_B_protein_pocket.pdb,/home/igem/unknown_software/datasets/propedia_formatted/propedia_4e9c_B/propedia_4e9c_B_peptide.pdb,propedia
propedia_4eha_B,/home/igem/unknown_software/datasets/propedia_formatted/propedia_4eha_B/propedia_4eha_B_protein_pocket.pdb,/home/igem/unknown_software/datasets/propedia_formatted/propedia_4eha_B/propedia_4eha_B_peptide.pdb,propedia
propedia_4ehd_B,/home/igem/unknown_software/datasets/propedia_formatted/propedia_4ehd_B/propedia_4ehd_B_protein_pocket.pdb,/home/igem/unknown_software/datasets/propedia_formatted/propedia_4ehd_B/propedia_4ehd_B_peptide.pdb,propedia
propedia_4ehf_B,/home/igem/unknown_software/datasets/propedia_formatted/propedia_4ehf_B/propedia_4ehf_B_protein_pocket.pdb,/home/igem/unknown_software/datasets/propedia_formatted/propedia_4ehf_B/propedia_4ehf_B_peptide.pdb,propedia
propedia_4ehh_B,/home/igem/unknown_software/datasets/propedia_formatted/propedia_4ehh_B/propedia_4ehh_B_protein_pocket.pdb,/home/igem/unknown_software/datasets/propedia_formatted/propedia_4ehh_B/propedia_4ehh_B_peptide.pdb,propedia
propedia_4ehk_B,/home/igem/unknown_software/datasets/propedia_formatted/propedia_4ehk_B/propedia_4ehk_B_protein_pocket.pdb,/home/igem/unknown_software/datasets/propedia_formatted/propedia_4ehk_B/propedia_4ehk_B_peptide.pdb,propedia
propedia_4ehl_B,/home/igem/unknown_software/datasets/propedia_formatted/propedia_4ehl_B/propedia_4ehl_B_protein_pocket.pdb,/home/igem/unknown_software/datasets/propedia_formatted/propedia_4ehl_B/propedia_4ehl_B_peptide.pdb,propedia
propedia_4ehn_B,/home/igem/unknown_software/datasets/propedia_formatted/propedia_4ehn_B/propedia_4ehn_B_protein_pocket.pdb,/home/igem/unknown_software/datasets/propedia_formatted/propedia_4ehn_B/propedia_4ehn_B_peptide.pdb,propedia
propedia_4ejd_C,/home/igem/unknown_software/datasets/propedia_formatted/propedia_4ejd_C/propedia_4ejd_C_protein_pocket.pdb,/home/igem/unknown_software/datasets/propedia_formatted/propedia_4ejd_C/propedia_4ejd_C_peptide.pdb,propedia
propedia_4ejd_C,/home/igem/unknown_software/datasets/propedia_formatted/propedia_4ejd_C/propedia_4ejd_C_protein_pocket.pdb,/home/igem/unknown_software/datasets/propedia_formatted/propedia_4ejd_C/propedia_4ejd_C_peptide.pdb,propedia
propedia_4ejk_N,/home/igem/unknown_software/datasets/propedia_formatted/propedia_4ejk_N/propedia_4ejk_N_protein_pocket.pdb,/home/igem/unknown_software/datasets/propedia_formatted/propedia_4ejk_N/propedia_4ejk_N_peptide.pdb,propedia
propedia_4ejk_N,/home/igem/unknown_software/datasets/propedia_formatted/propedia_4ejk_N/propedia_4ejk_N_protein_pocket.pdb,/home/igem/unknown_software/datasets/propedia_formatted/propedia_4ejk_N/propedia_4ejk_N_peptide.pdb,propedia
propedia_4eoy_D,/home/igem/unknown_software/datasets/propedia_formatted/propedia_4eoy_D/propedia_4eoy_D_protein_pocket.pdb,/home/igem/unknown_software/datasets/propedia_formatted/propedia_4eoy_D/propedia_4eoy_D_peptide.pdb,propedia
propedia_4ep2_B,/home/igem/unknown_software/datasets/propedia_formatted/propedia_4ep2_B/propedia_4ep2_B_protein_pocket.pdb,/home/igem/unknown_software/datasets/propedia_formatted/propedia_4ep2_B/propedia_4ep2_B_peptide.pdb,propedia
propedia_4ep3_E,/home/igem/unknown_software/datasets/propedia_formatted/propedia_4ep3_E/propedia_4ep3_E_protein_pocket.pdb,/home/igem/unknown_software/datasets/propedia_formatted/propedia_4ep3_E/propedia_4ep3_E_peptide.pdb,propedia
propedia_4epj_D,/home/igem/unknown_software/datasets/propedia_formatted/propedia_4epj_D/propedia_4epj_D_protein_pocket.pdb,/home/igem/unknown_software/datasets/propedia_formatted/propedia_4epj_D/propedia_4epj_D_peptide.pdb,propedia
propedia_4er2_I,/home/igem/unknown_software/datasets/propedia_formatted/propedia_4er2_I/propedia_4er2_I_protein_pocket.pdb,/home/igem/unknown_software/datasets/propedia_formatted/propedia_4er2_I/propedia_4er2_I_peptide.pdb,propedia
propedia_4er4_I,/home/igem/unknown_software/datasets/propedia_formatted/propedia_4er4_I/propedia_4er4_I_protein_pocket.pdb,/home/igem/unknown_software/datasets/propedia_formatted/propedia_4er4_I/propedia_4er4_I_peptide.pdb,propedia
propedia_4est_I,/home/igem/unknown_software/datasets/propedia_formatted/propedia_4est_I/propedia_4est_I_protein_pocket.pdb,/home/igem/unknown_software/datasets/propedia_formatted/propedia_4est_I/propedia_4est_I_peptide.pdb,propedia
propedia_4ezn_C,/home/igem/unknown_software/datasets/propedia_formatted/propedia_4ezn_C/propedia_4ezn_C_protein_pocket.pdb,/home/igem/unknown_software/datasets/propedia_formatted/propedia_4ezn_C/propedia_4ezn_C_peptide.pdb,propedia
propedia_4ezn_C,/home/igem/unknown_software/datasets/propedia_formatted/propedia_4ezn_C/propedia_4ezn_C_protein_pocket.pdb,/home/igem/unknown_software/datasets/propedia_formatted/propedia_4ezn_C/propedia_4ezn_C_peptide.pdb,propedia
propedia_4ezo_C,/home/igem/unknown_software/datasets/propedia_formatted/propedia_4ezo_C/propedia_4ezo_C_protein_pocket.pdb,/home/igem/unknown_software/datasets/propedia_formatted/propedia_4ezo_C/propedia_4ezo_C_peptide.pdb,propedia
propedia_4ezq_B,/home/igem/unknown_software/datasets/propedia_formatted/propedia_4ezq_B/propedia_4ezq_B_protein_pocket.pdb,/home/igem/unknown_software/datasets/propedia_formatted/propedia_4ezq_B/propedia_4ezq_B_peptide.pdb,propedia
propedia_4ezr_B,/home/igem/unknown_software/datasets/propedia_formatted/propedia_4ezr_B/propedia_4ezr_B_protein_pocket.pdb,/home/igem/unknown_software/datasets/propedia_formatted/propedia_4ezr_B/propedia_4ezr_B_peptide.pdb,propedia
propedia_4ezs_B,/home/igem/unknown_software/datasets/propedia_formatted/propedia_4ezs_B/propedia_4ezs_B_protein_pocket.pdb,/home/igem/unknown_software/datasets/propedia_formatted/propedia_4ezs_B/propedia_4ezs_B_peptide.pdb,propedia
propedia_4ezt_B,/home/igem/unknown_software/datasets/propedia_formatted/propedia_4ezt_B/propedia_4ezt_B_protein_pocket.pdb,/home/igem/unknown_software/datasets/propedia_formatted/propedia_4ezt_B/propedia_4ezt_B_peptide.pdb,propedia
propedia_4ezz_B,/home/igem/unknown_software/datasets/propedia_formatted/propedia_4ezz_B/propedia_4ezz_B_protein_pocket.pdb,/home/igem/unknown_software/datasets/propedia_formatted/propedia_4ezz_B/propedia_4ezz_B_peptide.pdb,propedia
propedia_4f20_Q,/home/igem/unknown_software/datasets/propedia_formatted/propedia_4f20_Q/propedia_4f20_Q_protein_pocket.pdb,/home/igem/unknown_software/datasets/propedia_formatted/propedia_4f20_Q/propedia_4f20_Q_peptide.pdb,propedia
propedia_4f4u_C,/home/igem/unknown_software/datasets/propedia_formatted/propedia_4f4u_C/propedia_4f4u_C_protein_pocket.pdb,/home/igem/unknown_software/datasets/propedia_formatted/propedia_4f4u_C/propedia_4f4u_C_peptide.pdb,propedia
propedia_4f56_C,/home/igem/unknown_software/datasets/propedia_formatted/propedia_4f56_C/propedia_4f56_C_protein_pocket.pdb,/home/igem/unknown_software/datasets/propedia_formatted/propedia_4f56_C/propedia_4f56_C_peptide.pdb,propedia
propedia_4f7m_C,/home/igem/unknown_software/datasets/propedia_formatted/propedia_4f7m_C/propedia_4f7m_C_protein_pocket.pdb,/home/igem/unknown_software/datasets/propedia_formatted/propedia_4f7m_C/propedia_4f7m_C_peptide.pdb,propedia
propedia_4f7p_C,/home/igem/unknown_software/datasets/propedia_formatted/propedia_4f7p_C/propedia_4f7p_C_protein_pocket.pdb,/home/igem/unknown_software/datasets/propedia_formatted/propedia_4f7p_C/propedia_4f7p_C_peptide.pdb,propedia
propedia_4f7t_C,/home/igem/unknown_software/datasets/propedia_formatted/propedia_4f7t_C/propedia_4f7t_C_protein_pocket.pdb,/home/igem/unknown_software/datasets/propedia_formatted/propedia_4f7t_C/propedia_4f7t_C_peptide.pdb,propedia
propedia_4fae_D,/home/igem/unknown_software/datasets/propedia_formatted/propedia_4fae_D/propedia_4fae_D_protein_pocket.pdb,/home/igem/unknown_software/datasets/propedia_formatted/propedia_4fae_D/propedia_4fae_D_peptide.pdb,propedia
propedia_4fae_D,/home/igem/unknown_software/datasets/propedia_formatted/propedia_4fae_D/propedia_4fae_D_protein_pocket.pdb,/home/igem/unknown_software/datasets/propedia_formatted/propedia_4fae_D/propedia_4fae_D_peptide.pdb,propedia
propedia_4faf_D,/home/igem/unknown_software/datasets/propedia_formatted/propedia_4faf_D/propedia_4faf_D_protein_pocket.pdb,/home/igem/unknown_software/datasets/propedia_formatted/propedia_4faf_D/propedia_4faf_D_peptide.pdb,propedia
propedia_4faf_D,/home/igem/unknown_software/datasets/propedia_formatted/propedia_4faf_D/propedia_4faf_D_protein_pocket.pdb,/home/igem/unknown_software/datasets/propedia_formatted/propedia_4faf_D/propedia_4faf_D_peptide.pdb,propedia
propedia_4faj_B,/home/igem/unknown_software/datasets/propedia_formatted/propedia_4faj_B/propedia_4faj_B_protein_pocket.pdb,/home/igem/unknown_software/datasets/propedia_formatted/propedia_4faj_B/propedia_4faj_B_peptide.pdb,propedia
propedia_4fgx_B,/home/igem/unknown_software/datasets/propedia_formatted/propedia_4fgx_B/propedia_4fgx_B_protein_pocket.pdb,/home/igem/unknown_software/datasets/propedia_formatted/propedia_4fgx_B/propedia_4fgx_B_peptide.pdb,propedia
propedia_4fl5_P,/home/igem/unknown_software/datasets/propedia_formatted/propedia_4fl5_P/propedia_4fl5_P_protein_pocket.pdb,/home/igem/unknown_software/datasets/propedia_formatted/propedia_4fl5_P/propedia_4fl5_P_peptide.pdb,propedia
propedia_4fl8_C,/home/igem/unknown_software/datasets/propedia_formatted/propedia_4fl8_C/propedia_4fl8_C_protein_pocket.pdb,/home/igem/unknown_software/datasets/propedia_formatted/propedia_4fl8_C/propedia_4fl8_C_peptide.pdb,propedia
propedia_4fl8_C,/home/igem/unknown_software/datasets/propedia_formatted/propedia_4fl8_C/propedia_4fl8_C_protein_pocket.pdb,/home/igem/unknown_software/datasets/propedia_formatted/propedia_4fl8_C/propedia_4fl8_C_peptide.pdb,propedia
propedia_4fm6_C,/home/igem/unknown_software/datasets/propedia_formatted/propedia_4fm6_C/propedia_4fm6_C_protein_pocket.pdb,/home/igem/unknown_software/datasets/propedia_formatted/propedia_4fm6_C/propedia_4fm6_C_peptide.pdb,propedia
propedia_4fm6_C,/home/igem/unknown_software/datasets/propedia_formatted/propedia_4fm6_C/propedia_4fm6_C_protein_pocket.pdb,/home/igem/unknown_software/datasets/propedia_formatted/propedia_4fm6_C/propedia_4fm6_C_peptide.pdb,propedia
propedia_4fr3_P,/home/igem/unknown_software/datasets/propedia_formatted/propedia_4fr3_P/propedia_4fr3_P_protein_pocket.pdb,/home/igem/unknown_software/datasets/propedia_formatted/propedia_4fr3_P/propedia_4fr3_P_peptide.pdb,propedia
propedia_4fvt_B,/home/igem/unknown_software/datasets/propedia_formatted/propedia_4fvt_B/propedia_4fvt_B_protein_pocket.pdb,/home/igem/unknown_software/datasets/propedia_formatted/propedia_4fvt_B/propedia_4fvt_B_peptide.pdb,propedia
propedia_4fz3_B,/home/igem/unknown_software/datasets/propedia_formatted/propedia_4fz3_B/propedia_4fz3_B_protein_pocket.pdb,/home/igem/unknown_software/datasets/propedia_formatted/propedia_4fz3_B/propedia_4fz3_B_peptide.pdb,propedia
propedia_4g1c_D,/home/igem/unknown_software/datasets/propedia_formatted/propedia_4g1c_D/propedia_4g1c_D_protein_pocket.pdb,/home/igem/unknown_software/datasets/propedia_formatted/propedia_4g1c_D/propedia_4g1c_D_peptide.pdb,propedia
propedia_4g1c_D,/home/igem/unknown_software/datasets/propedia_formatted/propedia_4g1c_D/propedia_4g1c_D_protein_pocket.pdb,/home/igem/unknown_software/datasets/propedia_formatted/propedia_4g1c_D/propedia_4g1c_D_peptide.pdb,propedia
propedia_4g42_C,/home/igem/unknown_software/datasets/propedia_formatted/propedia_4g42_C/propedia_4g42_C_protein_pocket.pdb,/home/igem/unknown_software/datasets/propedia_formatted/propedia_4g42_C/propedia_4g42_C_peptide.pdb,propedia
propedia_4g6a_A,/home/igem/unknown_software/datasets/propedia_formatted/propedia_4g6a_A/propedia_4g6a_A_protein_pocket.pdb,/home/igem/unknown_software/datasets/propedia_formatted/propedia_4g6a_A/propedia_4g6a_A_peptide.pdb,propedia
propedia_4g6a_A,/home/igem/unknown_software/datasets/propedia_formatted/propedia_4g6a_A/propedia_4g6a_A_protein_pocket.pdb,/home/igem/unknown_software/datasets/propedia_formatted/propedia_4g6a_A/propedia_4g6a_A_peptide.pdb,propedia
propedia_4g6a_A,/home/igem/unknown_software/datasets/propedia_formatted/propedia_4g6a_A/propedia_4g6a_A_protein_pocket.pdb,/home/igem/unknown_software/datasets/propedia_formatted/propedia_4g6a_A/propedia_4g6a_A_peptide.pdb,propedia
propedia_4g8g_C,/home/igem/unknown_software/datasets/propedia_formatted/propedia_4g8g_C/propedia_4g8g_C_protein_pocket.pdb,/home/igem/unknown_software/datasets/propedia_formatted/propedia_4g8g_C/propedia_4g8g_C_peptide.pdb,propedia
propedia_4g8g_C,/home/igem/unknown_software/datasets/propedia_formatted/propedia_4g8g_C/propedia_4g8g_C_protein_pocket.pdb,/home/igem/unknown_software/datasets/propedia_formatted/propedia_4g8g_C/propedia_4g8g_C_peptide.pdb,propedia
propedia_4g8g_C,/home/igem/unknown_software/datasets/propedia_formatted/propedia_4g8g_C/propedia_4g8g_C_protein_pocket.pdb,/home/igem/unknown_software/datasets/propedia_formatted/propedia_4g8g_C/propedia_4g8g_C_peptide.pdb,propedia
propedia_4g9f_C,/home/igem/unknown_software/datasets/propedia_formatted/propedia_4g9f_C/propedia_4g9f_C_protein_pocket.pdb,/home/igem/unknown_software/datasets/propedia_formatted/propedia_4g9f_C/propedia_4g9f_C_peptide.pdb,propedia
propedia_4g9f_C,/home/igem/unknown_software/datasets/propedia_formatted/propedia_4g9f_C/propedia_4g9f_C_protein_pocket.pdb,/home/igem/unknown_software/datasets/propedia_formatted/propedia_4g9f_C/propedia_4g9f_C_peptide.pdb,propedia
propedia_4g9f_C,/home/igem/unknown_software/datasets/propedia_formatted/propedia_4g9f_C/propedia_4g9f_C_protein_pocket.pdb,/home/igem/unknown_software/datasets/propedia_formatted/propedia_4g9f_C/propedia_4g9f_C_peptide.pdb,propedia
propedia_4gag_P,/home/igem/unknown_software/datasets/propedia_formatted/propedia_4gag_P/propedia_4gag_P_protein_pocket.pdb,/home/igem/unknown_software/datasets/propedia_formatted/propedia_4gag_P/propedia_4gag_P_peptide.pdb,propedia
propedia_4gag_P,/home/igem/unknown_software/datasets/propedia_formatted/propedia_4gag_P/propedia_4gag_P_protein_pocket.pdb,/home/igem/unknown_software/datasets/propedia_formatted/propedia_4gag_P/propedia_4gag_P_peptide.pdb,propedia
propedia_4gba_F,/home/igem/unknown_software/datasets/propedia_formatted/propedia_4gba_F/propedia_4gba_F_protein_pocket.pdb,/home/igem/unknown_software/datasets/propedia_formatted/propedia_4gba_F/propedia_4gba_F_peptide.pdb,propedia
propedia_4gch_E,/home/igem/unknown_software/datasets/propedia_formatted/propedia_4gch_E/propedia_4gch_E_protein_pocket.pdb,/home/igem/unknown_software/datasets/propedia_formatted/propedia_4gch_E/propedia_4gch_E_peptide.pdb,propedia
propedia_4gch_E,/home/igem/unknown_software/datasets/propedia_formatted/propedia_4gch_E/propedia_4gch_E_protein_pocket.pdb,/home/igem/unknown_software/datasets/propedia_formatted/propedia_4gch_E/propedia_4gch_E_peptide.pdb,propedia
propedia_4gfu_F,/home/igem/unknown_software/datasets/propedia_formatted/propedia_4gfu_F/propedia_4gfu_F_protein_pocket.pdb,/home/igem/unknown_software/datasets/propedia_formatted/propedia_4gfu_F/propedia_4gfu_F_peptide.pdb,propedia
propedia_4gfv_E,/home/igem/unknown_software/datasets/propedia_formatted/propedia_4gfv_E/propedia_4gfv_E_protein_pocket.pdb,/home/igem/unknown_software/datasets/propedia_formatted/propedia_4gfv_E/propedia_4gfv_E_peptide.pdb,propedia
propedia_4ggd_C,/home/igem/unknown_software/datasets/propedia_formatted/propedia_4ggd_C/propedia_4ggd_C_protein_pocket.pdb,/home/igem/unknown_software/datasets/propedia_formatted/propedia_4ggd_C/propedia_4ggd_C_peptide.pdb,propedia
propedia_4gkv_P,/home/igem/unknown_software/datasets/propedia_formatted/propedia_4gkv_P/propedia_4gkv_P_protein_pocket.pdb,/home/igem/unknown_software/datasets/propedia_formatted/propedia_4gkv_P/propedia_4gkv_P_peptide.pdb,propedia
propedia_4gkv_P,/home/igem/unknown_software/datasets/propedia_formatted/propedia_4gkv_P/propedia_4gkv_P_protein_pocket.pdb,/home/igem/unknown_software/datasets/propedia_formatted/propedia_4gkv_P/propedia_4gkv_P_peptide.pdb,propedia
propedia_4glr_A,/home/igem/unknown_software/datasets/propedia_formatted/propedia_4glr_A/propedia_4glr_A_protein_pocket.pdb,/home/igem/unknown_software/datasets/propedia_formatted/propedia_4glr_A/propedia_4glr_A_peptide.pdb,propedia
propedia_4glr_A,/home/igem/unknown_software/datasets/propedia_formatted/propedia_4glr_A/propedia_4glr_A_protein_pocket.pdb,/home/igem/unknown_software/datasets/propedia_formatted/propedia_4glr_A/propedia_4glr_A_peptide.pdb,propedia
propedia_4gm9_E,/home/igem/unknown_software/datasets/propedia_formatted/propedia_4gm9_E/propedia_4gm9_E_protein_pocket.pdb,/home/igem/unknown_software/datasets/propedia_formatted/propedia_4gm9_E/propedia_4gm9_E_peptide.pdb,propedia
propedia_4gng_B,/home/igem/unknown_software/datasets/propedia_formatted/propedia_4gng_B/propedia_4gng_B_protein_pocket.pdb,/home/igem/unknown_software/datasets/propedia_formatted/propedia_4gng_B/propedia_4gng_B_peptide.pdb,propedia
propedia_4gq6_B,/home/igem/unknown_software/datasets/propedia_formatted/propedia_4gq6_B/propedia_4gq6_B_protein_pocket.pdb,/home/igem/unknown_software/datasets/propedia_formatted/propedia_4gq6_B/propedia_4gq6_B_peptide.pdb,propedia
propedia_4gqb_C,/home/igem/unknown_software/datasets/propedia_formatted/propedia_4gqb_C/propedia_4gqb_C_protein_pocket.pdb,/home/igem/unknown_software/datasets/propedia_formatted/propedia_4gqb_C/propedia_4gqb_C_peptide.pdb,propedia
propedia_4gus_B,/home/igem/unknown_software/datasets/propedia_formatted/propedia_4gus_B/propedia_4gus_B_protein_pocket.pdb,/home/igem/unknown_software/datasets/propedia_formatted/propedia_4gus_B/propedia_4gus_B_peptide.pdb,propedia
propedia_4gvc_B,/home/igem/unknown_software/datasets/propedia_formatted/propedia_4gvc_B/propedia_4gvc_B_protein_pocket.pdb,/home/igem/unknown_software/datasets/propedia_formatted/propedia_4gvc_B/propedia_4gvc_B_peptide.pdb,propedia
propedia_4gvd_C,/home/igem/unknown_software/datasets/propedia_formatted/propedia_4gvd_C/propedia_4gvd_C_protein_pocket.pdb,/home/igem/unknown_software/datasets/propedia_formatted/propedia_4gvd_C/propedia_4gvd_C_peptide.pdb,propedia
propedia_4gvd_C,/home/igem/unknown_software/datasets/propedia_formatted/propedia_4gvd_C/propedia_4gvd_C_protein_pocket.pdb,/home/igem/unknown_software/datasets/propedia_formatted/propedia_4gvd_C/propedia_4gvd_C_peptide.pdb,propedia
propedia_4gvu_B,/home/igem/unknown_software/datasets/propedia_formatted/propedia_4gvu_B/propedia_4gvu_B_protein_pocket.pdb,/home/igem/unknown_software/datasets/propedia_formatted/propedia_4gvu_B/propedia_4gvu_B_peptide.pdb,propedia
propedia_4gw1_E,/home/igem/unknown_software/datasets/propedia_formatted/propedia_4gw1_E/propedia_4gw1_E_protein_pocket.pdb,/home/igem/unknown_software/datasets/propedia_formatted/propedia_4gw1_E/propedia_4gw1_E_peptide.pdb,propedia
propedia_4gw1_E,/home/igem/unknown_software/datasets/propedia_formatted/propedia_4gw1_E/propedia_4gw1_E_protein_pocket.pdb,/home/igem/unknown_software/datasets/propedia_formatted/propedia_4gw1_E/propedia_4gw1_E_peptide.pdb,propedia
propedia_4gw5_E,/home/igem/unknown_software/datasets/propedia_formatted/propedia_4gw5_E/propedia_4gw5_E_protein_pocket.pdb,/home/igem/unknown_software/datasets/propedia_formatted/propedia_4gw5_E/propedia_4gw5_E_peptide.pdb,propedia
propedia_4gw5_E,/home/igem/unknown_software/datasets/propedia_formatted/propedia_4gw5_E/propedia_4gw5_E_protein_pocket.pdb,/home/igem/unknown_software/datasets/propedia_formatted/propedia_4gw5_E/propedia_4gw5_E_peptide.pdb,propedia
propedia_4gxl_B,/home/igem/unknown_software/datasets/propedia_formatted/propedia_4gxl_B/propedia_4gxl_B_protein_pocket.pdb,/home/igem/unknown_software/datasets/propedia_formatted/propedia_4gxl_B/propedia_4gxl_B_peptide.pdb,propedia
propedia_4gye_C,/home/igem/unknown_software/datasets/propedia_formatted/propedia_4gye_C/propedia_4gye_C_protein_pocket.pdb,/home/igem/unknown_software/datasets/propedia_formatted/propedia_4gye_C/propedia_4gye_C_peptide.pdb,propedia
propedia_4gye_C,/home/igem/unknown_software/datasets/propedia_formatted/propedia_4gye_C/propedia_4gye_C_protein_pocket.pdb,/home/igem/unknown_software/datasets/propedia_formatted/propedia_4gye_C/propedia_4gye_C_peptide.pdb,propedia
propedia_4gyo_C,/home/igem/unknown_software/datasets/propedia_formatted/propedia_4gyo_C/propedia_4gyo_C_protein_pocket.pdb,/home/igem/unknown_software/datasets/propedia_formatted/propedia_4gyo_C/propedia_4gyo_C_peptide.pdb,propedia
propedia_4gzf_C,/home/igem/unknown_software/datasets/propedia_formatted/propedia_4gzf_C/propedia_4gzf_C_protein_pocket.pdb,/home/igem/unknown_software/datasets/propedia_formatted/propedia_4gzf_C/propedia_4gzf_C_peptide.pdb,propedia
propedia_4gzf_C,/home/igem/unknown_software/datasets/propedia_formatted/propedia_4gzf_C/propedia_4gzf_C_protein_pocket.pdb,/home/igem/unknown_software/datasets/propedia_formatted/propedia_4gzf_C/propedia_4gzf_C_peptide.pdb,propedia
propedia_4h0h_D,/home/igem/unknown_software/datasets/propedia_formatted/propedia_4h0h_D/propedia_4h0h_D_protein_pocket.pdb,/home/igem/unknown_software/datasets/propedia_formatted/propedia_4h0h_D/propedia_4h0h_D_peptide.pdb,propedia
propedia_4h26_C,/home/igem/unknown_software/datasets/propedia_formatted/propedia_4h26_C/propedia_4h26_C_protein_pocket.pdb,/home/igem/unknown_software/datasets/propedia_formatted/propedia_4h26_C/propedia_4h26_C_peptide.pdb,propedia
propedia_4h26_C,/home/igem/unknown_software/datasets/propedia_formatted/propedia_4h26_C/propedia_4h26_C_protein_pocket.pdb,/home/igem/unknown_software/datasets/propedia_formatted/propedia_4h26_C/propedia_4h26_C_peptide.pdb,propedia
propedia_4h3b_B,/home/igem/unknown_software/datasets/propedia_formatted/propedia_4h3b_B/propedia_4h3b_B_protein_pocket.pdb,/home/igem/unknown_software/datasets/propedia_formatted/propedia_4h3b_B/propedia_4h3b_B_peptide.pdb,propedia
propedia_4h3h_F,/home/igem/unknown_software/datasets/propedia_formatted/propedia_4h3h_F/propedia_4h3h_F_protein_pocket.pdb,/home/igem/unknown_software/datasets/propedia_formatted/propedia_4h3h_F/propedia_4h3h_F_peptide.pdb,propedia
propedia_4h3k_F,/home/igem/unknown_software/datasets/propedia_formatted/propedia_4h3k_F/propedia_4h3k_F_protein_pocket.pdb,/home/igem/unknown_software/datasets/propedia_formatted/propedia_4h3k_F/propedia_4h3k_F_peptide.pdb,propedia
propedia_4h3q_B,/home/igem/unknown_software/datasets/propedia_formatted/propedia_4h3q_B/propedia_4h3q_B_protein_pocket.pdb,/home/igem/unknown_software/datasets/propedia_formatted/propedia_4h3q_B/propedia_4h3q_B_peptide.pdb,propedia
propedia_4h4f_Q,/home/igem/unknown_software/datasets/propedia_formatted/propedia_4h4f_Q/propedia_4h4f_Q_protein_pocket.pdb,/home/igem/unknown_software/datasets/propedia_formatted/propedia_4h4f_Q/propedia_4h4f_Q_peptide.pdb,propedia
propedia_4h75_B,/home/igem/unknown_software/datasets/propedia_formatted/propedia_4h75_B/propedia_4h75_B_protein_pocket.pdb,/home/igem/unknown_software/datasets/propedia_formatted/propedia_4h75_B/propedia_4h75_B_peptide.pdb,propedia
propedia_4hgc_I,/home/igem/unknown_software/datasets/propedia_formatted/propedia_4hgc_I/propedia_4hgc_I_protein_pocket.pdb,/home/igem/unknown_software/datasets/propedia_formatted/propedia_4hgc_I/propedia_4hgc_I_peptide.pdb,propedia
propedia_4hha_P,/home/igem/unknown_software/datasets/propedia_formatted/propedia_4hha_P/propedia_4hha_P_protein_pocket.pdb,/home/igem/unknown_software/datasets/propedia_formatted/propedia_4hha_P/propedia_4hha_P_peptide.pdb,propedia
propedia_4hha_P,/home/igem/unknown_software/datasets/propedia_formatted/propedia_4hha_P/propedia_4hha_P_protein_pocket.pdb,/home/igem/unknown_software/datasets/propedia_formatted/propedia_4hha_P/propedia_4hha_P_peptide.pdb,propedia
propedia_4hix_A,/home/igem/unknown_software/datasets/propedia_formatted/propedia_4hix_A/propedia_4hix_A_protein_pocket.pdb,/home/igem/unknown_software/datasets/propedia_formatted/propedia_4hix_A/propedia_4hix_A_peptide.pdb,propedia
propedia_4hix_A,/home/igem/unknown_software/datasets/propedia_formatted/propedia_4hix_A/propedia_4hix_A_protein_pocket.pdb,/home/igem/unknown_software/datasets/propedia_formatted/propedia_4hix_A/propedia_4hix_A_peptide.pdb,propedia
propedia_4hkc_B,/home/igem/unknown_software/datasets/propedia_formatted/propedia_4hkc_B/propedia_4hkc_B_protein_pocket.pdb,/home/igem/unknown_software/datasets/propedia_formatted/propedia_4hkc_B/propedia_4hkc_B_peptide.pdb,propedia
propedia_4hon_F,/home/igem/unknown_software/datasets/propedia_formatted/propedia_4hon_F/propedia_4hon_F_protein_pocket.pdb,/home/igem/unknown_software/datasets/propedia_formatted/propedia_4hon_F/propedia_4hon_F_peptide.pdb,propedia
propedia_4hpy_P,/home/igem/unknown_software/datasets/propedia_formatted/propedia_4hpy_P/propedia_4hpy_P_protein_pocket.pdb,/home/igem/unknown_software/datasets/propedia_formatted/propedia_4hpy_P/propedia_4hpy_P_peptide.pdb,propedia
propedia_4hpy_P,/home/igem/unknown_software/datasets/propedia_formatted/propedia_4hpy_P/propedia_4hpy_P_protein_pocket.pdb,/home/igem/unknown_software/datasets/propedia_formatted/propedia_4hpy_P/propedia_4hpy_P_peptide.pdb,propedia
propedia_4hrg_C,/home/igem/unknown_software/datasets/propedia_formatted/propedia_4hrg_C/propedia_4hrg_C_protein_pocket.pdb,/home/igem/unknown_software/datasets/propedia_formatted/propedia_4hrg_C/propedia_4hrg_C_peptide.pdb,propedia
propedia_4hrg_C,/home/igem/unknown_software/datasets/propedia_formatted/propedia_4hrg_C/propedia_4hrg_C_protein_pocket.pdb,/home/igem/unknown_software/datasets/propedia_formatted/propedia_4hrg_C/propedia_4hrg_C_peptide.pdb,propedia
propedia_4hs6_Y,/home/igem/unknown_software/datasets/propedia_formatted/propedia_4hs6_Y/propedia_4hs6_Y_protein_pocket.pdb,/home/igem/unknown_software/datasets/propedia_formatted/propedia_4hs6_Y/propedia_4hs6_Y_peptide.pdb,propedia
propedia_4hs6_Y,/home/igem/unknown_software/datasets/propedia_formatted/propedia_4hs6_Y/propedia_4hs6_Y_protein_pocket.pdb,/home/igem/unknown_software/datasets/propedia_formatted/propedia_4hs6_Y/propedia_4hs6_Y_peptide.pdb,propedia
propedia_4ht6_B,/home/igem/unknown_software/datasets/propedia_formatted/propedia_4ht6_B/propedia_4ht6_B_protein_pocket.pdb,/home/igem/unknown_software/datasets/propedia_formatted/propedia_4ht6_B/propedia_4ht6_B_peptide.pdb,propedia
propedia_4ht6_B,/home/igem/unknown_software/datasets/propedia_formatted/propedia_4ht6_B/propedia_4ht6_B_protein_pocket.pdb,/home/igem/unknown_software/datasets/propedia_formatted/propedia_4ht6_B/propedia_4ht6_B_peptide.pdb,propedia
propedia_4ht6_B,/home/igem/unknown_software/datasets/propedia_formatted/propedia_4ht6_B/propedia_4ht6_B_protein_pocket.pdb,/home/igem/unknown_software/datasets/propedia_formatted/propedia_4ht6_B/propedia_4ht6_B_peptide.pdb,propedia
propedia_4hva_C,/home/igem/unknown_software/datasets/propedia_formatted/propedia_4hva_C/propedia_4hva_C_protein_pocket.pdb,/home/igem/unknown_software/datasets/propedia_formatted/propedia_4hva_C/propedia_4hva_C_peptide.pdb,propedia
propedia_4hvw_B,/home/igem/unknown_software/datasets/propedia_formatted/propedia_4hvw_B/propedia_4hvw_B_protein_pocket.pdb,/home/igem/unknown_software/datasets/propedia_formatted/propedia_4hvw_B/propedia_4hvw_B_peptide.pdb,propedia
propedia_4hx1_C,/home/igem/unknown_software/datasets/propedia_formatted/propedia_4hx1_C/propedia_4hx1_C_protein_pocket.pdb,/home/igem/unknown_software/datasets/propedia_formatted/propedia_4hx1_C/propedia_4hx1_C_peptide.pdb,propedia
propedia_4hy2_D,/home/igem/unknown_software/datasets/propedia_formatted/propedia_4hy2_D/propedia_4hy2_D_protein_pocket.pdb,/home/igem/unknown_software/datasets/propedia_formatted/propedia_4hy2_D/propedia_4hy2_D_peptide.pdb,propedia
propedia_4hy7_B,/home/igem/unknown_software/datasets/propedia_formatted/propedia_4hy7_B/propedia_4hy7_B_protein_pocket.pdb,/home/igem/unknown_software/datasets/propedia_formatted/propedia_4hy7_B/propedia_4hy7_B_peptide.pdb,propedia
propedia_4hy9_C,/home/igem/unknown_software/datasets/propedia_formatted/propedia_4hy9_C/propedia_4hy9_C_protein_pocket.pdb,/home/igem/unknown_software/datasets/propedia_formatted/propedia_4hy9_C/propedia_4hy9_C_peptide.pdb,propedia
propedia_4hy9_C,/home/igem/unknown_software/datasets/propedia_formatted/propedia_4hy9_C/propedia_4hy9_C_protein_pocket.pdb,/home/igem/unknown_software/datasets/propedia_formatted/propedia_4hy9_C/propedia_4hy9_C_peptide.pdb,propedia
propedia_4hyb_C,/home/igem/unknown_software/datasets/propedia_formatted/propedia_4hyb_C/propedia_4hyb_C_protein_pocket.pdb,/home/igem/unknown_software/datasets/propedia_formatted/propedia_4hyb_C/propedia_4hyb_C_peptide.pdb,propedia
propedia_4hyb_C,/home/igem/unknown_software/datasets/propedia_formatted/propedia_4hyb_C/propedia_4hyb_C_protein_pocket.pdb,/home/igem/unknown_software/datasets/propedia_formatted/propedia_4hyb_C/propedia_4hyb_C_peptide.pdb,propedia
propedia_4i1p_B,/home/igem/unknown_software/datasets/propedia_formatted/propedia_4i1p_B/propedia_4i1p_B_protein_pocket.pdb,/home/igem/unknown_software/datasets/propedia_formatted/propedia_4i1p_B/propedia_4i1p_B_peptide.pdb,propedia
propedia_4i51_C,/home/igem/unknown_software/datasets/propedia_formatted/propedia_4i51_C/propedia_4i51_C_protein_pocket.pdb,/home/igem/unknown_software/datasets/propedia_formatted/propedia_4i51_C/propedia_4i51_C_peptide.pdb,propedia
propedia_4i5b_C,/home/igem/unknown_software/datasets/propedia_formatted/propedia_4i5b_C/propedia_4i5b_C_protein_pocket.pdb,/home/igem/unknown_software/datasets/propedia_formatted/propedia_4i5b_C/propedia_4i5b_C_peptide.pdb,propedia
propedia_4i5b_C,/home/igem/unknown_software/datasets/propedia_formatted/propedia_4i5b_C/propedia_4i5b_C_protein_pocket.pdb,/home/igem/unknown_software/datasets/propedia_formatted/propedia_4i5b_C/propedia_4i5b_C_peptide.pdb,propedia
propedia_4i5l_G,/home/igem/unknown_software/datasets/propedia_formatted/propedia_4i5l_G/propedia_4i5l_G_protein_pocket.pdb,/home/igem/unknown_software/datasets/propedia_formatted/propedia_4i5l_G/propedia_4i5l_G_peptide.pdb,propedia
propedia_4icz_F,/home/igem/unknown_software/datasets/propedia_formatted/propedia_4icz_F/propedia_4icz_F_protein_pocket.pdb,/home/igem/unknown_software/datasets/propedia_formatted/propedia_4icz_F/propedia_4icz_F_peptide.pdb,propedia
propedia_4iea_P,/home/igem/unknown_software/datasets/propedia_formatted/propedia_4iea_P/propedia_4iea_P_protein_pocket.pdb,/home/igem/unknown_software/datasets/propedia_formatted/propedia_4iea_P/propedia_4iea_P_peptide.pdb,propedia
propedia_4ifi_B,/home/igem/unknown_software/datasets/propedia_formatted/propedia_4ifi_B/propedia_4ifi_B_protein_pocket.pdb,/home/igem/unknown_software/datasets/propedia_formatted/propedia_4ifi_B/propedia_4ifi_B_peptide.pdb,propedia
propedia_4igk_C,/home/igem/unknown_software/datasets/propedia_formatted/propedia_4igk_C/propedia_4igk_C_protein_pocket.pdb,/home/igem/unknown_software/datasets/propedia_formatted/propedia_4igk_C/propedia_4igk_C_peptide.pdb,propedia
propedia_4ihh_H,/home/igem/unknown_software/datasets/propedia_formatted/propedia_4ihh_H/propedia_4ihh_H_protein_pocket.pdb,/home/igem/unknown_software/datasets/propedia_formatted/propedia_4ihh_H/propedia_4ihh_H_peptide.pdb,propedia
propedia_4ihh_H,/home/igem/unknown_software/datasets/propedia_formatted/propedia_4ihh_H/propedia_4ihh_H_protein_pocket.pdb,/home/igem/unknown_software/datasets/propedia_formatted/propedia_4ihh_H/propedia_4ihh_H_peptide.pdb,propedia
propedia_4ihh_H,/home/igem/unknown_software/datasets/propedia_formatted/propedia_4ihh_H/propedia_4ihh_H_protein_pocket.pdb,/home/igem/unknown_software/datasets/propedia_formatted/propedia_4ihh_H/propedia_4ihh_H_peptide.pdb,propedia
propedia_4ii9_B,/home/igem/unknown_software/datasets/propedia_formatted/propedia_4ii9_B/propedia_4ii9_B_protein_pocket.pdb,/home/igem/unknown_software/datasets/propedia_formatted/propedia_4ii9_B/propedia_4ii9_B_peptide.pdb,propedia
propedia_4ikn_B,/home/igem/unknown_software/datasets/propedia_formatted/propedia_4ikn_B/propedia_4ikn_B_protein_pocket.pdb,/home/igem/unknown_software/datasets/propedia_formatted/propedia_4ikn_B/propedia_4ikn_B_peptide.pdb,propedia
propedia_4imi_F,/home/igem/unknown_software/datasets/propedia_formatted/propedia_4imi_F/propedia_4imi_F_protein_pocket.pdb,/home/igem/unknown_software/datasets/propedia_formatted/propedia_4imi_F/propedia_4imi_F_peptide.pdb,propedia
propedia_4ioi_C,/home/igem/unknown_software/datasets/propedia_formatted/propedia_4ioi_C/propedia_4ioi_C_protein_pocket.pdb,/home/igem/unknown_software/datasets/propedia_formatted/propedia_4ioi_C/propedia_4ioi_C_peptide.pdb,propedia
propedia_4ioi_C,/home/igem/unknown_software/datasets/propedia_formatted/propedia_4ioi_C/propedia_4ioi_C_protein_pocket.pdb,/home/igem/unknown_software/datasets/propedia_formatted/propedia_4ioi_C/propedia_4ioi_C_peptide.pdb,propedia
propedia_4ioi_C,/home/igem/unknown_software/datasets/propedia_formatted/propedia_4ioi_C/propedia_4ioi_C_protein_pocket.pdb,/home/igem/unknown_software/datasets/propedia_formatted/propedia_4ioi_C/propedia_4ioi_C_peptide.pdb,propedia
propedia_4ipz_B,/home/igem/unknown_software/datasets/propedia_formatted/propedia_4ipz_B/propedia_4ipz_B_protein_pocket.pdb,/home/igem/unknown_software/datasets/propedia_formatted/propedia_4ipz_B/propedia_4ipz_B_peptide.pdb,propedia
propedia_4itz_C,/home/igem/unknown_software/datasets/propedia_formatted/propedia_4itz_C/propedia_4itz_C_protein_pocket.pdb,/home/igem/unknown_software/datasets/propedia_formatted/propedia_4itz_C/propedia_4itz_C_peptide.pdb,propedia
propedia_4itz_C,/home/igem/unknown_software/datasets/propedia_formatted/propedia_4itz_C/propedia_4itz_C_protein_pocket.pdb,/home/igem/unknown_software/datasets/propedia_formatted/propedia_4itz_C/propedia_4itz_C_peptide.pdb,propedia
propedia_4iur_C,/home/igem/unknown_software/datasets/propedia_formatted/propedia_4iur_C/propedia_4iur_C_protein_pocket.pdb,/home/igem/unknown_software/datasets/propedia_formatted/propedia_4iur_C/propedia_4iur_C_peptide.pdb,propedia
propedia_4j09_B,/home/igem/unknown_software/datasets/propedia_formatted/propedia_4j09_B/propedia_4j09_B_protein_pocket.pdb,/home/igem/unknown_software/datasets/propedia_formatted/propedia_4j09_B/propedia_4j09_B_peptide.pdb,propedia
propedia_4j1v_E,/home/igem/unknown_software/datasets/propedia_formatted/propedia_4j1v_E/propedia_4j1v_E_protein_pocket.pdb,/home/igem/unknown_software/datasets/propedia_formatted/propedia_4j1v_E/propedia_4j1v_E_peptide.pdb,propedia
propedia_4j2c_B,/home/igem/unknown_software/datasets/propedia_formatted/propedia_4j2c_B/propedia_4j2c_B_protein_pocket.pdb,/home/igem/unknown_software/datasets/propedia_formatted/propedia_4j2c_B/propedia_4j2c_B_peptide.pdb,propedia
propedia_4j2c_B,/home/igem/unknown_software/datasets/propedia_formatted/propedia_4j2c_B/propedia_4j2c_B_protein_pocket.pdb,/home/igem/unknown_software/datasets/propedia_formatted/propedia_4j2c_B/propedia_4j2c_B_peptide.pdb,propedia
propedia_4j73_B,/home/igem/unknown_software/datasets/propedia_formatted/propedia_4j73_B/propedia_4j73_B_protein_pocket.pdb,/home/igem/unknown_software/datasets/propedia_formatted/propedia_4j73_B/propedia_4j73_B_peptide.pdb,propedia
propedia_4j77_C,/home/igem/unknown_software/datasets/propedia_formatted/propedia_4j77_C/propedia_4j77_C_protein_pocket.pdb,/home/igem/unknown_software/datasets/propedia_formatted/propedia_4j77_C/propedia_4j77_C_peptide.pdb,propedia
propedia_4j78_B,/home/igem/unknown_software/datasets/propedia_formatted/propedia_4j78_B/propedia_4j78_B_protein_pocket.pdb,/home/igem/unknown_software/datasets/propedia_formatted/propedia_4j78_B/propedia_4j78_B_peptide.pdb,propedia
propedia_4j79_B,/home/igem/unknown_software/datasets/propedia_formatted/propedia_4j79_B/propedia_4j79_B_protein_pocket.pdb,/home/igem/unknown_software/datasets/propedia_formatted/propedia_4j79_B/propedia_4j79_B_peptide.pdb,propedia
propedia_4j81_C,/home/igem/unknown_software/datasets/propedia_formatted/propedia_4j81_C/propedia_4j81_C_protein_pocket.pdb,/home/igem/unknown_software/datasets/propedia_formatted/propedia_4j81_C/propedia_4j81_C_peptide.pdb,propedia
propedia_4j82_C,/home/igem/unknown_software/datasets/propedia_formatted/propedia_4j82_C/propedia_4j82_C_protein_pocket.pdb,/home/igem/unknown_software/datasets/propedia_formatted/propedia_4j82_C/propedia_4j82_C_peptide.pdb,propedia
propedia_4j84_C,/home/igem/unknown_software/datasets/propedia_formatted/propedia_4j84_C/propedia_4j84_C_protein_pocket.pdb,/home/igem/unknown_software/datasets/propedia_formatted/propedia_4j84_C/propedia_4j84_C_peptide.pdb,propedia
propedia_4j86_C,/home/igem/unknown_software/datasets/propedia_formatted/propedia_4j86_C/propedia_4j86_C_protein_pocket.pdb,/home/igem/unknown_software/datasets/propedia_formatted/propedia_4j86_C/propedia_4j86_C_peptide.pdb,propedia
propedia_4j86_C,/home/igem/unknown_software/datasets/propedia_formatted/propedia_4j86_C/propedia_4j86_C_protein_pocket.pdb,/home/igem/unknown_software/datasets/propedia_formatted/propedia_4j86_C/propedia_4j86_C_peptide.pdb,propedia
propedia_4j8g_C,/home/igem/unknown_software/datasets/propedia_formatted/propedia_4j8g_C/propedia_4j8g_C_protein_pocket.pdb,/home/igem/unknown_software/datasets/propedia_formatted/propedia_4j8g_C/propedia_4j8g_C_peptide.pdb,propedia
propedia_4j8r_I,/home/igem/unknown_software/datasets/propedia_formatted/propedia_4j8r_I/propedia_4j8r_I_protein_pocket.pdb,/home/igem/unknown_software/datasets/propedia_formatted/propedia_4j8r_I/propedia_4j8r_I_peptide.pdb,propedia
propedia_4j8r_I,/home/igem/unknown_software/datasets/propedia_formatted/propedia_4j8r_I/propedia_4j8r_I_protein_pocket.pdb,/home/igem/unknown_software/datasets/propedia_formatted/propedia_4j8r_I/propedia_4j8r_I_peptide.pdb,propedia
propedia_4jfd_C,/home/igem/unknown_software/datasets/propedia_formatted/propedia_4jfd_C/propedia_4jfd_C_protein_pocket.pdb,/home/igem/unknown_software/datasets/propedia_formatted/propedia_4jfd_C/propedia_4jfd_C_peptide.pdb,propedia
propedia_4jfd_C,/home/igem/unknown_software/datasets/propedia_formatted/propedia_4jfd_C/propedia_4jfd_C_protein_pocket.pdb,/home/igem/unknown_software/datasets/propedia_formatted/propedia_4jfd_C/propedia_4jfd_C_peptide.pdb,propedia
propedia_4jfd_C,/home/igem/unknown_software/datasets/propedia_formatted/propedia_4jfd_C/propedia_4jfd_C_protein_pocket.pdb,/home/igem/unknown_software/datasets/propedia_formatted/propedia_4jfd_C/propedia_4jfd_C_peptide.pdb,propedia
propedia_4jff_C,/home/igem/unknown_software/datasets/propedia_formatted/propedia_4jff_C/propedia_4jff_C_protein_pocket.pdb,/home/igem/unknown_software/datasets/propedia_formatted/propedia_4jff_C/propedia_4jff_C_peptide.pdb,propedia
propedia_4jff_C,/home/igem/unknown_software/datasets/propedia_formatted/propedia_4jff_C/propedia_4jff_C_protein_pocket.pdb,/home/igem/unknown_software/datasets/propedia_formatted/propedia_4jff_C/propedia_4jff_C_peptide.pdb,propedia
propedia_4jff_C,/home/igem/unknown_software/datasets/propedia_formatted/propedia_4jff_C/propedia_4jff_C_protein_pocket.pdb,/home/igem/unknown_software/datasets/propedia_formatted/propedia_4jff_C/propedia_4jff_C_peptide.pdb,propedia
propedia_4jfx_P,/home/igem/unknown_software/datasets/propedia_formatted/propedia_4jfx_P/propedia_4jfx_P_protein_pocket.pdb,/home/igem/unknown_software/datasets/propedia_formatted/propedia_4jfx_P/propedia_4jfx_P_peptide.pdb,propedia
propedia_4jfx_P,/home/igem/unknown_software/datasets/propedia_formatted/propedia_4jfx_P/propedia_4jfx_P_protein_pocket.pdb,/home/igem/unknown_software/datasets/propedia_formatted/propedia_4jfx_P/propedia_4jfx_P_peptide.pdb,propedia
propedia_4jfz_P,/home/igem/unknown_software/datasets/propedia_formatted/propedia_4jfz_P/propedia_4jfz_P_protein_pocket.pdb,/home/igem/unknown_software/datasets/propedia_formatted/propedia_4jfz_P/propedia_4jfz_P_peptide.pdb,propedia
propedia_4jfz_P,/home/igem/unknown_software/datasets/propedia_formatted/propedia_4jfz_P/propedia_4jfz_P_protein_pocket.pdb,/home/igem/unknown_software/datasets/propedia_formatted/propedia_4jfz_P/propedia_4jfz_P_peptide.pdb,propedia
propedia_4jg0_P,/home/igem/unknown_software/datasets/propedia_formatted/propedia_4jg0_P/propedia_4jg0_P_protein_pocket.pdb,/home/igem/unknown_software/datasets/propedia_formatted/propedia_4jg0_P/propedia_4jg0_P_peptide.pdb,propedia
propedia_4jg0_P,/home/igem/unknown_software/datasets/propedia_formatted/propedia_4jg0_P/propedia_4jg0_P_protein_pocket.pdb,/home/igem/unknown_software/datasets/propedia_formatted/propedia_4jg0_P/propedia_4jg0_P_peptide.pdb,propedia
propedia_4jg1_P,/home/igem/unknown_software/datasets/propedia_formatted/propedia_4jg1_P/propedia_4jg1_P_protein_pocket.pdb,/home/igem/unknown_software/datasets/propedia_formatted/propedia_4jg1_P/propedia_4jg1_P_peptide.pdb,propedia
propedia_4jg1_P,/home/igem/unknown_software/datasets/propedia_formatted/propedia_4jg1_P/propedia_4jg1_P_protein_pocket.pdb,/home/igem/unknown_software/datasets/propedia_formatted/propedia_4jg1_P/propedia_4jg1_P_peptide.pdb,propedia
propedia_4jij_P,/home/igem/unknown_software/datasets/propedia_formatted/propedia_4jij_P/propedia_4jij_P_protein_pocket.pdb,/home/igem/unknown_software/datasets/propedia_formatted/propedia_4jij_P/propedia_4jij_P_peptide.pdb,propedia
propedia_4jiz_B,/home/igem/unknown_software/datasets/propedia_formatted/propedia_4jiz_B/propedia_4jiz_B_protein_pocket.pdb,/home/igem/unknown_software/datasets/propedia_formatted/propedia_4jiz_B/propedia_4jiz_B_peptide.pdb,propedia
propedia_4jj7_B,/home/igem/unknown_software/datasets/propedia_formatted/propedia_4jj7_B/propedia_4jj7_B_protein_pocket.pdb,/home/igem/unknown_software/datasets/propedia_formatted/propedia_4jj7_B/propedia_4jj7_B_peptide.pdb,propedia
propedia_4jje_B,/home/igem/unknown_software/datasets/propedia_formatted/propedia_4jje_B/propedia_4jje_B_protein_pocket.pdb,/home/igem/unknown_software/datasets/propedia_formatted/propedia_4jje_B/propedia_4jje_B_peptide.pdb,propedia
propedia_4jjm_E,/home/igem/unknown_software/datasets/propedia_formatted/propedia_4jjm_E/propedia_4jjm_E_protein_pocket.pdb,/home/igem/unknown_software/datasets/propedia_formatted/propedia_4jjm_E/propedia_4jjm_E_peptide.pdb,propedia
propedia_4jl0_C,/home/igem/unknown_software/datasets/propedia_formatted/propedia_4jl0_C/propedia_4jl0_C_protein_pocket.pdb,/home/igem/unknown_software/datasets/propedia_formatted/propedia_4jl0_C/propedia_4jl0_C_peptide.pdb,propedia
propedia_4jmg_B,/home/igem/unknown_software/datasets/propedia_formatted/propedia_4jmg_B/propedia_4jmg_B_protein_pocket.pdb,/home/igem/unknown_software/datasets/propedia_formatted/propedia_4jmg_B/propedia_4jmg_B_peptide.pdb,propedia
propedia_4jmh_B,/home/igem/unknown_software/datasets/propedia_formatted/propedia_4jmh_B/propedia_4jmh_B_protein_pocket.pdb,/home/igem/unknown_software/datasets/propedia_formatted/propedia_4jmh_B/propedia_4jmh_B_peptide.pdb,propedia
propedia_4jna_H,/home/igem/unknown_software/datasets/propedia_formatted/propedia_4jna_H/propedia_4jna_H_protein_pocket.pdb,/home/igem/unknown_software/datasets/propedia_formatted/propedia_4jna_H/propedia_4jna_H_peptide.pdb,propedia
propedia_4jna_H,/home/igem/unknown_software/datasets/propedia_formatted/propedia_4jna_H/propedia_4jna_H_protein_pocket.pdb,/home/igem/unknown_software/datasets/propedia_formatted/propedia_4jna_H/propedia_4jna_H_peptide.pdb,propedia
propedia_4jo1_P,/home/igem/unknown_software/datasets/propedia_formatted/propedia_4jo1_P/propedia_4jo1_P_protein_pocket.pdb,/home/igem/unknown_software/datasets/propedia_formatted/propedia_4jo1_P/propedia_4jo1_P_peptide.pdb,propedia
propedia_4jo1_P,/home/igem/unknown_software/datasets/propedia_formatted/propedia_4jo1_P/propedia_4jo1_P_protein_pocket.pdb,/home/igem/unknown_software/datasets/propedia_formatted/propedia_4jo1_P/propedia_4jo1_P_peptide.pdb,propedia
propedia_4jo2_P,/home/igem/unknown_software/datasets/propedia_formatted/propedia_4jo2_P/propedia_4jo2_P_protein_pocket.pdb,/home/igem/unknown_software/datasets/propedia_formatted/propedia_4jo2_P/propedia_4jo2_P_peptide.pdb,propedia
propedia_4jo2_P,/home/igem/unknown_software/datasets/propedia_formatted/propedia_4jo2_P/propedia_4jo2_P_protein_pocket.pdb,/home/igem/unknown_software/datasets/propedia_formatted/propedia_4jo2_P/propedia_4jo2_P_peptide.pdb,propedia
propedia_4joe_C,/home/igem/unknown_software/datasets/propedia_formatted/propedia_4joe_C/propedia_4joe_C_protein_pocket.pdb,/home/igem/unknown_software/datasets/propedia_formatted/propedia_4joe_C/propedia_4joe_C_peptide.pdb,propedia
propedia_4joe_C,/home/igem/unknown_software/datasets/propedia_formatted/propedia_4joe_C/propedia_4joe_C_protein_pocket.pdb,/home/igem/unknown_software/datasets/propedia_formatted/propedia_4joe_C/propedia_4joe_C_peptide.pdb,propedia
propedia_4jof_C,/home/igem/unknown_software/datasets/propedia_formatted/propedia_4jof_C/propedia_4jof_C_protein_pocket.pdb,/home/igem/unknown_software/datasets/propedia_formatted/propedia_4jof_C/propedia_4jof_C_peptide.pdb,propedia
propedia_4jof_C,/home/igem/unknown_software/datasets/propedia_formatted/propedia_4jof_C/propedia_4jof_C_protein_pocket.pdb,/home/igem/unknown_software/datasets/propedia_formatted/propedia_4jof_C/propedia_4jof_C_peptide.pdb,propedia
propedia_4jog_C,/home/igem/unknown_software/datasets/propedia_formatted/propedia_4jog_C/propedia_4jog_C_protein_pocket.pdb,/home/igem/unknown_software/datasets/propedia_formatted/propedia_4jog_C/propedia_4jog_C_peptide.pdb,propedia
propedia_4jog_C,/home/igem/unknown_software/datasets/propedia_formatted/propedia_4jog_C/propedia_4jog_C_protein_pocket.pdb,/home/igem/unknown_software/datasets/propedia_formatted/propedia_4jog_C/propedia_4jog_C_peptide.pdb,propedia
propedia_4joh_C,/home/igem/unknown_software/datasets/propedia_formatted/propedia_4joh_C/propedia_4joh_C_protein_pocket.pdb,/home/igem/unknown_software/datasets/propedia_formatted/propedia_4joh_C/propedia_4joh_C_peptide.pdb,propedia
propedia_4joh_C,/home/igem/unknown_software/datasets/propedia_formatted/propedia_4joh_C/propedia_4joh_C_protein_pocket.pdb,/home/igem/unknown_software/datasets/propedia_formatted/propedia_4joh_C/propedia_4joh_C_peptide.pdb,propedia
propedia_4joj_C,/home/igem/unknown_software/datasets/propedia_formatted/propedia_4joj_C/propedia_4joj_C_protein_pocket.pdb,/home/igem/unknown_software/datasets/propedia_formatted/propedia_4joj_C/propedia_4joj_C_peptide.pdb,propedia
propedia_4joj_C,/home/igem/unknown_software/datasets/propedia_formatted/propedia_4joj_C/propedia_4joj_C_protein_pocket.pdb,/home/igem/unknown_software/datasets/propedia_formatted/propedia_4joj_C/propedia_4joj_C_peptide.pdb,propedia
propedia_4jok_C,/home/igem/unknown_software/datasets/propedia_formatted/propedia_4jok_C/propedia_4jok_C_protein_pocket.pdb,/home/igem/unknown_software/datasets/propedia_formatted/propedia_4jok_C/propedia_4jok_C_peptide.pdb,propedia
propedia_4jok_C,/home/igem/unknown_software/datasets/propedia_formatted/propedia_4jok_C/propedia_4jok_C_protein_pocket.pdb,/home/igem/unknown_software/datasets/propedia_formatted/propedia_4jok_C/propedia_4jok_C_peptide.pdb,propedia
propedia_4jqg_P,/home/igem/unknown_software/datasets/propedia_formatted/propedia_4jqg_P/propedia_4jqg_P_protein_pocket.pdb,/home/igem/unknown_software/datasets/propedia_formatted/propedia_4jqg_P/propedia_4jqg_P_peptide.pdb,propedia
propedia_4jqv_B,/home/igem/unknown_software/datasets/propedia_formatted/propedia_4jqv_B/propedia_4jqv_B_protein_pocket.pdb,/home/igem/unknown_software/datasets/propedia_formatted/propedia_4jqv_B/propedia_4jqv_B_peptide.pdb,propedia
propedia_4jqx_B,/home/igem/unknown_software/datasets/propedia_formatted/propedia_4jqx_B/propedia_4jqx_B_protein_pocket.pdb,/home/igem/unknown_software/datasets/propedia_formatted/propedia_4jqx_B/propedia_4jqx_B_peptide.pdb,propedia
propedia_4jr0_C,/home/igem/unknown_software/datasets/propedia_formatted/propedia_4jr0_C/propedia_4jr0_C_protein_pocket.pdb,/home/igem/unknown_software/datasets/propedia_formatted/propedia_4jr0_C/propedia_4jr0_C_peptide.pdb,propedia
propedia_4jr1_C,/home/igem/unknown_software/datasets/propedia_formatted/propedia_4jr1_C/propedia_4jr1_C_protein_pocket.pdb,/home/igem/unknown_software/datasets/propedia_formatted/propedia_4jr1_C/propedia_4jr1_C_peptide.pdb,propedia
propedia_4jr2_C,/home/igem/unknown_software/datasets/propedia_formatted/propedia_4jr2_C/propedia_4jr2_C_protein_pocket.pdb,/home/igem/unknown_software/datasets/propedia_formatted/propedia_4jr2_C/propedia_4jr2_C_peptide.pdb,propedia
propedia_4jwc_C,/home/igem/unknown_software/datasets/propedia_formatted/propedia_4jwc_C/propedia_4jwc_C_protein_pocket.pdb,/home/igem/unknown_software/datasets/propedia_formatted/propedia_4jwc_C/propedia_4jwc_C_peptide.pdb,propedia
propedia_4jwc_C,/home/igem/unknown_software/datasets/propedia_formatted/propedia_4jwc_C/propedia_4jwc_C_protein_pocket.pdb,/home/igem/unknown_software/datasets/propedia_formatted/propedia_4jwc_C/propedia_4jwc_C_peptide.pdb,propedia
propedia_4jwe_C,/home/igem/unknown_software/datasets/propedia_formatted/propedia_4jwe_C/propedia_4jwe_C_protein_pocket.pdb,/home/igem/unknown_software/datasets/propedia_formatted/propedia_4jwe_C/propedia_4jwe_C_peptide.pdb,propedia
propedia_4jwe_C,/home/igem/unknown_software/datasets/propedia_formatted/propedia_4jwe_C/propedia_4jwe_C_protein_pocket.pdb,/home/igem/unknown_software/datasets/propedia_formatted/propedia_4jwe_C/propedia_4jwe_C_peptide.pdb,propedia
propedia_4jwi_C,/home/igem/unknown_software/datasets/propedia_formatted/propedia_4jwi_C/propedia_4jwi_C_protein_pocket.pdb,/home/igem/unknown_software/datasets/propedia_formatted/propedia_4jwi_C/propedia_4jwi_C_peptide.pdb,propedia
propedia_4jwi_C,/home/igem/unknown_software/datasets/propedia_formatted/propedia_4jwi_C/propedia_4jwi_C_protein_pocket.pdb,/home/igem/unknown_software/datasets/propedia_formatted/propedia_4jwi_C/propedia_4jwi_C_peptide.pdb,propedia
propedia_4jxt_B,/home/igem/unknown_software/datasets/propedia_formatted/propedia_4jxt_B/propedia_4jxt_B_protein_pocket.pdb,/home/igem/unknown_software/datasets/propedia_formatted/propedia_4jxt_B/propedia_4jxt_B_peptide.pdb,propedia
propedia_4jzn_K,/home/igem/unknown_software/datasets/propedia_formatted/propedia_4jzn_K/propedia_4jzn_K_protein_pocket.pdb,/home/igem/unknown_software/datasets/propedia_formatted/propedia_4jzn_K/propedia_4jzn_K_peptide.pdb,propedia
propedia_4jzn_K,/home/igem/unknown_software/datasets/propedia_formatted/propedia_4jzn_K/propedia_4jzn_K_protein_pocket.pdb,/home/igem/unknown_software/datasets/propedia_formatted/propedia_4jzn_K/propedia_4jzn_K_peptide.pdb,propedia
propedia_4jzo_I,/home/igem/unknown_software/datasets/propedia_formatted/propedia_4jzo_I/propedia_4jzo_I_protein_pocket.pdb,/home/igem/unknown_software/datasets/propedia_formatted/propedia_4jzo_I/propedia_4jzo_I_peptide.pdb,propedia
propedia_4jzo_I,/home/igem/unknown_software/datasets/propedia_formatted/propedia_4jzo_I/propedia_4jzo_I_protein_pocket.pdb,/home/igem/unknown_software/datasets/propedia_formatted/propedia_4jzo_I/propedia_4jzo_I_peptide.pdb,propedia
propedia_4k38_C,/home/igem/unknown_software/datasets/propedia_formatted/propedia_4k38_C/propedia_4k38_C_protein_pocket.pdb,/home/igem/unknown_software/datasets/propedia_formatted/propedia_4k38_C/propedia_4k38_C_peptide.pdb,propedia
propedia_4k3p_E,/home/igem/unknown_software/datasets/propedia_formatted/propedia_4k3p_E/propedia_4k3p_E_protein_pocket.pdb,/home/igem/unknown_software/datasets/propedia_formatted/propedia_4k3p_E/propedia_4k3p_E_peptide.pdb,propedia
propedia_4k45_B,/home/igem/unknown_software/datasets/propedia_formatted/propedia_4k45_B/propedia_4k45_B_protein_pocket.pdb,/home/igem/unknown_software/datasets/propedia_formatted/propedia_4k45_B/propedia_4k45_B_peptide.pdb,propedia
propedia_4k6y_C,/home/igem/unknown_software/datasets/propedia_formatted/propedia_4k6y_C/propedia_4k6y_C_protein_pocket.pdb,/home/igem/unknown_software/datasets/propedia_formatted/propedia_4k6y_C/propedia_4k6y_C_peptide.pdb,propedia
propedia_4k6y_C,/home/igem/unknown_software/datasets/propedia_formatted/propedia_4k6y_C/propedia_4k6y_C_protein_pocket.pdb,/home/igem/unknown_software/datasets/propedia_formatted/propedia_4k6y_C/propedia_4k6y_C_peptide.pdb,propedia
propedia_4k75_B,/home/igem/unknown_software/datasets/propedia_formatted/propedia_4k75_B/propedia_4k75_B_protein_pocket.pdb,/home/igem/unknown_software/datasets/propedia_formatted/propedia_4k75_B/propedia_4k75_B_peptide.pdb,propedia
propedia_4k76_E,/home/igem/unknown_software/datasets/propedia_formatted/propedia_4k76_E/propedia_4k76_E_protein_pocket.pdb,/home/igem/unknown_software/datasets/propedia_formatted/propedia_4k76_E/propedia_4k76_E_peptide.pdb,propedia
propedia_4k7f_C,/home/igem/unknown_software/datasets/propedia_formatted/propedia_4k7f_C/propedia_4k7f_C_protein_pocket.pdb,/home/igem/unknown_software/datasets/propedia_formatted/propedia_4k7f_C/propedia_4k7f_C_peptide.pdb,propedia
propedia_4kg9_B,/home/igem/unknown_software/datasets/propedia_formatted/propedia_4kg9_B/propedia_4kg9_B_protein_pocket.pdb,/home/igem/unknown_software/datasets/propedia_formatted/propedia_4kg9_B/propedia_4kg9_B_peptide.pdb,propedia
propedia_4kmd_B,/home/igem/unknown_software/datasets/propedia_formatted/propedia_4kmd_B/propedia_4kmd_B_protein_pocket.pdb,/home/igem/unknown_software/datasets/propedia_formatted/propedia_4kmd_B/propedia_4kmd_B_peptide.pdb,propedia
propedia_4knl_F,/home/igem/unknown_software/datasets/propedia_formatted/propedia_4knl_F/propedia_4knl_F_protein_pocket.pdb,/home/igem/unknown_software/datasets/propedia_formatted/propedia_4knl_F/propedia_4knl_F_peptide.pdb,propedia
propedia_4ks6_B,/home/igem/unknown_software/datasets/propedia_formatted/propedia_4ks6_B/propedia_4ks6_B_protein_pocket.pdb,/home/igem/unknown_software/datasets/propedia_formatted/propedia_4ks6_B/propedia_4ks6_B_peptide.pdb,propedia
propedia_4ktu_B,/home/igem/unknown_software/datasets/propedia_formatted/propedia_4ktu_B/propedia_4ktu_B_protein_pocket.pdb,/home/igem/unknown_software/datasets/propedia_formatted/propedia_4ktu_B/propedia_4ktu_B_peptide.pdb,propedia
propedia_4kty_C,/home/igem/unknown_software/datasets/propedia_formatted/propedia_4kty_C/propedia_4kty_C_protein_pocket.pdb,/home/igem/unknown_software/datasets/propedia_formatted/propedia_4kty_C/propedia_4kty_C_peptide.pdb,propedia
propedia_4kv1_C,/home/igem/unknown_software/datasets/propedia_formatted/propedia_4kv1_C/propedia_4kv1_C_protein_pocket.pdb,/home/igem/unknown_software/datasets/propedia_formatted/propedia_4kv1_C/propedia_4kv1_C_peptide.pdb,propedia
propedia_4kv1_C,/home/igem/unknown_software/datasets/propedia_formatted/propedia_4kv1_C/propedia_4kv1_C_protein_pocket.pdb,/home/igem/unknown_software/datasets/propedia_formatted/propedia_4kv1_C/propedia_4kv1_C_peptide.pdb,propedia
propedia_4kv4_B,/home/igem/unknown_software/datasets/propedia_formatted/propedia_4kv4_B/propedia_4kv4_B_protein_pocket.pdb,/home/igem/unknown_software/datasets/propedia_formatted/propedia_4kv4_B/propedia_4kv4_B_peptide.pdb,propedia
propedia_4l1u_G,/home/igem/unknown_software/datasets/propedia_formatted/propedia_4l1u_G/propedia_4l1u_G_protein_pocket.pdb,/home/igem/unknown_software/datasets/propedia_formatted/propedia_4l1u_G/propedia_4l1u_G_peptide.pdb,propedia
propedia_4l1u_G,/home/igem/unknown_software/datasets/propedia_formatted/propedia_4l1u_G/propedia_4l1u_G_protein_pocket.pdb,/home/igem/unknown_software/datasets/propedia_formatted/propedia_4l1u_G/propedia_4l1u_G_peptide.pdb,propedia
propedia_4l58_B,/home/igem/unknown_software/datasets/propedia_formatted/propedia_4l58_B/propedia_4l58_B_protein_pocket.pdb,/home/igem/unknown_software/datasets/propedia_formatted/propedia_4l58_B/propedia_4l58_B_peptide.pdb,propedia
propedia_4l7x_U,/home/igem/unknown_software/datasets/propedia_formatted/propedia_4l7x_U/propedia_4l7x_U_protein_pocket.pdb,/home/igem/unknown_software/datasets/propedia_formatted/propedia_4l7x_U/propedia_4l7x_U_peptide.pdb,propedia
propedia_4l9p_C,/home/igem/unknown_software/datasets/propedia_formatted/propedia_4l9p_C/propedia_4l9p_C_protein_pocket.pdb,/home/igem/unknown_software/datasets/propedia_formatted/propedia_4l9p_C/propedia_4l9p_C_peptide.pdb,propedia
propedia_4l9p_C,/home/igem/unknown_software/datasets/propedia_formatted/propedia_4l9p_C/propedia_4l9p_C_protein_pocket.pdb,/home/igem/unknown_software/datasets/propedia_formatted/propedia_4l9p_C/propedia_4l9p_C_peptide.pdb,propedia
propedia_4lcy_C,/home/igem/unknown_software/datasets/propedia_formatted/propedia_4lcy_C/propedia_4lcy_C_protein_pocket.pdb,/home/igem/unknown_software/datasets/propedia_formatted/propedia_4lcy_C/propedia_4lcy_C_peptide.pdb,propedia
propedia_4leb_B,/home/igem/unknown_software/datasets/propedia_formatted/propedia_4leb_B/propedia_4leb_B_protein_pocket.pdb,/home/igem/unknown_software/datasets/propedia_formatted/propedia_4leb_B/propedia_4leb_B_peptide.pdb,propedia
propedia_4lfd_E,/home/igem/unknown_software/datasets/propedia_formatted/propedia_4lfd_E/propedia_4lfd_E_protein_pocket.pdb,/home/igem/unknown_software/datasets/propedia_formatted/propedia_4lfd_E/propedia_4lfd_E_peptide.pdb,propedia
propedia_4lka_B,/home/igem/unknown_software/datasets/propedia_formatted/propedia_4lka_B/propedia_4lka_B_protein_pocket.pdb,/home/igem/unknown_software/datasets/propedia_formatted/propedia_4lka_B/propedia_4lka_B_peptide.pdb,propedia
propedia_4lkd_I,/home/igem/unknown_software/datasets/propedia_formatted/propedia_4lkd_I/propedia_4lkd_I_protein_pocket.pdb,/home/igem/unknown_software/datasets/propedia_formatted/propedia_4lkd_I/propedia_4lkd_I_peptide.pdb,propedia
propedia_4lkf_C,/home/igem/unknown_software/datasets/propedia_formatted/propedia_4lkf_C/propedia_4lkf_C_protein_pocket.pdb,/home/igem/unknown_software/datasets/propedia_formatted/propedia_4lkf_C/propedia_4lkf_C_peptide.pdb,propedia
propedia_4lkl_B,/home/igem/unknown_software/datasets/propedia_formatted/propedia_4lkl_B/propedia_4lkl_B_protein_pocket.pdb,/home/igem/unknown_software/datasets/propedia_formatted/propedia_4lkl_B/propedia_4lkl_B_peptide.pdb,propedia
propedia_4lkm_B,/home/igem/unknown_software/datasets/propedia_formatted/propedia_4lkm_B/propedia_4lkm_B_protein_pocket.pdb,/home/igem/unknown_software/datasets/propedia_formatted/propedia_4lkm_B/propedia_4lkm_B_peptide.pdb,propedia
propedia_4loy_I,/home/igem/unknown_software/datasets/propedia_formatted/propedia_4loy_I/propedia_4loy_I_protein_pocket.pdb,/home/igem/unknown_software/datasets/propedia_formatted/propedia_4loy_I/propedia_4loy_I_peptide.pdb,propedia
propedia_4lp9_I,/home/igem/unknown_software/datasets/propedia_formatted/propedia_4lp9_I/propedia_4lp9_I_protein_pocket.pdb,/home/igem/unknown_software/datasets/propedia_formatted/propedia_4lp9_I/propedia_4lp9_I_peptide.pdb,propedia
propedia_4lsj_B,/home/igem/unknown_software/datasets/propedia_formatted/propedia_4lsj_B/propedia_4lsj_B_protein_pocket.pdb,/home/igem/unknown_software/datasets/propedia_formatted/propedia_4lsj_B/propedia_4lsj_B_peptide.pdb,propedia
propedia_4lx2_B,/home/igem/unknown_software/datasets/propedia_formatted/propedia_4lx2_B/propedia_4lx2_B_protein_pocket.pdb,/home/igem/unknown_software/datasets/propedia_formatted/propedia_4lx2_B/propedia_4lx2_B_peptide.pdb,propedia
propedia_4lxb_I,/home/igem/unknown_software/datasets/propedia_formatted/propedia_4lxb_I/propedia_4lxb_I_protein_pocket.pdb,/home/igem/unknown_software/datasets/propedia_formatted/propedia_4lxb_I/propedia_4lxb_I_peptide.pdb,propedia
propedia_4lxl_D,/home/igem/unknown_software/datasets/propedia_formatted/propedia_4lxl_D/propedia_4lxl_D_protein_pocket.pdb,/home/igem/unknown_software/datasets/propedia_formatted/propedia_4lxl_D/propedia_4lxl_D_peptide.pdb,propedia
propedia_4m5s_B,/home/igem/unknown_software/datasets/propedia_formatted/propedia_4m5s_B/propedia_4m5s_B_protein_pocket.pdb,/home/igem/unknown_software/datasets/propedia_formatted/propedia_4m5s_B/propedia_4m5s_B_peptide.pdb,propedia
propedia_4m5t_B,/home/igem/unknown_software/datasets/propedia_formatted/propedia_4m5t_B/propedia_4m5t_B_protein_pocket.pdb,/home/igem/unknown_software/datasets/propedia_formatted/propedia_4m5t_B/propedia_4m5t_B_peptide.pdb,propedia
propedia_4m5t_B,/home/igem/unknown_software/datasets/propedia_formatted/propedia_4m5t_B/propedia_4m5t_B_protein_pocket.pdb,/home/igem/unknown_software/datasets/propedia_formatted/propedia_4m5t_B/propedia_4m5t_B_peptide.pdb,propedia
propedia_4m91_B,/home/igem/unknown_software/datasets/propedia_formatted/propedia_4m91_B/propedia_4m91_B_protein_pocket.pdb,/home/igem/unknown_software/datasets/propedia_formatted/propedia_4m91_B/propedia_4m91_B_peptide.pdb,propedia
propedia_4m92_B,/home/igem/unknown_software/datasets/propedia_formatted/propedia_4m92_B/propedia_4m92_B_protein_pocket.pdb,/home/igem/unknown_software/datasets/propedia_formatted/propedia_4m92_B/propedia_4m92_B_peptide.pdb,propedia
propedia_4mj5_C,/home/igem/unknown_software/datasets/propedia_formatted/propedia_4mj5_C/propedia_4mj5_C_protein_pocket.pdb,/home/igem/unknown_software/datasets/propedia_formatted/propedia_4mj5_C/propedia_4mj5_C_peptide.pdb,propedia
propedia_4mli_B,/home/igem/unknown_software/datasets/propedia_formatted/propedia_4mli_B/propedia_4mli_B_protein_pocket.pdb,/home/igem/unknown_software/datasets/propedia_formatted/propedia_4mli_B/propedia_4mli_B_peptide.pdb,propedia
propedia_4mli_B,/home/igem/unknown_software/datasets/propedia_formatted/propedia_4mli_B/propedia_4mli_B_protein_pocket.pdb,/home/igem/unknown_software/datasets/propedia_formatted/propedia_4mli_B/propedia_4mli_B_peptide.pdb,propedia
propedia_4mnv_B,/home/igem/unknown_software/datasets/propedia_formatted/propedia_4mnv_B/propedia_4mnv_B_protein_pocket.pdb,/home/igem/unknown_software/datasets/propedia_formatted/propedia_4mnv_B/propedia_4mnv_B_peptide.pdb,propedia
propedia_4ms8_B,/home/igem/unknown_software/datasets/propedia_formatted/propedia_4ms8_B/propedia_4ms8_B_protein_pocket.pdb,/home/igem/unknown_software/datasets/propedia_formatted/propedia_4ms8_B/propedia_4ms8_B_peptide.pdb,propedia
propedia_4ms8_B,/home/igem/unknown_software/datasets/propedia_formatted/propedia_4ms8_B/propedia_4ms8_B_protein_pocket.pdb,/home/igem/unknown_software/datasets/propedia_formatted/propedia_4ms8_B/propedia_4ms8_B_peptide.pdb,propedia
propedia_4ms8_B,/home/igem/unknown_software/datasets/propedia_formatted/propedia_4ms8_B/propedia_4ms8_B_protein_pocket.pdb,/home/igem/unknown_software/datasets/propedia_formatted/propedia_4ms8_B/propedia_4ms8_B_peptide.pdb,propedia
propedia_4mvk_B,/home/igem/unknown_software/datasets/propedia_formatted/propedia_4mvk_B/propedia_4mvk_B_protein_pocket.pdb,/home/igem/unknown_software/datasets/propedia_formatted/propedia_4mvk_B/propedia_4mvk_B_peptide.pdb,propedia
propedia_4mz5_A,/home/igem/unknown_software/datasets/propedia_formatted/propedia_4mz5_A/propedia_4mz5_A_protein_pocket.pdb,/home/igem/unknown_software/datasets/propedia_formatted/propedia_4mz5_A/propedia_4mz5_A_peptide.pdb,propedia
propedia_4mzf_A,/home/igem/unknown_software/datasets/propedia_formatted/propedia_4mzf_A/propedia_4mzf_A_protein_pocket.pdb,/home/igem/unknown_software/datasets/propedia_formatted/propedia_4mzf_A/propedia_4mzf_A_peptide.pdb,propedia
propedia_4mzg_A,/home/igem/unknown_software/datasets/propedia_formatted/propedia_4mzg_A/propedia_4mzg_A_protein_pocket.pdb,/home/igem/unknown_software/datasets/propedia_formatted/propedia_4mzg_A/propedia_4mzg_A_peptide.pdb,propedia
propedia_4mzh_B,/home/igem/unknown_software/datasets/propedia_formatted/propedia_4mzh_B/propedia_4mzh_B_protein_pocket.pdb,/home/igem/unknown_software/datasets/propedia_formatted/propedia_4mzh_B/propedia_4mzh_B_peptide.pdb,propedia
propedia_4n0y_A,/home/igem/unknown_software/datasets/propedia_formatted/propedia_4n0y_A/propedia_4n0y_A_protein_pocket.pdb,/home/igem/unknown_software/datasets/propedia_formatted/propedia_4n0y_A/propedia_4n0y_A_peptide.pdb,propedia
propedia_4n0y_A,/home/igem/unknown_software/datasets/propedia_formatted/propedia_4n0y_A/propedia_4n0y_A_protein_pocket.pdb,/home/igem/unknown_software/datasets/propedia_formatted/propedia_4n0y_A/propedia_4n0y_A_peptide.pdb,propedia
propedia_4n3w_C,/home/igem/unknown_software/datasets/propedia_formatted/propedia_4n3w_C/propedia_4n3w_C_protein_pocket.pdb,/home/igem/unknown_software/datasets/propedia_formatted/propedia_4n3w_C/propedia_4n3w_C_peptide.pdb,propedia
propedia_4n4f_C,/home/igem/unknown_software/datasets/propedia_formatted/propedia_4n4f_C/propedia_4n4f_C_protein_pocket.pdb,/home/igem/unknown_software/datasets/propedia_formatted/propedia_4n4f_C/propedia_4n4f_C_peptide.pdb,propedia
propedia_4n4h_B,/home/igem/unknown_software/datasets/propedia_formatted/propedia_4n4h_B/propedia_4n4h_B_protein_pocket.pdb,/home/igem/unknown_software/datasets/propedia_formatted/propedia_4n4h_B/propedia_4n4h_B_peptide.pdb,propedia
propedia_4n4i_B,/home/igem/unknown_software/datasets/propedia_formatted/propedia_4n4i_B/propedia_4n4i_B_protein_pocket.pdb,/home/igem/unknown_software/datasets/propedia_formatted/propedia_4n4i_B/propedia_4n4i_B_peptide.pdb,propedia
propedia_4n78_P,/home/igem/unknown_software/datasets/propedia_formatted/propedia_4n78_P/propedia_4n78_P_protein_pocket.pdb,/home/igem/unknown_software/datasets/propedia_formatted/propedia_4n78_P/propedia_4n78_P_peptide.pdb,propedia
propedia_4n78_P,/home/igem/unknown_software/datasets/propedia_formatted/propedia_4n78_P/propedia_4n78_P_protein_pocket.pdb,/home/igem/unknown_software/datasets/propedia_formatted/propedia_4n78_P/propedia_4n78_P_peptide.pdb,propedia
propedia_4n78_P,/home/igem/unknown_software/datasets/propedia_formatted/propedia_4n78_P/propedia_4n78_P_protein_pocket.pdb,/home/igem/unknown_software/datasets/propedia_formatted/propedia_4n78_P/propedia_4n78_P_peptide.pdb,propedia
propedia_4n7g_B,/home/igem/unknown_software/datasets/propedia_formatted/propedia_4n7g_B/propedia_4n7g_B_protein_pocket.pdb,/home/igem/unknown_software/datasets/propedia_formatted/propedia_4n7g_B/propedia_4n7g_B_peptide.pdb,propedia
propedia_4n7y_C,/home/igem/unknown_software/datasets/propedia_formatted/propedia_4n7y_C/propedia_4n7y_C_protein_pocket.pdb,/home/igem/unknown_software/datasets/propedia_formatted/propedia_4n7y_C/propedia_4n7y_C_peptide.pdb,propedia
propedia_4n84_C,/home/igem/unknown_software/datasets/propedia_formatted/propedia_4n84_C/propedia_4n84_C_protein_pocket.pdb,/home/igem/unknown_software/datasets/propedia_formatted/propedia_4n84_C/propedia_4n84_C_peptide.pdb,propedia
propedia_4n8v_C,/home/igem/unknown_software/datasets/propedia_formatted/propedia_4n8v_C/propedia_4n8v_C_protein_pocket.pdb,/home/igem/unknown_software/datasets/propedia_formatted/propedia_4n8v_C/propedia_4n8v_C_peptide.pdb,propedia
propedia_4n8v_C,/home/igem/unknown_software/datasets/propedia_formatted/propedia_4n8v_C/propedia_4n8v_C_protein_pocket.pdb,/home/igem/unknown_software/datasets/propedia_formatted/propedia_4n8v_C/propedia_4n8v_C_peptide.pdb,propedia
propedia_4nec_E,/home/igem/unknown_software/datasets/propedia_formatted/propedia_4nec_E/propedia_4nec_E_protein_pocket.pdb,/home/igem/unknown_software/datasets/propedia_formatted/propedia_4nec_E/propedia_4nec_E_peptide.pdb,propedia
propedia_4nie_C,/home/igem/unknown_software/datasets/propedia_formatted/propedia_4nie_C/propedia_4nie_C_protein_pocket.pdb,/home/igem/unknown_software/datasets/propedia_formatted/propedia_4nie_C/propedia_4nie_C_peptide.pdb,propedia
propedia_4nie_C,/home/igem/unknown_software/datasets/propedia_formatted/propedia_4nie_C/propedia_4nie_C_protein_pocket.pdb,/home/igem/unknown_software/datasets/propedia_formatted/propedia_4nie_C/propedia_4nie_C_peptide.pdb,propedia
propedia_4nmo_C,/home/igem/unknown_software/datasets/propedia_formatted/propedia_4nmo_C/propedia_4nmo_C_protein_pocket.pdb,/home/igem/unknown_software/datasets/propedia_formatted/propedia_4nmo_C/propedia_4nmo_C_peptide.pdb,propedia
propedia_4nmo_C,/home/igem/unknown_software/datasets/propedia_formatted/propedia_4nmo_C/propedia_4nmo_C_protein_pocket.pdb,/home/igem/unknown_software/datasets/propedia_formatted/propedia_4nmo_C/propedia_4nmo_C_peptide.pdb,propedia
propedia_4nmp_C,/home/igem/unknown_software/datasets/propedia_formatted/propedia_4nmp_C/propedia_4nmp_C_protein_pocket.pdb,/home/igem/unknown_software/datasets/propedia_formatted/propedia_4nmp_C/propedia_4nmp_C_peptide.pdb,propedia
propedia_4nmp_C,/home/igem/unknown_software/datasets/propedia_formatted/propedia_4nmp_C/propedia_4nmp_C_protein_pocket.pdb,/home/igem/unknown_software/datasets/propedia_formatted/propedia_4nmp_C/propedia_4nmp_C_peptide.pdb,propedia
propedia_4nmq_C,/home/igem/unknown_software/datasets/propedia_formatted/propedia_4nmq_C/propedia_4nmq_C_protein_pocket.pdb,/home/igem/unknown_software/datasets/propedia_formatted/propedia_4nmq_C/propedia_4nmq_C_peptide.pdb,propedia
propedia_4nmq_C,/home/igem/unknown_software/datasets/propedia_formatted/propedia_4nmq_C/propedia_4nmq_C_protein_pocket.pdb,/home/igem/unknown_software/datasets/propedia_formatted/propedia_4nmq_C/propedia_4nmq_C_peptide.pdb,propedia
propedia_4nmr_C,/home/igem/unknown_software/datasets/propedia_formatted/propedia_4nmr_C/propedia_4nmr_C_protein_pocket.pdb,/home/igem/unknown_software/datasets/propedia_formatted/propedia_4nmr_C/propedia_4nmr_C_peptide.pdb,propedia
propedia_4nmr_C,/home/igem/unknown_software/datasets/propedia_formatted/propedia_4nmr_C/propedia_4nmr_C_protein_pocket.pdb,/home/igem/unknown_software/datasets/propedia_formatted/propedia_4nmr_C/propedia_4nmr_C_peptide.pdb,propedia
propedia_4nms_C,/home/igem/unknown_software/datasets/propedia_formatted/propedia_4nms_C/propedia_4nms_C_protein_pocket.pdb,/home/igem/unknown_software/datasets/propedia_formatted/propedia_4nms_C/propedia_4nms_C_peptide.pdb,propedia
propedia_4nms_C,/home/igem/unknown_software/datasets/propedia_formatted/propedia_4nms_C/propedia_4nms_C_protein_pocket.pdb,/home/igem/unknown_software/datasets/propedia_formatted/propedia_4nms_C/propedia_4nms_C_peptide.pdb,propedia
propedia_4nmt_C,/home/igem/unknown_software/datasets/propedia_formatted/propedia_4nmt_C/propedia_4nmt_C_protein_pocket.pdb,/home/igem/unknown_software/datasets/propedia_formatted/propedia_4nmt_C/propedia_4nmt_C_peptide.pdb,propedia
propedia_4nmt_C,/home/igem/unknown_software/datasets/propedia_formatted/propedia_4nmt_C/propedia_4nmt_C_protein_pocket.pdb,/home/igem/unknown_software/datasets/propedia_formatted/propedia_4nmt_C/propedia_4nmt_C_peptide.pdb,propedia
propedia_4nmv_C,/home/igem/unknown_software/datasets/propedia_formatted/propedia_4nmv_C/propedia_4nmv_C_protein_pocket.pdb,/home/igem/unknown_software/datasets/propedia_formatted/propedia_4nmv_C/propedia_4nmv_C_peptide.pdb,propedia
propedia_4nmv_C,/home/igem/unknown_software/datasets/propedia_formatted/propedia_4nmv_C/propedia_4nmv_C_protein_pocket.pdb,/home/igem/unknown_software/datasets/propedia_formatted/propedia_4nmv_C/propedia_4nmv_C_peptide.pdb,propedia
propedia_4nnd_C,/home/igem/unknown_software/datasets/propedia_formatted/propedia_4nnd_C/propedia_4nnd_C_protein_pocket.pdb,/home/igem/unknown_software/datasets/propedia_formatted/propedia_4nnd_C/propedia_4nnd_C_peptide.pdb,propedia
propedia_4nnx_C,/home/igem/unknown_software/datasets/propedia_formatted/propedia_4nnx_C/propedia_4nnx_C_protein_pocket.pdb,/home/igem/unknown_software/datasets/propedia_formatted/propedia_4nnx_C/propedia_4nnx_C_peptide.pdb,propedia
propedia_4nny_C,/home/igem/unknown_software/datasets/propedia_formatted/propedia_4nny_C/propedia_4nny_C_protein_pocket.pdb,/home/igem/unknown_software/datasets/propedia_formatted/propedia_4nny_C/propedia_4nny_C_peptide.pdb,propedia
propedia_4no3_C,/home/igem/unknown_software/datasets/propedia_formatted/propedia_4no3_C/propedia_4no3_C_protein_pocket.pdb,/home/igem/unknown_software/datasets/propedia_formatted/propedia_4no3_C/propedia_4no3_C_peptide.pdb,propedia
propedia_4no5_C,/home/igem/unknown_software/datasets/propedia_formatted/propedia_4no5_C/propedia_4no5_C_protein_pocket.pdb,/home/igem/unknown_software/datasets/propedia_formatted/propedia_4no5_C/propedia_4no5_C_peptide.pdb,propedia
propedia_4nqv_M,/home/igem/unknown_software/datasets/propedia_formatted/propedia_4nqv_M/propedia_4nqv_M_protein_pocket.pdb,/home/igem/unknown_software/datasets/propedia_formatted/propedia_4nqv_M/propedia_4nqv_M_peptide.pdb,propedia
propedia_4nu8_A,/home/igem/unknown_software/datasets/propedia_formatted/propedia_4nu8_A/propedia_4nu8_A_protein_pocket.pdb,/home/igem/unknown_software/datasets/propedia_formatted/propedia_4nu8_A/propedia_4nu8_A_peptide.pdb,propedia
propedia_4nuu_C,/home/igem/unknown_software/datasets/propedia_formatted/propedia_4nuu_C/propedia_4nuu_C_protein_pocket.pdb,/home/igem/unknown_software/datasets/propedia_formatted/propedia_4nuu_C/propedia_4nuu_C_peptide.pdb,propedia
propedia_4nuu_C,/home/igem/unknown_software/datasets/propedia_formatted/propedia_4nuu_C/propedia_4nuu_C_protein_pocket.pdb,/home/igem/unknown_software/datasets/propedia_formatted/propedia_4nuu_C/propedia_4nuu_C_peptide.pdb,propedia
propedia_4nxq_D,/home/igem/unknown_software/datasets/propedia_formatted/propedia_4nxq_D/propedia_4nxq_D_protein_pocket.pdb,/home/igem/unknown_software/datasets/propedia_formatted/propedia_4nxq_D/propedia_4nxq_D_peptide.pdb,propedia
propedia_4nxq_D,/home/igem/unknown_software/datasets/propedia_formatted/propedia_4nxq_D/propedia_4nxq_D_protein_pocket.pdb,/home/igem/unknown_software/datasets/propedia_formatted/propedia_4nxq_D/propedia_4nxq_D_peptide.pdb,propedia
propedia_4nxr_B,/home/igem/unknown_software/datasets/propedia_formatted/propedia_4nxr_B/propedia_4nxr_B_protein_pocket.pdb,/home/igem/unknown_software/datasets/propedia_formatted/propedia_4nxr_B/propedia_4nxr_B_peptide.pdb,propedia
propedia_4ny3_C,/home/igem/unknown_software/datasets/propedia_formatted/propedia_4ny3_C/propedia_4ny3_C_protein_pocket.pdb,/home/igem/unknown_software/datasets/propedia_formatted/propedia_4ny3_C/propedia_4ny3_C_peptide.pdb,propedia
propedia_4o2c_C,/home/igem/unknown_software/datasets/propedia_formatted/propedia_4o2c_C/propedia_4o2c_C_protein_pocket.pdb,/home/igem/unknown_software/datasets/propedia_formatted/propedia_4o2c_C/propedia_4o2c_C_peptide.pdb,propedia
propedia_4o42_B,/home/igem/unknown_software/datasets/propedia_formatted/propedia_4o42_B/propedia_4o42_B_protein_pocket.pdb,/home/igem/unknown_software/datasets/propedia_formatted/propedia_4o42_B/propedia_4o42_B_peptide.pdb,propedia
propedia_4o45_B,/home/igem/unknown_software/datasets/propedia_formatted/propedia_4o45_B/propedia_4o45_B_protein_pocket.pdb,/home/igem/unknown_software/datasets/propedia_formatted/propedia_4o45_B/propedia_4o45_B_peptide.pdb,propedia
propedia_4o4y_A,/home/igem/unknown_software/datasets/propedia_formatted/propedia_4o4y_A/propedia_4o4y_A_protein_pocket.pdb,/home/igem/unknown_software/datasets/propedia_formatted/propedia_4o4y_A/propedia_4o4y_A_peptide.pdb,propedia
propedia_4o4y_A,/home/igem/unknown_software/datasets/propedia_formatted/propedia_4o4y_A/propedia_4o4y_A_protein_pocket.pdb,/home/igem/unknown_software/datasets/propedia_formatted/propedia_4o4y_A/propedia_4o4y_A_peptide.pdb,propedia
propedia_4o51_M,/home/igem/unknown_software/datasets/propedia_formatted/propedia_4o51_M/propedia_4o51_M_protein_pocket.pdb,/home/igem/unknown_software/datasets/propedia_formatted/propedia_4o51_M/propedia_4o51_M_peptide.pdb,propedia
propedia_4o51_M,/home/igem/unknown_software/datasets/propedia_formatted/propedia_4o51_M/propedia_4o51_M_protein_pocket.pdb,/home/igem/unknown_software/datasets/propedia_formatted/propedia_4o51_M/propedia_4o51_M_peptide.pdb,propedia
propedia_4o51_M,/home/igem/unknown_software/datasets/propedia_formatted/propedia_4o51_M/propedia_4o51_M_protein_pocket.pdb,/home/igem/unknown_software/datasets/propedia_formatted/propedia_4o51_M/propedia_4o51_M_peptide.pdb,propedia
propedia_4o62_D,/home/igem/unknown_software/datasets/propedia_formatted/propedia_4o62_D/propedia_4o62_D_protein_pocket.pdb,/home/igem/unknown_software/datasets/propedia_formatted/propedia_4o62_D/propedia_4o62_D_peptide.pdb,propedia
propedia_4o6w_C,/home/igem/unknown_software/datasets/propedia_formatted/propedia_4o6w_C/propedia_4o6w_C_protein_pocket.pdb,/home/igem/unknown_software/datasets/propedia_formatted/propedia_4o6w_C/propedia_4o6w_C_peptide.pdb,propedia
propedia_4o9w_B,/home/igem/unknown_software/datasets/propedia_formatted/propedia_4o9w_B/propedia_4o9w_B_protein_pocket.pdb,/home/igem/unknown_software/datasets/propedia_formatted/propedia_4o9w_B/propedia_4o9w_B_peptide.pdb,propedia
propedia_4oaj_B,/home/igem/unknown_software/datasets/propedia_formatted/propedia_4oaj_B/propedia_4oaj_B_protein_pocket.pdb,/home/igem/unknown_software/datasets/propedia_formatted/propedia_4oaj_B/propedia_4oaj_B_peptide.pdb,propedia
propedia_4obd_E,/home/igem/unknown_software/datasets/propedia_formatted/propedia_4obd_E/propedia_4obd_E_protein_pocket.pdb,/home/igem/unknown_software/datasets/propedia_formatted/propedia_4obd_E/propedia_4obd_E_peptide.pdb,propedia
propedia_4obd_E,/home/igem/unknown_software/datasets/propedia_formatted/propedia_4obd_E/propedia_4obd_E_protein_pocket.pdb,/home/igem/unknown_software/datasets/propedia_formatted/propedia_4obd_E/propedia_4obd_E_peptide.pdb,propedia
propedia_4obf_E,/home/igem/unknown_software/datasets/propedia_formatted/propedia_4obf_E/propedia_4obf_E_protein_pocket.pdb,/home/igem/unknown_software/datasets/propedia_formatted/propedia_4obf_E/propedia_4obf_E_peptide.pdb,propedia
propedia_4obf_E,/home/igem/unknown_software/datasets/propedia_formatted/propedia_4obf_E/propedia_4obf_E_protein_pocket.pdb,/home/igem/unknown_software/datasets/propedia_formatted/propedia_4obf_E/propedia_4obf_E_peptide.pdb,propedia
propedia_4obg_E,/home/igem/unknown_software/datasets/propedia_formatted/propedia_4obg_E/propedia_4obg_E_protein_pocket.pdb,/home/igem/unknown_software/datasets/propedia_formatted/propedia_4obg_E/propedia_4obg_E_peptide.pdb,propedia
propedia_4obg_E,/home/igem/unknown_software/datasets/propedia_formatted/propedia_4obg_E/propedia_4obg_E_protein_pocket.pdb,/home/igem/unknown_software/datasets/propedia_formatted/propedia_4obg_E/propedia_4obg_E_peptide.pdb,propedia
propedia_4obh_E,/home/igem/unknown_software/datasets/propedia_formatted/propedia_4obh_E/propedia_4obh_E_protein_pocket.pdb,/home/igem/unknown_software/datasets/propedia_formatted/propedia_4obh_E/propedia_4obh_E_peptide.pdb,propedia
propedia_4obh_E,/home/igem/unknown_software/datasets/propedia_formatted/propedia_4obh_E/propedia_4obh_E_protein_pocket.pdb,/home/igem/unknown_software/datasets/propedia_formatted/propedia_4obh_E/propedia_4obh_E_peptide.pdb,propedia
propedia_4obh_E,/home/igem/unknown_software/datasets/propedia_formatted/propedia_4obh_E/propedia_4obh_E_protein_pocket.pdb,/home/igem/unknown_software/datasets/propedia_formatted/propedia_4obh_E/propedia_4obh_E_peptide.pdb,propedia
propedia_4obh_E,/home/igem/unknown_software/datasets/propedia_formatted/propedia_4obh_E/propedia_4obh_E_protein_pocket.pdb,/home/igem/unknown_software/datasets/propedia_formatted/propedia_4obh_E/propedia_4obh_E_peptide.pdb,propedia
propedia_4obj_C,/home/igem/unknown_software/datasets/propedia_formatted/propedia_4obj_C/propedia_4obj_C_protein_pocket.pdb,/home/igem/unknown_software/datasets/propedia_formatted/propedia_4obj_C/propedia_4obj_C_peptide.pdb,propedia
propedia_4obj_C,/home/igem/unknown_software/datasets/propedia_formatted/propedia_4obj_C/propedia_4obj_C_protein_pocket.pdb,/home/igem/unknown_software/datasets/propedia_formatted/propedia_4obj_C/propedia_4obj_C_peptide.pdb,propedia
propedia_4obk_C,/home/igem/unknown_software/datasets/propedia_formatted/propedia_4obk_C/propedia_4obk_C_protein_pocket.pdb,/home/igem/unknown_software/datasets/propedia_formatted/propedia_4obk_C/propedia_4obk_C_peptide.pdb,propedia
propedia_4obk_C,/home/igem/unknown_software/datasets/propedia_formatted/propedia_4obk_C/propedia_4obk_C_protein_pocket.pdb,/home/igem/unknown_software/datasets/propedia_formatted/propedia_4obk_C/propedia_4obk_C_peptide.pdb,propedia
propedia_4od7_D,/home/igem/unknown_software/datasets/propedia_formatted/propedia_4od7_D/propedia_4od7_D_protein_pocket.pdb,/home/igem/unknown_software/datasets/propedia_formatted/propedia_4od7_D/propedia_4od7_D_peptide.pdb,propedia
propedia_4odk_B,/home/igem/unknown_software/datasets/propedia_formatted/propedia_4odk_B/propedia_4odk_B_protein_pocket.pdb,/home/igem/unknown_software/datasets/propedia_formatted/propedia_4odk_B/propedia_4odk_B_peptide.pdb,propedia
propedia_4odp_B,/home/igem/unknown_software/datasets/propedia_formatted/propedia_4odp_B/propedia_4odp_B_protein_pocket.pdb,/home/igem/unknown_software/datasets/propedia_formatted/propedia_4odp_B/propedia_4odp_B_peptide.pdb,propedia
propedia_4odq_B,/home/igem/unknown_software/datasets/propedia_formatted/propedia_4odq_B/propedia_4odq_B_protein_pocket.pdb,/home/igem/unknown_software/datasets/propedia_formatted/propedia_4odq_B/propedia_4odq_B_peptide.pdb,propedia
propedia_4oez_B,/home/igem/unknown_software/datasets/propedia_formatted/propedia_4oez_B/propedia_4oez_B_protein_pocket.pdb,/home/igem/unknown_software/datasets/propedia_formatted/propedia_4oez_B/propedia_4oez_B_peptide.pdb,propedia
propedia_4ofr_B,/home/igem/unknown_software/datasets/propedia_formatted/propedia_4ofr_B/propedia_4ofr_B_protein_pocket.pdb,/home/igem/unknown_software/datasets/propedia_formatted/propedia_4ofr_B/propedia_4ofr_B_peptide.pdb,propedia
propedia_4ojf_A,/home/igem/unknown_software/datasets/propedia_formatted/propedia_4ojf_A/propedia_4ojf_A_protein_pocket.pdb,/home/igem/unknown_software/datasets/propedia_formatted/propedia_4ojf_A/propedia_4ojf_A_peptide.pdb,propedia
propedia_4ojf_A,/home/igem/unknown_software/datasets/propedia_formatted/propedia_4ojf_A/propedia_4ojf_A_protein_pocket.pdb,/home/igem/unknown_software/datasets/propedia_formatted/propedia_4ojf_A/propedia_4ojf_A_peptide.pdb,propedia
propedia_4okw_B,/home/igem/unknown_software/datasets/propedia_formatted/propedia_4okw_B/propedia_4okw_B_protein_pocket.pdb,/home/igem/unknown_software/datasets/propedia_formatted/propedia_4okw_B/propedia_4okw_B_peptide.pdb,propedia
propedia_4omc_H,/home/igem/unknown_software/datasets/propedia_formatted/propedia_4omc_H/propedia_4omc_H_protein_pocket.pdb,/home/igem/unknown_software/datasets/propedia_formatted/propedia_4omc_H/propedia_4omc_H_peptide.pdb,propedia
propedia_4onf_P,/home/igem/unknown_software/datasets/propedia_formatted/propedia_4onf_P/propedia_4onf_P_protein_pocket.pdb,/home/igem/unknown_software/datasets/propedia_formatted/propedia_4onf_P/propedia_4onf_P_peptide.pdb,propedia
propedia_4onf_P,/home/igem/unknown_software/datasets/propedia_formatted/propedia_4onf_P/propedia_4onf_P_protein_pocket.pdb,/home/igem/unknown_software/datasets/propedia_formatted/propedia_4onf_P/propedia_4onf_P_peptide.pdb,propedia
propedia_4ong_P,/home/igem/unknown_software/datasets/propedia_formatted/propedia_4ong_P/propedia_4ong_P_protein_pocket.pdb,/home/igem/unknown_software/datasets/propedia_formatted/propedia_4ong_P/propedia_4ong_P_peptide.pdb,propedia
propedia_4ong_P,/home/igem/unknown_software/datasets/propedia_formatted/propedia_4ong_P/propedia_4ong_P_protein_pocket.pdb,/home/igem/unknown_software/datasets/propedia_formatted/propedia_4ong_P/propedia_4ong_P_peptide.pdb,propedia
propedia_4ore_A,/home/igem/unknown_software/datasets/propedia_formatted/propedia_4ore_A/propedia_4ore_A_protein_pocket.pdb,/home/igem/unknown_software/datasets/propedia_formatted/propedia_4ore_A/propedia_4ore_A_peptide.pdb,propedia
propedia_4ou3_B,/home/igem/unknown_software/datasets/propedia_formatted/propedia_4ou3_B/propedia_4ou3_B_protein_pocket.pdb,/home/igem/unknown_software/datasets/propedia_formatted/propedia_4ou3_B/propedia_4ou3_B_peptide.pdb,propedia
propedia_4oz1_C,/home/igem/unknown_software/datasets/propedia_formatted/propedia_4oz1_C/propedia_4oz1_C_protein_pocket.pdb,/home/igem/unknown_software/datasets/propedia_formatted/propedia_4oz1_C/propedia_4oz1_C_peptide.pdb,propedia
propedia_4oz1_C,/home/igem/unknown_software/datasets/propedia_formatted/propedia_4oz1_C/propedia_4oz1_C_protein_pocket.pdb,/home/igem/unknown_software/datasets/propedia_formatted/propedia_4oz1_C/propedia_4oz1_C_peptide.pdb,propedia
propedia_4p9v_B,/home/igem/unknown_software/datasets/propedia_formatted/propedia_4p9v_B/propedia_4p9v_B_protein_pocket.pdb,/home/igem/unknown_software/datasets/propedia_formatted/propedia_4p9v_B/propedia_4p9v_B_peptide.pdb,propedia
propedia_4p9z_B,/home/igem/unknown_software/datasets/propedia_formatted/propedia_4p9z_B/propedia_4p9z_B_protein_pocket.pdb,/home/igem/unknown_software/datasets/propedia_formatted/propedia_4p9z_B/propedia_4p9z_B_peptide.pdb,propedia
propedia_4pd1_C,/home/igem/unknown_software/datasets/propedia_formatted/propedia_4pd1_C/propedia_4pd1_C_protein_pocket.pdb,/home/igem/unknown_software/datasets/propedia_formatted/propedia_4pd1_C/propedia_4pd1_C_peptide.pdb,propedia
propedia_4pk2_B,/home/igem/unknown_software/datasets/propedia_formatted/propedia_4pk2_B/propedia_4pk2_B_protein_pocket.pdb,/home/igem/unknown_software/datasets/propedia_formatted/propedia_4pk2_B/propedia_4pk2_B_peptide.pdb,propedia
propedia_4pk3_B,/home/igem/unknown_software/datasets/propedia_formatted/propedia_4pk3_B/propedia_4pk3_B_protein_pocket.pdb,/home/igem/unknown_software/datasets/propedia_formatted/propedia_4pk3_B/propedia_4pk3_B_peptide.pdb,propedia
propedia_4prh_C,/home/igem/unknown_software/datasets/propedia_formatted/propedia_4prh_C/propedia_4prh_C_protein_pocket.pdb,/home/igem/unknown_software/datasets/propedia_formatted/propedia_4prh_C/propedia_4prh_C_peptide.pdb,propedia
propedia_4prh_C,/home/igem/unknown_software/datasets/propedia_formatted/propedia_4prh_C/propedia_4prh_C_protein_pocket.pdb,/home/igem/unknown_software/datasets/propedia_formatted/propedia_4prh_C/propedia_4prh_C_peptide.pdb,propedia
propedia_4prh_C,/home/igem/unknown_software/datasets/propedia_formatted/propedia_4prh_C/propedia_4prh_C_protein_pocket.pdb,/home/igem/unknown_software/datasets/propedia_formatted/propedia_4prh_C/propedia_4prh_C_peptide.pdb,propedia
propedia_4pri_C,/home/igem/unknown_software/datasets/propedia_formatted/propedia_4pri_C/propedia_4pri_C_protein_pocket.pdb,/home/igem/unknown_software/datasets/propedia_formatted/propedia_4pri_C/propedia_4pri_C_peptide.pdb,propedia
propedia_4pri_C,/home/igem/unknown_software/datasets/propedia_formatted/propedia_4pri_C/propedia_4pri_C_protein_pocket.pdb,/home/igem/unknown_software/datasets/propedia_formatted/propedia_4pri_C/propedia_4pri_C_peptide.pdb,propedia
propedia_4pri_C,/home/igem/unknown_software/datasets/propedia_formatted/propedia_4pri_C/propedia_4pri_C_protein_pocket.pdb,/home/igem/unknown_software/datasets/propedia_formatted/propedia_4pri_C/propedia_4pri_C_peptide.pdb,propedia
propedia_4prp_C,/home/igem/unknown_software/datasets/propedia_formatted/propedia_4prp_C/propedia_4prp_C_protein_pocket.pdb,/home/igem/unknown_software/datasets/propedia_formatted/propedia_4prp_C/propedia_4prp_C_peptide.pdb,propedia
propedia_4prp_C,/home/igem/unknown_software/datasets/propedia_formatted/propedia_4prp_C/propedia_4prp_C_protein_pocket.pdb,/home/igem/unknown_software/datasets/propedia_formatted/propedia_4prp_C/propedia_4prp_C_peptide.pdb,propedia
propedia_4prp_C,/home/igem/unknown_software/datasets/propedia_formatted/propedia_4prp_C/propedia_4prp_C_protein_pocket.pdb,/home/igem/unknown_software/datasets/propedia_formatted/propedia_4prp_C/propedia_4prp_C_peptide.pdb,propedia
propedia_4ps0_C,/home/igem/unknown_software/datasets/propedia_formatted/propedia_4ps0_C/propedia_4ps0_C_protein_pocket.pdb,/home/igem/unknown_software/datasets/propedia_formatted/propedia_4ps0_C/propedia_4ps0_C_peptide.pdb,propedia
propedia_4ps1_E,/home/igem/unknown_software/datasets/propedia_formatted/propedia_4ps1_E/propedia_4ps1_E_protein_pocket.pdb,/home/igem/unknown_software/datasets/propedia_formatted/propedia_4ps1_E/propedia_4ps1_E_peptide.pdb,propedia
propedia_4psi_D,/home/igem/unknown_software/datasets/propedia_formatted/propedia_4psi_D/propedia_4psi_D_protein_pocket.pdb,/home/igem/unknown_software/datasets/propedia_formatted/propedia_4psi_D/propedia_4psi_D_peptide.pdb,propedia
propedia_4pv8_E,/home/igem/unknown_software/datasets/propedia_formatted/propedia_4pv8_E/propedia_4pv8_E_protein_pocket.pdb,/home/igem/unknown_software/datasets/propedia_formatted/propedia_4pv8_E/propedia_4pv8_E_peptide.pdb,propedia
propedia_4pv9_E,/home/igem/unknown_software/datasets/propedia_formatted/propedia_4pv9_E/propedia_4pv9_E_protein_pocket.pdb,/home/igem/unknown_software/datasets/propedia_formatted/propedia_4pv9_E/propedia_4pv9_E_peptide.pdb,propedia
propedia_4pyw_B,/home/igem/unknown_software/datasets/propedia_formatted/propedia_4pyw_B/propedia_4pyw_B_protein_pocket.pdb,/home/igem/unknown_software/datasets/propedia_formatted/propedia_4pyw_B/propedia_4pyw_B_peptide.pdb,propedia
propedia_4pz6_P,/home/igem/unknown_software/datasets/propedia_formatted/propedia_4pz6_P/propedia_4pz6_P_protein_pocket.pdb,/home/igem/unknown_software/datasets/propedia_formatted/propedia_4pz6_P/propedia_4pz6_P_peptide.pdb,propedia
propedia_4qa5_C,/home/igem/unknown_software/datasets/propedia_formatted/propedia_4qa5_C/propedia_4qa5_C_protein_pocket.pdb,/home/igem/unknown_software/datasets/propedia_formatted/propedia_4qa5_C/propedia_4qa5_C_peptide.pdb,propedia
propedia_4qa6_C,/home/igem/unknown_software/datasets/propedia_formatted/propedia_4qa6_C/propedia_4qa6_C_protein_pocket.pdb,/home/igem/unknown_software/datasets/propedia_formatted/propedia_4qa6_C/propedia_4qa6_C_peptide.pdb,propedia
propedia_4qa7_B,/home/igem/unknown_software/datasets/propedia_formatted/propedia_4qa7_B/propedia_4qa7_B_protein_pocket.pdb,/home/igem/unknown_software/datasets/propedia_formatted/propedia_4qa7_B/propedia_4qa7_B_peptide.pdb,propedia
propedia_4qbm_C,/home/igem/unknown_software/datasets/propedia_formatted/propedia_4qbm_C/propedia_4qbm_C_protein_pocket.pdb,/home/igem/unknown_software/datasets/propedia_formatted/propedia_4qbm_C/propedia_4qbm_C_peptide.pdb,propedia
propedia_4qbm_C,/home/igem/unknown_software/datasets/propedia_formatted/propedia_4qbm_C/propedia_4qbm_C_protein_pocket.pdb,/home/igem/unknown_software/datasets/propedia_formatted/propedia_4qbm_C/propedia_4qbm_C_peptide.pdb,propedia
propedia_4qbq_P,/home/igem/unknown_software/datasets/propedia_formatted/propedia_4qbq_P/propedia_4qbq_P_protein_pocket.pdb,/home/igem/unknown_software/datasets/propedia_formatted/propedia_4qbq_P/propedia_4qbq_P_peptide.pdb,propedia
propedia_4qbq_P,/home/igem/unknown_software/datasets/propedia_formatted/propedia_4qbq_P/propedia_4qbq_P_protein_pocket.pdb,/home/igem/unknown_software/datasets/propedia_formatted/propedia_4qbq_P/propedia_4qbq_P_peptide.pdb,propedia
propedia_4qbs_P,/home/igem/unknown_software/datasets/propedia_formatted/propedia_4qbs_P/propedia_4qbs_P_protein_pocket.pdb,/home/igem/unknown_software/datasets/propedia_formatted/propedia_4qbs_P/propedia_4qbs_P_peptide.pdb,propedia
propedia_4qc1_D,/home/igem/unknown_software/datasets/propedia_formatted/propedia_4qc1_D/propedia_4qc1_D_protein_pocket.pdb,/home/igem/unknown_software/datasets/propedia_formatted/propedia_4qc1_D/propedia_4qc1_D_peptide.pdb,propedia
propedia_4qc3_C,/home/igem/unknown_software/datasets/propedia_formatted/propedia_4qc3_C/propedia_4qc3_C_protein_pocket.pdb,/home/igem/unknown_software/datasets/propedia_formatted/propedia_4qc3_C/propedia_4qc3_C_peptide.pdb,propedia
propedia_4qc3_C,/home/igem/unknown_software/datasets/propedia_formatted/propedia_4qc3_C/propedia_4qc3_C_protein_pocket.pdb,/home/igem/unknown_software/datasets/propedia_formatted/propedia_4qc3_C/propedia_4qc3_C_peptide.pdb,propedia
propedia_4qh7_C,/home/igem/unknown_software/datasets/propedia_formatted/propedia_4qh7_C/propedia_4qh7_C_protein_pocket.pdb,/home/igem/unknown_software/datasets/propedia_formatted/propedia_4qh7_C/propedia_4qh7_C_peptide.pdb,propedia
propedia_4qh7_C,/home/igem/unknown_software/datasets/propedia_formatted/propedia_4qh7_C/propedia_4qh7_C_protein_pocket.pdb,/home/igem/unknown_software/datasets/propedia_formatted/propedia_4qh7_C/propedia_4qh7_C_peptide.pdb,propedia
propedia_4qh8_C,/home/igem/unknown_software/datasets/propedia_formatted/propedia_4qh8_C/propedia_4qh8_C_protein_pocket.pdb,/home/igem/unknown_software/datasets/propedia_formatted/propedia_4qh8_C/propedia_4qh8_C_peptide.pdb,propedia
propedia_4qh8_C,/home/igem/unknown_software/datasets/propedia_formatted/propedia_4qh8_C/propedia_4qh8_C_protein_pocket.pdb,/home/igem/unknown_software/datasets/propedia_formatted/propedia_4qh8_C/propedia_4qh8_C_peptide.pdb,propedia
propedia_4qj2_F,/home/igem/unknown_software/datasets/propedia_formatted/propedia_4qj2_F/propedia_4qj2_F_protein_pocket.pdb,/home/igem/unknown_software/datasets/propedia_formatted/propedia_4qj2_F/propedia_4qj2_F_peptide.pdb,propedia
propedia_4qj2_F,/home/igem/unknown_software/datasets/propedia_formatted/propedia_4qj2_F/propedia_4qj2_F_protein_pocket.pdb,/home/igem/unknown_software/datasets/propedia_formatted/propedia_4qj2_F/propedia_4qj2_F_peptide.pdb,propedia
propedia_4qj2_F,/home/igem/unknown_software/datasets/propedia_formatted/propedia_4qj2_F/propedia_4qj2_F_protein_pocket.pdb,/home/igem/unknown_software/datasets/propedia_formatted/propedia_4qj2_F/propedia_4qj2_F_peptide.pdb,propedia
propedia_4qj6_E,/home/igem/unknown_software/datasets/propedia_formatted/propedia_4qj6_E/propedia_4qj6_E_protein_pocket.pdb,/home/igem/unknown_software/datasets/propedia_formatted/propedia_4qj6_E/propedia_4qj6_E_peptide.pdb,propedia
propedia_4qj6_E,/home/igem/unknown_software/datasets/propedia_formatted/propedia_4qj6_E/propedia_4qj6_E_protein_pocket.pdb,/home/igem/unknown_software/datasets/propedia_formatted/propedia_4qj6_E/propedia_4qj6_E_peptide.pdb,propedia
propedia_4qj7_F,/home/igem/unknown_software/datasets/propedia_formatted/propedia_4qj7_F/propedia_4qj7_F_protein_pocket.pdb,/home/igem/unknown_software/datasets/propedia_formatted/propedia_4qj7_F/propedia_4qj7_F_peptide.pdb,propedia
propedia_4qj7_F,/home/igem/unknown_software/datasets/propedia_formatted/propedia_4qj7_F/propedia_4qj7_F_protein_pocket.pdb,/home/igem/unknown_software/datasets/propedia_formatted/propedia_4qj7_F/propedia_4qj7_F_peptide.pdb,propedia
propedia_4qj8_E,/home/igem/unknown_software/datasets/propedia_formatted/propedia_4qj8_E/propedia_4qj8_E_protein_pocket.pdb,/home/igem/unknown_software/datasets/propedia_formatted/propedia_4qj8_E/propedia_4qj8_E_peptide.pdb,propedia
propedia_4qj8_E,/home/igem/unknown_software/datasets/propedia_formatted/propedia_4qj8_E/propedia_4qj8_E_protein_pocket.pdb,/home/igem/unknown_software/datasets/propedia_formatted/propedia_4qj8_E/propedia_4qj8_E_peptide.pdb,propedia
propedia_4qj8_E,/home/igem/unknown_software/datasets/propedia_formatted/propedia_4qj8_E/propedia_4qj8_E_protein_pocket.pdb,/home/igem/unknown_software/datasets/propedia_formatted/propedia_4qj8_E/propedia_4qj8_E_peptide.pdb,propedia
propedia_4qj9_G,/home/igem/unknown_software/datasets/propedia_formatted/propedia_4qj9_G/propedia_4qj9_G_protein_pocket.pdb,/home/igem/unknown_software/datasets/propedia_formatted/propedia_4qj9_G/propedia_4qj9_G_peptide.pdb,propedia
propedia_4qj9_G,/home/igem/unknown_software/datasets/propedia_formatted/propedia_4qj9_G/propedia_4qj9_G_protein_pocket.pdb,/home/igem/unknown_software/datasets/propedia_formatted/propedia_4qj9_G/propedia_4qj9_G_peptide.pdb,propedia
propedia_4qja_P,/home/igem/unknown_software/datasets/propedia_formatted/propedia_4qja_P/propedia_4qja_P_protein_pocket.pdb,/home/igem/unknown_software/datasets/propedia_formatted/propedia_4qja_P/propedia_4qja_P_peptide.pdb,propedia
propedia_4qja_P,/home/igem/unknown_software/datasets/propedia_formatted/propedia_4qja_P/propedia_4qja_P_protein_pocket.pdb,/home/igem/unknown_software/datasets/propedia_formatted/propedia_4qja_P/propedia_4qja_P_peptide.pdb,propedia
propedia_4qli_B,/home/igem/unknown_software/datasets/propedia_formatted/propedia_4qli_B/propedia_4qli_B_protein_pocket.pdb,/home/igem/unknown_software/datasets/propedia_formatted/propedia_4qli_B/propedia_4qli_B_peptide.pdb,propedia
propedia_4qo2_B,/home/igem/unknown_software/datasets/propedia_formatted/propedia_4qo2_B/propedia_4qo2_B_protein_pocket.pdb,/home/igem/unknown_software/datasets/propedia_formatted/propedia_4qo2_B/propedia_4qo2_B_peptide.pdb,propedia
propedia_4qrq_C,/home/igem/unknown_software/datasets/propedia_formatted/propedia_4qrq_C/propedia_4qrq_C_protein_pocket.pdb,/home/igem/unknown_software/datasets/propedia_formatted/propedia_4qrq_C/propedia_4qrq_C_peptide.pdb,propedia
propedia_4qrs_C,/home/igem/unknown_software/datasets/propedia_formatted/propedia_4qrs_C/propedia_4qrs_C_protein_pocket.pdb,/home/igem/unknown_software/datasets/propedia_formatted/propedia_4qrs_C/propedia_4qrs_C_peptide.pdb,propedia
propedia_4qsy_B,/home/igem/unknown_software/datasets/propedia_formatted/propedia_4qsy_B/propedia_4qsy_B_protein_pocket.pdb,/home/igem/unknown_software/datasets/propedia_formatted/propedia_4qsy_B/propedia_4qsy_B_peptide.pdb,propedia
propedia_4qtx_E,/home/igem/unknown_software/datasets/propedia_formatted/propedia_4qtx_E/propedia_4qtx_E_protein_pocket.pdb,/home/igem/unknown_software/datasets/propedia_formatted/propedia_4qtx_E/propedia_4qtx_E_peptide.pdb,propedia
propedia_4qty_F,/home/igem/unknown_software/datasets/propedia_formatted/propedia_4qty_F/propedia_4qty_F_protein_pocket.pdb,/home/igem/unknown_software/datasets/propedia_formatted/propedia_4qty_F/propedia_4qty_F_peptide.pdb,propedia
propedia_4qu0_E,/home/igem/unknown_software/datasets/propedia_formatted/propedia_4qu0_E/propedia_4qu0_E_protein_pocket.pdb,/home/igem/unknown_software/datasets/propedia_formatted/propedia_4qu0_E/propedia_4qu0_E_peptide.pdb,propedia
propedia_4qu5_B,/home/igem/unknown_software/datasets/propedia_formatted/propedia_4qu5_B/propedia_4qu5_B_protein_pocket.pdb,/home/igem/unknown_software/datasets/propedia_formatted/propedia_4qu5_B/propedia_4qu5_B_peptide.pdb,propedia
propedia_4qu8_F,/home/igem/unknown_software/datasets/propedia_formatted/propedia_4qu8_F/propedia_4qu8_F_protein_pocket.pdb,/home/igem/unknown_software/datasets/propedia_formatted/propedia_4qu8_F/propedia_4qu8_F_peptide.pdb,propedia
propedia_4qu9_E,/home/igem/unknown_software/datasets/propedia_formatted/propedia_4qu9_E/propedia_4qu9_E_protein_pocket.pdb,/home/igem/unknown_software/datasets/propedia_formatted/propedia_4qu9_E/propedia_4qu9_E_peptide.pdb,propedia
propedia_4qua_D,/home/igem/unknown_software/datasets/propedia_formatted/propedia_4qua_D/propedia_4qua_D_protein_pocket.pdb,/home/igem/unknown_software/datasets/propedia_formatted/propedia_4qua_D/propedia_4qua_D_peptide.pdb,propedia
propedia_4qub_D,/home/igem/unknown_software/datasets/propedia_formatted/propedia_4qub_D/propedia_4qub_D_protein_pocket.pdb,/home/igem/unknown_software/datasets/propedia_formatted/propedia_4qub_D/propedia_4qub_D_peptide.pdb,propedia
propedia_4qud_C,/home/igem/unknown_software/datasets/propedia_formatted/propedia_4qud_C/propedia_4qud_C_protein_pocket.pdb,/home/igem/unknown_software/datasets/propedia_formatted/propedia_4qud_C/propedia_4qud_C_peptide.pdb,propedia
propedia_4que_D,/home/igem/unknown_software/datasets/propedia_formatted/propedia_4que_D/propedia_4que_D_protein_pocket.pdb,/home/igem/unknown_software/datasets/propedia_formatted/propedia_4que_D/propedia_4que_D_peptide.pdb,propedia
propedia_4quf_Q,/home/igem/unknown_software/datasets/propedia_formatted/propedia_4quf_Q/propedia_4quf_Q_protein_pocket.pdb,/home/igem/unknown_software/datasets/propedia_formatted/propedia_4quf_Q/propedia_4quf_Q_peptide.pdb,propedia
propedia_4qug_B,/home/igem/unknown_software/datasets/propedia_formatted/propedia_4qug_B/propedia_4qug_B_protein_pocket.pdb,/home/igem/unknown_software/datasets/propedia_formatted/propedia_4qug_B/propedia_4qug_B_peptide.pdb,propedia
propedia_4qui_C,/home/igem/unknown_software/datasets/propedia_formatted/propedia_4qui_C/propedia_4qui_C_protein_pocket.pdb,/home/igem/unknown_software/datasets/propedia_formatted/propedia_4qui_C/propedia_4qui_C_peptide.pdb,propedia
propedia_4qui_C,/home/igem/unknown_software/datasets/propedia_formatted/propedia_4qui_C/propedia_4qui_C_protein_pocket.pdb,/home/igem/unknown_software/datasets/propedia_formatted/propedia_4qui_C/propedia_4qui_C_peptide.pdb,propedia
propedia_4quj_F,/home/igem/unknown_software/datasets/propedia_formatted/propedia_4quj_F/propedia_4quj_F_protein_pocket.pdb,/home/igem/unknown_software/datasets/propedia_formatted/propedia_4quj_F/propedia_4quj_F_peptide.pdb,propedia
propedia_4qul_F,/home/igem/unknown_software/datasets/propedia_formatted/propedia_4qul_F/propedia_4qul_F_protein_pocket.pdb,/home/igem/unknown_software/datasets/propedia_formatted/propedia_4qul_F/propedia_4qul_F_peptide.pdb,propedia
propedia_4qut_B,/home/igem/unknown_software/datasets/propedia_formatted/propedia_4qut_B/propedia_4qut_B_protein_pocket.pdb,/home/igem/unknown_software/datasets/propedia_formatted/propedia_4qut_B/propedia_4qut_B_peptide.pdb,propedia
propedia_4quu_B,/home/igem/unknown_software/datasets/propedia_formatted/propedia_4quu_B/propedia_4quu_B_protein_pocket.pdb,/home/igem/unknown_software/datasets/propedia_formatted/propedia_4quu_B/propedia_4quu_B_peptide.pdb,propedia
propedia_4qwn_E,/home/igem/unknown_software/datasets/propedia_formatted/propedia_4qwn_E/propedia_4qwn_E_protein_pocket.pdb,/home/igem/unknown_software/datasets/propedia_formatted/propedia_4qwn_E/propedia_4qwn_E_peptide.pdb,propedia
propedia_4qx8_E,/home/igem/unknown_software/datasets/propedia_formatted/propedia_4qx8_E/propedia_4qx8_E_protein_pocket.pdb,/home/igem/unknown_software/datasets/propedia_formatted/propedia_4qx8_E/propedia_4qx8_E_peptide.pdb,propedia
propedia_4qxt_Q,/home/igem/unknown_software/datasets/propedia_formatted/propedia_4qxt_Q/propedia_4qxt_Q_protein_pocket.pdb,/home/igem/unknown_software/datasets/propedia_formatted/propedia_4qxt_Q/propedia_4qxt_Q_peptide.pdb,propedia
propedia_4qxt_Q,/home/igem/unknown_software/datasets/propedia_formatted/propedia_4qxt_Q/propedia_4qxt_Q_protein_pocket.pdb,/home/igem/unknown_software/datasets/propedia_formatted/propedia_4qxt_Q/propedia_4qxt_Q_peptide.pdb,propedia
propedia_4qxu_K,/home/igem/unknown_software/datasets/propedia_formatted/propedia_4qxu_K/propedia_4qxu_K_protein_pocket.pdb,/home/igem/unknown_software/datasets/propedia_formatted/propedia_4qxu_K/propedia_4qxu_K_peptide.pdb,propedia
propedia_4qxu_K,/home/igem/unknown_software/datasets/propedia_formatted/propedia_4qxu_K/propedia_4qxu_K_protein_pocket.pdb,/home/igem/unknown_software/datasets/propedia_formatted/propedia_4qxu_K/propedia_4qxu_K_peptide.pdb,propedia
propedia_4qyd_B,/home/igem/unknown_software/datasets/propedia_formatted/propedia_4qyd_B/propedia_4qyd_B_protein_pocket.pdb,/home/igem/unknown_software/datasets/propedia_formatted/propedia_4qyd_B/propedia_4qyd_B_peptide.pdb,propedia
propedia_4qyl_E,/home/igem/unknown_software/datasets/propedia_formatted/propedia_4qyl_E/propedia_4qyl_E_protein_pocket.pdb,/home/igem/unknown_software/datasets/propedia_formatted/propedia_4qyl_E/propedia_4qyl_E_peptide.pdb,propedia
propedia_4qyo_Q,/home/igem/unknown_software/datasets/propedia_formatted/propedia_4qyo_Q/propedia_4qyo_Q_protein_pocket.pdb,/home/igem/unknown_software/datasets/propedia_formatted/propedia_4qyo_Q/propedia_4qyo_Q_peptide.pdb,propedia
propedia_4qyo_Q,/home/igem/unknown_software/datasets/propedia_formatted/propedia_4qyo_Q/propedia_4qyo_Q_protein_pocket.pdb,/home/igem/unknown_software/datasets/propedia_formatted/propedia_4qyo_Q/propedia_4qyo_Q_peptide.pdb,propedia
propedia_4r7a_A,/home/igem/unknown_software/datasets/propedia_formatted/propedia_4r7a_A/propedia_4r7a_A_protein_pocket.pdb,/home/igem/unknown_software/datasets/propedia_formatted/propedia_4r7a_A/propedia_4r7a_A_peptide.pdb,propedia
propedia_4r8m_C,/home/igem/unknown_software/datasets/propedia_formatted/propedia_4r8m_C/propedia_4r8m_C_protein_pocket.pdb,/home/igem/unknown_software/datasets/propedia_formatted/propedia_4r8m_C/propedia_4r8m_C_peptide.pdb,propedia
propedia_4rh5_B,/home/igem/unknown_software/datasets/propedia_formatted/propedia_4rh5_B/propedia_4rh5_B_protein_pocket.pdb,/home/igem/unknown_software/datasets/propedia_formatted/propedia_4rh5_B/propedia_4rh5_B_peptide.pdb,propedia
propedia_4rh9_B,/home/igem/unknown_software/datasets/propedia_formatted/propedia_4rh9_B/propedia_4rh9_B_protein_pocket.pdb,/home/igem/unknown_software/datasets/propedia_formatted/propedia_4rh9_B/propedia_4rh9_B_peptide.pdb,propedia
propedia_4rhg_B,/home/igem/unknown_software/datasets/propedia_formatted/propedia_4rhg_B/propedia_4rhg_B_protein_pocket.pdb,/home/igem/unknown_software/datasets/propedia_formatted/propedia_4rhg_B/propedia_4rhg_B_peptide.pdb,propedia
propedia_4roj_D,/home/igem/unknown_software/datasets/propedia_formatted/propedia_4roj_D/propedia_4roj_D_protein_pocket.pdb,/home/igem/unknown_software/datasets/propedia_formatted/propedia_4roj_D/propedia_4roj_D_peptide.pdb,propedia
propedia_4roj_D,/home/igem/unknown_software/datasets/propedia_formatted/propedia_4roj_D/propedia_4roj_D_protein_pocket.pdb,/home/igem/unknown_software/datasets/propedia_formatted/propedia_4roj_D/propedia_4roj_D_peptide.pdb,propedia
propedia_4rrv_B,/home/igem/unknown_software/datasets/propedia_formatted/propedia_4rrv_B/propedia_4rrv_B_protein_pocket.pdb,/home/igem/unknown_software/datasets/propedia_formatted/propedia_4rrv_B/propedia_4rrv_B_peptide.pdb,propedia
propedia_4rsp_B,/home/igem/unknown_software/datasets/propedia_formatted/propedia_4rsp_B/propedia_4rsp_B_protein_pocket.pdb,/home/igem/unknown_software/datasets/propedia_formatted/propedia_4rsp_B/propedia_4rsp_B_peptide.pdb,propedia
propedia_4ru2_B,/home/igem/unknown_software/datasets/propedia_formatted/propedia_4ru2_B/propedia_4ru2_B_protein_pocket.pdb,/home/igem/unknown_software/datasets/propedia_formatted/propedia_4ru2_B/propedia_4ru2_B_peptide.pdb,propedia
propedia_4rwg_D,/home/igem/unknown_software/datasets/propedia_formatted/propedia_4rwg_D/propedia_4rwg_D_protein_pocket.pdb,/home/igem/unknown_software/datasets/propedia_formatted/propedia_4rwg_D/propedia_4rwg_D_peptide.pdb,propedia
propedia_4rxz_C,/home/igem/unknown_software/datasets/propedia_formatted/propedia_4rxz_C/propedia_4rxz_C_protein_pocket.pdb,/home/igem/unknown_software/datasets/propedia_formatted/propedia_4rxz_C/propedia_4rxz_C_peptide.pdb,propedia
propedia_4rxz_C,/home/igem/unknown_software/datasets/propedia_formatted/propedia_4rxz_C/propedia_4rxz_C_protein_pocket.pdb,/home/igem/unknown_software/datasets/propedia_formatted/propedia_4rxz_C/propedia_4rxz_C_peptide.pdb,propedia
propedia_4ryd_H,/home/igem/unknown_software/datasets/propedia_formatted/propedia_4ryd_H/propedia_4ryd_H_protein_pocket.pdb,/home/igem/unknown_software/datasets/propedia_formatted/propedia_4ryd_H/propedia_4ryd_H_peptide.pdb,propedia
propedia_4s0g_B,/home/igem/unknown_software/datasets/propedia_formatted/propedia_4s0g_B/propedia_4s0g_B_protein_pocket.pdb,/home/igem/unknown_software/datasets/propedia_formatted/propedia_4s0g_B/propedia_4s0g_B_peptide.pdb,propedia
propedia_4s15_C,/home/igem/unknown_software/datasets/propedia_formatted/propedia_4s15_C/propedia_4s15_C_protein_pocket.pdb,/home/igem/unknown_software/datasets/propedia_formatted/propedia_4s15_C/propedia_4s15_C_peptide.pdb,propedia
propedia_4s15_C,/home/igem/unknown_software/datasets/propedia_formatted/propedia_4s15_C/propedia_4s15_C_protein_pocket.pdb,/home/igem/unknown_software/datasets/propedia_formatted/propedia_4s15_C/propedia_4s15_C_peptide.pdb,propedia
propedia_4tky_E,/home/igem/unknown_software/datasets/propedia_formatted/propedia_4tky_E/propedia_4tky_E_protein_pocket.pdb,/home/igem/unknown_software/datasets/propedia_formatted/propedia_4tky_E/propedia_4tky_E_peptide.pdb,propedia
propedia_4tky_E,/home/igem/unknown_software/datasets/propedia_formatted/propedia_4tky_E/propedia_4tky_E_protein_pocket.pdb,/home/igem/unknown_software/datasets/propedia_formatted/propedia_4tky_E/propedia_4tky_E_peptide.pdb,propedia
propedia_4tky_E,/home/igem/unknown_software/datasets/propedia_formatted/propedia_4tky_E/propedia_4tky_E_protein_pocket.pdb,/home/igem/unknown_software/datasets/propedia_formatted/propedia_4tky_E/propedia_4tky_E_peptide.pdb,propedia
propedia_4tmp_B,/home/igem/unknown_software/datasets/propedia_formatted/propedia_4tmp_B/propedia_4tmp_B_protein_pocket.pdb,/home/igem/unknown_software/datasets/propedia_formatted/propedia_4tmp_B/propedia_4tmp_B_peptide.pdb,propedia
propedia_4tn7_E,/home/igem/unknown_software/datasets/propedia_formatted/propedia_4tn7_E/propedia_4tn7_E_protein_pocket.pdb,/home/igem/unknown_software/datasets/propedia_formatted/propedia_4tn7_E/propedia_4tn7_E_peptide.pdb,propedia
propedia_4tot_E,/home/igem/unknown_software/datasets/propedia_formatted/propedia_4tot_E/propedia_4tot_E_protein_pocket.pdb,/home/igem/unknown_software/datasets/propedia_formatted/propedia_4tot_E/propedia_4tot_E_peptide.pdb,propedia
propedia_4tr9_E,/home/igem/unknown_software/datasets/propedia_formatted/propedia_4tr9_E/propedia_4tr9_E_protein_pocket.pdb,/home/igem/unknown_software/datasets/propedia_formatted/propedia_4tr9_E/propedia_4tr9_E_peptide.pdb,propedia
propedia_4tr9_E,/home/igem/unknown_software/datasets/propedia_formatted/propedia_4tr9_E/propedia_4tr9_E_protein_pocket.pdb,/home/igem/unknown_software/datasets/propedia_formatted/propedia_4tr9_E/propedia_4tr9_E_peptide.pdb,propedia
propedia_4tsz_0,/home/igem/unknown_software/datasets/propedia_formatted/propedia_4tsz_0/propedia_4tsz_0_protein_pocket.pdb,/home/igem/unknown_software/datasets/propedia_formatted/propedia_4tsz_0/propedia_4tsz_0_peptide.pdb,propedia
propedia_4tt2_P,/home/igem/unknown_software/datasets/propedia_formatted/propedia_4tt2_P/propedia_4tt2_P_protein_pocket.pdb,/home/igem/unknown_software/datasets/propedia_formatted/propedia_4tt2_P/propedia_4tt2_P_peptide.pdb,propedia
propedia_4tul_I,/home/igem/unknown_software/datasets/propedia_formatted/propedia_4tul_I/propedia_4tul_I_protein_pocket.pdb,/home/igem/unknown_software/datasets/propedia_formatted/propedia_4tul_I/propedia_4tul_I_peptide.pdb,propedia
propedia_4tul_I,/home/igem/unknown_software/datasets/propedia_formatted/propedia_4tul_I/propedia_4tul_I_protein_pocket.pdb,/home/igem/unknown_software/datasets/propedia_formatted/propedia_4tul_I/propedia_4tul_I_peptide.pdb,propedia
propedia_4tvg_C,/home/igem/unknown_software/datasets/propedia_formatted/propedia_4tvg_C/propedia_4tvg_C_protein_pocket.pdb,/home/igem/unknown_software/datasets/propedia_formatted/propedia_4tvg_C/propedia_4tvg_C_peptide.pdb,propedia
propedia_4tvg_C,/home/igem/unknown_software/datasets/propedia_formatted/propedia_4tvg_C/propedia_4tvg_C_protein_pocket.pdb,/home/igem/unknown_software/datasets/propedia_formatted/propedia_4tvg_C/propedia_4tvg_C_peptide.pdb,propedia
propedia_4twi_B,/home/igem/unknown_software/datasets/propedia_formatted/propedia_4twi_B/propedia_4twi_B_protein_pocket.pdb,/home/igem/unknown_software/datasets/propedia_formatted/propedia_4twi_B/propedia_4twi_B_peptide.pdb,propedia
propedia_4twj_B,/home/igem/unknown_software/datasets/propedia_formatted/propedia_4twj_B/propedia_4twj_B_protein_pocket.pdb,/home/igem/unknown_software/datasets/propedia_formatted/propedia_4twj_B/propedia_4twj_B_peptide.pdb,propedia
propedia_4ty6_H,/home/igem/unknown_software/datasets/propedia_formatted/propedia_4ty6_H/propedia_4ty6_H_protein_pocket.pdb,/home/igem/unknown_software/datasets/propedia_formatted/propedia_4ty6_H/propedia_4ty6_H_peptide.pdb,propedia
propedia_4u0c_B,/home/igem/unknown_software/datasets/propedia_formatted/propedia_4u0c_B/propedia_4u0c_B_protein_pocket.pdb,/home/igem/unknown_software/datasets/propedia_formatted/propedia_4u0c_B/propedia_4u0c_B_peptide.pdb,propedia
propedia_4u1p_B,/home/igem/unknown_software/datasets/propedia_formatted/propedia_4u1p_B/propedia_4u1p_B_protein_pocket.pdb,/home/igem/unknown_software/datasets/propedia_formatted/propedia_4u1p_B/propedia_4u1p_B_peptide.pdb,propedia
propedia_4u1s_C,/home/igem/unknown_software/datasets/propedia_formatted/propedia_4u1s_C/propedia_4u1s_C_protein_pocket.pdb,/home/igem/unknown_software/datasets/propedia_formatted/propedia_4u1s_C/propedia_4u1s_C_peptide.pdb,propedia
propedia_4u68_D,/home/igem/unknown_software/datasets/propedia_formatted/propedia_4u68_D/propedia_4u68_D_protein_pocket.pdb,/home/igem/unknown_software/datasets/propedia_formatted/propedia_4u68_D/propedia_4u68_D_peptide.pdb,propedia
propedia_4u6x_P,/home/igem/unknown_software/datasets/propedia_formatted/propedia_4u6x_P/propedia_4u6x_P_protein_pocket.pdb,/home/igem/unknown_software/datasets/propedia_formatted/propedia_4u6x_P/propedia_4u6x_P_peptide.pdb,propedia
propedia_4u90_D,/home/igem/unknown_software/datasets/propedia_formatted/propedia_4u90_D/propedia_4u90_D_protein_pocket.pdb,/home/igem/unknown_software/datasets/propedia_formatted/propedia_4u90_D/propedia_4u90_D_peptide.pdb,propedia
propedia_4u9w_E,/home/igem/unknown_software/datasets/propedia_formatted/propedia_4u9w_E/propedia_4u9w_E_protein_pocket.pdb,/home/igem/unknown_software/datasets/propedia_formatted/propedia_4u9w_E/propedia_4u9w_E_peptide.pdb,propedia
propedia_4udw_I,/home/igem/unknown_software/datasets/propedia_formatted/propedia_4udw_I/propedia_4udw_I_protein_pocket.pdb,/home/igem/unknown_software/datasets/propedia_formatted/propedia_4udw_I/propedia_4udw_I_peptide.pdb,propedia
propedia_4ue7_I,/home/igem/unknown_software/datasets/propedia_formatted/propedia_4ue7_I/propedia_4ue7_I_protein_pocket.pdb,/home/igem/unknown_software/datasets/propedia_formatted/propedia_4ue7_I/propedia_4ue7_I_peptide.pdb,propedia
propedia_4ueh_I,/home/igem/unknown_software/datasets/propedia_formatted/propedia_4ueh_I/propedia_4ueh_I_protein_pocket.pdb,/home/igem/unknown_software/datasets/propedia_formatted/propedia_4ueh_I/propedia_4ueh_I_peptide.pdb,propedia
propedia_4ufe_I,/home/igem/unknown_software/datasets/propedia_formatted/propedia_4ufe_I/propedia_4ufe_I_protein_pocket.pdb,/home/igem/unknown_software/datasets/propedia_formatted/propedia_4ufe_I/propedia_4ufe_I_peptide.pdb,propedia
propedia_4uff_I,/home/igem/unknown_software/datasets/propedia_formatted/propedia_4uff_I/propedia_4uff_I_protein_pocket.pdb,/home/igem/unknown_software/datasets/propedia_formatted/propedia_4uff_I/propedia_4uff_I_peptide.pdb,propedia
propedia_4ufg_I,/home/igem/unknown_software/datasets/propedia_formatted/propedia_4ufg_I/propedia_4ufg_I_protein_pocket.pdb,/home/igem/unknown_software/datasets/propedia_formatted/propedia_4ufg_I/propedia_4ufg_I_peptide.pdb,propedia
propedia_4um9_E,/home/igem/unknown_software/datasets/propedia_formatted/propedia_4um9_E/propedia_4um9_E_protein_pocket.pdb,/home/igem/unknown_software/datasets/propedia_formatted/propedia_4um9_E/propedia_4um9_E_peptide.pdb,propedia
propedia_4um9_E,/home/igem/unknown_software/datasets/propedia_formatted/propedia_4um9_E/propedia_4um9_E_protein_pocket.pdb,/home/igem/unknown_software/datasets/propedia_formatted/propedia_4um9_E/propedia_4um9_E_peptide.pdb,propedia
propedia_4um9_E,/home/igem/unknown_software/datasets/propedia_formatted/propedia_4um9_E/propedia_4um9_E_protein_pocket.pdb,/home/igem/unknown_software/datasets/propedia_formatted/propedia_4um9_E/propedia_4um9_E_peptide.pdb,propedia
propedia_4umn_C,/home/igem/unknown_software/datasets/propedia_formatted/propedia_4umn_C/propedia_4umn_C_protein_pocket.pdb,/home/igem/unknown_software/datasets/propedia_formatted/propedia_4umn_C/propedia_4umn_C_peptide.pdb,propedia
propedia_4umn_C,/home/igem/unknown_software/datasets/propedia_formatted/propedia_4umn_C/propedia_4umn_C_protein_pocket.pdb,/home/igem/unknown_software/datasets/propedia_formatted/propedia_4umn_C/propedia_4umn_C_peptide.pdb,propedia
propedia_4up0_F,/home/igem/unknown_software/datasets/propedia_formatted/propedia_4up0_F/propedia_4up0_F_protein_pocket.pdb,/home/igem/unknown_software/datasets/propedia_formatted/propedia_4up0_F/propedia_4up0_F_peptide.pdb,propedia
propedia_4uq2_E,/home/igem/unknown_software/datasets/propedia_formatted/propedia_4uq2_E/propedia_4uq2_E_protein_pocket.pdb,/home/igem/unknown_software/datasets/propedia_formatted/propedia_4uq2_E/propedia_4uq2_E_peptide.pdb,propedia
propedia_4uq2_E,/home/igem/unknown_software/datasets/propedia_formatted/propedia_4uq2_E/propedia_4uq2_E_protein_pocket.pdb,/home/igem/unknown_software/datasets/propedia_formatted/propedia_4uq2_E/propedia_4uq2_E_peptide.pdb,propedia
propedia_4uq3_E,/home/igem/unknown_software/datasets/propedia_formatted/propedia_4uq3_E/propedia_4uq3_E_protein_pocket.pdb,/home/igem/unknown_software/datasets/propedia_formatted/propedia_4uq3_E/propedia_4uq3_E_peptide.pdb,propedia
propedia_4usl_D,/home/igem/unknown_software/datasets/propedia_formatted/propedia_4usl_D/propedia_4usl_D_protein_pocket.pdb,/home/igem/unknown_software/datasets/propedia_formatted/propedia_4usl_D/propedia_4usl_D_peptide.pdb,propedia
propedia_4utv_C,/home/igem/unknown_software/datasets/propedia_formatted/propedia_4utv_C/propedia_4utv_C_protein_pocket.pdb,/home/igem/unknown_software/datasets/propedia_formatted/propedia_4utv_C/propedia_4utv_C_peptide.pdb,propedia
propedia_4ux9_F,/home/igem/unknown_software/datasets/propedia_formatted/propedia_4ux9_F/propedia_4ux9_F_protein_pocket.pdb,/home/igem/unknown_software/datasets/propedia_formatted/propedia_4ux9_F/propedia_4ux9_F_peptide.pdb,propedia
propedia_4uy4_C,/home/igem/unknown_software/datasets/propedia_formatted/propedia_4uy4_C/propedia_4uy4_C_protein_pocket.pdb,/home/igem/unknown_software/datasets/propedia_formatted/propedia_4uy4_C/propedia_4uy4_C_peptide.pdb,propedia
propedia_4v11_B,/home/igem/unknown_software/datasets/propedia_formatted/propedia_4v11_B/propedia_4v11_B_protein_pocket.pdb,/home/igem/unknown_software/datasets/propedia_formatted/propedia_4v11_B/propedia_4v11_B_peptide.pdb,propedia
propedia_4v2v_C,/home/igem/unknown_software/datasets/propedia_formatted/propedia_4v2v_C/propedia_4v2v_C_protein_pocket.pdb,/home/igem/unknown_software/datasets/propedia_formatted/propedia_4v2v_C/propedia_4v2v_C_peptide.pdb,propedia
propedia_4v3i_B,/home/igem/unknown_software/datasets/propedia_formatted/propedia_4v3i_B/propedia_4v3i_B_protein_pocket.pdb,/home/igem/unknown_software/datasets/propedia_formatted/propedia_4v3i_B/propedia_4v3i_B_peptide.pdb,propedia
propedia_4vgc_A,/home/igem/unknown_software/datasets/propedia_formatted/propedia_4vgc_A/propedia_4vgc_A_protein_pocket.pdb,/home/igem/unknown_software/datasets/propedia_formatted/propedia_4vgc_A/propedia_4vgc_A_peptide.pdb,propedia
propedia_4vgc_A,/home/igem/unknown_software/datasets/propedia_formatted/propedia_4vgc_A/propedia_4vgc_A_protein_pocket.pdb,/home/igem/unknown_software/datasets/propedia_formatted/propedia_4vgc_A/propedia_4vgc_A_peptide.pdb,propedia
propedia_4w50_E,/home/igem/unknown_software/datasets/propedia_formatted/propedia_4w50_E/propedia_4w50_E_protein_pocket.pdb,/home/igem/unknown_software/datasets/propedia_formatted/propedia_4w50_E/propedia_4w50_E_peptide.pdb,propedia
propedia_4wdi_C,/home/igem/unknown_software/datasets/propedia_formatted/propedia_4wdi_C/propedia_4wdi_C_protein_pocket.pdb,/home/igem/unknown_software/datasets/propedia_formatted/propedia_4wdi_C/propedia_4wdi_C_peptide.pdb,propedia
propedia_4wht_a,/home/igem/unknown_software/datasets/propedia_formatted/propedia_4wht_a/propedia_4wht_a_protein_pocket.pdb,/home/igem/unknown_software/datasets/propedia_formatted/propedia_4wht_a/propedia_4wht_a_peptide.pdb,propedia
propedia_4wht_a,/home/igem/unknown_software/datasets/propedia_formatted/propedia_4wht_a/propedia_4wht_a_protein_pocket.pdb,/home/igem/unknown_software/datasets/propedia_formatted/propedia_4wht_a/propedia_4wht_a_peptide.pdb,propedia
propedia_4wj5_C,/home/igem/unknown_software/datasets/propedia_formatted/propedia_4wj5_C/propedia_4wj5_C_protein_pocket.pdb,/home/igem/unknown_software/datasets/propedia_formatted/propedia_4wj5_C/propedia_4wj5_C_peptide.pdb,propedia
propedia_4wjp_B,/home/igem/unknown_software/datasets/propedia_formatted/propedia_4wjp_B/propedia_4wjp_B_protein_pocket.pdb,/home/igem/unknown_software/datasets/propedia_formatted/propedia_4wjp_B/propedia_4wjp_B_peptide.pdb,propedia
propedia_4wjp_B,/home/igem/unknown_software/datasets/propedia_formatted/propedia_4wjp_B/propedia_4wjp_B_protein_pocket.pdb,/home/igem/unknown_software/datasets/propedia_formatted/propedia_4wjp_B/propedia_4wjp_B_peptide.pdb,propedia
propedia_4wjq_B,/home/igem/unknown_software/datasets/propedia_formatted/propedia_4wjq_B/propedia_4wjq_B_protein_pocket.pdb,/home/igem/unknown_software/datasets/propedia_formatted/propedia_4wjq_B/propedia_4wjq_B_peptide.pdb,propedia
propedia_4wjq_B,/home/igem/unknown_software/datasets/propedia_formatted/propedia_4wjq_B/propedia_4wjq_B_protein_pocket.pdb,/home/igem/unknown_software/datasets/propedia_formatted/propedia_4wjq_B/propedia_4wjq_B_peptide.pdb,propedia
propedia_4wk2_C,/home/igem/unknown_software/datasets/propedia_formatted/propedia_4wk2_C/propedia_4wk2_C_protein_pocket.pdb,/home/igem/unknown_software/datasets/propedia_formatted/propedia_4wk2_C/propedia_4wk2_C_peptide.pdb,propedia
propedia_4wk2_C,/home/igem/unknown_software/datasets/propedia_formatted/propedia_4wk2_C/propedia_4wk2_C_protein_pocket.pdb,/home/igem/unknown_software/datasets/propedia_formatted/propedia_4wk2_C/propedia_4wk2_C_peptide.pdb,propedia
propedia_4wk4_C,/home/igem/unknown_software/datasets/propedia_formatted/propedia_4wk4_C/propedia_4wk4_C_protein_pocket.pdb,/home/igem/unknown_software/datasets/propedia_formatted/propedia_4wk4_C/propedia_4wk4_C_peptide.pdb,propedia
propedia_4wk4_C,/home/igem/unknown_software/datasets/propedia_formatted/propedia_4wk4_C/propedia_4wk4_C_protein_pocket.pdb,/home/igem/unknown_software/datasets/propedia_formatted/propedia_4wk4_C/propedia_4wk4_C_peptide.pdb,propedia
propedia_4wkm_I,/home/igem/unknown_software/datasets/propedia_formatted/propedia_4wkm_I/propedia_4wkm_I_protein_pocket.pdb,/home/igem/unknown_software/datasets/propedia_formatted/propedia_4wkm_I/propedia_4wkm_I_peptide.pdb,propedia
propedia_4wlb_D,/home/igem/unknown_software/datasets/propedia_formatted/propedia_4wlb_D/propedia_4wlb_D_protein_pocket.pdb,/home/igem/unknown_software/datasets/propedia_formatted/propedia_4wlb_D/propedia_4wlb_D_peptide.pdb,propedia
propedia_4wlb_D,/home/igem/unknown_software/datasets/propedia_formatted/propedia_4wlb_D/propedia_4wlb_D_protein_pocket.pdb,/home/igem/unknown_software/datasets/propedia_formatted/propedia_4wlb_D/propedia_4wlb_D_peptide.pdb,propedia
propedia_4wnn_T,/home/igem/unknown_software/datasets/propedia_formatted/propedia_4wnn_T/propedia_4wnn_T_protein_pocket.pdb,/home/igem/unknown_software/datasets/propedia_formatted/propedia_4wnn_T/propedia_4wnn_T_peptide.pdb,propedia
propedia_4wnn_T,/home/igem/unknown_software/datasets/propedia_formatted/propedia_4wnn_T/propedia_4wnn_T_protein_pocket.pdb,/home/igem/unknown_software/datasets/propedia_formatted/propedia_4wnn_T/propedia_4wnn_T_peptide.pdb,propedia
propedia_4wrq_C,/home/igem/unknown_software/datasets/propedia_formatted/propedia_4wrq_C/propedia_4wrq_C_protein_pocket.pdb,/home/igem/unknown_software/datasets/propedia_formatted/propedia_4wrq_C/propedia_4wrq_C_peptide.pdb,propedia
propedia_4wsf_B,/home/igem/unknown_software/datasets/propedia_formatted/propedia_4wsf_B/propedia_4wsf_B_protein_pocket.pdb,/home/igem/unknown_software/datasets/propedia_formatted/propedia_4wsf_B/propedia_4wsf_B_peptide.pdb,propedia
propedia_4wu7_C,/home/igem/unknown_software/datasets/propedia_formatted/propedia_4wu7_C/propedia_4wu7_C_protein_pocket.pdb,/home/igem/unknown_software/datasets/propedia_formatted/propedia_4wu7_C/propedia_4wu7_C_peptide.pdb,propedia
propedia_4wu7_C,/home/igem/unknown_software/datasets/propedia_formatted/propedia_4wu7_C/propedia_4wu7_C_protein_pocket.pdb,/home/igem/unknown_software/datasets/propedia_formatted/propedia_4wu7_C/propedia_4wu7_C_peptide.pdb,propedia
propedia_4wv6_B,/home/igem/unknown_software/datasets/propedia_formatted/propedia_4wv6_B/propedia_4wv6_B_protein_pocket.pdb,/home/igem/unknown_software/datasets/propedia_formatted/propedia_4wv6_B/propedia_4wv6_B_peptide.pdb,propedia
propedia_4wvh_C,/home/igem/unknown_software/datasets/propedia_formatted/propedia_4wvh_C/propedia_4wvh_C_protein_pocket.pdb,/home/igem/unknown_software/datasets/propedia_formatted/propedia_4wvh_C/propedia_4wvh_C_peptide.pdb,propedia
propedia_4wvi_D,/home/igem/unknown_software/datasets/propedia_formatted/propedia_4wvi_D/propedia_4wvi_D_protein_pocket.pdb,/home/igem/unknown_software/datasets/propedia_formatted/propedia_4wvi_D/propedia_4wvi_D_peptide.pdb,propedia
propedia_4wvs_B,/home/igem/unknown_software/datasets/propedia_formatted/propedia_4wvs_B/propedia_4wvs_B_protein_pocket.pdb,/home/igem/unknown_software/datasets/propedia_formatted/propedia_4wvs_B/propedia_4wvs_B_peptide.pdb,propedia
propedia_4wvt_C,/home/igem/unknown_software/datasets/propedia_formatted/propedia_4wvt_C/propedia_4wvt_C_protein_pocket.pdb,/home/igem/unknown_software/datasets/propedia_formatted/propedia_4wvt_C/propedia_4wvt_C_peptide.pdb,propedia
propedia_4wvu_B,/home/igem/unknown_software/datasets/propedia_formatted/propedia_4wvu_B/propedia_4wvu_B_protein_pocket.pdb,/home/igem/unknown_software/datasets/propedia_formatted/propedia_4wvu_B/propedia_4wvu_B_peptide.pdb,propedia
propedia_4x0w_P,/home/igem/unknown_software/datasets/propedia_formatted/propedia_4x0w_P/propedia_4x0w_P_protein_pocket.pdb,/home/igem/unknown_software/datasets/propedia_formatted/propedia_4x0w_P/propedia_4x0w_P_peptide.pdb,propedia
propedia_4x1h_C,/home/igem/unknown_software/datasets/propedia_formatted/propedia_4x1h_C/propedia_4x1h_C_protein_pocket.pdb,/home/igem/unknown_software/datasets/propedia_formatted/propedia_4x1h_C/propedia_4x1h_C_peptide.pdb,propedia
propedia_4x1n_P,/home/igem/unknown_software/datasets/propedia_formatted/propedia_4x1n_P/propedia_4x1n_P_protein_pocket.pdb,/home/igem/unknown_software/datasets/propedia_formatted/propedia_4x1n_P/propedia_4x1n_P_peptide.pdb,propedia
propedia_4x1p_P,/home/igem/unknown_software/datasets/propedia_formatted/propedia_4x1p_P/propedia_4x1p_P_protein_pocket.pdb,/home/igem/unknown_software/datasets/propedia_formatted/propedia_4x1p_P/propedia_4x1p_P_peptide.pdb,propedia
propedia_4x1q_P,/home/igem/unknown_software/datasets/propedia_formatted/propedia_4x1q_P/propedia_4x1q_P_protein_pocket.pdb,/home/igem/unknown_software/datasets/propedia_formatted/propedia_4x1q_P/propedia_4x1q_P_peptide.pdb,propedia
propedia_4x1r_P,/home/igem/unknown_software/datasets/propedia_formatted/propedia_4x1r_P/propedia_4x1r_P_protein_pocket.pdb,/home/igem/unknown_software/datasets/propedia_formatted/propedia_4x1r_P/propedia_4x1r_P_peptide.pdb,propedia
propedia_4x1s_P,/home/igem/unknown_software/datasets/propedia_formatted/propedia_4x1s_P/propedia_4x1s_P_protein_pocket.pdb,/home/igem/unknown_software/datasets/propedia_formatted/propedia_4x1s_P/propedia_4x1s_P_peptide.pdb,propedia
propedia_4x2h_C,/home/igem/unknown_software/datasets/propedia_formatted/propedia_4x2h_C/propedia_4x2h_C_protein_pocket.pdb,/home/igem/unknown_software/datasets/propedia_formatted/propedia_4x2h_C/propedia_4x2h_C_peptide.pdb,propedia
propedia_4x2o_C,/home/igem/unknown_software/datasets/propedia_formatted/propedia_4x2o_C/propedia_4x2o_C_protein_pocket.pdb,/home/igem/unknown_software/datasets/propedia_formatted/propedia_4x2o_C/propedia_4x2o_C_peptide.pdb,propedia
propedia_4x2v_E,/home/igem/unknown_software/datasets/propedia_formatted/propedia_4x2v_E/propedia_4x2v_E_protein_pocket.pdb,/home/igem/unknown_software/datasets/propedia_formatted/propedia_4x2v_E/propedia_4x2v_E_peptide.pdb,propedia
propedia_4x34_C,/home/igem/unknown_software/datasets/propedia_formatted/propedia_4x34_C/propedia_4x34_C_protein_pocket.pdb,/home/igem/unknown_software/datasets/propedia_formatted/propedia_4x34_C/propedia_4x34_C_peptide.pdb,propedia
propedia_4x3e_B,/home/igem/unknown_software/datasets/propedia_formatted/propedia_4x3e_B/propedia_4x3e_B_protein_pocket.pdb,/home/igem/unknown_software/datasets/propedia_formatted/propedia_4x3e_B/propedia_4x3e_B_peptide.pdb,propedia
propedia_4x3g_C,/home/igem/unknown_software/datasets/propedia_formatted/propedia_4x3g_C/propedia_4x3g_C_protein_pocket.pdb,/home/igem/unknown_software/datasets/propedia_formatted/propedia_4x3g_C/propedia_4x3g_C_peptide.pdb,propedia
propedia_4x3h_B,/home/igem/unknown_software/datasets/propedia_formatted/propedia_4x3h_B/propedia_4x3h_B_protein_pocket.pdb,/home/igem/unknown_software/datasets/propedia_formatted/propedia_4x3h_B/propedia_4x3h_B_peptide.pdb,propedia
propedia_4x3i_B,/home/igem/unknown_software/datasets/propedia_formatted/propedia_4x3i_B/propedia_4x3i_B_protein_pocket.pdb,/home/igem/unknown_software/datasets/propedia_formatted/propedia_4x3i_B/propedia_4x3i_B_peptide.pdb,propedia
propedia_4x3k_C,/home/igem/unknown_software/datasets/propedia_formatted/propedia_4x3k_C/propedia_4x3k_C_protein_pocket.pdb,/home/igem/unknown_software/datasets/propedia_formatted/propedia_4x3k_C/propedia_4x3k_C_peptide.pdb,propedia
propedia_4x3o_C,/home/igem/unknown_software/datasets/propedia_formatted/propedia_4x3o_C/propedia_4x3o_C_protein_pocket.pdb,/home/igem/unknown_software/datasets/propedia_formatted/propedia_4x3o_C/propedia_4x3o_C_peptide.pdb,propedia
propedia_4x3p_C,/home/igem/unknown_software/datasets/propedia_formatted/propedia_4x3p_C/propedia_4x3p_C_protein_pocket.pdb,/home/igem/unknown_software/datasets/propedia_formatted/propedia_4x3p_C/propedia_4x3p_C_peptide.pdb,propedia
propedia_4x3s_C,/home/igem/unknown_software/datasets/propedia_formatted/propedia_4x3s_C/propedia_4x3s_C_protein_pocket.pdb,/home/igem/unknown_software/datasets/propedia_formatted/propedia_4x3s_C/propedia_4x3s_C_peptide.pdb,propedia
propedia_4x8n_B,/home/igem/unknown_software/datasets/propedia_formatted/propedia_4x8n_B/propedia_4x8n_B_protein_pocket.pdb,/home/igem/unknown_software/datasets/propedia_formatted/propedia_4x8n_B/propedia_4x8n_B_peptide.pdb,propedia
propedia_4x8p_B,/home/igem/unknown_software/datasets/propedia_formatted/propedia_4x8p_B/propedia_4x8p_B_protein_pocket.pdb,/home/igem/unknown_software/datasets/propedia_formatted/propedia_4x8p_B/propedia_4x8p_B_peptide.pdb,propedia
propedia_4x9r_B,/home/igem/unknown_software/datasets/propedia_formatted/propedia_4x9r_B/propedia_4x9r_B_protein_pocket.pdb,/home/igem/unknown_software/datasets/propedia_formatted/propedia_4x9r_B/propedia_4x9r_B_peptide.pdb,propedia
propedia_4x9v_B,/home/igem/unknown_software/datasets/propedia_formatted/propedia_4x9v_B/propedia_4x9v_B_protein_pocket.pdb,/home/igem/unknown_software/datasets/propedia_formatted/propedia_4x9v_B/propedia_4x9v_B_peptide.pdb,propedia
propedia_4xal_B,/home/igem/unknown_software/datasets/propedia_formatted/propedia_4xal_B/propedia_4xal_B_protein_pocket.pdb,/home/igem/unknown_software/datasets/propedia_formatted/propedia_4xal_B/propedia_4xal_B_peptide.pdb,propedia
propedia_4xc2_E,/home/igem/unknown_software/datasets/propedia_formatted/propedia_4xc2_E/propedia_4xc2_E_protein_pocket.pdb,/home/igem/unknown_software/datasets/propedia_formatted/propedia_4xc2_E/propedia_4xc2_E_peptide.pdb,propedia
propedia_4xc2_E,/home/igem/unknown_software/datasets/propedia_formatted/propedia_4xc2_E/propedia_4xc2_E_protein_pocket.pdb,/home/igem/unknown_software/datasets/propedia_formatted/propedia_4xc2_E/propedia_4xc2_E_peptide.pdb,propedia
propedia_4xhv_B,/home/igem/unknown_software/datasets/propedia_formatted/propedia_4xhv_B/propedia_4xhv_B_protein_pocket.pdb,/home/igem/unknown_software/datasets/propedia_formatted/propedia_4xhv_B/propedia_4xhv_B_peptide.pdb,propedia
propedia_4xi7_C,/home/igem/unknown_software/datasets/propedia_formatted/propedia_4xi7_C/propedia_4xi7_C_protein_pocket.pdb,/home/igem/unknown_software/datasets/propedia_formatted/propedia_4xi7_C/propedia_4xi7_C_peptide.pdb,propedia
propedia_4xib_C,/home/igem/unknown_software/datasets/propedia_formatted/propedia_4xib_C/propedia_4xib_C_protein_pocket.pdb,/home/igem/unknown_software/datasets/propedia_formatted/propedia_4xib_C/propedia_4xib_C_peptide.pdb,propedia
propedia_4xnh_F,/home/igem/unknown_software/datasets/propedia_formatted/propedia_4xnh_F/propedia_4xnh_F_protein_pocket.pdb,/home/igem/unknown_software/datasets/propedia_formatted/propedia_4xnh_F/propedia_4xnh_F_peptide.pdb,propedia
propedia_4xnh_F,/home/igem/unknown_software/datasets/propedia_formatted/propedia_4xnh_F/propedia_4xnh_F_protein_pocket.pdb,/home/igem/unknown_software/datasets/propedia_formatted/propedia_4xnh_F/propedia_4xnh_F_peptide.pdb,propedia
propedia_4xxd_C,/home/igem/unknown_software/datasets/propedia_formatted/propedia_4xxd_C/propedia_4xxd_C_protein_pocket.pdb,/home/igem/unknown_software/datasets/propedia_formatted/propedia_4xxd_C/propedia_4xxd_C_peptide.pdb,propedia
propedia_4xxd_C,/home/igem/unknown_software/datasets/propedia_formatted/propedia_4xxd_C/propedia_4xxd_C_protein_pocket.pdb,/home/igem/unknown_software/datasets/propedia_formatted/propedia_4xxd_C/propedia_4xxd_C_peptide.pdb,propedia
propedia_4y1c_C,/home/igem/unknown_software/datasets/propedia_formatted/propedia_4y1c_C/propedia_4y1c_C_protein_pocket.pdb,/home/igem/unknown_software/datasets/propedia_formatted/propedia_4y1c_C/propedia_4y1c_C_peptide.pdb,propedia
propedia_4y1c_C,/home/igem/unknown_software/datasets/propedia_formatted/propedia_4y1c_C/propedia_4y1c_C_protein_pocket.pdb,/home/igem/unknown_software/datasets/propedia_formatted/propedia_4y1c_C/propedia_4y1c_C_peptide.pdb,propedia
propedia_4y1d_D,/home/igem/unknown_software/datasets/propedia_formatted/propedia_4y1d_D/propedia_4y1d_D_protein_pocket.pdb,/home/igem/unknown_software/datasets/propedia_formatted/propedia_4y1d_D/propedia_4y1d_D_peptide.pdb,propedia
propedia_4y1d_D,/home/igem/unknown_software/datasets/propedia_formatted/propedia_4y1d_D/propedia_4y1d_D_protein_pocket.pdb,/home/igem/unknown_software/datasets/propedia_formatted/propedia_4y1d_D/propedia_4y1d_D_peptide.pdb,propedia
propedia_4y2g_B,/home/igem/unknown_software/datasets/propedia_formatted/propedia_4y2g_B/propedia_4y2g_B_protein_pocket.pdb,/home/igem/unknown_software/datasets/propedia_formatted/propedia_4y2g_B/propedia_4y2g_B_peptide.pdb,propedia
propedia_4y32_C,/home/igem/unknown_software/datasets/propedia_formatted/propedia_4y32_C/propedia_4y32_C_protein_pocket.pdb,/home/igem/unknown_software/datasets/propedia_formatted/propedia_4y32_C/propedia_4y32_C_peptide.pdb,propedia
propedia_4y3b_C,/home/igem/unknown_software/datasets/propedia_formatted/propedia_4y3b_C/propedia_4y3b_C_protein_pocket.pdb,/home/igem/unknown_software/datasets/propedia_formatted/propedia_4y3b_C/propedia_4y3b_C_peptide.pdb,propedia
propedia_4y5i_F,/home/igem/unknown_software/datasets/propedia_formatted/propedia_4y5i_F/propedia_4y5i_F_protein_pocket.pdb,/home/igem/unknown_software/datasets/propedia_formatted/propedia_4y5i_F/propedia_4y5i_F_peptide.pdb,propedia
propedia_4y6l_C,/home/igem/unknown_software/datasets/propedia_formatted/propedia_4y6l_C/propedia_4y6l_C_protein_pocket.pdb,/home/igem/unknown_software/datasets/propedia_formatted/propedia_4y6l_C/propedia_4y6l_C_peptide.pdb,propedia
propedia_4y6o_C,/home/igem/unknown_software/datasets/propedia_formatted/propedia_4y6o_C/propedia_4y6o_C_protein_pocket.pdb,/home/igem/unknown_software/datasets/propedia_formatted/propedia_4y6o_C/propedia_4y6o_C_peptide.pdb,propedia
propedia_4y8h_c,/home/igem/unknown_software/datasets/propedia_formatted/propedia_4y8h_c/propedia_4y8h_c_protein_pocket.pdb,/home/igem/unknown_software/datasets/propedia_formatted/propedia_4y8h_c/propedia_4y8h_c_peptide.pdb,propedia
propedia_4y8h_c,/home/igem/unknown_software/datasets/propedia_formatted/propedia_4y8h_c/propedia_4y8h_c_protein_pocket.pdb,/home/igem/unknown_software/datasets/propedia_formatted/propedia_4y8h_c/propedia_4y8h_c_peptide.pdb,propedia
propedia_4y8l_c,/home/igem/unknown_software/datasets/propedia_formatted/propedia_4y8l_c/propedia_4y8l_c_protein_pocket.pdb,/home/igem/unknown_software/datasets/propedia_formatted/propedia_4y8l_c/propedia_4y8l_c_peptide.pdb,propedia
propedia_4y8l_c,/home/igem/unknown_software/datasets/propedia_formatted/propedia_4y8l_c/propedia_4y8l_c_protein_pocket.pdb,/home/igem/unknown_software/datasets/propedia_formatted/propedia_4y8l_c/propedia_4y8l_c_peptide.pdb,propedia
propedia_4y9w_B,/home/igem/unknown_software/datasets/propedia_formatted/propedia_4y9w_B/propedia_4y9w_B_protein_pocket.pdb,/home/igem/unknown_software/datasets/propedia_formatted/propedia_4y9w_B/propedia_4y9w_B_peptide.pdb,propedia
propedia_4yhz_P,/home/igem/unknown_software/datasets/propedia_formatted/propedia_4yhz_P/propedia_4yhz_P_protein_pocket.pdb,/home/igem/unknown_software/datasets/propedia_formatted/propedia_4yhz_P/propedia_4yhz_P_peptide.pdb,propedia
propedia_4yhz_P,/home/igem/unknown_software/datasets/propedia_formatted/propedia_4yhz_P/propedia_4yhz_P_protein_pocket.pdb,/home/igem/unknown_software/datasets/propedia_formatted/propedia_4yhz_P/propedia_4yhz_P_peptide.pdb,propedia
propedia_4yje_B,/home/igem/unknown_software/datasets/propedia_formatted/propedia_4yje_B/propedia_4yje_B_protein_pocket.pdb,/home/igem/unknown_software/datasets/propedia_formatted/propedia_4yje_B/propedia_4yje_B_peptide.pdb,propedia
propedia_4yk6_B,/home/igem/unknown_software/datasets/propedia_formatted/propedia_4yk6_B/propedia_4yk6_B_protein_pocket.pdb,/home/igem/unknown_software/datasets/propedia_formatted/propedia_4yk6_B/propedia_4yk6_B_peptide.pdb,propedia
propedia_4ynl_C,/home/igem/unknown_software/datasets/propedia_formatted/propedia_4ynl_C/propedia_4ynl_C_protein_pocket.pdb,/home/igem/unknown_software/datasets/propedia_formatted/propedia_4ynl_C/propedia_4ynl_C_peptide.pdb,propedia
propedia_4ynl_C,/home/igem/unknown_software/datasets/propedia_formatted/propedia_4ynl_C/propedia_4ynl_C_protein_pocket.pdb,/home/igem/unknown_software/datasets/propedia_formatted/propedia_4ynl_C/propedia_4ynl_C_peptide.pdb,propedia
propedia_4yo0_E,/home/igem/unknown_software/datasets/propedia_formatted/propedia_4yo0_E/propedia_4yo0_E_protein_pocket.pdb,/home/igem/unknown_software/datasets/propedia_formatted/propedia_4yo0_E/propedia_4yo0_E_peptide.pdb,propedia
propedia_4yo0_E,/home/igem/unknown_software/datasets/propedia_formatted/propedia_4yo0_E/propedia_4yo0_E_protein_pocket.pdb,/home/igem/unknown_software/datasets/propedia_formatted/propedia_4yo0_E/propedia_4yo0_E_peptide.pdb,propedia
propedia_4yr6_C,/home/igem/unknown_software/datasets/propedia_formatted/propedia_4yr6_C/propedia_4yr6_C_protein_pocket.pdb,/home/igem/unknown_software/datasets/propedia_formatted/propedia_4yr6_C/propedia_4yr6_C_peptide.pdb,propedia
propedia_4yr6_C,/home/igem/unknown_software/datasets/propedia_formatted/propedia_4yr6_C/propedia_4yr6_C_protein_pocket.pdb,/home/igem/unknown_software/datasets/propedia_formatted/propedia_4yr6_C/propedia_4yr6_C_peptide.pdb,propedia
propedia_4yv8_B,/home/igem/unknown_software/datasets/propedia_formatted/propedia_4yv8_B/propedia_4yv8_B_protein_pocket.pdb,/home/igem/unknown_software/datasets/propedia_formatted/propedia_4yv8_B/propedia_4yv8_B_peptide.pdb,propedia
propedia_4yv9_E,/home/igem/unknown_software/datasets/propedia_formatted/propedia_4yv9_E/propedia_4yv9_E_protein_pocket.pdb,/home/igem/unknown_software/datasets/propedia_formatted/propedia_4yv9_E/propedia_4yv9_E_peptide.pdb,propedia
propedia_4yy6_Z,/home/igem/unknown_software/datasets/propedia_formatted/propedia_4yy6_Z/propedia_4yy6_Z_protein_pocket.pdb,/home/igem/unknown_software/datasets/propedia_formatted/propedia_4yy6_Z/propedia_4yy6_Z_peptide.pdb,propedia
propedia_4yyd_Z,/home/igem/unknown_software/datasets/propedia_formatted/propedia_4yyd_Z/propedia_4yyd_Z_protein_pocket.pdb,/home/igem/unknown_software/datasets/propedia_formatted/propedia_4yyd_Z/propedia_4yyd_Z_peptide.pdb,propedia
propedia_4yyi_C,/home/igem/unknown_software/datasets/propedia_formatted/propedia_4yyi_C/propedia_4yyi_C_protein_pocket.pdb,/home/igem/unknown_software/datasets/propedia_formatted/propedia_4yyi_C/propedia_4yyi_C_peptide.pdb,propedia
propedia_4yyi_C,/home/igem/unknown_software/datasets/propedia_formatted/propedia_4yyi_C/propedia_4yyi_C_protein_pocket.pdb,/home/igem/unknown_software/datasets/propedia_formatted/propedia_4yyi_C/propedia_4yyi_C_peptide.pdb,propedia
propedia_4yyj_C,/home/igem/unknown_software/datasets/propedia_formatted/propedia_4yyj_C/propedia_4yyj_C_protein_pocket.pdb,/home/igem/unknown_software/datasets/propedia_formatted/propedia_4yyj_C/propedia_4yyj_C_peptide.pdb,propedia
propedia_4yyj_C,/home/igem/unknown_software/datasets/propedia_formatted/propedia_4yyj_C/propedia_4yyj_C_protein_pocket.pdb,/home/igem/unknown_software/datasets/propedia_formatted/propedia_4yyj_C/propedia_4yyj_C_peptide.pdb,propedia
propedia_4yyk_C,/home/igem/unknown_software/datasets/propedia_formatted/propedia_4yyk_C/propedia_4yyk_C_protein_pocket.pdb,/home/igem/unknown_software/datasets/propedia_formatted/propedia_4yyk_C/propedia_4yyk_C_peptide.pdb,propedia
propedia_4yyk_C,/home/igem/unknown_software/datasets/propedia_formatted/propedia_4yyk_C/propedia_4yyk_C_protein_pocket.pdb,/home/igem/unknown_software/datasets/propedia_formatted/propedia_4yyk_C/propedia_4yyk_C_peptide.pdb,propedia
propedia_4yym_Z,/home/igem/unknown_software/datasets/propedia_formatted/propedia_4yym_Z/propedia_4yym_Z_protein_pocket.pdb,/home/igem/unknown_software/datasets/propedia_formatted/propedia_4yym_Z/propedia_4yym_Z_peptide.pdb,propedia
propedia_4yym_Z,/home/igem/unknown_software/datasets/propedia_formatted/propedia_4yym_Z/propedia_4yym_Z_protein_pocket.pdb,/home/igem/unknown_software/datasets/propedia_formatted/propedia_4yym_Z/propedia_4yym_Z_peptide.pdb,propedia
propedia_4yyn_Z,/home/igem/unknown_software/datasets/propedia_formatted/propedia_4yyn_Z/propedia_4yyn_Z_protein_pocket.pdb,/home/igem/unknown_software/datasets/propedia_formatted/propedia_4yyn_Z/propedia_4yyn_Z_peptide.pdb,propedia
propedia_4yyn_Z,/home/igem/unknown_software/datasets/propedia_formatted/propedia_4yyn_Z/propedia_4yyn_Z_protein_pocket.pdb,/home/igem/unknown_software/datasets/propedia_formatted/propedia_4yyn_Z/propedia_4yyn_Z_peptide.pdb,propedia
propedia_4yzh_B,/home/igem/unknown_software/datasets/propedia_formatted/propedia_4yzh_B/propedia_4yzh_B_protein_pocket.pdb,/home/igem/unknown_software/datasets/propedia_formatted/propedia_4yzh_B/propedia_4yzh_B_peptide.pdb,propedia
propedia_4z0r_D,/home/igem/unknown_software/datasets/propedia_formatted/propedia_4z0r_D/propedia_4z0r_D_protein_pocket.pdb,/home/igem/unknown_software/datasets/propedia_formatted/propedia_4z0r_D/propedia_4z0r_D_peptide.pdb,propedia
propedia_4z0x_C,/home/igem/unknown_software/datasets/propedia_formatted/propedia_4z0x_C/propedia_4z0x_C_protein_pocket.pdb,/home/igem/unknown_software/datasets/propedia_formatted/propedia_4z0x_C/propedia_4z0x_C_peptide.pdb,propedia
propedia_4z0x_C,/home/igem/unknown_software/datasets/propedia_formatted/propedia_4z0x_C/propedia_4z0x_C_protein_pocket.pdb,/home/igem/unknown_software/datasets/propedia_formatted/propedia_4z0x_C/propedia_4z0x_C_peptide.pdb,propedia
propedia_4z0y_E,/home/igem/unknown_software/datasets/propedia_formatted/propedia_4z0y_E/propedia_4z0y_E_protein_pocket.pdb,/home/igem/unknown_software/datasets/propedia_formatted/propedia_4z0y_E/propedia_4z0y_E_peptide.pdb,propedia
propedia_4z10_G,/home/igem/unknown_software/datasets/propedia_formatted/propedia_4z10_G/propedia_4z10_G_protein_pocket.pdb,/home/igem/unknown_software/datasets/propedia_formatted/propedia_4z10_G/propedia_4z10_G_peptide.pdb,propedia
propedia_4z10_G,/home/igem/unknown_software/datasets/propedia_formatted/propedia_4z10_G/propedia_4z10_G_protein_pocket.pdb,/home/igem/unknown_software/datasets/propedia_formatted/propedia_4z10_G/propedia_4z10_G_peptide.pdb,propedia
propedia_4z2o_P,/home/igem/unknown_software/datasets/propedia_formatted/propedia_4z2o_P/propedia_4z2o_P_protein_pocket.pdb,/home/igem/unknown_software/datasets/propedia_formatted/propedia_4z2o_P/propedia_4z2o_P_peptide.pdb,propedia
propedia_4z2p_C,/home/igem/unknown_software/datasets/propedia_formatted/propedia_4z2p_C/propedia_4z2p_C_protein_pocket.pdb,/home/igem/unknown_software/datasets/propedia_formatted/propedia_4z2p_C/propedia_4z2p_C_peptide.pdb,propedia
propedia_4z2p_C,/home/igem/unknown_software/datasets/propedia_formatted/propedia_4z2p_C/propedia_4z2p_C_protein_pocket.pdb,/home/igem/unknown_software/datasets/propedia_formatted/propedia_4z2p_C/propedia_4z2p_C_peptide.pdb,propedia
propedia_4z2v_C,/home/igem/unknown_software/datasets/propedia_formatted/propedia_4z2v_C/propedia_4z2v_C_protein_pocket.pdb,/home/igem/unknown_software/datasets/propedia_formatted/propedia_4z2v_C/propedia_4z2v_C_peptide.pdb,propedia
propedia_4z2v_C,/home/igem/unknown_software/datasets/propedia_formatted/propedia_4z2v_C/propedia_4z2v_C_protein_pocket.pdb,/home/igem/unknown_software/datasets/propedia_formatted/propedia_4z2v_C/propedia_4z2v_C_peptide.pdb,propedia
propedia_4z33_C,/home/igem/unknown_software/datasets/propedia_formatted/propedia_4z33_C/propedia_4z33_C_protein_pocket.pdb,/home/igem/unknown_software/datasets/propedia_formatted/propedia_4z33_C/propedia_4z33_C_peptide.pdb,propedia
propedia_4z5w_P,/home/igem/unknown_software/datasets/propedia_formatted/propedia_4z5w_P/propedia_4z5w_P_protein_pocket.pdb,/home/igem/unknown_software/datasets/propedia_formatted/propedia_4z5w_P/propedia_4z5w_P_peptide.pdb,propedia
propedia_4z68_E,/home/igem/unknown_software/datasets/propedia_formatted/propedia_4z68_E/propedia_4z68_E_protein_pocket.pdb,/home/igem/unknown_software/datasets/propedia_formatted/propedia_4z68_E/propedia_4z68_E_peptide.pdb,propedia
propedia_4z76_C,/home/igem/unknown_software/datasets/propedia_formatted/propedia_4z76_C/propedia_4z76_C_protein_pocket.pdb,/home/igem/unknown_software/datasets/propedia_formatted/propedia_4z76_C/propedia_4z76_C_peptide.pdb,propedia
propedia_4z8j_B,/home/igem/unknown_software/datasets/propedia_formatted/propedia_4z8j_B/propedia_4z8j_B_protein_pocket.pdb,/home/igem/unknown_software/datasets/propedia_formatted/propedia_4z8j_B/propedia_4z8j_B_peptide.pdb,propedia
propedia_4zar_B,/home/igem/unknown_software/datasets/propedia_formatted/propedia_4zar_B/propedia_4zar_B_protein_pocket.pdb,/home/igem/unknown_software/datasets/propedia_formatted/propedia_4zar_B/propedia_4zar_B_peptide.pdb,propedia
propedia_4zdu_B,/home/igem/unknown_software/datasets/propedia_formatted/propedia_4zdu_B/propedia_4zdu_B_protein_pocket.pdb,/home/igem/unknown_software/datasets/propedia_formatted/propedia_4zdu_B/propedia_4zdu_B_peptide.pdb,propedia
propedia_4zfz_C,/home/igem/unknown_software/datasets/propedia_formatted/propedia_4zfz_C/propedia_4zfz_C_protein_pocket.pdb,/home/igem/unknown_software/datasets/propedia_formatted/propedia_4zfz_C/propedia_4zfz_C_peptide.pdb,propedia
propedia_4zhb_B,/home/igem/unknown_software/datasets/propedia_formatted/propedia_4zhb_B/propedia_4zhb_B_protein_pocket.pdb,/home/igem/unknown_software/datasets/propedia_formatted/propedia_4zhb_B/propedia_4zhb_B_peptide.pdb,propedia
propedia_4zhm_P,/home/igem/unknown_software/datasets/propedia_formatted/propedia_4zhm_P/propedia_4zhm_P_protein_pocket.pdb,/home/igem/unknown_software/datasets/propedia_formatted/propedia_4zhm_P/propedia_4zhm_P_peptide.pdb,propedia
propedia_4zj7_B,/home/igem/unknown_software/datasets/propedia_formatted/propedia_4zj7_B/propedia_4zj7_B_protein_pocket.pdb,/home/igem/unknown_software/datasets/propedia_formatted/propedia_4zj7_B/propedia_4zj7_B_peptide.pdb,propedia
propedia_4zjx_B,/home/igem/unknown_software/datasets/propedia_formatted/propedia_4zjx_B/propedia_4zjx_B_protein_pocket.pdb,/home/igem/unknown_software/datasets/propedia_formatted/propedia_4zjx_B/propedia_4zjx_B_peptide.pdb,propedia
propedia_4zro_E,/home/igem/unknown_software/datasets/propedia_formatted/propedia_4zro_E/propedia_4zro_E_protein_pocket.pdb,/home/igem/unknown_software/datasets/propedia_formatted/propedia_4zro_E/propedia_4zro_E_peptide.pdb,propedia
propedia_4zrt_B,/home/igem/unknown_software/datasets/propedia_formatted/propedia_4zrt_B/propedia_4zrt_B_protein_pocket.pdb,/home/igem/unknown_software/datasets/propedia_formatted/propedia_4zrt_B/propedia_4zrt_B_peptide.pdb,propedia
propedia_4ztd_D,/home/igem/unknown_software/datasets/propedia_formatted/propedia_4ztd_D/propedia_4ztd_D_protein_pocket.pdb,/home/igem/unknown_software/datasets/propedia_formatted/propedia_4ztd_D/propedia_4ztd_D_peptide.pdb,propedia
propedia_4zto_P,/home/igem/unknown_software/datasets/propedia_formatted/propedia_4zto_P/propedia_4zto_P_protein_pocket.pdb,/home/igem/unknown_software/datasets/propedia_formatted/propedia_4zto_P/propedia_4zto_P_peptide.pdb,propedia
propedia_4zto_P,/home/igem/unknown_software/datasets/propedia_formatted/propedia_4zto_P/propedia_4zto_P_protein_pocket.pdb,/home/igem/unknown_software/datasets/propedia_formatted/propedia_4zto_P/propedia_4zto_P_peptide.pdb,propedia
propedia_4zu1_A,/home/igem/unknown_software/datasets/propedia_formatted/propedia_4zu1_A/propedia_4zu1_A_protein_pocket.pdb,/home/igem/unknown_software/datasets/propedia_formatted/propedia_4zu1_A/propedia_4zu1_A_peptide.pdb,propedia
propedia_4zuh_C,/home/igem/unknown_software/datasets/propedia_formatted/propedia_4zuh_C/propedia_4zuh_C_protein_pocket.pdb,/home/igem/unknown_software/datasets/propedia_formatted/propedia_4zuh_C/propedia_4zuh_C_peptide.pdb,propedia
propedia_4zuh_C,/home/igem/unknown_software/datasets/propedia_formatted/propedia_4zuh_C/propedia_4zuh_C_protein_pocket.pdb,/home/igem/unknown_software/datasets/propedia_formatted/propedia_4zuh_C/propedia_4zuh_C_peptide.pdb,propedia
propedia_4zuu_C,/home/igem/unknown_software/datasets/propedia_formatted/propedia_4zuu_C/propedia_4zuu_C_protein_pocket.pdb,/home/igem/unknown_software/datasets/propedia_formatted/propedia_4zuu_C/propedia_4zuu_C_peptide.pdb,propedia
propedia_4zuv_C,/home/igem/unknown_software/datasets/propedia_formatted/propedia_4zuv_C/propedia_4zuv_C_protein_pocket.pdb,/home/igem/unknown_software/datasets/propedia_formatted/propedia_4zuv_C/propedia_4zuv_C_peptide.pdb,propedia
propedia_5a0e_C,/home/igem/unknown_software/datasets/propedia_formatted/propedia_5a0e_C/propedia_5a0e_C_protein_pocket.pdb,/home/igem/unknown_software/datasets/propedia_formatted/propedia_5a0e_C/propedia_5a0e_C_peptide.pdb,propedia
propedia_5a0x_C,/home/igem/unknown_software/datasets/propedia_formatted/propedia_5a0x_C/propedia_5a0x_C_protein_pocket.pdb,/home/igem/unknown_software/datasets/propedia_formatted/propedia_5a0x_C/propedia_5a0x_C_peptide.pdb,propedia
propedia_5a2i_P,/home/igem/unknown_software/datasets/propedia_formatted/propedia_5a2i_P/propedia_5a2i_P_protein_pocket.pdb,/home/igem/unknown_software/datasets/propedia_formatted/propedia_5a2i_P/propedia_5a2i_P_peptide.pdb,propedia
propedia_5a2k_P,/home/igem/unknown_software/datasets/propedia_formatted/propedia_5a2k_P/propedia_5a2k_P_protein_pocket.pdb,/home/igem/unknown_software/datasets/propedia_formatted/propedia_5a2k_P/propedia_5a2k_P_peptide.pdb,propedia
propedia_5a2l_P,/home/igem/unknown_software/datasets/propedia_formatted/propedia_5a2l_P/propedia_5a2l_P_protein_pocket.pdb,/home/igem/unknown_software/datasets/propedia_formatted/propedia_5a2l_P/propedia_5a2l_P_peptide.pdb,propedia
propedia_5a2m_I,/home/igem/unknown_software/datasets/propedia_formatted/propedia_5a2m_I/propedia_5a2m_I_protein_pocket.pdb,/home/igem/unknown_software/datasets/propedia_formatted/propedia_5a2m_I/propedia_5a2m_I_peptide.pdb,propedia
propedia_5ab0_E,/home/igem/unknown_software/datasets/propedia_formatted/propedia_5ab0_E/propedia_5ab0_E_protein_pocket.pdb,/home/igem/unknown_software/datasets/propedia_formatted/propedia_5ab0_E/propedia_5ab0_E_peptide.pdb,propedia
propedia_5aei_D,/home/igem/unknown_software/datasets/propedia_formatted/propedia_5aei_D/propedia_5aei_D_protein_pocket.pdb,/home/igem/unknown_software/datasets/propedia_formatted/propedia_5aei_D/propedia_5aei_D_peptide.pdb,propedia
propedia_5aei_D,/home/igem/unknown_software/datasets/propedia_formatted/propedia_5aei_D/propedia_5aei_D_protein_pocket.pdb,/home/igem/unknown_software/datasets/propedia_formatted/propedia_5aei_D/propedia_5aei_D_peptide.pdb,propedia
propedia_5af9_I,/home/igem/unknown_software/datasets/propedia_formatted/propedia_5af9_I/propedia_5af9_I_protein_pocket.pdb,/home/igem/unknown_software/datasets/propedia_formatted/propedia_5af9_I/propedia_5af9_I_peptide.pdb,propedia
propedia_5afp_C,/home/igem/unknown_software/datasets/propedia_formatted/propedia_5afp_C/propedia_5afp_C_protein_pocket.pdb,/home/igem/unknown_software/datasets/propedia_formatted/propedia_5afp_C/propedia_5afp_C_peptide.pdb,propedia
propedia_5afw_B,/home/igem/unknown_software/datasets/propedia_formatted/propedia_5afw_B/propedia_5afw_B_protein_pocket.pdb,/home/igem/unknown_software/datasets/propedia_formatted/propedia_5afw_B/propedia_5afw_B_peptide.pdb,propedia
propedia_5afz_I,/home/igem/unknown_software/datasets/propedia_formatted/propedia_5afz_I/propedia_5afz_I_protein_pocket.pdb,/home/igem/unknown_software/datasets/propedia_formatted/propedia_5afz_I/propedia_5afz_I_peptide.pdb,propedia
propedia_5agu_C,/home/igem/unknown_software/datasets/propedia_formatted/propedia_5agu_C/propedia_5agu_C_protein_pocket.pdb,/home/igem/unknown_software/datasets/propedia_formatted/propedia_5agu_C/propedia_5agu_C_peptide.pdb,propedia
propedia_5agv_C,/home/igem/unknown_software/datasets/propedia_formatted/propedia_5agv_C/propedia_5agv_C_protein_pocket.pdb,/home/igem/unknown_software/datasets/propedia_formatted/propedia_5agv_C/propedia_5agv_C_peptide.pdb,propedia
propedia_5ah2_E,/home/igem/unknown_software/datasets/propedia_formatted/propedia_5ah2_E/propedia_5ah2_E_protein_pocket.pdb,/home/igem/unknown_software/datasets/propedia_formatted/propedia_5ah2_E/propedia_5ah2_E_peptide.pdb,propedia
propedia_5ah2_E,/home/igem/unknown_software/datasets/propedia_formatted/propedia_5ah2_E/propedia_5ah2_E_protein_pocket.pdb,/home/igem/unknown_software/datasets/propedia_formatted/propedia_5ah2_E/propedia_5ah2_E_peptide.pdb,propedia
propedia_5ah4_C,/home/igem/unknown_software/datasets/propedia_formatted/propedia_5ah4_C/propedia_5ah4_C_protein_pocket.pdb,/home/igem/unknown_software/datasets/propedia_formatted/propedia_5ah4_C/propedia_5ah4_C_peptide.pdb,propedia
propedia_5ahg_I,/home/igem/unknown_software/datasets/propedia_formatted/propedia_5ahg_I/propedia_5ahg_I_protein_pocket.pdb,/home/igem/unknown_software/datasets/propedia_formatted/propedia_5ahg_I/propedia_5ahg_I_peptide.pdb,propedia
propedia_5apr_I,/home/igem/unknown_software/datasets/propedia_formatted/propedia_5apr_I/propedia_5apr_I_protein_pocket.pdb,/home/igem/unknown_software/datasets/propedia_formatted/propedia_5apr_I/propedia_5apr_I_peptide.pdb,propedia
propedia_5aul_B,/home/igem/unknown_software/datasets/propedia_formatted/propedia_5aul_B/propedia_5aul_B_protein_pocket.pdb,/home/igem/unknown_software/datasets/propedia_formatted/propedia_5aul_B/propedia_5aul_B_peptide.pdb,propedia
propedia_5aum_C,/home/igem/unknown_software/datasets/propedia_formatted/propedia_5aum_C/propedia_5aum_C_protein_pocket.pdb,/home/igem/unknown_software/datasets/propedia_formatted/propedia_5aum_C/propedia_5aum_C_peptide.pdb,propedia
propedia_5aum_C,/home/igem/unknown_software/datasets/propedia_formatted/propedia_5aum_C/propedia_5aum_C_protein_pocket.pdb,/home/igem/unknown_software/datasets/propedia_formatted/propedia_5aum_C/propedia_5aum_C_peptide.pdb,propedia
propedia_5aum_C,/home/igem/unknown_software/datasets/propedia_formatted/propedia_5aum_C/propedia_5aum_C_protein_pocket.pdb,/home/igem/unknown_software/datasets/propedia_formatted/propedia_5aum_C/propedia_5aum_C_peptide.pdb,propedia
propedia_5axi_E,/home/igem/unknown_software/datasets/propedia_formatted/propedia_5axi_E/propedia_5axi_E_protein_pocket.pdb,/home/igem/unknown_software/datasets/propedia_formatted/propedia_5axi_E/propedia_5axi_E_peptide.pdb,propedia
propedia_5azg_C,/home/igem/unknown_software/datasets/propedia_formatted/propedia_5azg_C/propedia_5azg_C_protein_pocket.pdb,/home/igem/unknown_software/datasets/propedia_formatted/propedia_5azg_C/propedia_5azg_C_peptide.pdb,propedia
propedia_5azg_C,/home/igem/unknown_software/datasets/propedia_formatted/propedia_5azg_C/propedia_5azg_C_protein_pocket.pdb,/home/igem/unknown_software/datasets/propedia_formatted/propedia_5azg_C/propedia_5azg_C_peptide.pdb,propedia
propedia_5b38_C,/home/igem/unknown_software/datasets/propedia_formatted/propedia_5b38_C/propedia_5b38_C_protein_pocket.pdb,/home/igem/unknown_software/datasets/propedia_formatted/propedia_5b38_C/propedia_5b38_C_peptide.pdb,propedia
propedia_5b38_C,/home/igem/unknown_software/datasets/propedia_formatted/propedia_5b38_C/propedia_5b38_C_protein_pocket.pdb,/home/igem/unknown_software/datasets/propedia_formatted/propedia_5b38_C/propedia_5b38_C_peptide.pdb,propedia
propedia_5b39_C,/home/igem/unknown_software/datasets/propedia_formatted/propedia_5b39_C/propedia_5b39_C_protein_pocket.pdb,/home/igem/unknown_software/datasets/propedia_formatted/propedia_5b39_C/propedia_5b39_C_peptide.pdb,propedia
propedia_5b39_C,/home/igem/unknown_software/datasets/propedia_formatted/propedia_5b39_C/propedia_5b39_C_protein_pocket.pdb,/home/igem/unknown_software/datasets/propedia_formatted/propedia_5b39_C/propedia_5b39_C_peptide.pdb,propedia
propedia_5b56_C,/home/igem/unknown_software/datasets/propedia_formatted/propedia_5b56_C/propedia_5b56_C_protein_pocket.pdb,/home/igem/unknown_software/datasets/propedia_formatted/propedia_5b56_C/propedia_5b56_C_peptide.pdb,propedia
propedia_5b56_C,/home/igem/unknown_software/datasets/propedia_formatted/propedia_5b56_C/propedia_5b56_C_protein_pocket.pdb,/home/igem/unknown_software/datasets/propedia_formatted/propedia_5b56_C/propedia_5b56_C_peptide.pdb,propedia
propedia_5b5v_E,/home/igem/unknown_software/datasets/propedia_formatted/propedia_5b5v_E/propedia_5b5v_E_protein_pocket.pdb,/home/igem/unknown_software/datasets/propedia_formatted/propedia_5b5v_E/propedia_5b5v_E_peptide.pdb,propedia
propedia_5b5v_E,/home/igem/unknown_software/datasets/propedia_formatted/propedia_5b5v_E/propedia_5b5v_E_protein_pocket.pdb,/home/igem/unknown_software/datasets/propedia_formatted/propedia_5b5v_E/propedia_5b5v_E_peptide.pdb,propedia
propedia_5b6c_B,/home/igem/unknown_software/datasets/propedia_formatted/propedia_5b6c_B/propedia_5b6c_B_protein_pocket.pdb,/home/igem/unknown_software/datasets/propedia_formatted/propedia_5b6c_B/propedia_5b6c_B_peptide.pdb,propedia
propedia_5b6g_B,/home/igem/unknown_software/datasets/propedia_formatted/propedia_5b6g_B/propedia_5b6g_B_protein_pocket.pdb,/home/igem/unknown_software/datasets/propedia_formatted/propedia_5b6g_B/propedia_5b6g_B_peptide.pdb,propedia
propedia_5bnw_D,/home/igem/unknown_software/datasets/propedia_formatted/propedia_5bnw_D/propedia_5bnw_D_protein_pocket.pdb,/home/igem/unknown_software/datasets/propedia_formatted/propedia_5bnw_D/propedia_5bnw_D_peptide.pdb,propedia
propedia_5bpu_H,/home/igem/unknown_software/datasets/propedia_formatted/propedia_5bpu_H/propedia_5bpu_H_protein_pocket.pdb,/home/igem/unknown_software/datasets/propedia_formatted/propedia_5bpu_H/propedia_5bpu_H_peptide.pdb,propedia
propedia_5bpu_H,/home/igem/unknown_software/datasets/propedia_formatted/propedia_5bpu_H/propedia_5bpu_H_protein_pocket.pdb,/home/igem/unknown_software/datasets/propedia_formatted/propedia_5bpu_H/propedia_5bpu_H_peptide.pdb,propedia
propedia_5bpu_H,/home/igem/unknown_software/datasets/propedia_formatted/propedia_5bpu_H/propedia_5bpu_H_protein_pocket.pdb,/home/igem/unknown_software/datasets/propedia_formatted/propedia_5bpu_H/propedia_5bpu_H_peptide.pdb,propedia
propedia_5bs0_C,/home/igem/unknown_software/datasets/propedia_formatted/propedia_5bs0_C/propedia_5bs0_C_protein_pocket.pdb,/home/igem/unknown_software/datasets/propedia_formatted/propedia_5bs0_C/propedia_5bs0_C_peptide.pdb,propedia
propedia_5bs0_C,/home/igem/unknown_software/datasets/propedia_formatted/propedia_5bs0_C/propedia_5bs0_C_protein_pocket.pdb,/home/igem/unknown_software/datasets/propedia_formatted/propedia_5bs0_C/propedia_5bs0_C_peptide.pdb,propedia
propedia_5bs0_C,/home/igem/unknown_software/datasets/propedia_formatted/propedia_5bs0_C/propedia_5bs0_C_protein_pocket.pdb,/home/igem/unknown_software/datasets/propedia_formatted/propedia_5bs0_C/propedia_5bs0_C_peptide.pdb,propedia
propedia_5bs2_R,/home/igem/unknown_software/datasets/propedia_formatted/propedia_5bs2_R/propedia_5bs2_R_protein_pocket.pdb,/home/igem/unknown_software/datasets/propedia_formatted/propedia_5bs2_R/propedia_5bs2_R_peptide.pdb,propedia
propedia_5buo_B,/home/igem/unknown_software/datasets/propedia_formatted/propedia_5buo_B/propedia_5buo_B_protein_pocket.pdb,/home/igem/unknown_software/datasets/propedia_formatted/propedia_5buo_B/propedia_5buo_B_peptide.pdb,propedia
propedia_5bwn_B,/home/igem/unknown_software/datasets/propedia_formatted/propedia_5bwn_B/propedia_5bwn_B_protein_pocket.pdb,/home/igem/unknown_software/datasets/propedia_formatted/propedia_5bwn_B/propedia_5bwn_B_peptide.pdb,propedia
propedia_5bwo_B,/home/igem/unknown_software/datasets/propedia_formatted/propedia_5bwo_B/propedia_5bwo_B_protein_pocket.pdb,/home/igem/unknown_software/datasets/propedia_formatted/propedia_5bwo_B/propedia_5bwo_B_peptide.pdb,propedia
propedia_5bxo_C,/home/igem/unknown_software/datasets/propedia_formatted/propedia_5bxo_C/propedia_5bxo_C_protein_pocket.pdb,/home/igem/unknown_software/datasets/propedia_formatted/propedia_5bxo_C/propedia_5bxo_C_peptide.pdb,propedia
propedia_5bxu_B,/home/igem/unknown_software/datasets/propedia_formatted/propedia_5bxu_B/propedia_5bxu_B_protein_pocket.pdb,/home/igem/unknown_software/datasets/propedia_formatted/propedia_5bxu_B/propedia_5bxu_B_peptide.pdb,propedia
propedia_5c07_C,/home/igem/unknown_software/datasets/propedia_formatted/propedia_5c07_C/propedia_5c07_C_protein_pocket.pdb,/home/igem/unknown_software/datasets/propedia_formatted/propedia_5c07_C/propedia_5c07_C_peptide.pdb,propedia
propedia_5c07_C,/home/igem/unknown_software/datasets/propedia_formatted/propedia_5c07_C/propedia_5c07_C_protein_pocket.pdb,/home/igem/unknown_software/datasets/propedia_formatted/propedia_5c07_C/propedia_5c07_C_peptide.pdb,propedia
propedia_5c07_C,/home/igem/unknown_software/datasets/propedia_formatted/propedia_5c07_C/propedia_5c07_C_protein_pocket.pdb,/home/igem/unknown_software/datasets/propedia_formatted/propedia_5c07_C/propedia_5c07_C_peptide.pdb,propedia
propedia_5c08_C,/home/igem/unknown_software/datasets/propedia_formatted/propedia_5c08_C/propedia_5c08_C_protein_pocket.pdb,/home/igem/unknown_software/datasets/propedia_formatted/propedia_5c08_C/propedia_5c08_C_peptide.pdb,propedia
propedia_5c08_C,/home/igem/unknown_software/datasets/propedia_formatted/propedia_5c08_C/propedia_5c08_C_protein_pocket.pdb,/home/igem/unknown_software/datasets/propedia_formatted/propedia_5c08_C/propedia_5c08_C_peptide.pdb,propedia
propedia_5c08_C,/home/igem/unknown_software/datasets/propedia_formatted/propedia_5c08_C/propedia_5c08_C_protein_pocket.pdb,/home/igem/unknown_software/datasets/propedia_formatted/propedia_5c08_C/propedia_5c08_C_peptide.pdb,propedia
propedia_5c09_C,/home/igem/unknown_software/datasets/propedia_formatted/propedia_5c09_C/propedia_5c09_C_protein_pocket.pdb,/home/igem/unknown_software/datasets/propedia_formatted/propedia_5c09_C/propedia_5c09_C_peptide.pdb,propedia
propedia_5c09_C,/home/igem/unknown_software/datasets/propedia_formatted/propedia_5c09_C/propedia_5c09_C_protein_pocket.pdb,/home/igem/unknown_software/datasets/propedia_formatted/propedia_5c09_C/propedia_5c09_C_peptide.pdb,propedia
propedia_5c09_C,/home/igem/unknown_software/datasets/propedia_formatted/propedia_5c09_C/propedia_5c09_C_protein_pocket.pdb,/home/igem/unknown_software/datasets/propedia_formatted/propedia_5c09_C/propedia_5c09_C_peptide.pdb,propedia
propedia_5c0a_C,/home/igem/unknown_software/datasets/propedia_formatted/propedia_5c0a_C/propedia_5c0a_C_protein_pocket.pdb,/home/igem/unknown_software/datasets/propedia_formatted/propedia_5c0a_C/propedia_5c0a_C_peptide.pdb,propedia
propedia_5c0a_C,/home/igem/unknown_software/datasets/propedia_formatted/propedia_5c0a_C/propedia_5c0a_C_protein_pocket.pdb,/home/igem/unknown_software/datasets/propedia_formatted/propedia_5c0a_C/propedia_5c0a_C_peptide.pdb,propedia
propedia_5c0a_C,/home/igem/unknown_software/datasets/propedia_formatted/propedia_5c0a_C/propedia_5c0a_C_protein_pocket.pdb,/home/igem/unknown_software/datasets/propedia_formatted/propedia_5c0a_C/propedia_5c0a_C_peptide.pdb,propedia
propedia_5c0b_C,/home/igem/unknown_software/datasets/propedia_formatted/propedia_5c0b_C/propedia_5c0b_C_protein_pocket.pdb,/home/igem/unknown_software/datasets/propedia_formatted/propedia_5c0b_C/propedia_5c0b_C_peptide.pdb,propedia
propedia_5c0b_C,/home/igem/unknown_software/datasets/propedia_formatted/propedia_5c0b_C/propedia_5c0b_C_protein_pocket.pdb,/home/igem/unknown_software/datasets/propedia_formatted/propedia_5c0b_C/propedia_5c0b_C_peptide.pdb,propedia
propedia_5c0b_C,/home/igem/unknown_software/datasets/propedia_formatted/propedia_5c0b_C/propedia_5c0b_C_protein_pocket.pdb,/home/igem/unknown_software/datasets/propedia_formatted/propedia_5c0b_C/propedia_5c0b_C_peptide.pdb,propedia
propedia_5c0c_C,/home/igem/unknown_software/datasets/propedia_formatted/propedia_5c0c_C/propedia_5c0c_C_protein_pocket.pdb,/home/igem/unknown_software/datasets/propedia_formatted/propedia_5c0c_C/propedia_5c0c_C_peptide.pdb,propedia
propedia_5c0c_C,/home/igem/unknown_software/datasets/propedia_formatted/propedia_5c0c_C/propedia_5c0c_C_protein_pocket.pdb,/home/igem/unknown_software/datasets/propedia_formatted/propedia_5c0c_C/propedia_5c0c_C_peptide.pdb,propedia
propedia_5c0c_C,/home/igem/unknown_software/datasets/propedia_formatted/propedia_5c0c_C/propedia_5c0c_C_protein_pocket.pdb,/home/igem/unknown_software/datasets/propedia_formatted/propedia_5c0c_C/propedia_5c0c_C_peptide.pdb,propedia
propedia_5c0e_C,/home/igem/unknown_software/datasets/propedia_formatted/propedia_5c0e_C/propedia_5c0e_C_protein_pocket.pdb,/home/igem/unknown_software/datasets/propedia_formatted/propedia_5c0e_C/propedia_5c0e_C_peptide.pdb,propedia
propedia_5c0f_C,/home/igem/unknown_software/datasets/propedia_formatted/propedia_5c0f_C/propedia_5c0f_C_protein_pocket.pdb,/home/igem/unknown_software/datasets/propedia_formatted/propedia_5c0f_C/propedia_5c0f_C_peptide.pdb,propedia
propedia_5c0j_C,/home/igem/unknown_software/datasets/propedia_formatted/propedia_5c0j_C/propedia_5c0j_C_protein_pocket.pdb,/home/igem/unknown_software/datasets/propedia_formatted/propedia_5c0j_C/propedia_5c0j_C_peptide.pdb,propedia
propedia_5c0m_C,/home/igem/unknown_software/datasets/propedia_formatted/propedia_5c0m_C/propedia_5c0m_C_protein_pocket.pdb,/home/igem/unknown_software/datasets/propedia_formatted/propedia_5c0m_C/propedia_5c0m_C_peptide.pdb,propedia
propedia_5c13_D,/home/igem/unknown_software/datasets/propedia_formatted/propedia_5c13_D/propedia_5c13_D_protein_pocket.pdb,/home/igem/unknown_software/datasets/propedia_formatted/propedia_5c13_D/propedia_5c13_D_peptide.pdb,propedia
propedia_5c13_D,/home/igem/unknown_software/datasets/propedia_formatted/propedia_5c13_D/propedia_5c13_D_protein_pocket.pdb,/home/igem/unknown_software/datasets/propedia_formatted/propedia_5c13_D/propedia_5c13_D_peptide.pdb,propedia
