complex_name,protein_description,peptide_description,source
propedia_6njg_B,/home/igem/unknown_software/datasets/propedia_formatted/propedia_6njg_B/propedia_6njg_B_protein_pocket.pdb,/home/igem/unknown_software/datasets/propedia_formatted/propedia_6njg_B/propedia_6njg_B_peptide.pdb,propedia_long
propedia_5h17_B,/home/igem/unknown_software/datasets/propedia_formatted/propedia_5h17_B/propedia_5h17_B_protein_pocket.pdb,/home/igem/unknown_software/datasets/propedia_formatted/propedia_5h17_B/propedia_5h17_B_peptide.pdb,propedia_long
propedia_4bxu_B,/home/igem/unknown_software/datasets/propedia_formatted/propedia_4bxu_B/propedia_4bxu_B_protein_pocket.pdb,/home/igem/unknown_software/datasets/propedia_formatted/propedia_4bxu_B/propedia_4bxu_B_peptide.pdb,propedia_long
propedia_3bfq_F,/home/igem/unknown_software/datasets/propedia_formatted/propedia_3bfq_F/propedia_3bfq_F_protein_pocket.pdb,/home/igem/unknown_software/datasets/propedia_formatted/propedia_3bfq_F/propedia_3bfq_F_peptide.pdb,propedia_long
propedia_5e6q_A,/home/igem/unknown_software/datasets/propedia_formatted/propedia_5e6q_A/propedia_5e6q_A_protein_pocket.pdb,/home/igem/unknown_software/datasets/propedia_formatted/propedia_5e6q_A/propedia_5e6q_A_peptide.pdb,propedia_long
8eb2,/home/igem/unknown_software/datasets/RefPepDB-RecentSet/8eb2/8eb2_protein_pocket.pdb,/home/igem/unknown_software/datasets/RefPepDB-RecentSet/8eb2/8eb2_peptide.pdb,recentset_replay
propedia_3et3_P,/home/igem/unknown_software/datasets/propedia_formatted/propedia_3et3_P/propedia_3et3_P_protein_pocket.pdb,/home/igem/unknown_software/datasets/propedia_formatted/propedia_3et3_P/propedia_3et3_P_peptide.pdb,propedia_long
propedia_5cww_C,/home/igem/unknown_software/datasets/propedia_formatted/propedia_5cww_C/propedia_5cww_C_protein_pocket.pdb,/home/igem/unknown_software/datasets/propedia_formatted/propedia_5cww_C/propedia_5cww_C_peptide.pdb,propedia_long
propedia_5otv_B,/home/igem/unknown_software/datasets/propedia_formatted/propedia_5otv_B/propedia_5otv_B_protein_pocket.pdb,/home/igem/unknown_software/datasets/propedia_formatted/propedia_5otv_B/propedia_5otv_B_peptide.pdb,propedia_long
propedia_5h5q_B,/home/igem/unknown_software/datasets/propedia_formatted/propedia_5h5q_B/propedia_5h5q_B_protein_pocket.pdb,/home/igem/unknown_software/datasets/propedia_formatted/propedia_5h5q_B/propedia_5h5q_B_peptide.pdb,propedia_long
propedia_5vwv_B,/home/igem/unknown_software/datasets/propedia_formatted/propedia_5vwv_B/propedia_5vwv_B_protein_pocket.pdb,/home/igem/unknown_software/datasets/propedia_formatted/propedia_5vwv_B/propedia_5vwv_B_peptide.pdb,propedia_long
propedia_1qnz_P,/home/igem/unknown_software/datasets/propedia_formatted/propedia_1qnz_P/propedia_1qnz_P_protein_pocket.pdb,/home/igem/unknown_software/datasets/propedia_formatted/propedia_1qnz_P/propedia_1qnz_P_peptide.pdb,propedia_long
propedia_5ky4_B,/home/igem/unknown_software/datasets/propedia_formatted/propedia_5ky4_B/propedia_5ky4_B_protein_pocket.pdb,/home/igem/unknown_software/datasets/propedia_formatted/propedia_5ky4_B/propedia_5ky4_B_peptide.pdb,propedia_long
propedia_6hby_C,/home/igem/unknown_software/datasets/propedia_formatted/propedia_6hby_C/propedia_6hby_C_protein_pocket.pdb,/home/igem/unknown_software/datasets/propedia_formatted/propedia_6hby_C/propedia_6hby_C_peptide.pdb,propedia_long
propedia_1iq5_B,/home/igem/unknown_software/datasets/propedia_formatted/propedia_1iq5_B/propedia_1iq5_B_protein_pocket.pdb,/home/igem/unknown_software/datasets/propedia_formatted/propedia_1iq5_B/propedia_1iq5_B_peptide.pdb,propedia_long
propedia_6qzy_B,/home/igem/unknown_software/datasets/propedia_formatted/propedia_6qzy_B/propedia_6qzy_B_protein_pocket.pdb,/home/igem/unknown_software/datasets/propedia_formatted/propedia_6qzy_B/propedia_6qzy_B_peptide.pdb,propedia_long
8gom,/home/igem/unknown_software/datasets/RefPepDB-RecentSet/8gom/8gom_protein_pocket.pdb,/home/igem/unknown_software/datasets/RefPepDB-RecentSet/8gom/8gom_peptide.pdb,recentset_replay
propedia_2aff_B,/home/igem/unknown_software/datasets/propedia_formatted/propedia_2aff_B/propedia_2aff_B_protein_pocket.pdb,/home/igem/unknown_software/datasets/propedia_formatted/propedia_2aff_B/propedia_2aff_B_peptide.pdb,propedia_long
7oxj,/home/igem/unknown_software/datasets/RefPepDB-RecentSet/7oxj/7oxj_protein_pocket.pdb,/home/igem/unknown_software/datasets/RefPepDB-RecentSet/7oxj/7oxj_peptide.pdb,recentset_replay
7v64,/home/igem/unknown_software/datasets/RefPepDB-RecentSet/7v64/7v64_protein_pocket.pdb,/home/igem/unknown_software/datasets/RefPepDB-RecentSet/7v64/7v64_peptide.pdb,recentset_replay
propedia_6dsl_A,/home/igem/unknown_software/datasets/propedia_formatted/propedia_6dsl_A/propedia_6dsl_A_protein_pocket.pdb,/home/igem/unknown_software/datasets/propedia_formatted/propedia_6dsl_A/propedia_6dsl_A_peptide.pdb,propedia_long
propedia_4uwx_C,/home/igem/unknown_software/datasets/propedia_formatted/propedia_4uwx_C/propedia_4uwx_C_protein_pocket.pdb,/home/igem/unknown_software/datasets/propedia_formatted/propedia_4uwx_C/propedia_4uwx_C_peptide.pdb,propedia_long
propedia_1w70_C,/home/igem/unknown_software/datasets/propedia_formatted/propedia_1w70_C/propedia_1w70_C_protein_pocket.pdb,/home/igem/unknown_software/datasets/propedia_formatted/propedia_1w70_C/propedia_1w70_C_peptide.pdb,propedia_long
propedia_2pav_V,/home/igem/unknown_software/datasets/propedia_formatted/propedia_2pav_V/propedia_2pav_V_protein_pocket.pdb,/home/igem/unknown_software/datasets/propedia_formatted/propedia_2pav_V/propedia_2pav_V_peptide.pdb,propedia_long
propedia_3ktp_B,/home/igem/unknown_software/datasets/propedia_formatted/propedia_3ktp_B/propedia_3ktp_B_protein_pocket.pdb,/home/igem/unknown_software/datasets/propedia_formatted/propedia_3ktp_B/propedia_3ktp_B_peptide.pdb,propedia_long
propedia_4ued_B,/home/igem/unknown_software/datasets/propedia_formatted/propedia_4ued_B/propedia_4ued_B_protein_pocket.pdb,/home/igem/unknown_software/datasets/propedia_formatted/propedia_4ued_B/propedia_4ued_B_peptide.pdb,propedia_long
propedia_4xc3_P,/home/igem/unknown_software/datasets/propedia_formatted/propedia_4xc3_P/propedia_4xc3_P_protein_pocket.pdb,/home/igem/unknown_software/datasets/propedia_formatted/propedia_4xc3_P/propedia_4xc3_P_peptide.pdb,propedia_long
propedia_3cal_B,/home/igem/unknown_software/datasets/propedia_formatted/propedia_3cal_B/propedia_3cal_B_protein_pocket.pdb,/home/igem/unknown_software/datasets/propedia_formatted/propedia_3cal_B/propedia_3cal_B_peptide.pdb,propedia_long
propedia_4x1v_B,/home/igem/unknown_software/datasets/propedia_formatted/propedia_4x1v_B/propedia_4x1v_B_protein_pocket.pdb,/home/igem/unknown_software/datasets/propedia_formatted/propedia_4x1v_B/propedia_4x1v_B_peptide.pdb,propedia_long
propedia_1eol_B,/home/igem/unknown_software/datasets/propedia_formatted/propedia_1eol_B/propedia_1eol_B_protein_pocket.pdb,/home/igem/unknown_software/datasets/propedia_formatted/propedia_1eol_B/propedia_1eol_B_peptide.pdb,propedia_long
propedia_1uhd_B,/home/igem/unknown_software/datasets/propedia_formatted/propedia_1uhd_B/propedia_1uhd_B_protein_pocket.pdb,/home/igem/unknown_software/datasets/propedia_formatted/propedia_1uhd_B/propedia_1uhd_B_peptide.pdb,propedia_long
propedia_4xc1_P,/home/igem/unknown_software/datasets/propedia_formatted/propedia_4xc1_P/propedia_4xc1_P_protein_pocket.pdb,/home/igem/unknown_software/datasets/propedia_formatted/propedia_4xc1_P/propedia_4xc1_P_peptide.pdb,propedia_long
propedia_5wn9_A,/home/igem/unknown_software/datasets/propedia_formatted/propedia_5wn9_A/propedia_5wn9_A_protein_pocket.pdb,/home/igem/unknown_software/datasets/propedia_formatted/propedia_5wn9_A/propedia_5wn9_A_peptide.pdb,propedia_long
propedia_6h8c_B,/home/igem/unknown_software/datasets/propedia_formatted/propedia_6h8c_B/propedia_6h8c_B_protein_pocket.pdb,/home/igem/unknown_software/datasets/propedia_formatted/propedia_6h8c_B/propedia_6h8c_B_peptide.pdb,propedia_long
propedia_2mre_B,/home/igem/unknown_software/datasets/propedia_formatted/propedia_2mre_B/propedia_2mre_B_protein_pocket.pdb,/home/igem/unknown_software/datasets/propedia_formatted/propedia_2mre_B/propedia_2mre_B_peptide.pdb,propedia_long
propedia_4r1e_B,/home/igem/unknown_software/datasets/propedia_formatted/propedia_4r1e_B/propedia_4r1e_B_protein_pocket.pdb,/home/igem/unknown_software/datasets/propedia_formatted/propedia_4r1e_B/propedia_4r1e_B_peptide.pdb,propedia_long
propedia_2mwy_B,/home/igem/unknown_software/datasets/propedia_formatted/propedia_2mwy_B/propedia_2mwy_B_protein_pocket.pdb,/home/igem/unknown_software/datasets/propedia_formatted/propedia_2mwy_B/propedia_2mwy_B_peptide.pdb,propedia_long
propedia_2n13_A,/home/igem/unknown_software/datasets/propedia_formatted/propedia_2n13_A/propedia_2n13_A_protein_pocket.pdb,/home/igem/unknown_software/datasets/propedia_formatted/propedia_2n13_A/propedia_2n13_A_peptide.pdb,propedia_long
propedia_1xu2_R,/home/igem/unknown_software/datasets/propedia_formatted/propedia_1xu2_R/propedia_1xu2_R_protein_pocket.pdb,/home/igem/unknown_software/datasets/propedia_formatted/propedia_1xu2_R/propedia_1xu2_R_peptide.pdb,propedia_long
propedia_5upk_A,/home/igem/unknown_software/datasets/propedia_formatted/propedia_5upk_A/propedia_5upk_A_protein_pocket.pdb,/home/igem/unknown_software/datasets/propedia_formatted/propedia_5upk_A/propedia_5upk_A_peptide.pdb,propedia_long
propedia_2yq6_B,/home/igem/unknown_software/datasets/propedia_formatted/propedia_2yq6_B/propedia_2yq6_B_protein_pocket.pdb,/home/igem/unknown_software/datasets/propedia_formatted/propedia_2yq6_B/propedia_2yq6_B_peptide.pdb,propedia_long
7n6n,/home/igem/unknown_software/datasets/RefPepDB-RecentSet/7n6n/7n6n_protein_pocket.pdb,/home/igem/unknown_software/datasets/RefPepDB-RecentSet/7n6n/7n6n_peptide.pdb,recentset_replay
propedia_2kwk_B,/home/igem/unknown_software/datasets/propedia_formatted/propedia_2kwk_B/propedia_2kwk_B_protein_pocket.pdb,/home/igem/unknown_software/datasets/propedia_formatted/propedia_2kwk_B/propedia_2kwk_B_peptide.pdb,propedia_long
propedia_5ok3_D,/home/igem/unknown_software/datasets/propedia_formatted/propedia_5ok3_D/propedia_5ok3_D_protein_pocket.pdb,/home/igem/unknown_software/datasets/propedia_formatted/propedia_5ok3_D/propedia_5ok3_D_peptide.pdb,propedia_long
propedia_4zgm_B,/home/igem/unknown_software/datasets/propedia_formatted/propedia_4zgm_B/propedia_4zgm_B_protein_pocket.pdb,/home/igem/unknown_software/datasets/propedia_formatted/propedia_4zgm_B/propedia_4zgm_B_peptide.pdb,propedia_long
propedia_2y4v_B,/home/igem/unknown_software/datasets/propedia_formatted/propedia_2y4v_B/propedia_2y4v_B_protein_pocket.pdb,/home/igem/unknown_software/datasets/propedia_formatted/propedia_2y4v_B/propedia_2y4v_B_peptide.pdb,propedia_long
propedia_2rvb_A,/home/igem/unknown_software/datasets/propedia_formatted/propedia_2rvb_A/propedia_2rvb_A_protein_pocket.pdb,/home/igem/unknown_software/datasets/propedia_formatted/propedia_2rvb_A/propedia_2rvb_A_peptide.pdb,propedia_long
propedia_4mzl_C,/home/igem/unknown_software/datasets/propedia_formatted/propedia_4mzl_C/propedia_4mzl_C_protein_pocket.pdb,/home/igem/unknown_software/datasets/propedia_formatted/propedia_4mzl_C/propedia_4mzl_C_peptide.pdb,propedia_long
propedia_1cjf_C,/home/igem/unknown_software/datasets/propedia_formatted/propedia_1cjf_C/propedia_1cjf_C_protein_pocket.pdb,/home/igem/unknown_software/datasets/propedia_formatted/propedia_1cjf_C/propedia_1cjf_C_peptide.pdb,propedia_long
propedia_3kv4_B,/home/igem/unknown_software/datasets/propedia_formatted/propedia_3kv4_B/propedia_3kv4_B_protein_pocket.pdb,/home/igem/unknown_software/datasets/propedia_formatted/propedia_3kv4_B/propedia_3kv4_B_peptide.pdb,propedia_long
propedia_1mtp_B,/home/igem/unknown_software/datasets/propedia_formatted/propedia_1mtp_B/propedia_1mtp_B_protein_pocket.pdb,/home/igem/unknown_software/datasets/propedia_formatted/propedia_1mtp_B/propedia_1mtp_B_peptide.pdb,propedia_long
propedia_1toq_B,/home/igem/unknown_software/datasets/propedia_formatted/propedia_1toq_B/propedia_1toq_B_protein_pocket.pdb,/home/igem/unknown_software/datasets/propedia_formatted/propedia_1toq_B/propedia_1toq_B_peptide.pdb,propedia_long
propedia_5yvu_A,/home/igem/unknown_software/datasets/propedia_formatted/propedia_5yvu_A/propedia_5yvu_A_protein_pocket.pdb,/home/igem/unknown_software/datasets/propedia_formatted/propedia_5yvu_A/propedia_5yvu_A_peptide.pdb,propedia_long
propedia_5u3n_A,/home/igem/unknown_software/datasets/propedia_formatted/propedia_5u3n_A/propedia_5u3n_A_protein_pocket.pdb,/home/igem/unknown_software/datasets/propedia_formatted/propedia_5u3n_A/propedia_5u3n_A_peptide.pdb,propedia_long
propedia_3pth_B,/home/igem/unknown_software/datasets/propedia_formatted/propedia_3pth_B/propedia_3pth_B_protein_pocket.pdb,/home/igem/unknown_software/datasets/propedia_formatted/propedia_3pth_B/propedia_3pth_B_peptide.pdb,propedia_long
propedia_1mcv_I,/home/igem/unknown_software/datasets/propedia_formatted/propedia_1mcv_I/propedia_1mcv_I_protein_pocket.pdb,/home/igem/unknown_software/datasets/propedia_formatted/propedia_1mcv_I/propedia_1mcv_I_peptide.pdb,propedia_long
propedia_1s5r_A,/home/igem/unknown_software/datasets/propedia_formatted/propedia_1s5r_A/propedia_1s5r_A_protein_pocket.pdb,/home/igem/unknown_software/datasets/propedia_formatted/propedia_1s5r_A/propedia_1s5r_A_peptide.pdb,propedia_long
propedia_5mfm_P,/home/igem/unknown_software/datasets/propedia_formatted/propedia_5mfm_P/propedia_5mfm_P_protein_pocket.pdb,/home/igem/unknown_software/datasets/propedia_formatted/propedia_5mfm_P/propedia_5mfm_P_peptide.pdb,propedia_long
propedia_1ty4_C,/home/igem/unknown_software/datasets/propedia_formatted/propedia_1ty4_C/propedia_1ty4_C_protein_pocket.pdb,/home/igem/unknown_software/datasets/propedia_formatted/propedia_1ty4_C/propedia_1ty4_C_peptide.pdb,propedia_long
propedia_3m4w_E,/home/igem/unknown_software/datasets/propedia_formatted/propedia_3m4w_E/propedia_3m4w_E_protein_pocket.pdb,/home/igem/unknown_software/datasets/propedia_formatted/propedia_3m4w_E/propedia_3m4w_E_peptide.pdb,propedia_long
7mgs,/home/igem/unknown_software/datasets/RefPepDB-RecentSet/7mgs/7mgs_protein_pocket.pdb,/home/igem/unknown_software/datasets/RefPepDB-RecentSet/7mgs/7mgs_peptide.pdb,recentset_replay
propedia_1yu6_D,/home/igem/unknown_software/datasets/propedia_formatted/propedia_1yu6_D/propedia_1yu6_D_protein_pocket.pdb,/home/igem/unknown_software/datasets/propedia_formatted/propedia_1yu6_D/propedia_1yu6_D_peptide.pdb,propedia_long
propedia_4odn_B,/home/igem/unknown_software/datasets/propedia_formatted/propedia_4odn_B/propedia_4odn_B_protein_pocket.pdb,/home/igem/unknown_software/datasets/propedia_formatted/propedia_4odn_B/propedia_4odn_B_peptide.pdb,propedia_long
propedia_1mct_I,/home/igem/unknown_software/datasets/propedia_formatted/propedia_1mct_I/propedia_1mct_I_protein_pocket.pdb,/home/igem/unknown_software/datasets/propedia_formatted/propedia_1mct_I/propedia_1mct_I_peptide.pdb,propedia_long
propedia_1sgi_A,/home/igem/unknown_software/datasets/propedia_formatted/propedia_1sgi_A/propedia_1sgi_A_protein_pocket.pdb,/home/igem/unknown_software/datasets/propedia_formatted/propedia_1sgi_A/propedia_1sgi_A_peptide.pdb,propedia_long
propedia_6gwj_D,/home/igem/unknown_software/datasets/propedia_formatted/propedia_6gwj_D/propedia_6gwj_D_protein_pocket.pdb,/home/igem/unknown_software/datasets/propedia_formatted/propedia_6gwj_D/propedia_6gwj_D_peptide.pdb,propedia_long
propedia_3llz_B,/home/igem/unknown_software/datasets/propedia_formatted/propedia_3llz_B/propedia_3llz_B_protein_pocket.pdb,/home/igem/unknown_software/datasets/propedia_formatted/propedia_3llz_B/propedia_3llz_B_peptide.pdb,propedia_long
propedia_2nl9_B,/home/igem/unknown_software/datasets/propedia_formatted/propedia_2nl9_B/propedia_2nl9_B_protein_pocket.pdb,/home/igem/unknown_software/datasets/propedia_formatted/propedia_2nl9_B/propedia_2nl9_B_peptide.pdb,propedia_long
propedia_2mzp_I,/home/igem/unknown_software/datasets/propedia_formatted/propedia_2mzp_I/propedia_2mzp_I_protein_pocket.pdb,/home/igem/unknown_software/datasets/propedia_formatted/propedia_2mzp_I/propedia_2mzp_I_peptide.pdb,propedia_long
propedia_6d40_C,/home/igem/unknown_software/datasets/propedia_formatted/propedia_6d40_C/propedia_6d40_C_protein_pocket.pdb,/home/igem/unknown_software/datasets/propedia_formatted/propedia_6d40_C/propedia_6d40_C_peptide.pdb,propedia_long
propedia_3w6k_A,/home/igem/unknown_software/datasets/propedia_formatted/propedia_3w6k_A/propedia_3w6k_A_protein_pocket.pdb,/home/igem/unknown_software/datasets/propedia_formatted/propedia_3w6k_A/propedia_3w6k_A_peptide.pdb,propedia_long
7kht,/home/igem/unknown_software/datasets/RefPepDB-RecentSet/7kht/7kht_protein_pocket.pdb,/home/igem/unknown_software/datasets/RefPepDB-RecentSet/7kht/7kht_peptide.pdb,recentset_replay
propedia_2mwo_B,/home/igem/unknown_software/datasets/propedia_formatted/propedia_2mwo_B/propedia_2mwo_B_protein_pocket.pdb,/home/igem/unknown_software/datasets/propedia_formatted/propedia_2mwo_B/propedia_2mwo_B_peptide.pdb,propedia_long
propedia_3gp2_B,/home/igem/unknown_software/datasets/propedia_formatted/propedia_3gp2_B/propedia_3gp2_B_protein_pocket.pdb,/home/igem/unknown_software/datasets/propedia_formatted/propedia_3gp2_B/propedia_3gp2_B_peptide.pdb,propedia_long
propedia_1rbc_S,/home/igem/unknown_software/datasets/propedia_formatted/propedia_1rbc_S/propedia_1rbc_S_protein_pocket.pdb,/home/igem/unknown_software/datasets/propedia_formatted/propedia_1rbc_S/propedia_1rbc_S_peptide.pdb,propedia_long
propedia_5n4c_E,/home/igem/unknown_software/datasets/propedia_formatted/propedia_5n4c_E/propedia_5n4c_E_protein_pocket.pdb,/home/igem/unknown_software/datasets/propedia_formatted/propedia_5n4c_E/propedia_5n4c_E_peptide.pdb,propedia_long
propedia_4zfo_F,/home/igem/unknown_software/datasets/propedia_formatted/propedia_4zfo_F/propedia_4zfo_F_protein_pocket.pdb,/home/igem/unknown_software/datasets/propedia_formatted/propedia_4zfo_F/propedia_4zfo_F_peptide.pdb,propedia_long
propedia_3duf_I,/home/igem/unknown_software/datasets/propedia_formatted/propedia_3duf_I/propedia_3duf_I_protein_pocket.pdb,/home/igem/unknown_software/datasets/propedia_formatted/propedia_3duf_I/propedia_3duf_I_peptide.pdb,propedia_long
propedia_2mnu_B,/home/igem/unknown_software/datasets/propedia_formatted/propedia_2mnu_B/propedia_2mnu_B_protein_pocket.pdb,/home/igem/unknown_software/datasets/propedia_formatted/propedia_2mnu_B/propedia_2mnu_B_peptide.pdb,propedia_long
7zpy,/home/igem/unknown_software/datasets/RefPepDB-RecentSet/7zpy/7zpy_protein_pocket.pdb,/home/igem/unknown_software/datasets/RefPepDB-RecentSet/7zpy/7zpy_peptide.pdb,recentset_replay
propedia_2p58_A,/home/igem/unknown_software/datasets/propedia_formatted/propedia_2p58_A/propedia_2p58_A_protein_pocket.pdb,/home/igem/unknown_software/datasets/propedia_formatted/propedia_2p58_A/propedia_2p58_A_peptide.pdb,propedia_long
propedia_3kj0_B,/home/igem/unknown_software/datasets/propedia_formatted/propedia_3kj0_B/propedia_3kj0_B_protein_pocket.pdb,/home/igem/unknown_software/datasets/propedia_formatted/propedia_3kj0_B/propedia_3kj0_B_peptide.pdb,propedia_long
7mkb,/home/igem/unknown_software/datasets/RefPepDB-RecentSet/7mkb/7mkb_protein_pocket.pdb,/home/igem/unknown_software/datasets/RefPepDB-RecentSet/7mkb/7mkb_peptide.pdb,recentset_replay
propedia_6jjz_C,/home/igem/unknown_software/datasets/propedia_formatted/propedia_6jjz_C/propedia_6jjz_C_protein_pocket.pdb,/home/igem/unknown_software/datasets/propedia_formatted/propedia_6jjz_C/propedia_6jjz_C_peptide.pdb,propedia_long
7t8m,/home/igem/unknown_software/datasets/RefPepDB-RecentSet/7t8m/7t8m_protein_pocket.pdb,/home/igem/unknown_software/datasets/RefPepDB-RecentSet/7t8m/7t8m_peptide.pdb,recentset_replay
propedia_1hoy_B,/home/igem/unknown_software/datasets/propedia_formatted/propedia_1hoy_B/propedia_1hoy_B_protein_pocket.pdb,/home/igem/unknown_software/datasets/propedia_formatted/propedia_1hoy_B/propedia_1hoy_B_peptide.pdb,propedia_long
propedia_4rey_B,/home/igem/unknown_software/datasets/propedia_formatted/propedia_4rey_B/propedia_4rey_B_protein_pocket.pdb,/home/igem/unknown_software/datasets/propedia_formatted/propedia_4rey_B/propedia_4rey_B_peptide.pdb,propedia_long
propedia_4md4_C,/home/igem/unknown_software/datasets/propedia_formatted/propedia_4md4_C/propedia_4md4_C_protein_pocket.pdb,/home/igem/unknown_software/datasets/propedia_formatted/propedia_4md4_C/propedia_4md4_C_peptide.pdb,propedia_long
7w0q,/home/igem/unknown_software/datasets/RefPepDB-RecentSet/7w0q/7w0q_protein_pocket.pdb,/home/igem/unknown_software/datasets/RefPepDB-RecentSet/7w0q/7w0q_peptide.pdb,recentset_replay
propedia_1kil_E,/home/igem/unknown_software/datasets/propedia_formatted/propedia_1kil_E/propedia_1kil_E_protein_pocket.pdb,/home/igem/unknown_software/datasets/propedia_formatted/propedia_1kil_E/propedia_1kil_E_peptide.pdb,propedia_long
propedia_2w97_E,/home/igem/unknown_software/datasets/propedia_formatted/propedia_2w97_E/propedia_2w97_E_protein_pocket.pdb,/home/igem/unknown_software/datasets/propedia_formatted/propedia_2w97_E/propedia_2w97_E_peptide.pdb,propedia_long
propedia_2ak4_C,/home/igem/unknown_software/datasets/propedia_formatted/propedia_2ak4_C/propedia_2ak4_C_protein_pocket.pdb,/home/igem/unknown_software/datasets/propedia_formatted/propedia_2ak4_C/propedia_2ak4_C_peptide.pdb,propedia_long
propedia_5ky2_B,/home/igem/unknown_software/datasets/propedia_formatted/propedia_5ky2_B/propedia_5ky2_B_protein_pocket.pdb,/home/igem/unknown_software/datasets/propedia_formatted/propedia_5ky2_B/propedia_5ky2_B_peptide.pdb,propedia_long
propedia_1oj5_B,/home/igem/unknown_software/datasets/propedia_formatted/propedia_1oj5_B/propedia_1oj5_B_protein_pocket.pdb,/home/igem/unknown_software/datasets/propedia_formatted/propedia_1oj5_B/propedia_1oj5_B_peptide.pdb,propedia_long
propedia_6but_B,/home/igem/unknown_software/datasets/propedia_formatted/propedia_6but_B/propedia_6but_B_protein_pocket.pdb,/home/igem/unknown_software/datasets/propedia_formatted/propedia_6but_B/propedia_6but_B_peptide.pdb,propedia_long
propedia_5vwy_B,/home/igem/unknown_software/datasets/propedia_formatted/propedia_5vwy_B/propedia_5vwy_B_protein_pocket.pdb,/home/igem/unknown_software/datasets/propedia_formatted/propedia_5vwy_B/propedia_5vwy_B_peptide.pdb,propedia_long
propedia_6t2d_B,/home/igem/unknown_software/datasets/propedia_formatted/propedia_6t2d_B/propedia_6t2d_B_protein_pocket.pdb,/home/igem/unknown_software/datasets/propedia_formatted/propedia_6t2d_B/propedia_6t2d_B_peptide.pdb,propedia_long
propedia_2mkr_B,/home/igem/unknown_software/datasets/propedia_formatted/propedia_2mkr_B/propedia_2mkr_B_protein_pocket.pdb,/home/igem/unknown_software/datasets/propedia_formatted/propedia_2mkr_B/propedia_2mkr_B_peptide.pdb,propedia_long
propedia_5ehc_B,/home/igem/unknown_software/datasets/propedia_formatted/propedia_5ehc_B/propedia_5ehc_B_protein_pocket.pdb,/home/igem/unknown_software/datasets/propedia_formatted/propedia_5ehc_B/propedia_5ehc_B_peptide.pdb,propedia_long
7e9l,/home/igem/unknown_software/datasets/RefPepDB-RecentSet/7e9l/7e9l_protein_pocket.pdb,/home/igem/unknown_software/datasets/RefPepDB-RecentSet/7e9l/7e9l_peptide.pdb,recentset_replay
propedia_5dif_D,/home/igem/unknown_software/datasets/propedia_formatted/propedia_5dif_D/propedia_5dif_D_protein_pocket.pdb,/home/igem/unknown_software/datasets/propedia_formatted/propedia_5dif_D/propedia_5dif_D_peptide.pdb,propedia_long
propedia_4no2_C,/home/igem/unknown_software/datasets/propedia_formatted/propedia_4no2_C/propedia_4no2_C_protein_pocket.pdb,/home/igem/unknown_software/datasets/propedia_formatted/propedia_4no2_C/propedia_4no2_C_peptide.pdb,propedia_long
propedia_6c0h_C,/home/igem/unknown_software/datasets/propedia_formatted/propedia_6c0h_C/propedia_6c0h_C_protein_pocket.pdb,/home/igem/unknown_software/datasets/propedia_formatted/propedia_6c0h_C/propedia_6c0h_C_peptide.pdb,propedia_long
propedia_2bok_L,/home/igem/unknown_software/datasets/propedia_formatted/propedia_2bok_L/propedia_2bok_L_protein_pocket.pdb,/home/igem/unknown_software/datasets/propedia_formatted/propedia_2bok_L/propedia_2bok_L_peptide.pdb,propedia_long
propedia_5b78_B,/home/igem/unknown_software/datasets/propedia_formatted/propedia_5b78_B/propedia_5b78_B_protein_pocket.pdb,/home/igem/unknown_software/datasets/propedia_formatted/propedia_5b78_B/propedia_5b78_B_peptide.pdb,propedia_long
propedia_2rnx_B,/home/igem/unknown_software/datasets/propedia_formatted/propedia_2rnx_B/propedia_2rnx_B_protein_pocket.pdb,/home/igem/unknown_software/datasets/propedia_formatted/propedia_2rnx_B/propedia_2rnx_B_peptide.pdb,propedia_long
propedia_5otu_B,/home/igem/unknown_software/datasets/propedia_formatted/propedia_5otu_B/propedia_5otu_B_protein_pocket.pdb,/home/igem/unknown_software/datasets/propedia_formatted/propedia_5otu_B/propedia_5otu_B_peptide.pdb,propedia_long
propedia_4p3w_G,/home/igem/unknown_software/datasets/propedia_formatted/propedia_4p3w_G/propedia_4p3w_G_protein_pocket.pdb,/home/igem/unknown_software/datasets/propedia_formatted/propedia_4p3w_G/propedia_4p3w_G_peptide.pdb,propedia_long
7m8s,/home/igem/unknown_software/datasets/RefPepDB-RecentSet/7m8s/7m8s_protein_pocket.pdb,/home/igem/unknown_software/datasets/RefPepDB-RecentSet/7m8s/7m8s_peptide.pdb,recentset_replay
propedia_4re1_C,/home/igem/unknown_software/datasets/propedia_formatted/propedia_4re1_C/propedia_4re1_C_protein_pocket.pdb,/home/igem/unknown_software/datasets/propedia_formatted/propedia_4re1_C/propedia_4re1_C_peptide.pdb,propedia_long
propedia_3oux_B,/home/igem/unknown_software/datasets/propedia_formatted/propedia_3oux_B/propedia_3oux_B_protein_pocket.pdb,/home/igem/unknown_software/datasets/propedia_formatted/propedia_3oux_B/propedia_3oux_B_peptide.pdb,propedia_long
7rnc,/home/igem/unknown_software/datasets/RefPepDB-RecentSet/7rnc/7rnc_protein_pocket.pdb,/home/igem/unknown_software/datasets/RefPepDB-RecentSet/7rnc/7rnc_peptide.pdb,recentset_replay
propedia_6mtt_P,/home/igem/unknown_software/datasets/propedia_formatted/propedia_6mtt_P/propedia_6mtt_P_protein_pocket.pdb,/home/igem/unknown_software/datasets/propedia_formatted/propedia_6mtt_P/propedia_6mtt_P_peptide.pdb,propedia_long
propedia_6ocp_P,/home/igem/unknown_software/datasets/propedia_formatted/propedia_6ocp_P/propedia_6ocp_P_protein_pocket.pdb,/home/igem/unknown_software/datasets/propedia_formatted/propedia_6ocp_P/propedia_6ocp_P_peptide.pdb,propedia_long
propedia_1id5_L,/home/igem/unknown_software/datasets/propedia_formatted/propedia_1id5_L/propedia_1id5_L_protein_pocket.pdb,/home/igem/unknown_software/datasets/propedia_formatted/propedia_1id5_L/propedia_1id5_L_peptide.pdb,propedia_long
7qpj,/home/igem/unknown_software/datasets/RefPepDB-RecentSet/7qpj/7qpj_protein_pocket.pdb,/home/igem/unknown_software/datasets/RefPepDB-RecentSet/7qpj/7qpj_peptide.pdb,recentset_replay
propedia_2xjy_B,/home/igem/unknown_software/datasets/propedia_formatted/propedia_2xjy_B/propedia_2xjy_B_protein_pocket.pdb,/home/igem/unknown_software/datasets/propedia_formatted/propedia_2xjy_B/propedia_2xjy_B_peptide.pdb,propedia_long
propedia_4lzx_B,/home/igem/unknown_software/datasets/propedia_formatted/propedia_4lzx_B/propedia_4lzx_B_protein_pocket.pdb,/home/igem/unknown_software/datasets/propedia_formatted/propedia_4lzx_B/propedia_4lzx_B_peptide.pdb,propedia_long
propedia_6nuc_C,/home/igem/unknown_software/datasets/propedia_formatted/propedia_6nuc_C/propedia_6nuc_C_protein_pocket.pdb,/home/igem/unknown_software/datasets/propedia_formatted/propedia_6nuc_C/propedia_6nuc_C_peptide.pdb,propedia_long
propedia_5i3l_C,/home/igem/unknown_software/datasets/propedia_formatted/propedia_5i3l_C/propedia_5i3l_C_protein_pocket.pdb,/home/igem/unknown_software/datasets/propedia_formatted/propedia_5i3l_C/propedia_5i3l_C_peptide.pdb,propedia_long
propedia_3uvu_B,/home/igem/unknown_software/datasets/propedia_formatted/propedia_3uvu_B/propedia_3uvu_B_protein_pocket.pdb,/home/igem/unknown_software/datasets/propedia_formatted/propedia_3uvu_B/propedia_3uvu_B_peptide.pdb,propedia_long
7tzk,/home/igem/unknown_software/datasets/RefPepDB-RecentSet/7tzk/7tzk_protein_pocket.pdb,/home/igem/unknown_software/datasets/RefPepDB-RecentSet/7tzk/7tzk_peptide.pdb,recentset_replay
7oye,/home/igem/unknown_software/datasets/RefPepDB-RecentSet/7oye/7oye_protein_pocket.pdb,/home/igem/unknown_software/datasets/RefPepDB-RecentSet/7oye/7oye_peptide.pdb,recentset_replay
propedia_6ers_B,/home/igem/unknown_software/datasets/propedia_formatted/propedia_6ers_B/propedia_6ers_B_protein_pocket.pdb,/home/igem/unknown_software/datasets/propedia_formatted/propedia_6ers_B/propedia_6ers_B_peptide.pdb,propedia_long
propedia_6q01_C,/home/igem/unknown_software/datasets/propedia_formatted/propedia_6q01_C/propedia_6q01_C_protein_pocket.pdb,/home/igem/unknown_software/datasets/propedia_formatted/propedia_6q01_C/propedia_6q01_C_peptide.pdb,propedia_long
propedia_6ucm_A,/home/igem/unknown_software/datasets/propedia_formatted/propedia_6ucm_A/propedia_6ucm_A_protein_pocket.pdb,/home/igem/unknown_software/datasets/propedia_formatted/propedia_6ucm_A/propedia_6ucm_A_peptide.pdb,propedia_long
propedia_5zjy_B,/home/igem/unknown_software/datasets/propedia_formatted/propedia_5zjy_B/propedia_5zjy_B_protein_pocket.pdb,/home/igem/unknown_software/datasets/propedia_formatted/propedia_5zjy_B/propedia_5zjy_B_peptide.pdb,propedia_long
propedia_1n0x_P,/home/igem/unknown_software/datasets/propedia_formatted/propedia_1n0x_P/propedia_1n0x_P_protein_pocket.pdb,/home/igem/unknown_software/datasets/propedia_formatted/propedia_1n0x_P/propedia_1n0x_P_peptide.pdb,propedia_long
propedia_1fqj_C,/home/igem/unknown_software/datasets/propedia_formatted/propedia_1fqj_C/propedia_1fqj_C_protein_pocket.pdb,/home/igem/unknown_software/datasets/propedia_formatted/propedia_1fqj_C/propedia_1fqj_C_peptide.pdb,propedia_long
propedia_1jrr_P,/home/igem/unknown_software/datasets/propedia_formatted/propedia_1jrr_P/propedia_1jrr_P_protein_pocket.pdb,/home/igem/unknown_software/datasets/propedia_formatted/propedia_1jrr_P/propedia_1jrr_P_peptide.pdb,propedia_long
propedia_4cay_C,/home/igem/unknown_software/datasets/propedia_formatted/propedia_4cay_C/propedia_4cay_C_protein_pocket.pdb,/home/igem/unknown_software/datasets/propedia_formatted/propedia_4cay_C/propedia_4cay_C_peptide.pdb,propedia_long
propedia_6i2g_B,/home/igem/unknown_software/datasets/propedia_formatted/propedia_6i2g_B/propedia_6i2g_B_protein_pocket.pdb,/home/igem/unknown_software/datasets/propedia_formatted/propedia_6i2g_B/propedia_6i2g_B_peptide.pdb,propedia_long
propedia_5dbr_C,/home/igem/unknown_software/datasets/propedia_formatted/propedia_5dbr_C/propedia_5dbr_C_protein_pocket.pdb,/home/igem/unknown_software/datasets/propedia_formatted/propedia_5dbr_C/propedia_5dbr_C_peptide.pdb,propedia_long
propedia_5epm_C,/home/igem/unknown_software/datasets/propedia_formatted/propedia_5epm_C/propedia_5epm_C_protein_pocket.pdb,/home/igem/unknown_software/datasets/propedia_formatted/propedia_5epm_C/propedia_5epm_C_peptide.pdb,propedia_long
propedia_1h9i_I,/home/igem/unknown_software/datasets/propedia_formatted/propedia_1h9i_I/propedia_1h9i_I_protein_pocket.pdb,/home/igem/unknown_software/datasets/propedia_formatted/propedia_1h9i_I/propedia_1h9i_I_peptide.pdb,propedia_long
propedia_6rk9_C,/home/igem/unknown_software/datasets/propedia_formatted/propedia_6rk9_C/propedia_6rk9_C_protein_pocket.pdb,/home/igem/unknown_software/datasets/propedia_formatted/propedia_6rk9_C/propedia_6rk9_C_peptide.pdb,propedia_long
propedia_4gux_D,/home/igem/unknown_software/datasets/propedia_formatted/propedia_4gux_D/propedia_4gux_D_protein_pocket.pdb,/home/igem/unknown_software/datasets/propedia_formatted/propedia_4gux_D/propedia_4gux_D_peptide.pdb,propedia_long
propedia_6rmb_D,/home/igem/unknown_software/datasets/propedia_formatted/propedia_6rmb_D/propedia_6rmb_D_protein_pocket.pdb,/home/igem/unknown_software/datasets/propedia_formatted/propedia_6rmb_D/propedia_6rmb_D_peptide.pdb,propedia_long
propedia_2vwl_L,/home/igem/unknown_software/datasets/propedia_formatted/propedia_2vwl_L/propedia_2vwl_L_protein_pocket.pdb,/home/igem/unknown_software/datasets/propedia_formatted/propedia_2vwl_L/propedia_2vwl_L_peptide.pdb,propedia_long
propedia_5ndc_C,/home/igem/unknown_software/datasets/propedia_formatted/propedia_5ndc_C/propedia_5ndc_C_protein_pocket.pdb,/home/igem/unknown_software/datasets/propedia_formatted/propedia_5ndc_C/propedia_5ndc_C_peptide.pdb,propedia_long
propedia_4m6b_C,/home/igem/unknown_software/datasets/propedia_formatted/propedia_4m6b_C/propedia_4m6b_C_protein_pocket.pdb,/home/igem/unknown_software/datasets/propedia_formatted/propedia_4m6b_C/propedia_4m6b_C_peptide.pdb,propedia_long
propedia_2l1c_B,/home/igem/unknown_software/datasets/propedia_formatted/propedia_2l1c_B/propedia_2l1c_B_protein_pocket.pdb,/home/igem/unknown_software/datasets/propedia_formatted/propedia_2l1c_B/propedia_2l1c_B_peptide.pdb,propedia_long
propedia_2f3c_I,/home/igem/unknown_software/datasets/propedia_formatted/propedia_2f3c_I/propedia_2f3c_I_protein_pocket.pdb,/home/igem/unknown_software/datasets/propedia_formatted/propedia_2f3c_I/propedia_2f3c_I_peptide.pdb,propedia_long
7lfz,/home/igem/unknown_software/datasets/RefPepDB-RecentSet/7lfz/7lfz_protein_pocket.pdb,/home/igem/unknown_software/datasets/RefPepDB-RecentSet/7lfz/7lfz_peptide.pdb,recentset_replay
propedia_2k6q_B,/home/igem/unknown_software/datasets/propedia_formatted/propedia_2k6q_B/propedia_2k6q_B_protein_pocket.pdb,/home/igem/unknown_software/datasets/propedia_formatted/propedia_2k6q_B/propedia_2k6q_B_peptide.pdb,propedia_long
propedia_4e17_B,/home/igem/unknown_software/datasets/propedia_formatted/propedia_4e17_B/propedia_4e17_B_protein_pocket.pdb,/home/igem/unknown_software/datasets/propedia_formatted/propedia_4e17_B/propedia_4e17_B_peptide.pdb,propedia_long
propedia_2k04_B,/home/igem/unknown_software/datasets/propedia_formatted/propedia_2k04_B/propedia_2k04_B_protein_pocket.pdb,/home/igem/unknown_software/datasets/propedia_formatted/propedia_2k04_B/propedia_2k04_B_peptide.pdb,propedia_long
propedia_1akh_A,/home/igem/unknown_software/datasets/propedia_formatted/propedia_1akh_A/propedia_1akh_A_protein_pocket.pdb,/home/igem/unknown_software/datasets/propedia_formatted/propedia_1akh_A/propedia_1akh_A_peptide.pdb,propedia_long
propedia_1u6h_B,/home/igem/unknown_software/datasets/propedia_formatted/propedia_1u6h_B/propedia_1u6h_B_protein_pocket.pdb,/home/igem/unknown_software/datasets/propedia_formatted/propedia_1u6h_B/propedia_1u6h_B_peptide.pdb,propedia_long
propedia_4okf_A,/home/igem/unknown_software/datasets/propedia_formatted/propedia_4okf_A/propedia_4okf_A_protein_pocket.pdb,/home/igem/unknown_software/datasets/propedia_formatted/propedia_4okf_A/propedia_4okf_A_peptide.pdb,propedia_long
propedia_6bc8_B,/home/igem/unknown_software/datasets/propedia_formatted/propedia_6bc8_B/propedia_6bc8_B_protein_pocket.pdb,/home/igem/unknown_software/datasets/propedia_formatted/propedia_6bc8_B/propedia_6bc8_B_peptide.pdb,propedia_long
propedia_2a40_C,/home/igem/unknown_software/datasets/propedia_formatted/propedia_2a40_C/propedia_2a40_C_protein_pocket.pdb,/home/igem/unknown_software/datasets/propedia_formatted/propedia_2a40_C/propedia_2a40_C_peptide.pdb,propedia_long
propedia_2rod_B,/home/igem/unknown_software/datasets/propedia_formatted/propedia_2rod_B/propedia_2rod_B_protein_pocket.pdb,/home/igem/unknown_software/datasets/propedia_formatted/propedia_2rod_B/propedia_2rod_B_peptide.pdb,propedia_long
propedia_1upt_D,/home/igem/unknown_software/datasets/propedia_formatted/propedia_1upt_D/propedia_1upt_D_protein_pocket.pdb,/home/igem/unknown_software/datasets/propedia_formatted/propedia_1upt_D/propedia_1upt_D_peptide.pdb,propedia_long
propedia_5jej_C,/home/igem/unknown_software/datasets/propedia_formatted/propedia_5jej_C/propedia_5jej_C_protein_pocket.pdb,/home/igem/unknown_software/datasets/propedia_formatted/propedia_5jej_C/propedia_5jej_C_peptide.pdb,propedia_long
propedia_3wyg_D,/home/igem/unknown_software/datasets/propedia_formatted/propedia_3wyg_D/propedia_3wyg_D_protein_pocket.pdb,/home/igem/unknown_software/datasets/propedia_formatted/propedia_3wyg_D/propedia_3wyg_D_peptide.pdb,propedia_long
propedia_5ajo_B,/home/igem/unknown_software/datasets/propedia_formatted/propedia_5ajo_B/propedia_5ajo_B_protein_pocket.pdb,/home/igem/unknown_software/datasets/propedia_formatted/propedia_5ajo_B/propedia_5ajo_B_peptide.pdb,propedia_long
propedia_3q6s_E,/home/igem/unknown_software/datasets/propedia_formatted/propedia_3q6s_E/propedia_3q6s_E_protein_pocket.pdb,/home/igem/unknown_software/datasets/propedia_formatted/propedia_3q6s_E/propedia_3q6s_E_peptide.pdb,propedia_long
propedia_6grh_A,/home/igem/unknown_software/datasets/propedia_formatted/propedia_6grh_A/propedia_6grh_A_protein_pocket.pdb,/home/igem/unknown_software/datasets/propedia_formatted/propedia_6grh_A/propedia_6grh_A_peptide.pdb,propedia_long
propedia_2l6y_A,/home/igem/unknown_software/datasets/propedia_formatted/propedia_2l6y_A/propedia_2l6y_A_protein_pocket.pdb,/home/igem/unknown_software/datasets/propedia_formatted/propedia_2l6y_A/propedia_2l6y_A_peptide.pdb,propedia_long
propedia_6h0b_F,/home/igem/unknown_software/datasets/propedia_formatted/propedia_6h0b_F/propedia_6h0b_F_protein_pocket.pdb,/home/igem/unknown_software/datasets/propedia_formatted/propedia_6h0b_F/propedia_6h0b_F_peptide.pdb,propedia_long
propedia_4uqy_B,/home/igem/unknown_software/datasets/propedia_formatted/propedia_4uqy_B/propedia_4uqy_B_protein_pocket.pdb,/home/igem/unknown_software/datasets/propedia_formatted/propedia_4uqy_B/propedia_4uqy_B_peptide.pdb,propedia_long
7q44,/home/igem/unknown_software/datasets/RefPepDB-RecentSet/7q44/7q44_protein_pocket.pdb,/home/igem/unknown_software/datasets/RefPepDB-RecentSet/7q44/7q44_peptide.pdb,recentset_replay
propedia_4xpn_B,/home/igem/unknown_software/datasets/propedia_formatted/propedia_4xpn_B/propedia_4xpn_B_protein_pocket.pdb,/home/igem/unknown_software/datasets/propedia_formatted/propedia_4xpn_B/propedia_4xpn_B_peptide.pdb,propedia_long
propedia_5xyf_B,/home/igem/unknown_software/datasets/propedia_formatted/propedia_5xyf_B/propedia_5xyf_B_protein_pocket.pdb,/home/igem/unknown_software/datasets/propedia_formatted/propedia_5xyf_B/propedia_5xyf_B_peptide.pdb,propedia_long
propedia_4afj_X,/home/igem/unknown_software/datasets/propedia_formatted/propedia_4afj_X/propedia_4afj_X_protein_pocket.pdb,/home/igem/unknown_software/datasets/propedia_formatted/propedia_4afj_X/propedia_4afj_X_peptide.pdb,propedia_long
propedia_5jtq_E,/home/igem/unknown_software/datasets/propedia_formatted/propedia_5jtq_E/propedia_5jtq_E_protein_pocket.pdb,/home/igem/unknown_software/datasets/propedia_formatted/propedia_5jtq_E/propedia_5jtq_E_peptide.pdb,propedia_long
propedia_6in9_C,/home/igem/unknown_software/datasets/propedia_formatted/propedia_6in9_C/propedia_6in9_C_protein_pocket.pdb,/home/igem/unknown_software/datasets/propedia_formatted/propedia_6in9_C/propedia_6in9_C_peptide.pdb,propedia_long
propedia_4wxa_F,/home/igem/unknown_software/datasets/propedia_formatted/propedia_4wxa_F/propedia_4wxa_F_protein_pocket.pdb,/home/igem/unknown_software/datasets/propedia_formatted/propedia_4wxa_F/propedia_4wxa_F_peptide.pdb,propedia_long
propedia_6fzf_C,/home/igem/unknown_software/datasets/propedia_formatted/propedia_6fzf_C/propedia_6fzf_C_protein_pocket.pdb,/home/igem/unknown_software/datasets/propedia_formatted/propedia_6fzf_C/propedia_6fzf_C_peptide.pdb,propedia_long
propedia_4pyu_C,/home/igem/unknown_software/datasets/propedia_formatted/propedia_4pyu_C/propedia_4pyu_C_protein_pocket.pdb,/home/igem/unknown_software/datasets/propedia_formatted/propedia_4pyu_C/propedia_4pyu_C_peptide.pdb,propedia_long
propedia_5yix_B,/home/igem/unknown_software/datasets/propedia_formatted/propedia_5yix_B/propedia_5yix_B_protein_pocket.pdb,/home/igem/unknown_software/datasets/propedia_formatted/propedia_5yix_B/propedia_5yix_B_peptide.pdb,propedia_long
propedia_3a1q_C,/home/igem/unknown_software/datasets/propedia_formatted/propedia_3a1q_C/propedia_3a1q_C_protein_pocket.pdb,/home/igem/unknown_software/datasets/propedia_formatted/propedia_3a1q_C/propedia_3a1q_C_peptide.pdb,propedia_long
propedia_3mhp_C,/home/igem/unknown_software/datasets/propedia_formatted/propedia_3mhp_C/propedia_3mhp_C_protein_pocket.pdb,/home/igem/unknown_software/datasets/propedia_formatted/propedia_3mhp_C/propedia_3mhp_C_peptide.pdb,propedia_long
7yxo,/home/igem/unknown_software/datasets/RefPepDB-RecentSet/7yxo/7yxo_protein_pocket.pdb,/home/igem/unknown_software/datasets/RefPepDB-RecentSet/7yxo/7yxo_peptide.pdb,recentset_replay
propedia_6b5s_A,/home/igem/unknown_software/datasets/propedia_formatted/propedia_6b5s_A/propedia_6b5s_A_protein_pocket.pdb,/home/igem/unknown_software/datasets/propedia_formatted/propedia_6b5s_A/propedia_6b5s_A_peptide.pdb,propedia_long
propedia_6ifc_B,/home/igem/unknown_software/datasets/propedia_formatted/propedia_6ifc_B/propedia_6ifc_B_protein_pocket.pdb,/home/igem/unknown_software/datasets/propedia_formatted/propedia_6ifc_B/propedia_6ifc_B_peptide.pdb,propedia_long
propedia_4zrk_E,/home/igem/unknown_software/datasets/propedia_formatted/propedia_4zrk_E/propedia_4zrk_E_protein_pocket.pdb,/home/igem/unknown_software/datasets/propedia_formatted/propedia_4zrk_E/propedia_4zrk_E_peptide.pdb,propedia_long
propedia_4niq_C,/home/igem/unknown_software/datasets/propedia_formatted/propedia_4niq_C/propedia_4niq_C_protein_pocket.pdb,/home/igem/unknown_software/datasets/propedia_formatted/propedia_4niq_C/propedia_4niq_C_peptide.pdb,propedia_long
propedia_6e3j_B,/home/igem/unknown_software/datasets/propedia_formatted/propedia_6e3j_B/propedia_6e3j_B_protein_pocket.pdb,/home/igem/unknown_software/datasets/propedia_formatted/propedia_6e3j_B/propedia_6e3j_B_peptide.pdb,propedia_long
propedia_2n55_B,/home/igem/unknown_software/datasets/propedia_formatted/propedia_2n55_B/propedia_2n55_B_protein_pocket.pdb,/home/igem/unknown_software/datasets/propedia_formatted/propedia_2n55_B/propedia_2n55_B_peptide.pdb,propedia_long
propedia_5oxx_B,/home/igem/unknown_software/datasets/propedia_formatted/propedia_5oxx_B/propedia_5oxx_B_protein_pocket.pdb,/home/igem/unknown_software/datasets/propedia_formatted/propedia_5oxx_B/propedia_5oxx_B_peptide.pdb,propedia_long
propedia_6rir_C,/home/igem/unknown_software/datasets/propedia_formatted/propedia_6rir_C/propedia_6rir_C_protein_pocket.pdb,/home/igem/unknown_software/datasets/propedia_formatted/propedia_6rir_C/propedia_6rir_C_peptide.pdb,propedia_long
propedia_1cdm_B,/home/igem/unknown_software/datasets/propedia_formatted/propedia_1cdm_B/propedia_1cdm_B_protein_pocket.pdb,/home/igem/unknown_software/datasets/propedia_formatted/propedia_1cdm_B/propedia_1cdm_B_peptide.pdb,propedia_long
propedia_2m14_B,/home/igem/unknown_software/datasets/propedia_formatted/propedia_2m14_B/propedia_2m14_B_protein_pocket.pdb,/home/igem/unknown_software/datasets/propedia_formatted/propedia_2m14_B/propedia_2m14_B_peptide.pdb,propedia_long
propedia_1uwx_P,/home/igem/unknown_software/datasets/propedia_formatted/propedia_1uwx_P/propedia_1uwx_P_protein_pocket.pdb,/home/igem/unknown_software/datasets/propedia_formatted/propedia_1uwx_P/propedia_1uwx_P_peptide.pdb,propedia_long
propedia_2hqw_B,/home/igem/unknown_software/datasets/propedia_formatted/propedia_2hqw_B/propedia_2hqw_B_protein_pocket.pdb,/home/igem/unknown_software/datasets/propedia_formatted/propedia_2hqw_B/propedia_2hqw_B_peptide.pdb,propedia_long
propedia_1oxg_B,/home/igem/unknown_software/datasets/propedia_formatted/propedia_1oxg_B/propedia_1oxg_B_protein_pocket.pdb,/home/igem/unknown_software/datasets/propedia_formatted/propedia_1oxg_B/propedia_1oxg_B_peptide.pdb,propedia_long
propedia_2ma9_A,/home/igem/unknown_software/datasets/propedia_formatted/propedia_2ma9_A/propedia_2ma9_A_protein_pocket.pdb,/home/igem/unknown_software/datasets/propedia_formatted/propedia_2ma9_A/propedia_2ma9_A_peptide.pdb,propedia_long
propedia_5di9_D,/home/igem/unknown_software/datasets/propedia_formatted/propedia_5di9_D/propedia_5di9_D_protein_pocket.pdb,/home/igem/unknown_software/datasets/propedia_formatted/propedia_5di9_D/propedia_5di9_D_peptide.pdb,propedia_long
propedia_4irv_E,/home/igem/unknown_software/datasets/propedia_formatted/propedia_4irv_E/propedia_4irv_E_protein_pocket.pdb,/home/igem/unknown_software/datasets/propedia_formatted/propedia_4irv_E/propedia_4irv_E_peptide.pdb,propedia_long
propedia_2ggv_A,/home/igem/unknown_software/datasets/propedia_formatted/propedia_2ggv_A/propedia_2ggv_A_protein_pocket.pdb,/home/igem/unknown_software/datasets/propedia_formatted/propedia_2ggv_A/propedia_2ggv_A_peptide.pdb,propedia_long
propedia_2mak_B,/home/igem/unknown_software/datasets/propedia_formatted/propedia_2mak_B/propedia_2mak_B_protein_pocket.pdb,/home/igem/unknown_software/datasets/propedia_formatted/propedia_2mak_B/propedia_2mak_B_peptide.pdb,propedia_long
7s4g,/home/igem/unknown_software/datasets/RefPepDB-RecentSet/7s4g/7s4g_protein_pocket.pdb,/home/igem/unknown_software/datasets/RefPepDB-RecentSet/7s4g/7s4g_peptide.pdb,recentset_replay
propedia_4rjf_B,/home/igem/unknown_software/datasets/propedia_formatted/propedia_4rjf_B/propedia_4rjf_B_protein_pocket.pdb,/home/igem/unknown_software/datasets/propedia_formatted/propedia_4rjf_B/propedia_4rjf_B_peptide.pdb,propedia_long
propedia_1yk0_E,/home/igem/unknown_software/datasets/propedia_formatted/propedia_1yk0_E/propedia_1yk0_E_protein_pocket.pdb,/home/igem/unknown_software/datasets/propedia_formatted/propedia_1yk0_E/propedia_1yk0_E_peptide.pdb,propedia_long
propedia_5ajn_P,/home/igem/unknown_software/datasets/propedia_formatted/propedia_5ajn_P/propedia_5ajn_P_protein_pocket.pdb,/home/igem/unknown_software/datasets/propedia_formatted/propedia_5ajn_P/propedia_5ajn_P_peptide.pdb,propedia_long
propedia_1q5w_A,/home/igem/unknown_software/datasets/propedia_formatted/propedia_1q5w_A/propedia_1q5w_A_protein_pocket.pdb,/home/igem/unknown_software/datasets/propedia_formatted/propedia_1q5w_A/propedia_1q5w_A_peptide.pdb,propedia_long
propedia_2k42_B,/home/igem/unknown_software/datasets/propedia_formatted/propedia_2k42_B/propedia_2k42_B_protein_pocket.pdb,/home/igem/unknown_software/datasets/propedia_formatted/propedia_2k42_B/propedia_2k42_B_peptide.pdb,propedia_long
propedia_4n3y_A,/home/igem/unknown_software/datasets/propedia_formatted/propedia_4n3y_A/propedia_4n3y_A_protein_pocket.pdb,/home/igem/unknown_software/datasets/propedia_formatted/propedia_4n3y_A/propedia_4n3y_A_peptide.pdb,propedia_long
propedia_2lbm_C,/home/igem/unknown_software/datasets/propedia_formatted/propedia_2lbm_C/propedia_2lbm_C_protein_pocket.pdb,/home/igem/unknown_software/datasets/propedia_formatted/propedia_2lbm_C/propedia_2lbm_C_peptide.pdb,propedia_long
propedia_5om7_B,/home/igem/unknown_software/datasets/propedia_formatted/propedia_5om7_B/propedia_5om7_B_protein_pocket.pdb,/home/igem/unknown_software/datasets/propedia_formatted/propedia_5om7_B/propedia_5om7_B_peptide.pdb,propedia_long
propedia_3eu7_X,/home/igem/unknown_software/datasets/propedia_formatted/propedia_3eu7_X/propedia_3eu7_X_protein_pocket.pdb,/home/igem/unknown_software/datasets/propedia_formatted/propedia_3eu7_X/propedia_3eu7_X_peptide.pdb,propedia_long
propedia_5uup_B,/home/igem/unknown_software/datasets/propedia_formatted/propedia_5uup_B/propedia_5uup_B_protein_pocket.pdb,/home/igem/unknown_software/datasets/propedia_formatted/propedia_5uup_B/propedia_5uup_B_peptide.pdb,propedia_long
propedia_2cnz_B,/home/igem/unknown_software/datasets/propedia_formatted/propedia_2cnz_B/propedia_2cnz_B_protein_pocket.pdb,/home/igem/unknown_software/datasets/propedia_formatted/propedia_2cnz_B/propedia_2cnz_B_peptide.pdb,propedia_long
propedia_5xiu_A,/home/igem/unknown_software/datasets/propedia_formatted/propedia_5xiu_A/propedia_5xiu_A_protein_pocket.pdb,/home/igem/unknown_software/datasets/propedia_formatted/propedia_5xiu_A/propedia_5xiu_A_peptide.pdb,propedia_long
propedia_3fdm_D,/home/igem/unknown_software/datasets/propedia_formatted/propedia_3fdm_D/propedia_3fdm_D_protein_pocket.pdb,/home/igem/unknown_software/datasets/propedia_formatted/propedia_3fdm_D/propedia_3fdm_D_peptide.pdb,propedia_long
7s8s,/home/igem/unknown_software/datasets/RefPepDB-RecentSet/7s8s/7s8s_protein_pocket.pdb,/home/igem/unknown_software/datasets/RefPepDB-RecentSet/7s8s/7s8s_peptide.pdb,recentset_replay
propedia_6sh7_B,/home/igem/unknown_software/datasets/propedia_formatted/propedia_6sh7_B/propedia_6sh7_B_protein_pocket.pdb,/home/igem/unknown_software/datasets/propedia_formatted/propedia_6sh7_B/propedia_6sh7_B_peptide.pdb,propedia_long
propedia_5h5r_B,/home/igem/unknown_software/datasets/propedia_formatted/propedia_5h5r_B/propedia_5h5r_B_protein_pocket.pdb,/home/igem/unknown_software/datasets/propedia_formatted/propedia_5h5r_B/propedia_5h5r_B_peptide.pdb,propedia_long
propedia_6gd5_B,/home/igem/unknown_software/datasets/propedia_formatted/propedia_6gd5_B/propedia_6gd5_B_protein_pocket.pdb,/home/igem/unknown_software/datasets/propedia_formatted/propedia_6gd5_B/propedia_6gd5_B_peptide.pdb,propedia_long
propedia_5vll_Y,/home/igem/unknown_software/datasets/propedia_formatted/propedia_5vll_Y/propedia_5vll_Y_protein_pocket.pdb,/home/igem/unknown_software/datasets/propedia_formatted/propedia_5vll_Y/propedia_5vll_Y_peptide.pdb,propedia_long
propedia_5ajj_B,/home/igem/unknown_software/datasets/propedia_formatted/propedia_5ajj_B/propedia_5ajj_B_protein_pocket.pdb,/home/igem/unknown_software/datasets/propedia_formatted/propedia_5ajj_B/propedia_5ajj_B_peptide.pdb,propedia_long
7xms,/home/igem/unknown_software/datasets/RefPepDB-RecentSet/7xms/7xms_protein_pocket.pdb,/home/igem/unknown_software/datasets/RefPepDB-RecentSet/7xms/7xms_peptide.pdb,recentset_replay
propedia_1pmx_B,/home/igem/unknown_software/datasets/propedia_formatted/propedia_1pmx_B/propedia_1pmx_B_protein_pocket.pdb,/home/igem/unknown_software/datasets/propedia_formatted/propedia_1pmx_B/propedia_1pmx_B_peptide.pdb,propedia_long
propedia_2mkc_B,/home/igem/unknown_software/datasets/propedia_formatted/propedia_2mkc_B/propedia_2mkc_B_protein_pocket.pdb,/home/igem/unknown_software/datasets/propedia_formatted/propedia_2mkc_B/propedia_2mkc_B_peptide.pdb,propedia_long
propedia_3c03_B,/home/igem/unknown_software/datasets/propedia_formatted/propedia_3c03_B/propedia_3c03_B_protein_pocket.pdb,/home/igem/unknown_software/datasets/propedia_formatted/propedia_3c03_B/propedia_3c03_B_peptide.pdb,propedia_long
7sjp,/home/igem/unknown_software/datasets/RefPepDB-RecentSet/7sjp/7sjp_protein_pocket.pdb,/home/igem/unknown_software/datasets/RefPepDB-RecentSet/7sjp/7sjp_peptide.pdb,recentset_replay
propedia_2okr_C,/home/igem/unknown_software/datasets/propedia_formatted/propedia_2okr_C/propedia_2okr_C_protein_pocket.pdb,/home/igem/unknown_software/datasets/propedia_formatted/propedia_2okr_C/propedia_2okr_C_peptide.pdb,propedia_long
propedia_4qve_B,/home/igem/unknown_software/datasets/propedia_formatted/propedia_4qve_B/propedia_4qve_B_protein_pocket.pdb,/home/igem/unknown_software/datasets/propedia_formatted/propedia_4qve_B/propedia_4qve_B_peptide.pdb,propedia_long
propedia_2fp7_A,/home/igem/unknown_software/datasets/propedia_formatted/propedia_2fp7_A/propedia_2fp7_A_protein_pocket.pdb,/home/igem/unknown_software/datasets/propedia_formatted/propedia_2fp7_A/propedia_2fp7_A_peptide.pdb,propedia_long
propedia_6atf_C,/home/igem/unknown_software/datasets/propedia_formatted/propedia_6atf_C/propedia_6atf_C_protein_pocket.pdb,/home/igem/unknown_software/datasets/propedia_formatted/propedia_6atf_C/propedia_6atf_C_peptide.pdb,propedia_long
8cis,/home/igem/unknown_software/datasets/RefPepDB-RecentSet/8cis/8cis_protein_pocket.pdb,/home/igem/unknown_software/datasets/RefPepDB-RecentSet/8cis/8cis_peptide.pdb,recentset_replay
propedia_6u3d_C,/home/igem/unknown_software/datasets/propedia_formatted/propedia_6u3d_C/propedia_6u3d_C_protein_pocket.pdb,/home/igem/unknown_software/datasets/propedia_formatted/propedia_6u3d_C/propedia_6u3d_C_peptide.pdb,propedia_long
propedia_3hxi_C,/home/igem/unknown_software/datasets/propedia_formatted/propedia_3hxi_C/propedia_3hxi_C_protein_pocket.pdb,/home/igem/unknown_software/datasets/propedia_formatted/propedia_3hxi_C/propedia_3hxi_C_peptide.pdb,propedia_long
propedia_2vwo_L,/home/igem/unknown_software/datasets/propedia_formatted/propedia_2vwo_L/propedia_2vwo_L_protein_pocket.pdb,/home/igem/unknown_software/datasets/propedia_formatted/propedia_2vwo_L/propedia_2vwo_L_peptide.pdb,propedia_long
propedia_5jcy_B,/home/igem/unknown_software/datasets/propedia_formatted/propedia_5jcy_B/propedia_5jcy_B_protein_pocket.pdb,/home/igem/unknown_software/datasets/propedia_formatted/propedia_5jcy_B/propedia_5jcy_B_peptide.pdb,propedia_long
7su9,/home/igem/unknown_software/datasets/RefPepDB-RecentSet/7su9/7su9_protein_pocket.pdb,/home/igem/unknown_software/datasets/RefPepDB-RecentSet/7su9/7su9_peptide.pdb,recentset_replay
propedia_4nm3_B,/home/igem/unknown_software/datasets/propedia_formatted/propedia_4nm3_B/propedia_4nm3_B_protein_pocket.pdb,/home/igem/unknown_software/datasets/propedia_formatted/propedia_4nm3_B/propedia_4nm3_B_peptide.pdb,propedia_long
propedia_5grq_C,/home/igem/unknown_software/datasets/propedia_formatted/propedia_5grq_C/propedia_5grq_C_protein_pocket.pdb,/home/igem/unknown_software/datasets/propedia_formatted/propedia_5grq_C/propedia_5grq_C_peptide.pdb,propedia_long
propedia_5abx_B,/home/igem/unknown_software/datasets/propedia_formatted/propedia_5abx_B/propedia_5abx_B_protein_pocket.pdb,/home/igem/unknown_software/datasets/propedia_formatted/propedia_5abx_B/propedia_5abx_B_peptide.pdb,propedia_long
propedia_2m5b_B,/home/igem/unknown_software/datasets/propedia_formatted/propedia_2m5b_B/propedia_2m5b_B_protein_pocket.pdb,/home/igem/unknown_software/datasets/propedia_formatted/propedia_2m5b_B/propedia_2m5b_B_peptide.pdb,propedia_long
propedia_1lqv_C,/home/igem/unknown_software/datasets/propedia_formatted/propedia_1lqv_C/propedia_1lqv_C_protein_pocket.pdb,/home/igem/unknown_software/datasets/propedia_formatted/propedia_1lqv_C/propedia_1lqv_C_peptide.pdb,propedia_long
7lin,/home/igem/unknown_software/datasets/RefPepDB-RecentSet/7lin/7lin_protein_pocket.pdb,/home/igem/unknown_software/datasets/RefPepDB-RecentSet/7lin/7lin_peptide.pdb,recentset_replay
propedia_2i60_M,/home/igem/unknown_software/datasets/propedia_formatted/propedia_2i60_M/propedia_2i60_M_protein_pocket.pdb,/home/igem/unknown_software/datasets/propedia_formatted/propedia_2i60_M/propedia_2i60_M_peptide.pdb,propedia_long
propedia_6j4u_B,/home/igem/unknown_software/datasets/propedia_formatted/propedia_6j4u_B/propedia_6j4u_B_protein_pocket.pdb,/home/igem/unknown_software/datasets/propedia_formatted/propedia_6j4u_B/propedia_6j4u_B_peptide.pdb,propedia_long
propedia_1haa_B,/home/igem/unknown_software/datasets/propedia_formatted/propedia_1haa_B/propedia_1haa_B_protein_pocket.pdb,/home/igem/unknown_software/datasets/propedia_formatted/propedia_1haa_B/propedia_1haa_B_peptide.pdb,propedia_long
propedia_5wbh_W,/home/igem/unknown_software/datasets/propedia_formatted/propedia_5wbh_W/propedia_5wbh_W_protein_pocket.pdb,/home/igem/unknown_software/datasets/propedia_formatted/propedia_5wbh_W/propedia_5wbh_W_peptide.pdb,propedia_long
propedia_6y4p_B,/home/igem/unknown_software/datasets/propedia_formatted/propedia_6y4p_B/propedia_6y4p_B_protein_pocket.pdb,/home/igem/unknown_software/datasets/propedia_formatted/propedia_6y4p_B/propedia_6y4p_B_peptide.pdb,propedia_long
propedia_3wu2_f,/home/igem/unknown_software/datasets/propedia_formatted/propedia_3wu2_f/propedia_3wu2_f_protein_pocket.pdb,/home/igem/unknown_software/datasets/propedia_formatted/propedia_3wu2_f/propedia_3wu2_f_peptide.pdb,propedia_long
propedia_4nrx_C,/home/igem/unknown_software/datasets/propedia_formatted/propedia_4nrx_C/propedia_4nrx_C_protein_pocket.pdb,/home/igem/unknown_software/datasets/propedia_formatted/propedia_4nrx_C/propedia_4nrx_C_peptide.pdb,propedia_long
propedia_3mlv_P,/home/igem/unknown_software/datasets/propedia_formatted/propedia_3mlv_P/propedia_3mlv_P_protein_pocket.pdb,/home/igem/unknown_software/datasets/propedia_formatted/propedia_3mlv_P/propedia_3mlv_P_peptide.pdb,propedia_long
propedia_3brd_D,/home/igem/unknown_software/datasets/propedia_formatted/propedia_3brd_D/propedia_3brd_D_protein_pocket.pdb,/home/igem/unknown_software/datasets/propedia_formatted/propedia_3brd_D/propedia_3brd_D_peptide.pdb,propedia_long
7re8,/home/igem/unknown_software/datasets/RefPepDB-RecentSet/7re8/7re8_protein_pocket.pdb,/home/igem/unknown_software/datasets/RefPepDB-RecentSet/7re8/7re8_peptide.pdb,recentset_replay
propedia_4rwv_B,/home/igem/unknown_software/datasets/propedia_formatted/propedia_4rwv_B/propedia_4rwv_B_protein_pocket.pdb,/home/igem/unknown_software/datasets/propedia_formatted/propedia_4rwv_B/propedia_4rwv_B_peptide.pdb,propedia_long
propedia_6h9j_D,/home/igem/unknown_software/datasets/propedia_formatted/propedia_6h9j_D/propedia_6h9j_D_protein_pocket.pdb,/home/igem/unknown_software/datasets/propedia_formatted/propedia_6h9j_D/propedia_6h9j_D_peptide.pdb,propedia_long
propedia_1e0a_B,/home/igem/unknown_software/datasets/propedia_formatted/propedia_1e0a_B/propedia_1e0a_B_protein_pocket.pdb,/home/igem/unknown_software/datasets/propedia_formatted/propedia_1e0a_B/propedia_1e0a_B_peptide.pdb,propedia_long
propedia_2co2_B,/home/igem/unknown_software/datasets/propedia_formatted/propedia_2co2_B/propedia_2co2_B_protein_pocket.pdb,/home/igem/unknown_software/datasets/propedia_formatted/propedia_2co2_B/propedia_2co2_B_peptide.pdb,propedia_long
propedia_1zy3_B,/home/igem/unknown_software/datasets/propedia_formatted/propedia_1zy3_B/propedia_1zy3_B_protein_pocket.pdb,/home/igem/unknown_software/datasets/propedia_formatted/propedia_1zy3_B/propedia_1zy3_B_peptide.pdb,propedia_long
propedia_3abd_X,/home/igem/unknown_software/datasets/propedia_formatted/propedia_3abd_X/propedia_3abd_X_protein_pocket.pdb,/home/igem/unknown_software/datasets/propedia_formatted/propedia_3abd_X/propedia_3abd_X_peptide.pdb,propedia_long
propedia_5w2j_F,/home/igem/unknown_software/datasets/propedia_formatted/propedia_5w2j_F/propedia_5w2j_F_protein_pocket.pdb,/home/igem/unknown_software/datasets/propedia_formatted/propedia_5w2j_F/propedia_5w2j_F_peptide.pdb,propedia_long
propedia_1qgk_B,/home/igem/unknown_software/datasets/propedia_formatted/propedia_1qgk_B/propedia_1qgk_B_protein_pocket.pdb,/home/igem/unknown_software/datasets/propedia_formatted/propedia_1qgk_B/propedia_1qgk_B_peptide.pdb,propedia_long
propedia_5nig_C,/home/igem/unknown_software/datasets/propedia_formatted/propedia_5nig_C/propedia_5nig_C_protein_pocket.pdb,/home/igem/unknown_software/datasets/propedia_formatted/propedia_5nig_C/propedia_5nig_C_peptide.pdb,propedia_long
propedia_2w3i_B,/home/igem/unknown_software/datasets/propedia_formatted/propedia_2w3i_B/propedia_2w3i_B_protein_pocket.pdb,/home/igem/unknown_software/datasets/propedia_formatted/propedia_2w3i_B/propedia_2w3i_B_peptide.pdb,propedia_long
propedia_5oyl_D,/home/igem/unknown_software/datasets/propedia_formatted/propedia_5oyl_D/propedia_5oyl_D_protein_pocket.pdb,/home/igem/unknown_software/datasets/propedia_formatted/propedia_5oyl_D/propedia_5oyl_D_peptide.pdb,propedia_long
propedia_5ly1_E,/home/igem/unknown_software/datasets/propedia_formatted/propedia_5ly1_E/propedia_5ly1_E_protein_pocket.pdb,/home/igem/unknown_software/datasets/propedia_formatted/propedia_5ly1_E/propedia_5ly1_E_peptide.pdb,propedia_long
propedia_1u8t_E,/home/igem/unknown_software/datasets/propedia_formatted/propedia_1u8t_E/propedia_1u8t_E_protein_pocket.pdb,/home/igem/unknown_software/datasets/propedia_formatted/propedia_1u8t_E/propedia_1u8t_E_peptide.pdb,propedia_long
propedia_4lk9_B,/home/igem/unknown_software/datasets/propedia_formatted/propedia_4lk9_B/propedia_4lk9_B_protein_pocket.pdb,/home/igem/unknown_software/datasets/propedia_formatted/propedia_4lk9_B/propedia_4lk9_B_peptide.pdb,propedia_long
propedia_2w73_K,/home/igem/unknown_software/datasets/propedia_formatted/propedia_2w73_K/propedia_2w73_K_protein_pocket.pdb,/home/igem/unknown_software/datasets/propedia_formatted/propedia_2w73_K/propedia_2w73_K_peptide.pdb,propedia_long
propedia_1avf_P,/home/igem/unknown_software/datasets/propedia_formatted/propedia_1avf_P/propedia_1avf_P_protein_pocket.pdb,/home/igem/unknown_software/datasets/propedia_formatted/propedia_1avf_P/propedia_1avf_P_peptide.pdb,propedia_long
propedia_2n2h_A,/home/igem/unknown_software/datasets/propedia_formatted/propedia_2n2h_A/propedia_2n2h_A_protein_pocket.pdb,/home/igem/unknown_software/datasets/propedia_formatted/propedia_2n2h_A/propedia_2n2h_A_peptide.pdb,propedia_long
propedia_5f67_C,/home/igem/unknown_software/datasets/propedia_formatted/propedia_5f67_C/propedia_5f67_C_protein_pocket.pdb,/home/igem/unknown_software/datasets/propedia_formatted/propedia_5f67_C/propedia_5f67_C_peptide.pdb,propedia_long
propedia_3kik_E,/home/igem/unknown_software/datasets/propedia_formatted/propedia_3kik_E/propedia_3kik_E_protein_pocket.pdb,/home/igem/unknown_software/datasets/propedia_formatted/propedia_3kik_E/propedia_3kik_E_peptide.pdb,propedia_long
propedia_6onj_C,/home/igem/unknown_software/datasets/propedia_formatted/propedia_6onj_C/propedia_6onj_C_protein_pocket.pdb,/home/igem/unknown_software/datasets/propedia_formatted/propedia_6onj_C/propedia_6onj_C_peptide.pdb,propedia_long
propedia_1klg_C,/home/igem/unknown_software/datasets/propedia_formatted/propedia_1klg_C/propedia_1klg_C_protein_pocket.pdb,/home/igem/unknown_software/datasets/propedia_formatted/propedia_1klg_C/propedia_1klg_C_peptide.pdb,propedia_long
propedia_5efi_C,/home/igem/unknown_software/datasets/propedia_formatted/propedia_5efi_C/propedia_5efi_C_protein_pocket.pdb,/home/igem/unknown_software/datasets/propedia_formatted/propedia_5efi_C/propedia_5efi_C_peptide.pdb,propedia_long
propedia_3brf_D,/home/igem/unknown_software/datasets/propedia_formatted/propedia_3brf_D/propedia_3brf_D_protein_pocket.pdb,/home/igem/unknown_software/datasets/propedia_formatted/propedia_3brf_D/propedia_3brf_D_peptide.pdb,propedia_long
propedia_3utm_C,/home/igem/unknown_software/datasets/propedia_formatted/propedia_3utm_C/propedia_3utm_C_protein_pocket.pdb,/home/igem/unknown_software/datasets/propedia_formatted/propedia_3utm_C/propedia_3utm_C_peptide.pdb,propedia_long
propedia_6jjx_C,/home/igem/unknown_software/datasets/propedia_formatted/propedia_6jjx_C/propedia_6jjx_C_protein_pocket.pdb,/home/igem/unknown_software/datasets/propedia_formatted/propedia_6jjx_C/propedia_6jjx_C_peptide.pdb,propedia_long
propedia_3gj3_B,/home/igem/unknown_software/datasets/propedia_formatted/propedia_3gj3_B/propedia_3gj3_B_protein_pocket.pdb,/home/igem/unknown_software/datasets/propedia_formatted/propedia_3gj3_B/propedia_3gj3_B_peptide.pdb,propedia_long
propedia_2r28_C,/home/igem/unknown_software/datasets/propedia_formatted/propedia_2r28_C/propedia_2r28_C_protein_pocket.pdb,/home/igem/unknown_software/datasets/propedia_formatted/propedia_2r28_C/propedia_2r28_C_peptide.pdb,propedia_long
propedia_1h3o_A,/home/igem/unknown_software/datasets/propedia_formatted/propedia_1h3o_A/propedia_1h3o_A_protein_pocket.pdb,/home/igem/unknown_software/datasets/propedia_formatted/propedia_1h3o_A/propedia_1h3o_A_peptide.pdb,propedia_long
propedia_2hqh_E,/home/igem/unknown_software/datasets/propedia_formatted/propedia_2hqh_E/propedia_2hqh_E_protein_pocket.pdb,/home/igem/unknown_software/datasets/propedia_formatted/propedia_2hqh_E/propedia_2hqh_E_peptide.pdb,propedia_long
propedia_2jmx_B,/home/igem/unknown_software/datasets/propedia_formatted/propedia_2jmx_B/propedia_2jmx_B_protein_pocket.pdb,/home/igem/unknown_software/datasets/propedia_formatted/propedia_2jmx_B/propedia_2jmx_B_peptide.pdb,propedia_long
propedia_4upu_B,/home/igem/unknown_software/datasets/propedia_formatted/propedia_4upu_B/propedia_4upu_B_protein_pocket.pdb,/home/igem/unknown_software/datasets/propedia_formatted/propedia_4upu_B/propedia_4upu_B_peptide.pdb,propedia_long
propedia_2n0y_B,/home/igem/unknown_software/datasets/propedia_formatted/propedia_2n0y_B/propedia_2n0y_B_protein_pocket.pdb,/home/igem/unknown_software/datasets/propedia_formatted/propedia_2n0y_B/propedia_2n0y_B_peptide.pdb,propedia_long
propedia_6s0y_C,/home/igem/unknown_software/datasets/propedia_formatted/propedia_6s0y_C/propedia_6s0y_C_protein_pocket.pdb,/home/igem/unknown_software/datasets/propedia_formatted/propedia_6s0y_C/propedia_6s0y_C_peptide.pdb,propedia_long
propedia_4od8_C,/home/igem/unknown_software/datasets/propedia_formatted/propedia_4od8_C/propedia_4od8_C_protein_pocket.pdb,/home/igem/unknown_software/datasets/propedia_formatted/propedia_4od8_C/propedia_4od8_C_peptide.pdb,propedia_long
propedia_2jw1_B,/home/igem/unknown_software/datasets/propedia_formatted/propedia_2jw1_B/propedia_2jw1_B_protein_pocket.pdb,/home/igem/unknown_software/datasets/propedia_formatted/propedia_2jw1_B/propedia_2jw1_B_peptide.pdb,propedia_long
propedia_4yl8_B,/home/igem/unknown_software/datasets/propedia_formatted/propedia_4yl8_B/propedia_4yl8_B_protein_pocket.pdb,/home/igem/unknown_software/datasets/propedia_formatted/propedia_4yl8_B/propedia_4yl8_B_peptide.pdb,propedia_long
propedia_5wlb_B,/home/igem/unknown_software/datasets/propedia_formatted/propedia_5wlb_B/propedia_5wlb_B_protein_pocket.pdb,/home/igem/unknown_software/datasets/propedia_formatted/propedia_5wlb_B/propedia_5wlb_B_peptide.pdb,propedia_long
8dtu,/home/igem/unknown_software/datasets/RefPepDB-RecentSet/8dtu/8dtu_protein_pocket.pdb,/home/igem/unknown_software/datasets/RefPepDB-RecentSet/8dtu/8dtu_peptide.pdb,recentset_replay
propedia_3nk4_C,/home/igem/unknown_software/datasets/propedia_formatted/propedia_3nk4_C/propedia_3nk4_C_protein_pocket.pdb,/home/igem/unknown_software/datasets/propedia_formatted/propedia_3nk4_C/propedia_3nk4_C_peptide.pdb,propedia_long
7arx,/home/igem/unknown_software/datasets/RefPepDB-RecentSet/7arx/7arx_protein_pocket.pdb,/home/igem/unknown_software/datasets/RefPepDB-RecentSet/7arx/7arx_peptide.pdb,recentset_replay
propedia_2p8q_B,/home/igem/unknown_software/datasets/propedia_formatted/propedia_2p8q_B/propedia_2p8q_B_protein_pocket.pdb,/home/igem/unknown_software/datasets/propedia_formatted/propedia_2p8q_B/propedia_2p8q_B_peptide.pdb,propedia_long
propedia_4wy7_P,/home/igem/unknown_software/datasets/propedia_formatted/propedia_4wy7_P/propedia_4wy7_P_protein_pocket.pdb,/home/igem/unknown_software/datasets/propedia_formatted/propedia_4wy7_P/propedia_4wy7_P_peptide.pdb,propedia_long
propedia_1stc_I,/home/igem/unknown_software/datasets/propedia_formatted/propedia_1stc_I/propedia_1stc_I_protein_pocket.pdb,/home/igem/unknown_software/datasets/propedia_formatted/propedia_1stc_I/propedia_1stc_I_peptide.pdb,propedia_long
propedia_5zml_B,/home/igem/unknown_software/datasets/propedia_formatted/propedia_5zml_B/propedia_5zml_B_protein_pocket.pdb,/home/igem/unknown_software/datasets/propedia_formatted/propedia_5zml_B/propedia_5zml_B_peptide.pdb,propedia_long
propedia_5iay_B,/home/igem/unknown_software/datasets/propedia_formatted/propedia_5iay_B/propedia_5iay_B_protein_pocket.pdb,/home/igem/unknown_software/datasets/propedia_formatted/propedia_5iay_B/propedia_5iay_B_peptide.pdb,propedia_long
propedia_2mur_A,/home/igem/unknown_software/datasets/propedia_formatted/propedia_2mur_A/propedia_2mur_A_protein_pocket.pdb,/home/igem/unknown_software/datasets/propedia_formatted/propedia_2mur_A/propedia_2mur_A_peptide.pdb,propedia_long
propedia_3oak_C,/home/igem/unknown_software/datasets/propedia_formatted/propedia_3oak_C/propedia_3oak_C_protein_pocket.pdb,/home/igem/unknown_software/datasets/propedia_formatted/propedia_3oak_C/propedia_3oak_C_peptide.pdb,propedia_long
propedia_5cva_E,/home/igem/unknown_software/datasets/propedia_formatted/propedia_5cva_E/propedia_5cva_E_protein_pocket.pdb,/home/igem/unknown_software/datasets/propedia_formatted/propedia_5cva_E/propedia_5cva_E_peptide.pdb,propedia_long
propedia_4dgv_A,/home/igem/unknown_software/datasets/propedia_formatted/propedia_4dgv_A/propedia_4dgv_A_protein_pocket.pdb,/home/igem/unknown_software/datasets/propedia_formatted/propedia_4dgv_A/propedia_4dgv_A_peptide.pdb,propedia_long
7eux,/home/igem/unknown_software/datasets/RefPepDB-RecentSet/7eux/7eux_protein_pocket.pdb,/home/igem/unknown_software/datasets/RefPepDB-RecentSet/7eux/7eux_peptide.pdb,recentset_replay
propedia_2mg5_B,/home/igem/unknown_software/datasets/propedia_formatted/propedia_2mg5_B/propedia_2mg5_B_protein_pocket.pdb,/home/igem/unknown_software/datasets/propedia_formatted/propedia_2mg5_B/propedia_2mg5_B_peptide.pdb,propedia_long
propedia_2k03_B,/home/igem/unknown_software/datasets/propedia_formatted/propedia_2k03_B/propedia_2k03_B_protein_pocket.pdb,/home/igem/unknown_software/datasets/propedia_formatted/propedia_2k03_B/propedia_2k03_B_peptide.pdb,propedia_long
propedia_3fdo_B,/home/igem/unknown_software/datasets/propedia_formatted/propedia_3fdo_B/propedia_3fdo_B_protein_pocket.pdb,/home/igem/unknown_software/datasets/propedia_formatted/propedia_3fdo_B/propedia_3fdo_B_peptide.pdb,propedia_long
7qs9,/home/igem/unknown_software/datasets/RefPepDB-RecentSet/7qs9/7qs9_protein_pocket.pdb,/home/igem/unknown_software/datasets/RefPepDB-RecentSet/7qs9/7qs9_peptide.pdb,recentset_replay
propedia_2kzu_B,/home/igem/unknown_software/datasets/propedia_formatted/propedia_2kzu_B/propedia_2kzu_B_protein_pocket.pdb,/home/igem/unknown_software/datasets/propedia_formatted/propedia_2kzu_B/propedia_2kzu_B_peptide.pdb,propedia_long
propedia_5lmg_C,/home/igem/unknown_software/datasets/propedia_formatted/propedia_5lmg_C/propedia_5lmg_C_protein_pocket.pdb,/home/igem/unknown_software/datasets/propedia_formatted/propedia_5lmg_C/propedia_5lmg_C_peptide.pdb,propedia_long
propedia_6j0w_C,/home/igem/unknown_software/datasets/propedia_formatted/propedia_6j0w_C/propedia_6j0w_C_protein_pocket.pdb,/home/igem/unknown_software/datasets/propedia_formatted/propedia_6j0w_C/propedia_6j0w_C_peptide.pdb,propedia_long
7sfo,/home/igem/unknown_software/datasets/RefPepDB-RecentSet/7sfo/7sfo_protein_pocket.pdb,/home/igem/unknown_software/datasets/RefPepDB-RecentSet/7sfo/7sfo_peptide.pdb,recentset_replay
7f2d,/home/igem/unknown_software/datasets/RefPepDB-RecentSet/7f2d/7f2d_protein_pocket.pdb,/home/igem/unknown_software/datasets/RefPepDB-RecentSet/7f2d/7f2d_peptide.pdb,recentset_replay
propedia_4fmq_B,/home/igem/unknown_software/datasets/propedia_formatted/propedia_4fmq_B/propedia_4fmq_B_protein_pocket.pdb,/home/igem/unknown_software/datasets/propedia_formatted/propedia_4fmq_B/propedia_4fmq_B_peptide.pdb,propedia_long
propedia_1t63_B,/home/igem/unknown_software/datasets/propedia_formatted/propedia_1t63_B/propedia_1t63_B_protein_pocket.pdb,/home/igem/unknown_software/datasets/propedia_formatted/propedia_1t63_B/propedia_1t63_B_peptide.pdb,propedia_long
propedia_4tq1_B,/home/igem/unknown_software/datasets/propedia_formatted/propedia_4tq1_B/propedia_4tq1_B_protein_pocket.pdb,/home/igem/unknown_software/datasets/propedia_formatted/propedia_4tq1_B/propedia_4tq1_B_peptide.pdb,propedia_long
propedia_6o09_B,/home/igem/unknown_software/datasets/propedia_formatted/propedia_6o09_B/propedia_6o09_B_protein_pocket.pdb,/home/igem/unknown_software/datasets/propedia_formatted/propedia_6o09_B/propedia_6o09_B_peptide.pdb,propedia_long
propedia_3c0t_B,/home/igem/unknown_software/datasets/propedia_formatted/propedia_3c0t_B/propedia_3c0t_B_protein_pocket.pdb,/home/igem/unknown_software/datasets/propedia_formatted/propedia_3c0t_B/propedia_3c0t_B_peptide.pdb,propedia_long
propedia_2om2_B,/home/igem/unknown_software/datasets/propedia_formatted/propedia_2om2_B/propedia_2om2_B_protein_pocket.pdb,/home/igem/unknown_software/datasets/propedia_formatted/propedia_2om2_B/propedia_2om2_B_peptide.pdb,propedia_long
propedia_6c0a_B,/home/igem/unknown_software/datasets/propedia_formatted/propedia_6c0a_B/propedia_6c0a_B_protein_pocket.pdb,/home/igem/unknown_software/datasets/propedia_formatted/propedia_6c0a_B/propedia_6c0a_B_peptide.pdb,propedia_long
propedia_3gj8_B,/home/igem/unknown_software/datasets/propedia_formatted/propedia_3gj8_B/propedia_3gj8_B_protein_pocket.pdb,/home/igem/unknown_software/datasets/propedia_formatted/propedia_3gj8_B/propedia_3gj8_B_peptide.pdb,propedia_long
propedia_2qqd_A,/home/igem/unknown_software/datasets/propedia_formatted/propedia_2qqd_A/propedia_2qqd_A_protein_pocket.pdb,/home/igem/unknown_software/datasets/propedia_formatted/propedia_2qqd_A/propedia_2qqd_A_peptide.pdb,propedia_long
7qsa,/home/igem/unknown_software/datasets/RefPepDB-RecentSet/7qsa/7qsa_protein_pocket.pdb,/home/igem/unknown_software/datasets/RefPepDB-RecentSet/7qsa/7qsa_peptide.pdb,recentset_replay
propedia_6ftp_B,/home/igem/unknown_software/datasets/propedia_formatted/propedia_6ftp_B/propedia_6ftp_B_protein_pocket.pdb,/home/igem/unknown_software/datasets/propedia_formatted/propedia_6ftp_B/propedia_6ftp_B_peptide.pdb,propedia_long
propedia_5jlb_B,/home/igem/unknown_software/datasets/propedia_formatted/propedia_5jlb_B/propedia_5jlb_B_protein_pocket.pdb,/home/igem/unknown_software/datasets/propedia_formatted/propedia_5jlb_B/propedia_5jlb_B_peptide.pdb,propedia_long
propedia_6ma2_B,/home/igem/unknown_software/datasets/propedia_formatted/propedia_6ma2_B/propedia_6ma2_B_protein_pocket.pdb,/home/igem/unknown_software/datasets/propedia_formatted/propedia_6ma2_B/propedia_6ma2_B_peptide.pdb,propedia_long
propedia_1syq_B,/home/igem/unknown_software/datasets/propedia_formatted/propedia_1syq_B/propedia_1syq_B_protein_pocket.pdb,/home/igem/unknown_software/datasets/propedia_formatted/propedia_1syq_B/propedia_1syq_B_peptide.pdb,propedia_long
propedia_1oau_I,/home/igem/unknown_software/datasets/propedia_formatted/propedia_1oau_I/propedia_1oau_I_protein_pocket.pdb,/home/igem/unknown_software/datasets/propedia_formatted/propedia_1oau_I/propedia_1oau_I_peptide.pdb,propedia_long
propedia_1j2x_B,/home/igem/unknown_software/datasets/propedia_formatted/propedia_1j2x_B/propedia_1j2x_B_protein_pocket.pdb,/home/igem/unknown_software/datasets/propedia_formatted/propedia_1j2x_B/propedia_1j2x_B_peptide.pdb,propedia_long
propedia_2mps_B,/home/igem/unknown_software/datasets/propedia_formatted/propedia_2mps_B/propedia_2mps_B_protein_pocket.pdb,/home/igem/unknown_software/datasets/propedia_formatted/propedia_2mps_B/propedia_2mps_B_peptide.pdb,propedia_long
propedia_5jme_F,/home/igem/unknown_software/datasets/propedia_formatted/propedia_5jme_F/propedia_5jme_F_protein_pocket.pdb,/home/igem/unknown_software/datasets/propedia_formatted/propedia_5jme_F/propedia_5jme_F_peptide.pdb,propedia_long
propedia_4uec_B,/home/igem/unknown_software/datasets/propedia_formatted/propedia_4uec_B/propedia_4uec_B_protein_pocket.pdb,/home/igem/unknown_software/datasets/propedia_formatted/propedia_4uec_B/propedia_4uec_B_peptide.pdb,propedia_long
propedia_6g5f_P,/home/igem/unknown_software/datasets/propedia_formatted/propedia_6g5f_P/propedia_6g5f_P_protein_pocket.pdb,/home/igem/unknown_software/datasets/propedia_formatted/propedia_6g5f_P/propedia_6g5f_P_peptide.pdb,propedia_long
propedia_4z80_C,/home/igem/unknown_software/datasets/propedia_formatted/propedia_4z80_C/propedia_4z80_C_protein_pocket.pdb,/home/igem/unknown_software/datasets/propedia_formatted/propedia_4z80_C/propedia_4z80_C_peptide.pdb,propedia_long
propedia_4yia_B,/home/igem/unknown_software/datasets/propedia_formatted/propedia_4yia_B/propedia_4yia_B_protein_pocket.pdb,/home/igem/unknown_software/datasets/propedia_formatted/propedia_4yia_B/propedia_4yia_B_peptide.pdb,propedia_long
propedia_4pkf_C,/home/igem/unknown_software/datasets/propedia_formatted/propedia_4pkf_C/propedia_4pkf_C_protein_pocket.pdb,/home/igem/unknown_software/datasets/propedia_formatted/propedia_4pkf_C/propedia_4pkf_C_peptide.pdb,propedia_long
propedia_5y18_B,/home/igem/unknown_software/datasets/propedia_formatted/propedia_5y18_B/propedia_5y18_B_protein_pocket.pdb,/home/igem/unknown_software/datasets/propedia_formatted/propedia_5y18_B/propedia_5y18_B_peptide.pdb,propedia_long
propedia_2jog_B,/home/igem/unknown_software/datasets/propedia_formatted/propedia_2jog_B/propedia_2jog_B_protein_pocket.pdb,/home/igem/unknown_software/datasets/propedia_formatted/propedia_2jog_B/propedia_2jog_B_peptide.pdb,propedia_long
propedia_5ntj_B,/home/igem/unknown_software/datasets/propedia_formatted/propedia_5ntj_B/propedia_5ntj_B_protein_pocket.pdb,/home/igem/unknown_software/datasets/propedia_formatted/propedia_5ntj_B/propedia_5ntj_B_peptide.pdb,propedia_long
7m52,/home/igem/unknown_software/datasets/RefPepDB-RecentSet/7m52/7m52_protein_pocket.pdb,/home/igem/unknown_software/datasets/RefPepDB-RecentSet/7m52/7m52_peptide.pdb,recentset_replay
propedia_2pr3_B,/home/igem/unknown_software/datasets/propedia_formatted/propedia_2pr3_B/propedia_2pr3_B_protein_pocket.pdb,/home/igem/unknown_software/datasets/propedia_formatted/propedia_2pr3_B/propedia_2pr3_B_peptide.pdb,propedia_long
propedia_1dd3_C,/home/igem/unknown_software/datasets/propedia_formatted/propedia_1dd3_C/propedia_1dd3_C_protein_pocket.pdb,/home/igem/unknown_software/datasets/propedia_formatted/propedia_1dd3_C/propedia_1dd3_C_peptide.pdb,propedia_long
propedia_6j9l_E,/home/igem/unknown_software/datasets/propedia_formatted/propedia_6j9l_E/propedia_6j9l_E_protein_pocket.pdb,/home/igem/unknown_software/datasets/propedia_formatted/propedia_6j9l_E/propedia_6j9l_E_peptide.pdb,propedia_long
propedia_3cfs_E,/home/igem/unknown_software/datasets/propedia_formatted/propedia_3cfs_E/propedia_3cfs_E_protein_pocket.pdb,/home/igem/unknown_software/datasets/propedia_formatted/propedia_3cfs_E/propedia_3cfs_E_peptide.pdb,propedia_long
propedia_6og4_C,/home/igem/unknown_software/datasets/propedia_formatted/propedia_6og4_C/propedia_6og4_C_protein_pocket.pdb,/home/igem/unknown_software/datasets/propedia_formatted/propedia_6og4_C/propedia_6og4_C_peptide.pdb,propedia_long
propedia_5c3g_B,/home/igem/unknown_software/datasets/propedia_formatted/propedia_5c3g_B/propedia_5c3g_B_protein_pocket.pdb,/home/igem/unknown_software/datasets/propedia_formatted/propedia_5c3g_B/propedia_5c3g_B_peptide.pdb,propedia_long
7snx,/home/igem/unknown_software/datasets/RefPepDB-RecentSet/7snx/7snx_protein_pocket.pdb,/home/igem/unknown_software/datasets/RefPepDB-RecentSet/7snx/7snx_peptide.pdb,recentset_replay
propedia_1hia_I,/home/igem/unknown_software/datasets/propedia_formatted/propedia_1hia_I/propedia_1hia_I_protein_pocket.pdb,/home/igem/unknown_software/datasets/propedia_formatted/propedia_1hia_I/propedia_1hia_I_peptide.pdb,propedia_long
propedia_4yos_E,/home/igem/unknown_software/datasets/propedia_formatted/propedia_4yos_E/propedia_4yos_E_protein_pocket.pdb,/home/igem/unknown_software/datasets/propedia_formatted/propedia_4yos_E/propedia_4yos_E_peptide.pdb,propedia_long
7leu,/home/igem/unknown_software/datasets/RefPepDB-RecentSet/7leu/7leu_protein_pocket.pdb,/home/igem/unknown_software/datasets/RefPepDB-RecentSet/7leu/7leu_peptide.pdb,recentset_replay
propedia_2mnj_A,/home/igem/unknown_software/datasets/propedia_formatted/propedia_2mnj_A/propedia_2mnj_A_protein_pocket.pdb,/home/igem/unknown_software/datasets/propedia_formatted/propedia_2mnj_A/propedia_2mnj_A_peptide.pdb,propedia_long
propedia_5iqm_B,/home/igem/unknown_software/datasets/propedia_formatted/propedia_5iqm_B/propedia_5iqm_B_protein_pocket.pdb,/home/igem/unknown_software/datasets/propedia_formatted/propedia_5iqm_B/propedia_5iqm_B_peptide.pdb,propedia_long
propedia_4i7d_B,/home/igem/unknown_software/datasets/propedia_formatted/propedia_4i7d_B/propedia_4i7d_B_protein_pocket.pdb,/home/igem/unknown_software/datasets/propedia_formatted/propedia_4i7d_B/propedia_4i7d_B_peptide.pdb,propedia_long
propedia_2n8r_B,/home/igem/unknown_software/datasets/propedia_formatted/propedia_2n8r_B/propedia_2n8r_B_protein_pocket.pdb,/home/igem/unknown_software/datasets/propedia_formatted/propedia_2n8r_B/propedia_2n8r_B_peptide.pdb,propedia_long
propedia_2v8f_C,/home/igem/unknown_software/datasets/propedia_formatted/propedia_2v8f_C/propedia_2v8f_C_protein_pocket.pdb,/home/igem/unknown_software/datasets/propedia_formatted/propedia_2v8f_C/propedia_2v8f_C_peptide.pdb,propedia_long
propedia_6iwd_B,/home/igem/unknown_software/datasets/propedia_formatted/propedia_6iwd_B/propedia_6iwd_B_protein_pocket.pdb,/home/igem/unknown_software/datasets/propedia_formatted/propedia_6iwd_B/propedia_6iwd_B_peptide.pdb,propedia_long
propedia_1cn3_F,/home/igem/unknown_software/datasets/propedia_formatted/propedia_1cn3_F/propedia_1cn3_F_protein_pocket.pdb,/home/igem/unknown_software/datasets/propedia_formatted/propedia_1cn3_F/propedia_1cn3_F_peptide.pdb,propedia_long
propedia_2e3k_Q,/home/igem/unknown_software/datasets/propedia_formatted/propedia_2e3k_Q/propedia_2e3k_Q_protein_pocket.pdb,/home/igem/unknown_software/datasets/propedia_formatted/propedia_2e3k_Q/propedia_2e3k_Q_peptide.pdb,propedia_long
propedia_3vza_E,/home/igem/unknown_software/datasets/propedia_formatted/propedia_3vza_E/propedia_3vza_E_protein_pocket.pdb,/home/igem/unknown_software/datasets/propedia_formatted/propedia_3vza_E/propedia_3vza_E_peptide.pdb,propedia_long
propedia_2bzw_B,/home/igem/unknown_software/datasets/propedia_formatted/propedia_2bzw_B/propedia_2bzw_B_protein_pocket.pdb,/home/igem/unknown_software/datasets/propedia_formatted/propedia_2bzw_B/propedia_2bzw_B_peptide.pdb,propedia_long
propedia_4loo_B,/home/igem/unknown_software/datasets/propedia_formatted/propedia_4loo_B/propedia_4loo_B_protein_pocket.pdb,/home/igem/unknown_software/datasets/propedia_formatted/propedia_4loo_B/propedia_4loo_B_peptide.pdb,propedia_long
8d5e,/home/igem/unknown_software/datasets/RefPepDB-RecentSet/8d5e/8d5e_protein_pocket.pdb,/home/igem/unknown_software/datasets/RefPepDB-RecentSet/8d5e/8d5e_peptide.pdb,recentset_replay
propedia_3plv_C,/home/igem/unknown_software/datasets/propedia_formatted/propedia_3plv_C/propedia_3plv_C_protein_pocket.pdb,/home/igem/unknown_software/datasets/propedia_formatted/propedia_3plv_C/propedia_3plv_C_peptide.pdb,propedia_long
propedia_5eib_F,/home/igem/unknown_software/datasets/propedia_formatted/propedia_5eib_F/propedia_5eib_F_protein_pocket.pdb,/home/igem/unknown_software/datasets/propedia_formatted/propedia_5eib_F/propedia_5eib_F_peptide.pdb,propedia_long
propedia_3t5x_B,/home/igem/unknown_software/datasets/propedia_formatted/propedia_3t5x_B/propedia_3t5x_B_protein_pocket.pdb,/home/igem/unknown_software/datasets/propedia_formatted/propedia_3t5x_B/propedia_3t5x_B_peptide.pdb,propedia_long
propedia_6bij_C,/home/igem/unknown_software/datasets/propedia_formatted/propedia_6bij_C/propedia_6bij_C_protein_pocket.pdb,/home/igem/unknown_software/datasets/propedia_formatted/propedia_6bij_C/propedia_6bij_C_peptide.pdb,propedia_long
propedia_2cny_B,/home/igem/unknown_software/datasets/propedia_formatted/propedia_2cny_B/propedia_2cny_B_protein_pocket.pdb,/home/igem/unknown_software/datasets/propedia_formatted/propedia_2cny_B/propedia_2cny_B_peptide.pdb,propedia_long
propedia_1sb0_B,/home/igem/unknown_software/datasets/propedia_formatted/propedia_1sb0_B/propedia_1sb0_B_protein_pocket.pdb,/home/igem/unknown_software/datasets/propedia_formatted/propedia_1sb0_B/propedia_1sb0_B_peptide.pdb,propedia_long
propedia_1ju5_B,/home/igem/unknown_software/datasets/propedia_formatted/propedia_1ju5_B/propedia_1ju5_B_protein_pocket.pdb,/home/igem/unknown_software/datasets/propedia_formatted/propedia_1ju5_B/propedia_1ju5_B_peptide.pdb,propedia_long
propedia_2pq4_B,/home/igem/unknown_software/datasets/propedia_formatted/propedia_2pq4_B/propedia_2pq4_B_protein_pocket.pdb,/home/igem/unknown_software/datasets/propedia_formatted/propedia_2pq4_B/propedia_2pq4_B_peptide.pdb,propedia_long
7m8u,/home/igem/unknown_software/datasets/RefPepDB-RecentSet/7m8u/7m8u_protein_pocket.pdb,/home/igem/unknown_software/datasets/RefPepDB-RecentSet/7m8u/7m8u_peptide.pdb,recentset_replay
propedia_4a8x_B,/home/igem/unknown_software/datasets/propedia_formatted/propedia_4a8x_B/propedia_4a8x_B_protein_pocket.pdb,/home/igem/unknown_software/datasets/propedia_formatted/propedia_4a8x_B/propedia_4a8x_B_peptide.pdb,propedia_long
propedia_5w4g_A,/home/igem/unknown_software/datasets/propedia_formatted/propedia_5w4g_A/propedia_5w4g_A_protein_pocket.pdb,/home/igem/unknown_software/datasets/propedia_formatted/propedia_5w4g_A/propedia_5w4g_A_peptide.pdb,propedia_long
propedia_6fc3_B,/home/igem/unknown_software/datasets/propedia_formatted/propedia_6fc3_B/propedia_6fc3_B_protein_pocket.pdb,/home/igem/unknown_software/datasets/propedia_formatted/propedia_6fc3_B/propedia_6fc3_B_peptide.pdb,propedia_long
propedia_2pgq_A,/home/igem/unknown_software/datasets/propedia_formatted/propedia_2pgq_A/propedia_2pgq_A_protein_pocket.pdb,/home/igem/unknown_software/datasets/propedia_formatted/propedia_2pgq_A/propedia_2pgq_A_peptide.pdb,propedia_long
propedia_4u7i_B,/home/igem/unknown_software/datasets/propedia_formatted/propedia_4u7i_B/propedia_4u7i_B_protein_pocket.pdb,/home/igem/unknown_software/datasets/propedia_formatted/propedia_4u7i_B/propedia_4u7i_B_peptide.pdb,propedia_long
propedia_4b1x_M,/home/igem/unknown_software/datasets/propedia_formatted/propedia_4b1x_M/propedia_4b1x_M_protein_pocket.pdb,/home/igem/unknown_software/datasets/propedia_formatted/propedia_4b1x_M/propedia_4b1x_M_peptide.pdb,propedia_long
propedia_1jpw_D,/home/igem/unknown_software/datasets/propedia_formatted/propedia_1jpw_D/propedia_1jpw_D_protein_pocket.pdb,/home/igem/unknown_software/datasets/propedia_formatted/propedia_1jpw_D/propedia_1jpw_D_peptide.pdb,propedia_long
propedia_5xa5_B,/home/igem/unknown_software/datasets/propedia_formatted/propedia_5xa5_B/propedia_5xa5_B_protein_pocket.pdb,/home/igem/unknown_software/datasets/propedia_formatted/propedia_5xa5_B/propedia_5xa5_B_peptide.pdb,propedia_long
propedia_2fci_B,/home/igem/unknown_software/datasets/propedia_formatted/propedia_2fci_B/propedia_2fci_B_protein_pocket.pdb,/home/igem/unknown_software/datasets/propedia_formatted/propedia_2fci_B/propedia_2fci_B_peptide.pdb,propedia_long
8dao,/home/igem/unknown_software/datasets/RefPepDB-RecentSet/8dao/8dao_protein_pocket.pdb,/home/igem/unknown_software/datasets/RefPepDB-RecentSet/8dao/8dao_peptide.pdb,recentset_replay
propedia_3rk2_A,/home/igem/unknown_software/datasets/propedia_formatted/propedia_3rk2_A/propedia_3rk2_A_protein_pocket.pdb,/home/igem/unknown_software/datasets/propedia_formatted/propedia_3rk2_A/propedia_3rk2_A_peptide.pdb,propedia_long
propedia_1loe_B,/home/igem/unknown_software/datasets/propedia_formatted/propedia_1loe_B/propedia_1loe_B_protein_pocket.pdb,/home/igem/unknown_software/datasets/propedia_formatted/propedia_1loe_B/propedia_1loe_B_peptide.pdb,propedia_long
propedia_2bbm_B,/home/igem/unknown_software/datasets/propedia_formatted/propedia_2bbm_B/propedia_2bbm_B_protein_pocket.pdb,/home/igem/unknown_software/datasets/propedia_formatted/propedia_2bbm_B/propedia_2bbm_B_peptide.pdb,propedia_long
7ntk,/home/igem/unknown_software/datasets/RefPepDB-RecentSet/7ntk/7ntk_protein_pocket.pdb,/home/igem/unknown_software/datasets/RefPepDB-RecentSet/7ntk/7ntk_peptide.pdb,recentset_replay
propedia_1fev_A,/home/igem/unknown_software/datasets/propedia_formatted/propedia_1fev_A/propedia_1fev_A_protein_pocket.pdb,/home/igem/unknown_software/datasets/propedia_formatted/propedia_1fev_A/propedia_1fev_A_peptide.pdb,propedia_long
propedia_5wwo_C,/home/igem/unknown_software/datasets/propedia_formatted/propedia_5wwo_C/propedia_5wwo_C_protein_pocket.pdb,/home/igem/unknown_software/datasets/propedia_formatted/propedia_5wwo_C/propedia_5wwo_C_peptide.pdb,propedia_long
propedia_6cez_P,/home/igem/unknown_software/datasets/propedia_formatted/propedia_6cez_P/propedia_6cez_P_protein_pocket.pdb,/home/igem/unknown_software/datasets/propedia_formatted/propedia_6cez_P/propedia_6cez_P_peptide.pdb,propedia_long
propedia_2b1j_C,/home/igem/unknown_software/datasets/propedia_formatted/propedia_2b1j_C/propedia_2b1j_C_protein_pocket.pdb,/home/igem/unknown_software/datasets/propedia_formatted/propedia_2b1j_C/propedia_2b1j_C_peptide.pdb,propedia_long
propedia_5bwd_C,/home/igem/unknown_software/datasets/propedia_formatted/propedia_5bwd_C/propedia_5bwd_C_protein_pocket.pdb,/home/igem/unknown_software/datasets/propedia_formatted/propedia_5bwd_C/propedia_5bwd_C_peptide.pdb,propedia_long
propedia_2yb8_A,/home/igem/unknown_software/datasets/propedia_formatted/propedia_2yb8_A/propedia_2yb8_A_protein_pocket.pdb,/home/igem/unknown_software/datasets/propedia_formatted/propedia_2yb8_A/propedia_2yb8_A_peptide.pdb,propedia_long
7s8r,/home/igem/unknown_software/datasets/RefPepDB-RecentSet/7s8r/7s8r_protein_pocket.pdb,/home/igem/unknown_software/datasets/RefPepDB-RecentSet/7s8r/7s8r_peptide.pdb,recentset_replay
propedia_3vft_C,/home/igem/unknown_software/datasets/propedia_formatted/propedia_3vft_C/propedia_3vft_C_protein_pocket.pdb,/home/igem/unknown_software/datasets/propedia_formatted/propedia_3vft_C/propedia_3vft_C_peptide.pdb,propedia_long
propedia_4bq6_C,/home/igem/unknown_software/datasets/propedia_formatted/propedia_4bq6_C/propedia_4bq6_C_protein_pocket.pdb,/home/igem/unknown_software/datasets/propedia_formatted/propedia_4bq6_C/propedia_4bq6_C_peptide.pdb,propedia_long
7sis,/home/igem/unknown_software/datasets/RefPepDB-RecentSet/7sis/7sis_protein_pocket.pdb,/home/igem/unknown_software/datasets/RefPepDB-RecentSet/7sis/7sis_peptide.pdb,recentset_replay
propedia_1zw2_B,/home/igem/unknown_software/datasets/propedia_formatted/propedia_1zw2_B/propedia_1zw2_B_protein_pocket.pdb,/home/igem/unknown_software/datasets/propedia_formatted/propedia_1zw2_B/propedia_1zw2_B_peptide.pdb,propedia_long
propedia_6oni_D,/home/igem/unknown_software/datasets/propedia_formatted/propedia_6oni_D/propedia_6oni_D_protein_pocket.pdb,/home/igem/unknown_software/datasets/propedia_formatted/propedia_6oni_D/propedia_6oni_D_peptide.pdb,propedia_long
propedia_3d8c_B,/home/igem/unknown_software/datasets/propedia_formatted/propedia_3d8c_B/propedia_3d8c_B_protein_pocket.pdb,/home/igem/unknown_software/datasets/propedia_formatted/propedia_3d8c_B/propedia_3d8c_B_peptide.pdb,propedia_long
7du4,/home/igem/unknown_software/datasets/RefPepDB-RecentSet/7du4/7du4_protein_pocket.pdb,/home/igem/unknown_software/datasets/RefPepDB-RecentSet/7du4/7du4_peptide.pdb,recentset_replay
propedia_2lr1_B,/home/igem/unknown_software/datasets/propedia_formatted/propedia_2lr1_B/propedia_2lr1_B_protein_pocket.pdb,/home/igem/unknown_software/datasets/propedia_formatted/propedia_2lr1_B/propedia_2lr1_B_peptide.pdb,propedia_long
propedia_2w2q_E,/home/igem/unknown_software/datasets/propedia_formatted/propedia_2w2q_E/propedia_2w2q_E_protein_pocket.pdb,/home/igem/unknown_software/datasets/propedia_formatted/propedia_2w2q_E/propedia_2w2q_E_peptide.pdb,propedia_long
propedia_6t48_D,/home/igem/unknown_software/datasets/propedia_formatted/propedia_6t48_D/propedia_6t48_D_protein_pocket.pdb,/home/igem/unknown_software/datasets/propedia_formatted/propedia_6t48_D/propedia_6t48_D_peptide.pdb,propedia_long
propedia_6hil_L,/home/igem/unknown_software/datasets/propedia_formatted/propedia_6hil_L/propedia_6hil_L_protein_pocket.pdb,/home/igem/unknown_software/datasets/propedia_formatted/propedia_6hil_L/propedia_6hil_L_peptide.pdb,propedia_long
propedia_4lkx_R,/home/igem/unknown_software/datasets/propedia_formatted/propedia_4lkx_R/propedia_4lkx_R_protein_pocket.pdb,/home/igem/unknown_software/datasets/propedia_formatted/propedia_4lkx_R/propedia_4lkx_R_peptide.pdb,propedia_long
propedia_2jby_B,/home/igem/unknown_software/datasets/propedia_formatted/propedia_2jby_B/propedia_2jby_B_protein_pocket.pdb,/home/igem/unknown_software/datasets/propedia_formatted/propedia_2jby_B/propedia_2jby_B_peptide.pdb,propedia_long
propedia_6q1u_C,/home/igem/unknown_software/datasets/propedia_formatted/propedia_6q1u_C/propedia_6q1u_C_protein_pocket.pdb,/home/igem/unknown_software/datasets/propedia_formatted/propedia_6q1u_C/propedia_6q1u_C_peptide.pdb,propedia_long
propedia_4r3s_Q,/home/igem/unknown_software/datasets/propedia_formatted/propedia_4r3s_Q/propedia_4r3s_Q_protein_pocket.pdb,/home/igem/unknown_software/datasets/propedia_formatted/propedia_4r3s_Q/propedia_4r3s_Q_peptide.pdb,propedia_long
propedia_4bqd_C,/home/igem/unknown_software/datasets/propedia_formatted/propedia_4bqd_C/propedia_4bqd_C_protein_pocket.pdb,/home/igem/unknown_software/datasets/propedia_formatted/propedia_4bqd_C/propedia_4bqd_C_peptide.pdb,propedia_long
8dgk,/home/igem/unknown_software/datasets/RefPepDB-RecentSet/8dgk/8dgk_protein_pocket.pdb,/home/igem/unknown_software/datasets/RefPepDB-RecentSet/8dgk/8dgk_peptide.pdb,recentset_replay
propedia_5f74_B,/home/igem/unknown_software/datasets/propedia_formatted/propedia_5f74_B/propedia_5f74_B_protein_pocket.pdb,/home/igem/unknown_software/datasets/propedia_formatted/propedia_5f74_B/propedia_5f74_B_peptide.pdb,propedia_long
propedia_5wha_B,/home/igem/unknown_software/datasets/propedia_formatted/propedia_5wha_B/propedia_5wha_B_protein_pocket.pdb,/home/igem/unknown_software/datasets/propedia_formatted/propedia_5wha_B/propedia_5wha_B_peptide.pdb,propedia_long
propedia_1qgr_B,/home/igem/unknown_software/datasets/propedia_formatted/propedia_1qgr_B/propedia_1qgr_B_protein_pocket.pdb,/home/igem/unknown_software/datasets/propedia_formatted/propedia_1qgr_B/propedia_1qgr_B_peptide.pdb,propedia_long
propedia_2a4j_B,/home/igem/unknown_software/datasets/propedia_formatted/propedia_2a4j_B/propedia_2a4j_B_protein_pocket.pdb,/home/igem/unknown_software/datasets/propedia_formatted/propedia_2a4j_B/propedia_2a4j_B_peptide.pdb,propedia_long
propedia_1e91_B,/home/igem/unknown_software/datasets/propedia_formatted/propedia_1e91_B/propedia_1e91_B_protein_pocket.pdb,/home/igem/unknown_software/datasets/propedia_formatted/propedia_1e91_B/propedia_1e91_B_peptide.pdb,propedia_long
8gon,/home/igem/unknown_software/datasets/RefPepDB-RecentSet/8gon/8gon_protein_pocket.pdb,/home/igem/unknown_software/datasets/RefPepDB-RecentSet/8gon/8gon_peptide.pdb,recentset_replay
propedia_1dow_B,/home/igem/unknown_software/datasets/propedia_formatted/propedia_1dow_B/propedia_1dow_B_protein_pocket.pdb,/home/igem/unknown_software/datasets/propedia_formatted/propedia_1dow_B/propedia_1dow_B_peptide.pdb,propedia_long
propedia_2bez_F,/home/igem/unknown_software/datasets/propedia_formatted/propedia_2bez_F/propedia_2bez_F_protein_pocket.pdb,/home/igem/unknown_software/datasets/propedia_formatted/propedia_2bez_F/propedia_2bez_F_peptide.pdb,propedia_long
propedia_2eq9_C,/home/igem/unknown_software/datasets/propedia_formatted/propedia_2eq9_C/propedia_2eq9_C_protein_pocket.pdb,/home/igem/unknown_software/datasets/propedia_formatted/propedia_2eq9_C/propedia_2eq9_C_peptide.pdb,propedia_long
propedia_2fts_P,/home/igem/unknown_software/datasets/propedia_formatted/propedia_2fts_P/propedia_2fts_P_protein_pocket.pdb,/home/igem/unknown_software/datasets/propedia_formatted/propedia_2fts_P/propedia_2fts_P_peptide.pdb,propedia_long
propedia_4yz6_B,/home/igem/unknown_software/datasets/propedia_formatted/propedia_4yz6_B/propedia_4yz6_B_protein_pocket.pdb,/home/igem/unknown_software/datasets/propedia_formatted/propedia_4yz6_B/propedia_4yz6_B_peptide.pdb,propedia_long
propedia_6juw_L,/home/igem/unknown_software/datasets/propedia_formatted/propedia_6juw_L/propedia_6juw_L_protein_pocket.pdb,/home/igem/unknown_software/datasets/propedia_formatted/propedia_6juw_L/propedia_6juw_L_peptide.pdb,propedia_long
8b8z,/home/igem/unknown_software/datasets/RefPepDB-RecentSet/8b8z/8b8z_protein_pocket.pdb,/home/igem/unknown_software/datasets/RefPepDB-RecentSet/8b8z/8b8z_peptide.pdb,recentset_replay
propedia_1ocr_K,/home/igem/unknown_software/datasets/propedia_formatted/propedia_1ocr_K/propedia_1ocr_K_protein_pocket.pdb,/home/igem/unknown_software/datasets/propedia_formatted/propedia_1ocr_K/propedia_1ocr_K_peptide.pdb,propedia_long
7pvx,/home/igem/unknown_software/datasets/RefPepDB-RecentSet/7pvx/7pvx_protein_pocket.pdb,/home/igem/unknown_software/datasets/RefPepDB-RecentSet/7pvx/7pvx_peptide.pdb,recentset_replay
propedia_4lg6_B,/home/igem/unknown_software/datasets/propedia_formatted/propedia_4lg6_B/propedia_4lg6_B_protein_pocket.pdb,/home/igem/unknown_software/datasets/propedia_formatted/propedia_4lg6_B/propedia_4lg6_B_peptide.pdb,propedia_long
propedia_2lyd_B,/home/igem/unknown_software/datasets/propedia_formatted/propedia_2lyd_B/propedia_2lyd_B_protein_pocket.pdb,/home/igem/unknown_software/datasets/propedia_formatted/propedia_2lyd_B/propedia_2lyd_B_peptide.pdb,propedia_long
propedia_5u5t_C,/home/igem/unknown_software/datasets/propedia_formatted/propedia_5u5t_C/propedia_5u5t_C_protein_pocket.pdb,/home/igem/unknown_software/datasets/propedia_formatted/propedia_5u5t_C/propedia_5u5t_C_peptide.pdb,propedia_long
propedia_3c3r_B,/home/igem/unknown_software/datasets/propedia_formatted/propedia_3c3r_B/propedia_3c3r_B_protein_pocket.pdb,/home/igem/unknown_software/datasets/propedia_formatted/propedia_3c3r_B/propedia_3c3r_B_peptide.pdb,propedia_long
propedia_5vf0_B,/home/igem/unknown_software/datasets/propedia_formatted/propedia_5vf0_B/propedia_5vf0_B_protein_pocket.pdb,/home/igem/unknown_software/datasets/propedia_formatted/propedia_5vf0_B/propedia_5vf0_B_peptide.pdb,propedia_long
propedia_5ni9_C,/home/igem/unknown_software/datasets/propedia_formatted/propedia_5ni9_C/propedia_5ni9_C_protein_pocket.pdb,/home/igem/unknown_software/datasets/propedia_formatted/propedia_5ni9_C/propedia_5ni9_C_peptide.pdb,propedia_long
propedia_2kxh_B,/home/igem/unknown_software/datasets/propedia_formatted/propedia_2kxh_B/propedia_2kxh_B_protein_pocket.pdb,/home/igem/unknown_software/datasets/propedia_formatted/propedia_2kxh_B/propedia_2kxh_B_peptide.pdb,propedia_long
7p49,/home/igem/unknown_software/datasets/RefPepDB-RecentSet/7p49/7p49_protein_pocket.pdb,/home/igem/unknown_software/datasets/RefPepDB-RecentSet/7p49/7p49_peptide.pdb,recentset_replay
propedia_3v30_B,/home/igem/unknown_software/datasets/propedia_formatted/propedia_3v30_B/propedia_3v30_B_protein_pocket.pdb,/home/igem/unknown_software/datasets/propedia_formatted/propedia_3v30_B/propedia_3v30_B_peptide.pdb,propedia_long
propedia_2btc_I,/home/igem/unknown_software/datasets/propedia_formatted/propedia_2btc_I/propedia_2btc_I_protein_pocket.pdb,/home/igem/unknown_software/datasets/propedia_formatted/propedia_2btc_I/propedia_2btc_I_peptide.pdb,propedia_long
propedia_2v51_E,/home/igem/unknown_software/datasets/propedia_formatted/propedia_2v51_E/propedia_2v51_E_protein_pocket.pdb,/home/igem/unknown_software/datasets/propedia_formatted/propedia_2v51_E/propedia_2v51_E_peptide.pdb,propedia_long
propedia_5eio_C,/home/igem/unknown_software/datasets/propedia_formatted/propedia_5eio_C/propedia_5eio_C_protein_pocket.pdb,/home/igem/unknown_software/datasets/propedia_formatted/propedia_5eio_C/propedia_5eio_C_peptide.pdb,propedia_long
propedia_6bvb_H,/home/igem/unknown_software/datasets/propedia_formatted/propedia_6bvb_H/propedia_6bvb_H_protein_pocket.pdb,/home/igem/unknown_software/datasets/propedia_formatted/propedia_6bvb_H/propedia_6bvb_H_peptide.pdb,propedia_long
propedia_4m1d_P,/home/igem/unknown_software/datasets/propedia_formatted/propedia_4m1d_P/propedia_4m1d_P_protein_pocket.pdb,/home/igem/unknown_software/datasets/propedia_formatted/propedia_4m1d_P/propedia_4m1d_P_peptide.pdb,propedia_long
propedia_3brv_A,/home/igem/unknown_software/datasets/propedia_formatted/propedia_3brv_A/propedia_3brv_A_protein_pocket.pdb,/home/igem/unknown_software/datasets/propedia_formatted/propedia_3brv_A/propedia_3brv_A_peptide.pdb,propedia_long
propedia_5n4d_C,/home/igem/unknown_software/datasets/propedia_formatted/propedia_5n4d_C/propedia_5n4d_C_protein_pocket.pdb,/home/igem/unknown_software/datasets/propedia_formatted/propedia_5n4d_C/propedia_5n4d_C_peptide.pdb,propedia_long
propedia_4gf3_B,/home/igem/unknown_software/datasets/propedia_formatted/propedia_4gf3_B/propedia_4gf3_B_protein_pocket.pdb,/home/igem/unknown_software/datasets/propedia_formatted/propedia_4gf3_B/propedia_4gf3_B_peptide.pdb,propedia_long
propedia_2qiy_C,/home/igem/unknown_software/datasets/propedia_formatted/propedia_2qiy_C/propedia_2qiy_C_protein_pocket.pdb,/home/igem/unknown_software/datasets/propedia_formatted/propedia_2qiy_C/propedia_2qiy_C_peptide.pdb,propedia_long
propedia_4mzj_T,/home/igem/unknown_software/datasets/propedia_formatted/propedia_4mzj_T/propedia_4mzj_T_protein_pocket.pdb,/home/igem/unknown_software/datasets/propedia_formatted/propedia_4mzj_T/propedia_4mzj_T_peptide.pdb,propedia_long
propedia_5dow_B,/home/igem/unknown_software/datasets/propedia_formatted/propedia_5dow_B/propedia_5dow_B_protein_pocket.pdb,/home/igem/unknown_software/datasets/propedia_formatted/propedia_5dow_B/propedia_5dow_B_peptide.pdb,propedia_long
propedia_4ue1_F,/home/igem/unknown_software/datasets/propedia_formatted/propedia_4ue1_F/propedia_4ue1_F_protein_pocket.pdb,/home/igem/unknown_software/datasets/propedia_formatted/propedia_4ue1_F/propedia_4ue1_F_peptide.pdb,propedia_long
propedia_5xyv_D,/home/igem/unknown_software/datasets/propedia_formatted/propedia_5xyv_D/propedia_5xyv_D_protein_pocket.pdb,/home/igem/unknown_software/datasets/propedia_formatted/propedia_5xyv_D/propedia_5xyv_D_peptide.pdb,propedia_long
7lfc,/home/igem/unknown_software/datasets/RefPepDB-RecentSet/7lfc/7lfc_protein_pocket.pdb,/home/igem/unknown_software/datasets/RefPepDB-RecentSet/7lfc/7lfc_peptide.pdb,recentset_replay
propedia_1guw_B,/home/igem/unknown_software/datasets/propedia_formatted/propedia_1guw_B/propedia_1guw_B_protein_pocket.pdb,/home/igem/unknown_software/datasets/propedia_formatted/propedia_1guw_B/propedia_1guw_B_peptide.pdb,propedia_long
propedia_5n1k_B,/home/igem/unknown_software/datasets/propedia_formatted/propedia_5n1k_B/propedia_5n1k_B_protein_pocket.pdb,/home/igem/unknown_software/datasets/propedia_formatted/propedia_5n1k_B/propedia_5n1k_B_peptide.pdb,propedia_long
propedia_6at5_C,/home/igem/unknown_software/datasets/propedia_formatted/propedia_6at5_C/propedia_6at5_C_protein_pocket.pdb,/home/igem/unknown_software/datasets/propedia_formatted/propedia_6at5_C/propedia_6at5_C_peptide.pdb,propedia_long
propedia_6au8_C,/home/igem/unknown_software/datasets/propedia_formatted/propedia_6au8_C/propedia_6au8_C_protein_pocket.pdb,/home/igem/unknown_software/datasets/propedia_formatted/propedia_6au8_C/propedia_6au8_C_peptide.pdb,propedia_long
7xwq,/home/igem/unknown_software/datasets/RefPepDB-RecentSet/7xwq/7xwq_protein_pocket.pdb,/home/igem/unknown_software/datasets/RefPepDB-RecentSet/7xwq/7xwq_peptide.pdb,recentset_replay
propedia_2ll6_B,/home/igem/unknown_software/datasets/propedia_formatted/propedia_2ll6_B/propedia_2ll6_B_protein_pocket.pdb,/home/igem/unknown_software/datasets/propedia_formatted/propedia_2ll6_B/propedia_2ll6_B_peptide.pdb,propedia_long
7k81,/home/igem/unknown_software/datasets/RefPepDB-RecentSet/7k81/7k81_protein_pocket.pdb,/home/igem/unknown_software/datasets/RefPepDB-RecentSet/7k81/7k81_peptide.pdb,recentset_replay
propedia_2whx_C,/home/igem/unknown_software/datasets/propedia_formatted/propedia_2whx_C/propedia_2whx_C_protein_pocket.pdb,/home/igem/unknown_software/datasets/propedia_formatted/propedia_2whx_C/propedia_2whx_C_peptide.pdb,propedia_long
propedia_6qfm_B,/home/igem/unknown_software/datasets/propedia_formatted/propedia_6qfm_B/propedia_6qfm_B_protein_pocket.pdb,/home/igem/unknown_software/datasets/propedia_formatted/propedia_6qfm_B/propedia_6qfm_B_peptide.pdb,propedia_long
propedia_3wbn_B,/home/igem/unknown_software/datasets/propedia_formatted/propedia_3wbn_B/propedia_3wbn_B_protein_pocket.pdb,/home/igem/unknown_software/datasets/propedia_formatted/propedia_3wbn_B/propedia_3wbn_B_peptide.pdb,propedia_long
propedia_4u7y_B,/home/igem/unknown_software/datasets/propedia_formatted/propedia_4u7y_B/propedia_4u7y_B_protein_pocket.pdb,/home/igem/unknown_software/datasets/propedia_formatted/propedia_4u7y_B/propedia_4u7y_B_peptide.pdb,propedia_long
propedia_1vf6_D,/home/igem/unknown_software/datasets/propedia_formatted/propedia_1vf6_D/propedia_1vf6_D_protein_pocket.pdb,/home/igem/unknown_software/datasets/propedia_formatted/propedia_1vf6_D/propedia_1vf6_D_peptide.pdb,propedia_long
propedia_1zgx_B,/home/igem/unknown_software/datasets/propedia_formatted/propedia_1zgx_B/propedia_1zgx_B_protein_pocket.pdb,/home/igem/unknown_software/datasets/propedia_formatted/propedia_1zgx_B/propedia_1zgx_B_peptide.pdb,propedia_long
propedia_3tvj_I,/home/igem/unknown_software/datasets/propedia_formatted/propedia_3tvj_I/propedia_3tvj_I_protein_pocket.pdb,/home/igem/unknown_software/datasets/propedia_formatted/propedia_3tvj_I/propedia_3tvj_I_peptide.pdb,propedia_long
propedia_2d3g_P,/home/igem/unknown_software/datasets/propedia_formatted/propedia_2d3g_P/propedia_2d3g_P_protein_pocket.pdb,/home/igem/unknown_software/datasets/propedia_formatted/propedia_2d3g_P/propedia_2d3g_P_peptide.pdb,propedia_long
propedia_5mu3_C,/home/igem/unknown_software/datasets/propedia_formatted/propedia_5mu3_C/propedia_5mu3_C_protein_pocket.pdb,/home/igem/unknown_software/datasets/propedia_formatted/propedia_5mu3_C/propedia_5mu3_C_peptide.pdb,propedia_long
propedia_4b1u_M,/home/igem/unknown_software/datasets/propedia_formatted/propedia_4b1u_M/propedia_4b1u_M_protein_pocket.pdb,/home/igem/unknown_software/datasets/propedia_formatted/propedia_4b1u_M/propedia_4b1u_M_peptide.pdb,propedia_long
propedia_2be6_D,/home/igem/unknown_software/datasets/propedia_formatted/propedia_2be6_D/propedia_2be6_D_protein_pocket.pdb,/home/igem/unknown_software/datasets/propedia_formatted/propedia_2be6_D/propedia_2be6_D_peptide.pdb,propedia_long
propedia_3ax2_B,/home/igem/unknown_software/datasets/propedia_formatted/propedia_3ax2_B/propedia_3ax2_B_protein_pocket.pdb,/home/igem/unknown_software/datasets/propedia_formatted/propedia_3ax2_B/propedia_3ax2_B_peptide.pdb,propedia_long
propedia_5t47_B,/home/igem/unknown_software/datasets/propedia_formatted/propedia_5t47_B/propedia_5t47_B_protein_pocket.pdb,/home/igem/unknown_software/datasets/propedia_formatted/propedia_5t47_B/propedia_5t47_B_peptide.pdb,propedia_long
propedia_4cpa_I,/home/igem/unknown_software/datasets/propedia_formatted/propedia_4cpa_I/propedia_4cpa_I_protein_pocket.pdb,/home/igem/unknown_software/datasets/propedia_formatted/propedia_4cpa_I/propedia_4cpa_I_peptide.pdb,propedia_long
propedia_3s6p_E,/home/igem/unknown_software/datasets/propedia_formatted/propedia_3s6p_E/propedia_3s6p_E_protein_pocket.pdb,/home/igem/unknown_software/datasets/propedia_formatted/propedia_3s6p_E/propedia_3s6p_E_peptide.pdb,propedia_long
propedia_2lvm_B,/home/igem/unknown_software/datasets/propedia_formatted/propedia_2lvm_B/propedia_2lvm_B_protein_pocket.pdb,/home/igem/unknown_software/datasets/propedia_formatted/propedia_2lvm_B/propedia_2lvm_B_peptide.pdb,propedia_long
7owm,/home/igem/unknown_software/datasets/RefPepDB-RecentSet/7owm/7owm_protein_pocket.pdb,/home/igem/unknown_software/datasets/RefPepDB-RecentSet/7owm/7owm_peptide.pdb,recentset_replay
propedia_5f5o_B,/home/igem/unknown_software/datasets/propedia_formatted/propedia_5f5o_B/propedia_5f5o_B_protein_pocket.pdb,/home/igem/unknown_software/datasets/propedia_formatted/propedia_5f5o_B/propedia_5f5o_B_peptide.pdb,propedia_long
propedia_4jzw_M,/home/igem/unknown_software/datasets/propedia_formatted/propedia_4jzw_M/propedia_4jzw_M_protein_pocket.pdb,/home/igem/unknown_software/datasets/propedia_formatted/propedia_4jzw_M/propedia_4jzw_M_peptide.pdb,propedia_long
propedia_5wxq_P,/home/igem/unknown_software/datasets/propedia_formatted/propedia_5wxq_P/propedia_5wxq_P_protein_pocket.pdb,/home/igem/unknown_software/datasets/propedia_formatted/propedia_5wxq_P/propedia_5wxq_P_peptide.pdb,propedia_long
propedia_4fj3_P,/home/igem/unknown_software/datasets/propedia_formatted/propedia_4fj3_P/propedia_4fj3_P_protein_pocket.pdb,/home/igem/unknown_software/datasets/propedia_formatted/propedia_4fj3_P/propedia_4fj3_P_peptide.pdb,propedia_long
propedia_5jnb_E,/home/igem/unknown_software/datasets/propedia_formatted/propedia_5jnb_E/propedia_5jnb_E_protein_pocket.pdb,/home/igem/unknown_software/datasets/propedia_formatted/propedia_5jnb_E/propedia_5jnb_E_peptide.pdb,propedia_long
propedia_5v8z_B,/home/igem/unknown_software/datasets/propedia_formatted/propedia_5v8z_B/propedia_5v8z_B_protein_pocket.pdb,/home/igem/unknown_software/datasets/propedia_formatted/propedia_5v8z_B/propedia_5v8z_B_peptide.pdb,propedia_long
propedia_2p5b_I,/home/igem/unknown_software/datasets/propedia_formatted/propedia_2p5b_I/propedia_2p5b_I_protein_pocket.pdb,/home/igem/unknown_software/datasets/propedia_formatted/propedia_2p5b_I/propedia_2p5b_I_peptide.pdb,propedia_long
propedia_6f4v_G,/home/igem/unknown_software/datasets/propedia_formatted/propedia_6f4v_G/propedia_6f4v_G_protein_pocket.pdb,/home/igem/unknown_software/datasets/propedia_formatted/propedia_6f4v_G/propedia_6f4v_G_peptide.pdb,propedia_long
propedia_6cit_D,/home/igem/unknown_software/datasets/propedia_formatted/propedia_6cit_D/propedia_6cit_D_protein_pocket.pdb,/home/igem/unknown_software/datasets/propedia_formatted/propedia_6cit_D/propedia_6cit_D_peptide.pdb,propedia_long
propedia_2n9e_A,/home/igem/unknown_software/datasets/propedia_formatted/propedia_2n9e_A/propedia_2n9e_A_protein_pocket.pdb,/home/igem/unknown_software/datasets/propedia_formatted/propedia_2n9e_A/propedia_2n9e_A_peptide.pdb,propedia_long
propedia_5vla_Z,/home/igem/unknown_software/datasets/propedia_formatted/propedia_5vla_Z/propedia_5vla_Z_protein_pocket.pdb,/home/igem/unknown_software/datasets/propedia_formatted/propedia_5vla_Z/propedia_5vla_Z_peptide.pdb,propedia_long
propedia_4qx7_E,/home/igem/unknown_software/datasets/propedia_formatted/propedia_4qx7_E/propedia_4qx7_E_protein_pocket.pdb,/home/igem/unknown_software/datasets/propedia_formatted/propedia_4qx7_E/propedia_4qx7_E_peptide.pdb,propedia_long
propedia_5cq2_B,/home/igem/unknown_software/datasets/propedia_formatted/propedia_5cq2_B/propedia_5cq2_B_protein_pocket.pdb,/home/igem/unknown_software/datasets/propedia_formatted/propedia_5cq2_B/propedia_5cq2_B_peptide.pdb,propedia_long
propedia_1rbe_S,/home/igem/unknown_software/datasets/propedia_formatted/propedia_1rbe_S/propedia_1rbe_S_protein_pocket.pdb,/home/igem/unknown_software/datasets/propedia_formatted/propedia_1rbe_S/propedia_1rbe_S_peptide.pdb,propedia_long
propedia_3ejh_E,/home/igem/unknown_software/datasets/propedia_formatted/propedia_3ejh_E/propedia_3ejh_E_protein_pocket.pdb,/home/igem/unknown_software/datasets/propedia_formatted/propedia_3ejh_E/propedia_3ejh_E_peptide.pdb,propedia_long
propedia_6mak_B,/home/igem/unknown_software/datasets/propedia_formatted/propedia_6mak_B/propedia_6mak_B_protein_pocket.pdb,/home/igem/unknown_software/datasets/propedia_formatted/propedia_6mak_B/propedia_6mak_B_peptide.pdb,propedia_long
propedia_5uxx_B,/home/igem/unknown_software/datasets/propedia_formatted/propedia_5uxx_B/propedia_5uxx_B_protein_pocket.pdb,/home/igem/unknown_software/datasets/propedia_formatted/propedia_5uxx_B/propedia_5uxx_B_peptide.pdb,propedia_long
propedia_3au4_B,/home/igem/unknown_software/datasets/propedia_formatted/propedia_3au4_B/propedia_3au4_B_protein_pocket.pdb,/home/igem/unknown_software/datasets/propedia_formatted/propedia_3au4_B/propedia_3au4_B_peptide.pdb,propedia_long
propedia_4dc2_Z,/home/igem/unknown_software/datasets/propedia_formatted/propedia_4dc2_Z/propedia_4dc2_Z_protein_pocket.pdb,/home/igem/unknown_software/datasets/propedia_formatted/propedia_4dc2_Z/propedia_4dc2_Z_peptide.pdb,propedia_long
propedia_5l04_B,/home/igem/unknown_software/datasets/propedia_formatted/propedia_5l04_B/propedia_5l04_B_protein_pocket.pdb,/home/igem/unknown_software/datasets/propedia_formatted/propedia_5l04_B/propedia_5l04_B_peptide.pdb,propedia_long
7s8l,/home/igem/unknown_software/datasets/RefPepDB-RecentSet/7s8l/7s8l_protein_pocket.pdb,/home/igem/unknown_software/datasets/RefPepDB-RecentSet/7s8l/7s8l_peptide.pdb,recentset_replay
propedia_3kz0_C,/home/igem/unknown_software/datasets/propedia_formatted/propedia_3kz0_C/propedia_3kz0_C_protein_pocket.pdb,/home/igem/unknown_software/datasets/propedia_formatted/propedia_3kz0_C/propedia_3kz0_C_peptide.pdb,propedia_long
propedia_4yjl_G,/home/igem/unknown_software/datasets/propedia_formatted/propedia_4yjl_G/propedia_4yjl_G_protein_pocket.pdb,/home/igem/unknown_software/datasets/propedia_formatted/propedia_4yjl_G/propedia_4yjl_G_peptide.pdb,propedia_long
propedia_6mew_B,/home/igem/unknown_software/datasets/propedia_formatted/propedia_6mew_B/propedia_6mew_B_protein_pocket.pdb,/home/igem/unknown_software/datasets/propedia_formatted/propedia_6mew_B/propedia_6mew_B_peptide.pdb,propedia_long
propedia_6iy0_I,/home/igem/unknown_software/datasets/propedia_formatted/propedia_6iy0_I/propedia_6iy0_I_protein_pocket.pdb,/home/igem/unknown_software/datasets/propedia_formatted/propedia_6iy0_I/propedia_6iy0_I_peptide.pdb,propedia_long
propedia_2bfx_C,/home/igem/unknown_software/datasets/propedia_formatted/propedia_2bfx_C/propedia_2bfx_C_protein_pocket.pdb,/home/igem/unknown_software/datasets/propedia_formatted/propedia_2bfx_C/propedia_2bfx_C_peptide.pdb,propedia_long
7dvx,/home/igem/unknown_software/datasets/RefPepDB-RecentSet/7dvx/7dvx_protein_pocket.pdb,/home/igem/unknown_software/datasets/RefPepDB-RecentSet/7dvx/7dvx_peptide.pdb,recentset_replay
7dvw,/home/igem/unknown_software/datasets/RefPepDB-RecentSet/7dvw/7dvw_protein_pocket.pdb,/home/igem/unknown_software/datasets/RefPepDB-RecentSet/7dvw/7dvw_peptide.pdb,recentset_replay
propedia_5whh_B,/home/igem/unknown_software/datasets/propedia_formatted/propedia_5whh_B/propedia_5whh_B_protein_pocket.pdb,/home/igem/unknown_software/datasets/propedia_formatted/propedia_5whh_B/propedia_5whh_B_peptide.pdb,propedia_long
propedia_5odt_B,/home/igem/unknown_software/datasets/propedia_formatted/propedia_5odt_B/propedia_5odt_B_protein_pocket.pdb,/home/igem/unknown_software/datasets/propedia_formatted/propedia_5odt_B/propedia_5odt_B_peptide.pdb,propedia_long
propedia_3kuj_B,/home/igem/unknown_software/datasets/propedia_formatted/propedia_3kuj_B/propedia_3kuj_B_protein_pocket.pdb,/home/igem/unknown_software/datasets/propedia_formatted/propedia_3kuj_B/propedia_3kuj_B_peptide.pdb,propedia_long
propedia_3rf3_C,/home/igem/unknown_software/datasets/propedia_formatted/propedia_3rf3_C/propedia_3rf3_C_protein_pocket.pdb,/home/igem/unknown_software/datasets/propedia_formatted/propedia_3rf3_C/propedia_3rf3_C_peptide.pdb,propedia_long
propedia_6j4p_B,/home/igem/unknown_software/datasets/propedia_formatted/propedia_6j4p_B/propedia_6j4p_B_protein_pocket.pdb,/home/igem/unknown_software/datasets/propedia_formatted/propedia_6j4p_B/propedia_6j4p_B_peptide.pdb,propedia_long
propedia_1mkw_L,/home/igem/unknown_software/datasets/propedia_formatted/propedia_1mkw_L/propedia_1mkw_L_protein_pocket.pdb,/home/igem/unknown_software/datasets/propedia_formatted/propedia_1mkw_L/propedia_1mkw_L_peptide.pdb,propedia_long
propedia_3gz1_P,/home/igem/unknown_software/datasets/propedia_formatted/propedia_3gz1_P/propedia_3gz1_P_protein_pocket.pdb,/home/igem/unknown_software/datasets/propedia_formatted/propedia_3gz1_P/propedia_3gz1_P_peptide.pdb,propedia_long
propedia_2fot_C,/home/igem/unknown_software/datasets/propedia_formatted/propedia_2fot_C/propedia_2fot_C_protein_pocket.pdb,/home/igem/unknown_software/datasets/propedia_formatted/propedia_2fot_C/propedia_2fot_C_peptide.pdb,propedia_long
propedia_2i5y_M,/home/igem/unknown_software/datasets/propedia_formatted/propedia_2i5y_M/propedia_2i5y_M_protein_pocket.pdb,/home/igem/unknown_software/datasets/propedia_formatted/propedia_2i5y_M/propedia_2i5y_M_peptide.pdb,propedia_long
propedia_3nmx_D,/home/igem/unknown_software/datasets/propedia_formatted/propedia_3nmx_D/propedia_3nmx_D_protein_pocket.pdb,/home/igem/unknown_software/datasets/propedia_formatted/propedia_3nmx_D/propedia_3nmx_D_peptide.pdb,propedia_long
propedia_5fmk_B,/home/igem/unknown_software/datasets/propedia_formatted/propedia_5fmk_B/propedia_5fmk_B_protein_pocket.pdb,/home/igem/unknown_software/datasets/propedia_formatted/propedia_5fmk_B/propedia_5fmk_B_peptide.pdb,propedia_long
propedia_6gec_L,/home/igem/unknown_software/datasets/propedia_formatted/propedia_6gec_L/propedia_6gec_L_protein_pocket.pdb,/home/igem/unknown_software/datasets/propedia_formatted/propedia_6gec_L/propedia_6gec_L_peptide.pdb,propedia_long
7r7y,/home/igem/unknown_software/datasets/RefPepDB-RecentSet/7r7y/7r7y_protein_pocket.pdb,/home/igem/unknown_software/datasets/RefPepDB-RecentSet/7r7y/7r7y_peptide.pdb,recentset_replay
propedia_1hxz_C,/home/igem/unknown_software/datasets/propedia_formatted/propedia_1hxz_C/propedia_1hxz_C_protein_pocket.pdb,/home/igem/unknown_software/datasets/propedia_formatted/propedia_1hxz_C/propedia_1hxz_C_peptide.pdb,propedia_long
propedia_2q7j_B,/home/igem/unknown_software/datasets/propedia_formatted/propedia_2q7j_B/propedia_2q7j_B_protein_pocket.pdb,/home/igem/unknown_software/datasets/propedia_formatted/propedia_2q7j_B/propedia_2q7j_B_peptide.pdb,propedia_long
propedia_2bcx_B,/home/igem/unknown_software/datasets/propedia_formatted/propedia_2bcx_B/propedia_2bcx_B_protein_pocket.pdb,/home/igem/unknown_software/datasets/propedia_formatted/propedia_2bcx_B/propedia_2bcx_B_peptide.pdb,propedia_long
propedia_4ib5_D,/home/igem/unknown_software/datasets/propedia_formatted/propedia_4ib5_D/propedia_4ib5_D_protein_pocket.pdb,/home/igem/unknown_software/datasets/propedia_formatted/propedia_4ib5_D/propedia_4ib5_D_peptide.pdb,propedia_long
propedia_6fbk_P,/home/igem/unknown_software/datasets/propedia_formatted/propedia_6fbk_P/propedia_6fbk_P_protein_pocket.pdb,/home/igem/unknown_software/datasets/propedia_formatted/propedia_6fbk_P/propedia_6fbk_P_peptide.pdb,propedia_long
propedia_5ky7_B,/home/igem/unknown_software/datasets/propedia_formatted/propedia_5ky7_B/propedia_5ky7_B_protein_pocket.pdb,/home/igem/unknown_software/datasets/propedia_formatted/propedia_5ky7_B/propedia_5ky7_B_peptide.pdb,propedia_long
propedia_6n5w_A,/home/igem/unknown_software/datasets/propedia_formatted/propedia_6n5w_A/propedia_6n5w_A_protein_pocket.pdb,/home/igem/unknown_software/datasets/propedia_formatted/propedia_6n5w_A/propedia_6n5w_A_peptide.pdb,propedia_long
propedia_2mtp_B,/home/igem/unknown_software/datasets/propedia_formatted/propedia_2mtp_B/propedia_2mtp_B_protein_pocket.pdb,/home/igem/unknown_software/datasets/propedia_formatted/propedia_2mtp_B/propedia_2mtp_B_peptide.pdb,propedia_long
propedia_5eyk_C,/home/igem/unknown_software/datasets/propedia_formatted/propedia_5eyk_C/propedia_5eyk_C_protein_pocket.pdb,/home/igem/unknown_software/datasets/propedia_formatted/propedia_5eyk_C/propedia_5eyk_C_peptide.pdb,propedia_long
propedia_2jm6_A,/home/igem/unknown_software/datasets/propedia_formatted/propedia_2jm6_A/propedia_2jm6_A_protein_pocket.pdb,/home/igem/unknown_software/datasets/propedia_formatted/propedia_2jm6_A/propedia_2jm6_A_peptide.pdb,propedia_long
propedia_5z08_D,/home/igem/unknown_software/datasets/propedia_formatted/propedia_5z08_D/propedia_5z08_D_protein_pocket.pdb,/home/igem/unknown_software/datasets/propedia_formatted/propedia_5z08_D/propedia_5z08_D_peptide.pdb,propedia_long
propedia_5ajp_B,/home/igem/unknown_software/datasets/propedia_formatted/propedia_5ajp_B/propedia_5ajp_B_protein_pocket.pdb,/home/igem/unknown_software/datasets/propedia_formatted/propedia_5ajp_B/propedia_5ajp_B_peptide.pdb,propedia_long
propedia_6nnv_I,/home/igem/unknown_software/datasets/propedia_formatted/propedia_6nnv_I/propedia_6nnv_I_protein_pocket.pdb,/home/igem/unknown_software/datasets/propedia_formatted/propedia_6nnv_I/propedia_6nnv_I_peptide.pdb,propedia_long
8fuc,/home/igem/unknown_software/datasets/RefPepDB-RecentSet/8fuc/8fuc_protein_pocket.pdb,/home/igem/unknown_software/datasets/RefPepDB-RecentSet/8fuc/8fuc_peptide.pdb,recentset_replay
propedia_4e18_B,/home/igem/unknown_software/datasets/propedia_formatted/propedia_4e18_B/propedia_4e18_B_protein_pocket.pdb,/home/igem/unknown_software/datasets/propedia_formatted/propedia_4e18_B/propedia_4e18_B_peptide.pdb,propedia_long
7em9,/home/igem/unknown_software/datasets/RefPepDB-RecentSet/7em9/7em9_protein_pocket.pdb,/home/igem/unknown_software/datasets/RefPepDB-RecentSet/7em9/7em9_peptide.pdb,recentset_replay
propedia_6f4u_D,/home/igem/unknown_software/datasets/propedia_formatted/propedia_6f4u_D/propedia_6f4u_D_protein_pocket.pdb,/home/igem/unknown_software/datasets/propedia_formatted/propedia_6f4u_D/propedia_6f4u_D_peptide.pdb,propedia_long
propedia_4d7z_A,/home/igem/unknown_software/datasets/propedia_formatted/propedia_4d7z_A/propedia_4d7z_A_protein_pocket.pdb,/home/igem/unknown_software/datasets/propedia_formatted/propedia_4d7z_A/propedia_4d7z_A_peptide.pdb,propedia_long
propedia_2pqk_B,/home/igem/unknown_software/datasets/propedia_formatted/propedia_2pqk_B/propedia_2pqk_B_protein_pocket.pdb,/home/igem/unknown_software/datasets/propedia_formatted/propedia_2pqk_B/propedia_2pqk_B_peptide.pdb,propedia_long
propedia_6biy_C,/home/igem/unknown_software/datasets/propedia_formatted/propedia_6biy_C/propedia_6biy_C_protein_pocket.pdb,/home/igem/unknown_software/datasets/propedia_formatted/propedia_6biy_C/propedia_6biy_C_peptide.pdb,propedia_long
propedia_3vfu_C,/home/igem/unknown_software/datasets/propedia_formatted/propedia_3vfu_C/propedia_3vfu_C_protein_pocket.pdb,/home/igem/unknown_software/datasets/propedia_formatted/propedia_3vfu_C/propedia_3vfu_C_peptide.pdb,propedia_long
propedia_4xoe_B,/home/igem/unknown_software/datasets/propedia_formatted/propedia_4xoe_B/propedia_4xoe_B_protein_pocket.pdb,/home/igem/unknown_software/datasets/propedia_formatted/propedia_4xoe_B/propedia_4xoe_B_peptide.pdb,propedia_long
propedia_3mnw_P,/home/igem/unknown_software/datasets/propedia_formatted/propedia_3mnw_P/propedia_3mnw_P_protein_pocket.pdb,/home/igem/unknown_software/datasets/propedia_formatted/propedia_3mnw_P/propedia_3mnw_P_peptide.pdb,propedia_long
8bft,/home/igem/unknown_software/datasets/RefPepDB-RecentSet/8bft/8bft_protein_pocket.pdb,/home/igem/unknown_software/datasets/RefPepDB-RecentSet/8bft/8bft_peptide.pdb,recentset_replay
propedia_2z34_C,/home/igem/unknown_software/datasets/propedia_formatted/propedia_2z34_C/propedia_2z34_C_protein_pocket.pdb,/home/igem/unknown_software/datasets/propedia_formatted/propedia_2z34_C/propedia_2z34_C_peptide.pdb,propedia_long
propedia_2fom_A,/home/igem/unknown_software/datasets/propedia_formatted/propedia_2fom_A/propedia_2fom_A_protein_pocket.pdb,/home/igem/unknown_software/datasets/propedia_formatted/propedia_2fom_A/propedia_2fom_A_peptide.pdb,propedia_long
propedia_5jpo_E,/home/igem/unknown_software/datasets/propedia_formatted/propedia_5jpo_E/propedia_5jpo_E_protein_pocket.pdb,/home/igem/unknown_software/datasets/propedia_formatted/propedia_5jpo_E/propedia_5jpo_E_peptide.pdb,propedia_long
propedia_3d7v_B,/home/igem/unknown_software/datasets/propedia_formatted/propedia_3d7v_B/propedia_3d7v_B_protein_pocket.pdb,/home/igem/unknown_software/datasets/propedia_formatted/propedia_3d7v_B/propedia_3d7v_B_peptide.pdb,propedia_long
propedia_3vuw_E,/home/igem/unknown_software/datasets/propedia_formatted/propedia_3vuw_E/propedia_3vuw_E_protein_pocket.pdb,/home/igem/unknown_software/datasets/propedia_formatted/propedia_3vuw_E/propedia_3vuw_E_peptide.pdb,propedia_long
propedia_1sje_C,/home/igem/unknown_software/datasets/propedia_formatted/propedia_1sje_C/propedia_1sje_C_protein_pocket.pdb,/home/igem/unknown_software/datasets/propedia_formatted/propedia_1sje_C/propedia_1sje_C_peptide.pdb,propedia_long
propedia_5e0u_D,/home/igem/unknown_software/datasets/propedia_formatted/propedia_5e0u_D/propedia_5e0u_D_protein_pocket.pdb,/home/igem/unknown_software/datasets/propedia_formatted/propedia_5e0u_D/propedia_5e0u_D_peptide.pdb,propedia_long
propedia_4yfa_B,/home/igem/unknown_software/datasets/propedia_formatted/propedia_4yfa_B/propedia_4yfa_B_protein_pocket.pdb,/home/igem/unknown_software/datasets/propedia_formatted/propedia_4yfa_B/propedia_4yfa_B_peptide.pdb,propedia_long
propedia_1bqp_B,/home/igem/unknown_software/datasets/propedia_formatted/propedia_1bqp_B/propedia_1bqp_B_protein_pocket.pdb,/home/igem/unknown_software/datasets/propedia_formatted/propedia_1bqp_B/propedia_1bqp_B_peptide.pdb,propedia_long
propedia_2o5g_B,/home/igem/unknown_software/datasets/propedia_formatted/propedia_2o5g_B/propedia_2o5g_B_protein_pocket.pdb,/home/igem/unknown_software/datasets/propedia_formatted/propedia_2o5g_B/propedia_2o5g_B_peptide.pdb,propedia_long
propedia_6grg_A,/home/igem/unknown_software/datasets/propedia_formatted/propedia_6grg_A/propedia_6grg_A_protein_pocket.pdb,/home/igem/unknown_software/datasets/propedia_formatted/propedia_6grg_A/propedia_6grg_A_peptide.pdb,propedia_long
propedia_4jo7_B,/home/igem/unknown_software/datasets/propedia_formatted/propedia_4jo7_B/propedia_4jo7_B_protein_pocket.pdb,/home/igem/unknown_software/datasets/propedia_formatted/propedia_4jo7_B/propedia_4jo7_B_peptide.pdb,propedia_long
propedia_5lmf_C,/home/igem/unknown_software/datasets/propedia_formatted/propedia_5lmf_C/propedia_5lmf_C_protein_pocket.pdb,/home/igem/unknown_software/datasets/propedia_formatted/propedia_5lmf_C/propedia_5lmf_C_peptide.pdb,propedia_long
propedia_3c2a_P,/home/igem/unknown_software/datasets/propedia_formatted/propedia_3c2a_P/propedia_3c2a_P_protein_pocket.pdb,/home/igem/unknown_software/datasets/propedia_formatted/propedia_3c2a_P/propedia_3c2a_P_peptide.pdb,propedia_long
7f6m,/home/igem/unknown_software/datasets/RefPepDB-RecentSet/7f6m/7f6m_protein_pocket.pdb,/home/igem/unknown_software/datasets/RefPepDB-RecentSet/7f6m/7f6m_peptide.pdb,recentset_replay
propedia_5yis_C,/home/igem/unknown_software/datasets/propedia_formatted/propedia_5yis_C/propedia_5yis_C_protein_pocket.pdb,/home/igem/unknown_software/datasets/propedia_formatted/propedia_5yis_C/propedia_5yis_C_peptide.pdb,propedia_long
7p4b,/home/igem/unknown_software/datasets/RefPepDB-RecentSet/7p4b/7p4b_protein_pocket.pdb,/home/igem/unknown_software/datasets/RefPepDB-RecentSet/7p4b/7p4b_peptide.pdb,recentset_replay
propedia_6e5x_B,/home/igem/unknown_software/datasets/propedia_formatted/propedia_6e5x_B/propedia_6e5x_B_protein_pocket.pdb,/home/igem/unknown_software/datasets/propedia_formatted/propedia_6e5x_B/propedia_6e5x_B_peptide.pdb,propedia_long
propedia_3sjh_B,/home/igem/unknown_software/datasets/propedia_formatted/propedia_3sjh_B/propedia_3sjh_B_protein_pocket.pdb,/home/igem/unknown_software/datasets/propedia_formatted/propedia_3sjh_B/propedia_3sjh_B_peptide.pdb,propedia_long
propedia_2co4_B,/home/igem/unknown_software/datasets/propedia_formatted/propedia_2co4_B/propedia_2co4_B_protein_pocket.pdb,/home/igem/unknown_software/datasets/propedia_formatted/propedia_2co4_B/propedia_2co4_B_peptide.pdb,propedia_long
propedia_2m41_A,/home/igem/unknown_software/datasets/propedia_formatted/propedia_2m41_A/propedia_2m41_A_protein_pocket.pdb,/home/igem/unknown_software/datasets/propedia_formatted/propedia_2m41_A/propedia_2m41_A_peptide.pdb,propedia_long
propedia_3mqp_B,/home/igem/unknown_software/datasets/propedia_formatted/propedia_3mqp_B/propedia_3mqp_B_protein_pocket.pdb,/home/igem/unknown_software/datasets/propedia_formatted/propedia_3mqp_B/propedia_3mqp_B_peptide.pdb,propedia_long
propedia_5nvm_B,/home/igem/unknown_software/datasets/propedia_formatted/propedia_5nvm_B/propedia_5nvm_B_protein_pocket.pdb,/home/igem/unknown_software/datasets/propedia_formatted/propedia_5nvm_B/propedia_5nvm_B_peptide.pdb,propedia_long
propedia_5mvw_C,/home/igem/unknown_software/datasets/propedia_formatted/propedia_5mvw_C/propedia_5mvw_C_protein_pocket.pdb,/home/igem/unknown_software/datasets/propedia_formatted/propedia_5mvw_C/propedia_5mvw_C_peptide.pdb,propedia_long
propedia_4au2_E,/home/igem/unknown_software/datasets/propedia_formatted/propedia_4au2_E/propedia_4au2_E_protein_pocket.pdb,/home/igem/unknown_software/datasets/propedia_formatted/propedia_4au2_E/propedia_4au2_E_peptide.pdb,propedia_long
propedia_2nm1_B,/home/igem/unknown_software/datasets/propedia_formatted/propedia_2nm1_B/propedia_2nm1_B_protein_pocket.pdb,/home/igem/unknown_software/datasets/propedia_formatted/propedia_2nm1_B/propedia_2nm1_B_peptide.pdb,propedia_long
propedia_2lox_B,/home/igem/unknown_software/datasets/propedia_formatted/propedia_2lox_B/propedia_2lox_B_protein_pocket.pdb,/home/igem/unknown_software/datasets/propedia_formatted/propedia_2lox_B/propedia_2lox_B_peptide.pdb,propedia_long
propedia_2v52_M,/home/igem/unknown_software/datasets/propedia_formatted/propedia_2v52_M/propedia_2v52_M_protein_pocket.pdb,/home/igem/unknown_software/datasets/propedia_formatted/propedia_2v52_M/propedia_2v52_M_peptide.pdb,propedia_long
propedia_1zba_4,/home/igem/unknown_software/datasets/propedia_formatted/propedia_1zba_4/propedia_1zba_4_protein_pocket.pdb,/home/igem/unknown_software/datasets/propedia_formatted/propedia_1zba_4/propedia_1zba_4_peptide.pdb,propedia_long
propedia_5o45_B,/home/igem/unknown_software/datasets/propedia_formatted/propedia_5o45_B/propedia_5o45_B_protein_pocket.pdb,/home/igem/unknown_software/datasets/propedia_formatted/propedia_5o45_B/propedia_5o45_B_peptide.pdb,propedia_long
propedia_2dyo_B,/home/igem/unknown_software/datasets/propedia_formatted/propedia_2dyo_B/propedia_2dyo_B_protein_pocket.pdb,/home/igem/unknown_software/datasets/propedia_formatted/propedia_2dyo_B/propedia_2dyo_B_peptide.pdb,propedia_long
propedia_2ruk_A,/home/igem/unknown_software/datasets/propedia_formatted/propedia_2ruk_A/propedia_2ruk_A_protein_pocket.pdb,/home/igem/unknown_software/datasets/propedia_formatted/propedia_2ruk_A/propedia_2ruk_A_peptide.pdb,propedia_long
propedia_4wm7_D,/home/igem/unknown_software/datasets/propedia_formatted/propedia_4wm7_D/propedia_4wm7_D_protein_pocket.pdb,/home/igem/unknown_software/datasets/propedia_formatted/propedia_4wm7_D/propedia_4wm7_D_peptide.pdb,propedia_long
propedia_4djc_B,/home/igem/unknown_software/datasets/propedia_formatted/propedia_4djc_B/propedia_4djc_B_protein_pocket.pdb,/home/igem/unknown_software/datasets/propedia_formatted/propedia_4djc_B/propedia_4djc_B_peptide.pdb,propedia_long
7w3q,/home/igem/unknown_software/datasets/RefPepDB-RecentSet/7w3q/7w3q_protein_pocket.pdb,/home/igem/unknown_software/datasets/RefPepDB-RecentSet/7w3q/7w3q_peptide.pdb,recentset_replay
propedia_1z8j_A,/home/igem/unknown_software/datasets/propedia_formatted/propedia_1z8j_A/propedia_1z8j_A_protein_pocket.pdb,/home/igem/unknown_software/datasets/propedia_formatted/propedia_1z8j_A/propedia_1z8j_A_peptide.pdb,propedia_long
propedia_6q36_C,/home/igem/unknown_software/datasets/propedia_formatted/propedia_6q36_C/propedia_6q36_C_protein_pocket.pdb,/home/igem/unknown_software/datasets/propedia_formatted/propedia_6q36_C/propedia_6q36_C_peptide.pdb,propedia_long
propedia_3knd_B,/home/igem/unknown_software/datasets/propedia_formatted/propedia_3knd_B/propedia_3knd_B_protein_pocket.pdb,/home/igem/unknown_software/datasets/propedia_formatted/propedia_3knd_B/propedia_3knd_B_peptide.pdb,propedia_long
propedia_4aya_B,/home/igem/unknown_software/datasets/propedia_formatted/propedia_4aya_B/propedia_4aya_B_protein_pocket.pdb,/home/igem/unknown_software/datasets/propedia_formatted/propedia_4aya_B/propedia_4aya_B_peptide.pdb,propedia_long
propedia_1muj_C,/home/igem/unknown_software/datasets/propedia_formatted/propedia_1muj_C/propedia_1muj_C_protein_pocket.pdb,/home/igem/unknown_software/datasets/propedia_formatted/propedia_1muj_C/propedia_1muj_C_peptide.pdb,propedia_long
propedia_5lsf_D,/home/igem/unknown_software/datasets/propedia_formatted/propedia_5lsf_D/propedia_5lsf_D_protein_pocket.pdb,/home/igem/unknown_software/datasets/propedia_formatted/propedia_5lsf_D/propedia_5lsf_D_peptide.pdb,propedia_long
propedia_6a9x_A,/home/igem/unknown_software/datasets/propedia_formatted/propedia_6a9x_A/propedia_6a9x_A_protein_pocket.pdb,/home/igem/unknown_software/datasets/propedia_formatted/propedia_6a9x_A/propedia_6a9x_A_peptide.pdb,propedia_long
propedia_1hqq_E,/home/igem/unknown_software/datasets/propedia_formatted/propedia_1hqq_E/propedia_1hqq_E_protein_pocket.pdb,/home/igem/unknown_software/datasets/propedia_formatted/propedia_1hqq_E/propedia_1hqq_E_peptide.pdb,propedia_long
propedia_1thr_I,/home/igem/unknown_software/datasets/propedia_formatted/propedia_1thr_I/propedia_1thr_I_protein_pocket.pdb,/home/igem/unknown_software/datasets/propedia_formatted/propedia_1thr_I/propedia_1thr_I_peptide.pdb,propedia_long
propedia_5vtb_B,/home/igem/unknown_software/datasets/propedia_formatted/propedia_5vtb_B/propedia_5vtb_B_protein_pocket.pdb,/home/igem/unknown_software/datasets/propedia_formatted/propedia_5vtb_B/propedia_5vtb_B_peptide.pdb,propedia_long
8a5l,/home/igem/unknown_software/datasets/RefPepDB-RecentSet/8a5l/8a5l_protein_pocket.pdb,/home/igem/unknown_software/datasets/RefPepDB-RecentSet/8a5l/8a5l_peptide.pdb,recentset_replay
propedia_4tzo_B,/home/igem/unknown_software/datasets/propedia_formatted/propedia_4tzo_B/propedia_4tzo_B_protein_pocket.pdb,/home/igem/unknown_software/datasets/propedia_formatted/propedia_4tzo_B/propedia_4tzo_B_peptide.pdb,propedia_long
propedia_4a62_C,/home/igem/unknown_software/datasets/propedia_formatted/propedia_4a62_C/propedia_4a62_C_protein_pocket.pdb,/home/igem/unknown_software/datasets/propedia_formatted/propedia_4a62_C/propedia_4a62_C_peptide.pdb,propedia_long
propedia_1jmt_B,/home/igem/unknown_software/datasets/propedia_formatted/propedia_1jmt_B/propedia_1jmt_B_protein_pocket.pdb,/home/igem/unknown_software/datasets/propedia_formatted/propedia_1jmt_B/propedia_1jmt_B_peptide.pdb,propedia_long
propedia_3a9j_C,/home/igem/unknown_software/datasets/propedia_formatted/propedia_3a9j_C/propedia_3a9j_C_protein_pocket.pdb,/home/igem/unknown_software/datasets/propedia_formatted/propedia_3a9j_C/propedia_3a9j_C_peptide.pdb,propedia_long
propedia_2y8t_B,/home/igem/unknown_software/datasets/propedia_formatted/propedia_2y8t_B/propedia_2y8t_B_protein_pocket.pdb,/home/igem/unknown_software/datasets/propedia_formatted/propedia_2y8t_B/propedia_2y8t_B_peptide.pdb,propedia_long
propedia_5nct_C,/home/igem/unknown_software/datasets/propedia_formatted/propedia_5nct_C/propedia_5nct_C_protein_pocket.pdb,/home/igem/unknown_software/datasets/propedia_formatted/propedia_5nct_C/propedia_5nct_C_peptide.pdb,propedia_long
propedia_3g5v_C,/home/igem/unknown_software/datasets/propedia_formatted/propedia_3g5v_C/propedia_3g5v_C_protein_pocket.pdb,/home/igem/unknown_software/datasets/propedia_formatted/propedia_3g5v_C/propedia_3g5v_C_peptide.pdb,propedia_long
8bbh,/home/igem/unknown_software/datasets/RefPepDB-RecentSet/8bbh/8bbh_protein_pocket.pdb,/home/igem/unknown_software/datasets/RefPepDB-RecentSet/8bbh/8bbh_peptide.pdb,recentset_replay
propedia_2v2f_A,/home/igem/unknown_software/datasets/propedia_formatted/propedia_2v2f_A/propedia_2v2f_A_protein_pocket.pdb,/home/igem/unknown_software/datasets/propedia_formatted/propedia_2v2f_A/propedia_2v2f_A_peptide.pdb,propedia_long
propedia_2j9u_B,/home/igem/unknown_software/datasets/propedia_formatted/propedia_2j9u_B/propedia_2j9u_B_protein_pocket.pdb,/home/igem/unknown_software/datasets/propedia_formatted/propedia_2j9u_B/propedia_2j9u_B_peptide.pdb,propedia_long
propedia_5zk9_B,/home/igem/unknown_software/datasets/propedia_formatted/propedia_5zk9_B/propedia_5zk9_B_protein_pocket.pdb,/home/igem/unknown_software/datasets/propedia_formatted/propedia_5zk9_B/propedia_5zk9_B_peptide.pdb,propedia_long
propedia_5w8f_B,/home/igem/unknown_software/datasets/propedia_formatted/propedia_5w8f_B/propedia_5w8f_B_protein_pocket.pdb,/home/igem/unknown_software/datasets/propedia_formatted/propedia_5w8f_B/propedia_5w8f_B_peptide.pdb,propedia_long
7x6z,/home/igem/unknown_software/datasets/RefPepDB-RecentSet/7x6z/7x6z_protein_pocket.pdb,/home/igem/unknown_software/datasets/RefPepDB-RecentSet/7x6z/7x6z_peptide.pdb,recentset_replay
propedia_3vuy_D,/home/igem/unknown_software/datasets/propedia_formatted/propedia_3vuy_D/propedia_3vuy_D_protein_pocket.pdb,/home/igem/unknown_software/datasets/propedia_formatted/propedia_3vuy_D/propedia_3vuy_D_peptide.pdb,propedia_long
propedia_5cjb_B,/home/igem/unknown_software/datasets/propedia_formatted/propedia_5cjb_B/propedia_5cjb_B_protein_pocket.pdb,/home/igem/unknown_software/datasets/propedia_formatted/propedia_5cjb_B/propedia_5cjb_B_peptide.pdb,propedia_long
propedia_5anr_C,/home/igem/unknown_software/datasets/propedia_formatted/propedia_5anr_C/propedia_5anr_C_protein_pocket.pdb,/home/igem/unknown_software/datasets/propedia_formatted/propedia_5anr_C/propedia_5anr_C_peptide.pdb,propedia_long
propedia_4g2v_B,/home/igem/unknown_software/datasets/propedia_formatted/propedia_4g2v_B/propedia_4g2v_B_protein_pocket.pdb,/home/igem/unknown_software/datasets/propedia_formatted/propedia_4g2v_B/propedia_4g2v_B_peptide.pdb,propedia_long
7trb,/home/igem/unknown_software/datasets/RefPepDB-RecentSet/7trb/7trb_protein_pocket.pdb,/home/igem/unknown_software/datasets/RefPepDB-RecentSet/7trb/7trb_peptide.pdb,recentset_replay
propedia_5nqf_B,/home/igem/unknown_software/datasets/propedia_formatted/propedia_5nqf_B/propedia_5nqf_B_protein_pocket.pdb,/home/igem/unknown_software/datasets/propedia_formatted/propedia_5nqf_B/propedia_5nqf_B_peptide.pdb,propedia_long
propedia_4z09_C,/home/igem/unknown_software/datasets/propedia_formatted/propedia_4z09_C/propedia_4z09_C_protein_pocket.pdb,/home/igem/unknown_software/datasets/propedia_formatted/propedia_4z09_C/propedia_4z09_C_peptide.pdb,propedia_long
propedia_5yqg_E,/home/igem/unknown_software/datasets/propedia_formatted/propedia_5yqg_E/propedia_5yqg_E_protein_pocket.pdb,/home/igem/unknown_software/datasets/propedia_formatted/propedia_5yqg_E/propedia_5yqg_E_peptide.pdb,propedia_long
propedia_5lcq_B,/home/igem/unknown_software/datasets/propedia_formatted/propedia_5lcq_B/propedia_5lcq_B_protein_pocket.pdb,/home/igem/unknown_software/datasets/propedia_formatted/propedia_5lcq_B/propedia_5lcq_B_peptide.pdb,propedia_long
propedia_2xby_L,/home/igem/unknown_software/datasets/propedia_formatted/propedia_2xby_L/propedia_2xby_L_protein_pocket.pdb,/home/igem/unknown_software/datasets/propedia_formatted/propedia_2xby_L/propedia_2xby_L_peptide.pdb,propedia_long
8fua,/home/igem/unknown_software/datasets/RefPepDB-RecentSet/8fua/8fua_protein_pocket.pdb,/home/igem/unknown_software/datasets/RefPepDB-RecentSet/8fua/8fua_peptide.pdb,recentset_replay
propedia_1bxl_B,/home/igem/unknown_software/datasets/propedia_formatted/propedia_1bxl_B/propedia_1bxl_B_protein_pocket.pdb,/home/igem/unknown_software/datasets/propedia_formatted/propedia_1bxl_B/propedia_1bxl_B_peptide.pdb,propedia_long
propedia_5csf_C,/home/igem/unknown_software/datasets/propedia_formatted/propedia_5csf_C/propedia_5csf_C_protein_pocket.pdb,/home/igem/unknown_software/datasets/propedia_formatted/propedia_5csf_C/propedia_5csf_C_peptide.pdb,propedia_long
propedia_5jw9_A,/home/igem/unknown_software/datasets/propedia_formatted/propedia_5jw9_A/propedia_5jw9_A_protein_pocket.pdb,/home/igem/unknown_software/datasets/propedia_formatted/propedia_5jw9_A/propedia_5jw9_A_peptide.pdb,propedia_long
propedia_5m36_C,/home/igem/unknown_software/datasets/propedia_formatted/propedia_5m36_C/propedia_5m36_C_protein_pocket.pdb,/home/igem/unknown_software/datasets/propedia_formatted/propedia_5m36_C/propedia_5m36_C_peptide.pdb,propedia_long
propedia_2flu_P,/home/igem/unknown_software/datasets/propedia_formatted/propedia_2flu_P/propedia_2flu_P_protein_pocket.pdb,/home/igem/unknown_software/datasets/propedia_formatted/propedia_2flu_P/propedia_2flu_P_peptide.pdb,propedia_long
7mj6,/home/igem/unknown_software/datasets/RefPepDB-RecentSet/7mj6/7mj6_protein_pocket.pdb,/home/igem/unknown_software/datasets/RefPepDB-RecentSet/7mj6/7mj6_peptide.pdb,recentset_replay
7tt8,/home/igem/unknown_software/datasets/RefPepDB-RecentSet/7tt8/7tt8_protein_pocket.pdb,/home/igem/unknown_software/datasets/RefPepDB-RecentSet/7tt8/7tt8_peptide.pdb,recentset_replay
propedia_2rqh_A,/home/igem/unknown_software/datasets/propedia_formatted/propedia_2rqh_A/propedia_2rqh_A_protein_pocket.pdb,/home/igem/unknown_software/datasets/propedia_formatted/propedia_2rqh_A/propedia_2rqh_A_peptide.pdb,propedia_long
7pc8,/home/igem/unknown_software/datasets/RefPepDB-RecentSet/7pc8/7pc8_protein_pocket.pdb,/home/igem/unknown_software/datasets/RefPepDB-RecentSet/7pc8/7pc8_peptide.pdb,recentset_replay
propedia_6fbx_B,/home/igem/unknown_software/datasets/propedia_formatted/propedia_6fbx_B/propedia_6fbx_B_protein_pocket.pdb,/home/igem/unknown_software/datasets/propedia_formatted/propedia_6fbx_B/propedia_6fbx_B_peptide.pdb,propedia_long
propedia_5wvo_D,/home/igem/unknown_software/datasets/propedia_formatted/propedia_5wvo_D/propedia_5wvo_D_protein_pocket.pdb,/home/igem/unknown_software/datasets/propedia_formatted/propedia_5wvo_D/propedia_5wvo_D_peptide.pdb,propedia_long
propedia_2nna_C,/home/igem/unknown_software/datasets/propedia_formatted/propedia_2nna_C/propedia_2nna_C_protein_pocket.pdb,/home/igem/unknown_software/datasets/propedia_formatted/propedia_2nna_C/propedia_2nna_C_peptide.pdb,propedia_long
propedia_1mvu_P,/home/igem/unknown_software/datasets/propedia_formatted/propedia_1mvu_P/propedia_1mvu_P_protein_pocket.pdb,/home/igem/unknown_software/datasets/propedia_formatted/propedia_1mvu_P/propedia_1mvu_P_peptide.pdb,propedia_long
propedia_4dxr_B,/home/igem/unknown_software/datasets/propedia_formatted/propedia_4dxr_B/propedia_4dxr_B_protein_pocket.pdb,/home/igem/unknown_software/datasets/propedia_formatted/propedia_4dxr_B/propedia_4dxr_B_peptide.pdb,propedia_long
propedia_1ol5_B,/home/igem/unknown_software/datasets/propedia_formatted/propedia_1ol5_B/propedia_1ol5_B_protein_pocket.pdb,/home/igem/unknown_software/datasets/propedia_formatted/propedia_1ol5_B/propedia_1ol5_B_peptide.pdb,propedia_long
7p71,/home/igem/unknown_software/datasets/RefPepDB-RecentSet/7p71/7p71_protein_pocket.pdb,/home/igem/unknown_software/datasets/RefPepDB-RecentSet/7p71/7p71_peptide.pdb,recentset_replay
propedia_1ozs_B,/home/igem/unknown_software/datasets/propedia_formatted/propedia_1ozs_B/propedia_1ozs_B_protein_pocket.pdb,/home/igem/unknown_software/datasets/propedia_formatted/propedia_1ozs_B/propedia_1ozs_B_peptide.pdb,propedia_long
propedia_6jlh_B,/home/igem/unknown_software/datasets/propedia_formatted/propedia_6jlh_B/propedia_6jlh_B_protein_pocket.pdb,/home/igem/unknown_software/datasets/propedia_formatted/propedia_6jlh_B/propedia_6jlh_B_peptide.pdb,propedia_long
7z8e,/home/igem/unknown_software/datasets/RefPepDB-RecentSet/7z8e/7z8e_protein_pocket.pdb,/home/igem/unknown_software/datasets/RefPepDB-RecentSet/7z8e/7z8e_peptide.pdb,recentset_replay
propedia_2kgb_I,/home/igem/unknown_software/datasets/propedia_formatted/propedia_2kgb_I/propedia_2kgb_I_protein_pocket.pdb,/home/igem/unknown_software/datasets/propedia_formatted/propedia_2kgb_I/propedia_2kgb_I_peptide.pdb,propedia_long
propedia_1pua_B,/home/igem/unknown_software/datasets/propedia_formatted/propedia_1pua_B/propedia_1pua_B_protein_pocket.pdb,/home/igem/unknown_software/datasets/propedia_formatted/propedia_1pua_B/propedia_1pua_B_peptide.pdb,propedia_long
propedia_2jxc_B,/home/igem/unknown_software/datasets/propedia_formatted/propedia_2jxc_B/propedia_2jxc_B_protein_pocket.pdb,/home/igem/unknown_software/datasets/propedia_formatted/propedia_2jxc_B/propedia_2jxc_B_peptide.pdb,propedia_long
propedia_4htc_L,/home/igem/unknown_software/datasets/propedia_formatted/propedia_4htc_L/propedia_4htc_L_protein_pocket.pdb,/home/igem/unknown_software/datasets/propedia_formatted/propedia_4htc_L/propedia_4htc_L_peptide.pdb,propedia_long
propedia_5ous_B,/home/igem/unknown_software/datasets/propedia_formatted/propedia_5ous_B/propedia_5ous_B_protein_pocket.pdb,/home/igem/unknown_software/datasets/propedia_formatted/propedia_5ous_B/propedia_5ous_B_peptide.pdb,propedia_long
propedia_2oq1_B,/home/igem/unknown_software/datasets/propedia_formatted/propedia_2oq1_B/propedia_2oq1_B_protein_pocket.pdb,/home/igem/unknown_software/datasets/propedia_formatted/propedia_2oq1_B/propedia_2oq1_B_peptide.pdb,propedia_long
propedia_1as4_B,/home/igem/unknown_software/datasets/propedia_formatted/propedia_1as4_B/propedia_1as4_B_protein_pocket.pdb,/home/igem/unknown_software/datasets/propedia_formatted/propedia_1as4_B/propedia_1as4_B_peptide.pdb,propedia_long
propedia_3sl9_C,/home/igem/unknown_software/datasets/propedia_formatted/propedia_3sl9_C/propedia_3sl9_C_protein_pocket.pdb,/home/igem/unknown_software/datasets/propedia_formatted/propedia_3sl9_C/propedia_3sl9_C_peptide.pdb,propedia_long
propedia_6rma_B,/home/igem/unknown_software/datasets/propedia_formatted/propedia_6rma_B/propedia_6rma_B_protein_pocket.pdb,/home/igem/unknown_software/datasets/propedia_formatted/propedia_6rma_B/propedia_6rma_B_peptide.pdb,propedia_long
propedia_6t2f_B,/home/igem/unknown_software/datasets/propedia_formatted/propedia_6t2f_B/propedia_6t2f_B_protein_pocket.pdb,/home/igem/unknown_software/datasets/propedia_formatted/propedia_6t2f_B/propedia_6t2f_B_peptide.pdb,propedia_long
7ett,/home/igem/unknown_software/datasets/RefPepDB-RecentSet/7ett/7ett_protein_pocket.pdb,/home/igem/unknown_software/datasets/RefPepDB-RecentSet/7ett/7ett_peptide.pdb,recentset_replay
propedia_2kdu_B,/home/igem/unknown_software/datasets/propedia_formatted/propedia_2kdu_B/propedia_2kdu_B_protein_pocket.pdb,/home/igem/unknown_software/datasets/propedia_formatted/propedia_2kdu_B/propedia_2kdu_B_peptide.pdb,propedia_long
propedia_4n9g_C,/home/igem/unknown_software/datasets/propedia_formatted/propedia_4n9g_C/propedia_4n9g_C_protein_pocket.pdb,/home/igem/unknown_software/datasets/propedia_formatted/propedia_4n9g_C/propedia_4n9g_C_peptide.pdb,propedia_long
propedia_5v3g_G,/home/igem/unknown_software/datasets/propedia_formatted/propedia_5v3g_G/propedia_5v3g_G_protein_pocket.pdb,/home/igem/unknown_software/datasets/propedia_formatted/propedia_5v3g_G/propedia_5v3g_G_peptide.pdb,propedia_long
propedia_4ue9_B,/home/igem/unknown_software/datasets/propedia_formatted/propedia_4ue9_B/propedia_4ue9_B_protein_pocket.pdb,/home/igem/unknown_software/datasets/propedia_formatted/propedia_4ue9_B/propedia_4ue9_B_peptide.pdb,propedia_long
propedia_4lx3_B,/home/igem/unknown_software/datasets/propedia_formatted/propedia_4lx3_B/propedia_4lx3_B_protein_pocket.pdb,/home/igem/unknown_software/datasets/propedia_formatted/propedia_4lx3_B/propedia_4lx3_B_peptide.pdb,propedia_long
propedia_5ky3_B,/home/igem/unknown_software/datasets/propedia_formatted/propedia_5ky3_B/propedia_5ky3_B_protein_pocket.pdb,/home/igem/unknown_software/datasets/propedia_formatted/propedia_5ky3_B/propedia_5ky3_B_peptide.pdb,propedia_long
propedia_1qfn_B,/home/igem/unknown_software/datasets/propedia_formatted/propedia_1qfn_B/propedia_1qfn_B_protein_pocket.pdb,/home/igem/unknown_software/datasets/propedia_formatted/propedia_1qfn_B/propedia_1qfn_B_peptide.pdb,propedia_long
7rm3,/home/igem/unknown_software/datasets/RefPepDB-RecentSet/7rm3/7rm3_protein_pocket.pdb,/home/igem/unknown_software/datasets/RefPepDB-RecentSet/7rm3/7rm3_peptide.pdb,recentset_replay
7ejn,/home/igem/unknown_software/datasets/RefPepDB-RecentSet/7ejn/7ejn_protein_pocket.pdb,/home/igem/unknown_software/datasets/RefPepDB-RecentSet/7ejn/7ejn_peptide.pdb,recentset_replay
propedia_2rky_B,/home/igem/unknown_software/datasets/propedia_formatted/propedia_2rky_B/propedia_2rky_B_protein_pocket.pdb,/home/igem/unknown_software/datasets/propedia_formatted/propedia_2rky_B/propedia_2rky_B_peptide.pdb,propedia_long
propedia_1hc9_C,/home/igem/unknown_software/datasets/propedia_formatted/propedia_1hc9_C/propedia_1hc9_C_protein_pocket.pdb,/home/igem/unknown_software/datasets/propedia_formatted/propedia_1hc9_C/propedia_1hc9_C_peptide.pdb,propedia_long
propedia_1jgn_B,/home/igem/unknown_software/datasets/propedia_formatted/propedia_1jgn_B/propedia_1jgn_B_protein_pocket.pdb,/home/igem/unknown_software/datasets/propedia_formatted/propedia_1jgn_B/propedia_1jgn_B_peptide.pdb,propedia_long
propedia_5fcg_C,/home/igem/unknown_software/datasets/propedia_formatted/propedia_5fcg_C/propedia_5fcg_C_protein_pocket.pdb,/home/igem/unknown_software/datasets/propedia_formatted/propedia_5fcg_C/propedia_5fcg_C_peptide.pdb,propedia_long
propedia_4k0u_B,/home/igem/unknown_software/datasets/propedia_formatted/propedia_4k0u_B/propedia_4k0u_B_protein_pocket.pdb,/home/igem/unknown_software/datasets/propedia_formatted/propedia_4k0u_B/propedia_4k0u_B_peptide.pdb,propedia_long
propedia_3lm1_B,/home/igem/unknown_software/datasets/propedia_formatted/propedia_3lm1_B/propedia_3lm1_B_protein_pocket.pdb,/home/igem/unknown_software/datasets/propedia_formatted/propedia_3lm1_B/propedia_3lm1_B_peptide.pdb,propedia_long
propedia_5l0s_B,/home/igem/unknown_software/datasets/propedia_formatted/propedia_5l0s_B/propedia_5l0s_B_protein_pocket.pdb,/home/igem/unknown_software/datasets/propedia_formatted/propedia_5l0s_B/propedia_5l0s_B_peptide.pdb,propedia_long
propedia_3hry_C,/home/igem/unknown_software/datasets/propedia_formatted/propedia_3hry_C/propedia_3hry_C_protein_pocket.pdb,/home/igem/unknown_software/datasets/propedia_formatted/propedia_3hry_C/propedia_3hry_C_peptide.pdb,propedia_long
propedia_5ixf_B,/home/igem/unknown_software/datasets/propedia_formatted/propedia_5ixf_B/propedia_5ixf_B_protein_pocket.pdb,/home/igem/unknown_software/datasets/propedia_formatted/propedia_5ixf_B/propedia_5ixf_B_peptide.pdb,propedia_long
propedia_2yle_B,/home/igem/unknown_software/datasets/propedia_formatted/propedia_2yle_B/propedia_2yle_B_protein_pocket.pdb,/home/igem/unknown_software/datasets/propedia_formatted/propedia_2yle_B/propedia_2yle_B_peptide.pdb,propedia_long
propedia_5nxq_D,/home/igem/unknown_software/datasets/propedia_formatted/propedia_5nxq_D/propedia_5nxq_D_protein_pocket.pdb,/home/igem/unknown_software/datasets/propedia_formatted/propedia_5nxq_D/propedia_5nxq_D_peptide.pdb,propedia_long
7mgv,/home/igem/unknown_software/datasets/RefPepDB-RecentSet/7mgv/7mgv_protein_pocket.pdb,/home/igem/unknown_software/datasets/RefPepDB-RecentSet/7mgv/7mgv_peptide.pdb,recentset_replay
propedia_4aoq_D,/home/igem/unknown_software/datasets/propedia_formatted/propedia_4aoq_D/propedia_4aoq_D_protein_pocket.pdb,/home/igem/unknown_software/datasets/propedia_formatted/propedia_4aoq_D/propedia_4aoq_D_peptide.pdb,propedia_long
propedia_2khw_A,/home/igem/unknown_software/datasets/propedia_formatted/propedia_2khw_A/propedia_2khw_A_protein_pocket.pdb,/home/igem/unknown_software/datasets/propedia_formatted/propedia_2khw_A/propedia_2khw_A_peptide.pdb,propedia_long
propedia_2vqe_U,/home/igem/unknown_software/datasets/propedia_formatted/propedia_2vqe_U/propedia_2vqe_U_protein_pocket.pdb,/home/igem/unknown_software/datasets/propedia_formatted/propedia_2vqe_U/propedia_2vqe_U_peptide.pdb,propedia_long
propedia_2p0w_P,/home/igem/unknown_software/datasets/propedia_formatted/propedia_2p0w_P/propedia_2p0w_P_protein_pocket.pdb,/home/igem/unknown_software/datasets/propedia_formatted/propedia_2p0w_P/propedia_2p0w_P_peptide.pdb,propedia_long
propedia_5wrv_A,/home/igem/unknown_software/datasets/propedia_formatted/propedia_5wrv_A/propedia_5wrv_A_protein_pocket.pdb,/home/igem/unknown_software/datasets/propedia_formatted/propedia_5wrv_A/propedia_5wrv_A_peptide.pdb,propedia_long
propedia_3qv1_G,/home/igem/unknown_software/datasets/propedia_formatted/propedia_3qv1_G/propedia_3qv1_G_protein_pocket.pdb,/home/igem/unknown_software/datasets/propedia_formatted/propedia_3qv1_G/propedia_3qv1_G_peptide.pdb,propedia_long
7dc6,/home/igem/unknown_software/datasets/RefPepDB-RecentSet/7dc6/7dc6_protein_pocket.pdb,/home/igem/unknown_software/datasets/RefPepDB-RecentSet/7dc6/7dc6_peptide.pdb,recentset_replay
7al2,/home/igem/unknown_software/datasets/RefPepDB-RecentSet/7al2/7al2_protein_pocket.pdb,/home/igem/unknown_software/datasets/RefPepDB-RecentSet/7al2/7al2_peptide.pdb,recentset_replay
propedia_6ex9_B,/home/igem/unknown_software/datasets/propedia_formatted/propedia_6ex9_B/propedia_6ex9_B_protein_pocket.pdb,/home/igem/unknown_software/datasets/propedia_formatted/propedia_6ex9_B/propedia_6ex9_B_peptide.pdb,propedia_long
propedia_5v6m_P,/home/igem/unknown_software/datasets/propedia_formatted/propedia_5v6m_P/propedia_5v6m_P_protein_pocket.pdb,/home/igem/unknown_software/datasets/propedia_formatted/propedia_5v6m_P/propedia_5v6m_P_peptide.pdb,propedia_long
propedia_3dvk_B,/home/igem/unknown_software/datasets/propedia_formatted/propedia_3dvk_B/propedia_3dvk_B_protein_pocket.pdb,/home/igem/unknown_software/datasets/propedia_formatted/propedia_3dvk_B/propedia_3dvk_B_peptide.pdb,propedia_long
propedia_5z7g_C,/home/igem/unknown_software/datasets/propedia_formatted/propedia_5z7g_C/propedia_5z7g_C_protein_pocket.pdb,/home/igem/unknown_software/datasets/propedia_formatted/propedia_5z7g_C/propedia_5z7g_C_peptide.pdb,propedia_long
propedia_2eq8_C,/home/igem/unknown_software/datasets/propedia_formatted/propedia_2eq8_C/propedia_2eq8_C_protein_pocket.pdb,/home/igem/unknown_software/datasets/propedia_formatted/propedia_2eq8_C/propedia_2eq8_C_peptide.pdb,propedia_long
propedia_4fbw_C,/home/igem/unknown_software/datasets/propedia_formatted/propedia_4fbw_C/propedia_4fbw_C_protein_pocket.pdb,/home/igem/unknown_software/datasets/propedia_formatted/propedia_4fbw_C/propedia_4fbw_C_peptide.pdb,propedia_long
propedia_2xyi_B,/home/igem/unknown_software/datasets/propedia_formatted/propedia_2xyi_B/propedia_2xyi_B_protein_pocket.pdb,/home/igem/unknown_software/datasets/propedia_formatted/propedia_2xyi_B/propedia_2xyi_B_peptide.pdb,propedia_long
propedia_1rbi_S,/home/igem/unknown_software/datasets/propedia_formatted/propedia_1rbi_S/propedia_1rbi_S_protein_pocket.pdb,/home/igem/unknown_software/datasets/propedia_formatted/propedia_1rbi_S/propedia_1rbi_S_peptide.pdb,propedia_long
propedia_5i22_B,/home/igem/unknown_software/datasets/propedia_formatted/propedia_5i22_B/propedia_5i22_B_protein_pocket.pdb,/home/igem/unknown_software/datasets/propedia_formatted/propedia_5i22_B/propedia_5i22_B_peptide.pdb,propedia_long
propedia_6mbc_B,/home/igem/unknown_software/datasets/propedia_formatted/propedia_6mbc_B/propedia_6mbc_B_protein_pocket.pdb,/home/igem/unknown_software/datasets/propedia_formatted/propedia_6mbc_B/propedia_6mbc_B_peptide.pdb,propedia_long
propedia_1xtc_C,/home/igem/unknown_software/datasets/propedia_formatted/propedia_1xtc_C/propedia_1xtc_C_protein_pocket.pdb,/home/igem/unknown_software/datasets/propedia_formatted/propedia_1xtc_C/propedia_1xtc_C_peptide.pdb,propedia_long
propedia_2mv7_B,/home/igem/unknown_software/datasets/propedia_formatted/propedia_2mv7_B/propedia_2mv7_B_protein_pocket.pdb,/home/igem/unknown_software/datasets/propedia_formatted/propedia_2mv7_B/propedia_2mv7_B_peptide.pdb,propedia_long
propedia_5wjc_B,/home/igem/unknown_software/datasets/propedia_formatted/propedia_5wjc_B/propedia_5wjc_B_protein_pocket.pdb,/home/igem/unknown_software/datasets/propedia_formatted/propedia_5wjc_B/propedia_5wjc_B_peptide.pdb,propedia_long
propedia_6ild_C,/home/igem/unknown_software/datasets/propedia_formatted/propedia_6ild_C/propedia_6ild_C_protein_pocket.pdb,/home/igem/unknown_software/datasets/propedia_formatted/propedia_6ild_C/propedia_6ild_C_peptide.pdb,propedia_long
propedia_4gly_B,/home/igem/unknown_software/datasets/propedia_formatted/propedia_4gly_B/propedia_4gly_B_protein_pocket.pdb,/home/igem/unknown_software/datasets/propedia_formatted/propedia_4gly_B/propedia_4gly_B_peptide.pdb,propedia_long
propedia_5ypo_C,/home/igem/unknown_software/datasets/propedia_formatted/propedia_5ypo_C/propedia_5ypo_C_protein_pocket.pdb,/home/igem/unknown_software/datasets/propedia_formatted/propedia_5ypo_C/propedia_5ypo_C_peptide.pdb,propedia_long
propedia_6gtv_B,/home/igem/unknown_software/datasets/propedia_formatted/propedia_6gtv_B/propedia_6gtv_B_protein_pocket.pdb,/home/igem/unknown_software/datasets/propedia_formatted/propedia_6gtv_B/propedia_6gtv_B_peptide.pdb,propedia_long
propedia_3fii_B,/home/igem/unknown_software/datasets/propedia_formatted/propedia_3fii_B/propedia_3fii_B_protein_pocket.pdb,/home/igem/unknown_software/datasets/propedia_formatted/propedia_3fii_B/propedia_3fii_B_peptide.pdb,propedia_long
propedia_5b76_B,/home/igem/unknown_software/datasets/propedia_formatted/propedia_5b76_B/propedia_5b76_B_protein_pocket.pdb,/home/igem/unknown_software/datasets/propedia_formatted/propedia_5b76_B/propedia_5b76_B_peptide.pdb,propedia_long
propedia_6e5n_A,/home/igem/unknown_software/datasets/propedia_formatted/propedia_6e5n_A/propedia_6e5n_A_protein_pocket.pdb,/home/igem/unknown_software/datasets/propedia_formatted/propedia_6e5n_A/propedia_6e5n_A_peptide.pdb,propedia_long
propedia_1ept_A,/home/igem/unknown_software/datasets/propedia_formatted/propedia_1ept_A/propedia_1ept_A_protein_pocket.pdb,/home/igem/unknown_software/datasets/propedia_formatted/propedia_1ept_A/propedia_1ept_A_peptide.pdb,propedia_long
propedia_2f31_B,/home/igem/unknown_software/datasets/propedia_formatted/propedia_2f31_B/propedia_2f31_B_protein_pocket.pdb,/home/igem/unknown_software/datasets/propedia_formatted/propedia_2f31_B/propedia_2f31_B_peptide.pdb,propedia_long
7mb9,/home/igem/unknown_software/datasets/RefPepDB-RecentSet/7mb9/7mb9_protein_pocket.pdb,/home/igem/unknown_software/datasets/RefPepDB-RecentSet/7mb9/7mb9_peptide.pdb,recentset_replay
propedia_2mbb_A,/home/igem/unknown_software/datasets/propedia_formatted/propedia_2mbb_A/propedia_2mbb_A_protein_pocket.pdb,/home/igem/unknown_software/datasets/propedia_formatted/propedia_2mbb_A/propedia_2mbb_A_peptide.pdb,propedia_long
propedia_5fg8_B,/home/igem/unknown_software/datasets/propedia_formatted/propedia_5fg8_B/propedia_5fg8_B_protein_pocket.pdb,/home/igem/unknown_software/datasets/propedia_formatted/propedia_5fg8_B/propedia_5fg8_B_peptide.pdb,propedia_long
propedia_5kxh_B,/home/igem/unknown_software/datasets/propedia_formatted/propedia_5kxh_B/propedia_5kxh_B_protein_pocket.pdb,/home/igem/unknown_software/datasets/propedia_formatted/propedia_5kxh_B/propedia_5kxh_B_peptide.pdb,propedia_long
propedia_5xbo_B,/home/igem/unknown_software/datasets/propedia_formatted/propedia_5xbo_B/propedia_5xbo_B_protein_pocket.pdb,/home/igem/unknown_software/datasets/propedia_formatted/propedia_5xbo_B/propedia_5xbo_B_peptide.pdb,propedia_long
propedia_1jou_A,/home/igem/unknown_software/datasets/propedia_formatted/propedia_1jou_A/propedia_1jou_A_protein_pocket.pdb,/home/igem/unknown_software/datasets/propedia_formatted/propedia_1jou_A/propedia_1jou_A_peptide.pdb,propedia_long
propedia_4rqi_E,/home/igem/unknown_software/datasets/propedia_formatted/propedia_4rqi_E/propedia_4rqi_E_protein_pocket.pdb,/home/igem/unknown_software/datasets/propedia_formatted/propedia_4rqi_E/propedia_4rqi_E_peptide.pdb,propedia_long
propedia_1psb_C,/home/igem/unknown_software/datasets/propedia_formatted/propedia_1psb_C/propedia_1psb_C_protein_pocket.pdb,/home/igem/unknown_software/datasets/propedia_formatted/propedia_1psb_C/propedia_1psb_C_peptide.pdb,propedia_long
propedia_2lp8_B,/home/igem/unknown_software/datasets/propedia_formatted/propedia_2lp8_B/propedia_2lp8_B_protein_pocket.pdb,/home/igem/unknown_software/datasets/propedia_formatted/propedia_2lp8_B/propedia_2lp8_B_peptide.pdb,propedia_long
propedia_2l53_B,/home/igem/unknown_software/datasets/propedia_formatted/propedia_2l53_B/propedia_2l53_B_protein_pocket.pdb,/home/igem/unknown_software/datasets/propedia_formatted/propedia_2l53_B/propedia_2l53_B_peptide.pdb,propedia_long
propedia_5a53_B,/home/igem/unknown_software/datasets/propedia_formatted/propedia_5a53_B/propedia_5a53_B_protein_pocket.pdb,/home/igem/unknown_software/datasets/propedia_formatted/propedia_5a53_B/propedia_5a53_B_peptide.pdb,propedia_long
propedia_6iua_B,/home/igem/unknown_software/datasets/propedia_formatted/propedia_6iua_B/propedia_6iua_B_protein_pocket.pdb,/home/igem/unknown_software/datasets/propedia_formatted/propedia_6iua_B/propedia_6iua_B_peptide.pdb,propedia_long
propedia_5whb_B,/home/igem/unknown_software/datasets/propedia_formatted/propedia_5whb_B/propedia_5whb_B_protein_pocket.pdb,/home/igem/unknown_software/datasets/propedia_formatted/propedia_5whb_B/propedia_5whb_B_peptide.pdb,propedia_long
propedia_4qvf_B,/home/igem/unknown_software/datasets/propedia_formatted/propedia_4qvf_B/propedia_4qvf_B_protein_pocket.pdb,/home/igem/unknown_software/datasets/propedia_formatted/propedia_4qvf_B/propedia_4qvf_B_peptide.pdb,propedia_long
propedia_4cfq_Q,/home/igem/unknown_software/datasets/propedia_formatted/propedia_4cfq_Q/propedia_4cfq_Q_protein_pocket.pdb,/home/igem/unknown_software/datasets/propedia_formatted/propedia_4cfq_Q/propedia_4cfq_Q_peptide.pdb,propedia_long
propedia_5j7j_B,/home/igem/unknown_software/datasets/propedia_formatted/propedia_5j7j_B/propedia_5j7j_B_protein_pocket.pdb,/home/igem/unknown_software/datasets/propedia_formatted/propedia_5j7j_B/propedia_5j7j_B_peptide.pdb,propedia_long
propedia_1pjm_A,/home/igem/unknown_software/datasets/propedia_formatted/propedia_1pjm_A/propedia_1pjm_A_protein_pocket.pdb,/home/igem/unknown_software/datasets/propedia_formatted/propedia_1pjm_A/propedia_1pjm_A_peptide.pdb,propedia_long
propedia_4q6s_C,/home/igem/unknown_software/datasets/propedia_formatted/propedia_4q6s_C/propedia_4q6s_C_protein_pocket.pdb,/home/igem/unknown_software/datasets/propedia_formatted/propedia_4q6s_C/propedia_4q6s_C_peptide.pdb,propedia_long
7rlx,/home/igem/unknown_software/datasets/RefPepDB-RecentSet/7rlx/7rlx_protein_pocket.pdb,/home/igem/unknown_software/datasets/RefPepDB-RecentSet/7rlx/7rlx_peptide.pdb,recentset_replay
propedia_6bj5_F,/home/igem/unknown_software/datasets/propedia_formatted/propedia_6bj5_F/propedia_6bj5_F_protein_pocket.pdb,/home/igem/unknown_software/datasets/propedia_formatted/propedia_6bj5_F/propedia_6bj5_F_peptide.pdb,propedia_long
propedia_5yip_B,/home/igem/unknown_software/datasets/propedia_formatted/propedia_5yip_B/propedia_5yip_B_protein_pocket.pdb,/home/igem/unknown_software/datasets/propedia_formatted/propedia_5yip_B/propedia_5yip_B_peptide.pdb,propedia_long
propedia_4ezv_C,/home/igem/unknown_software/datasets/propedia_formatted/propedia_4ezv_C/propedia_4ezv_C_protein_pocket.pdb,/home/igem/unknown_software/datasets/propedia_formatted/propedia_4ezv_C/propedia_4ezv_C_peptide.pdb,propedia_long
propedia_2ovh_B,/home/igem/unknown_software/datasets/propedia_formatted/propedia_2ovh_B/propedia_2ovh_B_protein_pocket.pdb,/home/igem/unknown_software/datasets/propedia_formatted/propedia_2ovh_B/propedia_2ovh_B_peptide.pdb,propedia_long
7t8r,/home/igem/unknown_software/datasets/RefPepDB-RecentSet/7t8r/7t8r_protein_pocket.pdb,/home/igem/unknown_software/datasets/RefPepDB-RecentSet/7t8r/7t8r_peptide.pdb,recentset_replay
propedia_2kwu_A,/home/igem/unknown_software/datasets/propedia_formatted/propedia_2kwu_A/propedia_2kwu_A_protein_pocket.pdb,/home/igem/unknown_software/datasets/propedia_formatted/propedia_2kwu_A/propedia_2kwu_A_peptide.pdb,propedia_long
propedia_1dpj_B,/home/igem/unknown_software/datasets/propedia_formatted/propedia_1dpj_B/propedia_1dpj_B_protein_pocket.pdb,/home/igem/unknown_software/datasets/propedia_formatted/propedia_1dpj_B/propedia_1dpj_B_peptide.pdb,propedia_long
propedia_2jz3_A,/home/igem/unknown_software/datasets/propedia_formatted/propedia_2jz3_A/propedia_2jz3_A_protein_pocket.pdb,/home/igem/unknown_software/datasets/propedia_formatted/propedia_2jz3_A/propedia_2jz3_A_peptide.pdb,propedia_long
propedia_3g7z_C,/home/igem/unknown_software/datasets/propedia_formatted/propedia_3g7z_C/propedia_3g7z_C_protein_pocket.pdb,/home/igem/unknown_software/datasets/propedia_formatted/propedia_3g7z_C/propedia_3g7z_C_peptide.pdb,propedia_long
propedia_6vro_B,/home/igem/unknown_software/datasets/propedia_formatted/propedia_6vro_B/propedia_6vro_B_protein_pocket.pdb,/home/igem/unknown_software/datasets/propedia_formatted/propedia_6vro_B/propedia_6vro_B_peptide.pdb,propedia_long
propedia_2lxm_B,/home/igem/unknown_software/datasets/propedia_formatted/propedia_2lxm_B/propedia_2lxm_B_protein_pocket.pdb,/home/igem/unknown_software/datasets/propedia_formatted/propedia_2lxm_B/propedia_2lxm_B_peptide.pdb,propedia_long
propedia_4ygm_D,/home/igem/unknown_software/datasets/propedia_formatted/propedia_4ygm_D/propedia_4ygm_D_protein_pocket.pdb,/home/igem/unknown_software/datasets/propedia_formatted/propedia_4ygm_D/propedia_4ygm_D_peptide.pdb,propedia_long
propedia_5uws_D,/home/igem/unknown_software/datasets/propedia_formatted/propedia_5uws_D/propedia_5uws_D_protein_pocket.pdb,/home/igem/unknown_software/datasets/propedia_formatted/propedia_5uws_D/propedia_5uws_D_peptide.pdb,propedia_long
propedia_5d5k_B,/home/igem/unknown_software/datasets/propedia_formatted/propedia_5d5k_B/propedia_5d5k_B_protein_pocket.pdb,/home/igem/unknown_software/datasets/propedia_formatted/propedia_5d5k_B/propedia_5d5k_B_peptide.pdb,propedia_long
propedia_5yi8_B,/home/igem/unknown_software/datasets/propedia_formatted/propedia_5yi8_B/propedia_5yi8_B_protein_pocket.pdb,/home/igem/unknown_software/datasets/propedia_formatted/propedia_5yi8_B/propedia_5yi8_B_peptide.pdb,propedia_long
propedia_2n77_B,/home/igem/unknown_software/datasets/propedia_formatted/propedia_2n77_B/propedia_2n77_B_protein_pocket.pdb,/home/igem/unknown_software/datasets/propedia_formatted/propedia_2n77_B/propedia_2n77_B_peptide.pdb,propedia_long
propedia_4k1e_B,/home/igem/unknown_software/datasets/propedia_formatted/propedia_4k1e_B/propedia_4k1e_B_protein_pocket.pdb,/home/igem/unknown_software/datasets/propedia_formatted/propedia_4k1e_B/propedia_4k1e_B_peptide.pdb,propedia_long
propedia_5nqg_B,/home/igem/unknown_software/datasets/propedia_formatted/propedia_5nqg_B/propedia_5nqg_B_protein_pocket.pdb,/home/igem/unknown_software/datasets/propedia_formatted/propedia_5nqg_B/propedia_5nqg_B_peptide.pdb,propedia_long
propedia_5ubp_C,/home/igem/unknown_software/datasets/propedia_formatted/propedia_5ubp_C/propedia_5ubp_C_protein_pocket.pdb,/home/igem/unknown_software/datasets/propedia_formatted/propedia_5ubp_C/propedia_5ubp_C_peptide.pdb,propedia_long
7ta4,/home/igem/unknown_software/datasets/RefPepDB-RecentSet/7ta4/7ta4_protein_pocket.pdb,/home/igem/unknown_software/datasets/RefPepDB-RecentSet/7ta4/7ta4_peptide.pdb,recentset_replay
propedia_4o37_A,/home/igem/unknown_software/datasets/propedia_formatted/propedia_4o37_A/propedia_4o37_A_protein_pocket.pdb,/home/igem/unknown_software/datasets/propedia_formatted/propedia_4o37_A/propedia_4o37_A_peptide.pdb,propedia_long
propedia_2odg_C,/home/igem/unknown_software/datasets/propedia_formatted/propedia_2odg_C/propedia_2odg_C_protein_pocket.pdb,/home/igem/unknown_software/datasets/propedia_formatted/propedia_2odg_C/propedia_2odg_C_peptide.pdb,propedia_long
propedia_6jh9_B,/home/igem/unknown_software/datasets/propedia_formatted/propedia_6jh9_B/propedia_6jh9_B_protein_pocket.pdb,/home/igem/unknown_software/datasets/propedia_formatted/propedia_6jh9_B/propedia_6jh9_B_peptide.pdb,propedia_long
propedia_1tce_B,/home/igem/unknown_software/datasets/propedia_formatted/propedia_1tce_B/propedia_1tce_B_protein_pocket.pdb,/home/igem/unknown_software/datasets/propedia_formatted/propedia_1tce_B/propedia_1tce_B_peptide.pdb,propedia_long
7dw9,/home/igem/unknown_software/datasets/RefPepDB-RecentSet/7dw9/7dw9_protein_pocket.pdb,/home/igem/unknown_software/datasets/RefPepDB-RecentSet/7dw9/7dw9_peptide.pdb,recentset_replay
propedia_2khs_B,/home/igem/unknown_software/datasets/propedia_formatted/propedia_2khs_B/propedia_2khs_B_protein_pocket.pdb,/home/igem/unknown_software/datasets/propedia_formatted/propedia_2khs_B/propedia_2khs_B_peptide.pdb,propedia_long
propedia_1b0n_B,/home/igem/unknown_software/datasets/propedia_formatted/propedia_1b0n_B/propedia_1b0n_B_protein_pocket.pdb,/home/igem/unknown_software/datasets/propedia_formatted/propedia_1b0n_B/propedia_1b0n_B_peptide.pdb,propedia_long
propedia_3m94_C,/home/igem/unknown_software/datasets/propedia_formatted/propedia_3m94_C/propedia_3m94_C_protein_pocket.pdb,/home/igem/unknown_software/datasets/propedia_formatted/propedia_3m94_C/propedia_3m94_C_peptide.pdb,propedia_long
propedia_5ky0_B,/home/igem/unknown_software/datasets/propedia_formatted/propedia_5ky0_B/propedia_5ky0_B_protein_pocket.pdb,/home/igem/unknown_software/datasets/propedia_formatted/propedia_5ky0_B/propedia_5ky0_B_peptide.pdb,propedia_long
propedia_1r5v_E,/home/igem/unknown_software/datasets/propedia_formatted/propedia_1r5v_E/propedia_1r5v_E_protein_pocket.pdb,/home/igem/unknown_software/datasets/propedia_formatted/propedia_1r5v_E/propedia_1r5v_E_peptide.pdb,propedia_long
7wcy,/home/igem/unknown_software/datasets/RefPepDB-RecentSet/7wcy/7wcy_protein_pocket.pdb,/home/igem/unknown_software/datasets/RefPepDB-RecentSet/7wcy/7wcy_peptide.pdb,recentset_replay
propedia_3ndd_B,/home/igem/unknown_software/datasets/propedia_formatted/propedia_3ndd_B/propedia_3ndd_B_protein_pocket.pdb,/home/igem/unknown_software/datasets/propedia_formatted/propedia_3ndd_B/propedia_3ndd_B_peptide.pdb,propedia_long
propedia_4hpo_P,/home/igem/unknown_software/datasets/propedia_formatted/propedia_4hpo_P/propedia_4hpo_P_protein_pocket.pdb,/home/igem/unknown_software/datasets/propedia_formatted/propedia_4hpo_P/propedia_4hpo_P_peptide.pdb,propedia_long
7t70,/home/igem/unknown_software/datasets/RefPepDB-RecentSet/7t70/7t70_protein_pocket.pdb,/home/igem/unknown_software/datasets/RefPepDB-RecentSet/7t70/7t70_peptide.pdb,recentset_replay
propedia_2lgf_B,/home/igem/unknown_software/datasets/propedia_formatted/propedia_2lgf_B/propedia_2lgf_B_protein_pocket.pdb,/home/igem/unknown_software/datasets/propedia_formatted/propedia_2lgf_B/propedia_2lgf_B_peptide.pdb,propedia_long
propedia_3bei_A,/home/igem/unknown_software/datasets/propedia_formatted/propedia_3bei_A/propedia_3bei_A_protein_pocket.pdb,/home/igem/unknown_software/datasets/propedia_formatted/propedia_3bei_A/propedia_3bei_A_peptide.pdb,propedia_long
propedia_4wjo_B,/home/igem/unknown_software/datasets/propedia_formatted/propedia_4wjo_B/propedia_4wjo_B_protein_pocket.pdb,/home/igem/unknown_software/datasets/propedia_formatted/propedia_4wjo_B/propedia_4wjo_B_peptide.pdb,propedia_long
propedia_3lk2_T,/home/igem/unknown_software/datasets/propedia_formatted/propedia_3lk2_T/propedia_3lk2_T_protein_pocket.pdb,/home/igem/unknown_software/datasets/propedia_formatted/propedia_3lk2_T/propedia_3lk2_T_peptide.pdb,propedia_long
propedia_4f02_C,/home/igem/unknown_software/datasets/propedia_formatted/propedia_4f02_C/propedia_4f02_C_protein_pocket.pdb,/home/igem/unknown_software/datasets/propedia_formatted/propedia_4f02_C/propedia_4f02_C_peptide.pdb,propedia_long
propedia_3wsr_C,/home/igem/unknown_software/datasets/propedia_formatted/propedia_3wsr_C/propedia_3wsr_C_protein_pocket.pdb,/home/igem/unknown_software/datasets/propedia_formatted/propedia_3wsr_C/propedia_3wsr_C_peptide.pdb,propedia_long
propedia_1clv_I,/home/igem/unknown_software/datasets/propedia_formatted/propedia_1clv_I/propedia_1clv_I_protein_pocket.pdb,/home/igem/unknown_software/datasets/propedia_formatted/propedia_1clv_I/propedia_1clv_I_peptide.pdb,propedia_long
propedia_2fx9_P,/home/igem/unknown_software/datasets/propedia_formatted/propedia_2fx9_P/propedia_2fx9_P_protein_pocket.pdb,/home/igem/unknown_software/datasets/propedia_formatted/propedia_2fx9_P/propedia_2fx9_P_peptide.pdb,propedia_long
propedia_1n0w_B,/home/igem/unknown_software/datasets/propedia_formatted/propedia_1n0w_B/propedia_1n0w_B_protein_pocket.pdb,/home/igem/unknown_software/datasets/propedia_formatted/propedia_1n0w_B/propedia_1n0w_B_peptide.pdb,propedia_long
propedia_6jjw_U,/home/igem/unknown_software/datasets/propedia_formatted/propedia_6jjw_U/propedia_6jjw_U_protein_pocket.pdb,/home/igem/unknown_software/datasets/propedia_formatted/propedia_6jjw_U/propedia_6jjw_U_peptide.pdb,propedia_long
propedia_6cxg_A,/home/igem/unknown_software/datasets/propedia_formatted/propedia_6cxg_A/propedia_6cxg_A_protein_pocket.pdb,/home/igem/unknown_software/datasets/propedia_formatted/propedia_6cxg_A/propedia_6cxg_A_peptide.pdb,propedia_long
propedia_1xr0_A,/home/igem/unknown_software/datasets/propedia_formatted/propedia_1xr0_A/propedia_1xr0_A_protein_pocket.pdb,/home/igem/unknown_software/datasets/propedia_formatted/propedia_1xr0_A/propedia_1xr0_A_peptide.pdb,propedia_long
propedia_3u28_B,/home/igem/unknown_software/datasets/propedia_formatted/propedia_3u28_B/propedia_3u28_B_protein_pocket.pdb,/home/igem/unknown_software/datasets/propedia_formatted/propedia_3u28_B/propedia_3u28_B_peptide.pdb,propedia_long
propedia_6mnr_P,/home/igem/unknown_software/datasets/propedia_formatted/propedia_6mnr_P/propedia_6mnr_P_protein_pocket.pdb,/home/igem/unknown_software/datasets/propedia_formatted/propedia_6mnr_P/propedia_6mnr_P_peptide.pdb,propedia_long
propedia_4mp0_B,/home/igem/unknown_software/datasets/propedia_formatted/propedia_4mp0_B/propedia_4mp0_B_protein_pocket.pdb,/home/igem/unknown_software/datasets/propedia_formatted/propedia_4mp0_B/propedia_4mp0_B_peptide.pdb,propedia_long
propedia_6vbp_E,/home/igem/unknown_software/datasets/propedia_formatted/propedia_6vbp_E/propedia_6vbp_E_protein_pocket.pdb,/home/igem/unknown_software/datasets/propedia_formatted/propedia_6vbp_E/propedia_6vbp_E_peptide.pdb,propedia_long
propedia_1zaw_U,/home/igem/unknown_software/datasets/propedia_formatted/propedia_1zaw_U/propedia_1zaw_U_protein_pocket.pdb,/home/igem/unknown_software/datasets/propedia_formatted/propedia_1zaw_U/propedia_1zaw_U_peptide.pdb,propedia_long
propedia_2vpb_B,/home/igem/unknown_software/datasets/propedia_formatted/propedia_2vpb_B/propedia_2vpb_B_protein_pocket.pdb,/home/igem/unknown_software/datasets/propedia_formatted/propedia_2vpb_B/propedia_2vpb_B_peptide.pdb,propedia_long
propedia_2ijo_A,/home/igem/unknown_software/datasets/propedia_formatted/propedia_2ijo_A/propedia_2ijo_A_protein_pocket.pdb,/home/igem/unknown_software/datasets/propedia_formatted/propedia_2ijo_A/propedia_2ijo_A_peptide.pdb,propedia_long
propedia_1fi8_D,/home/igem/unknown_software/datasets/propedia_formatted/propedia_1fi8_D/propedia_1fi8_D_protein_pocket.pdb,/home/igem/unknown_software/datasets/propedia_formatted/propedia_1fi8_D/propedia_1fi8_D_peptide.pdb,propedia_long
propedia_2rl0_C,/home/igem/unknown_software/datasets/propedia_formatted/propedia_2rl0_C/propedia_2rl0_C_protein_pocket.pdb,/home/igem/unknown_software/datasets/propedia_formatted/propedia_2rl0_C/propedia_2rl0_C_peptide.pdb,propedia_long
propedia_5a29_B,/home/igem/unknown_software/datasets/propedia_formatted/propedia_5a29_B/propedia_5a29_B_protein_pocket.pdb,/home/igem/unknown_software/datasets/propedia_formatted/propedia_5a29_B/propedia_5a29_B_peptide.pdb,propedia_long
propedia_2hv8_F,/home/igem/unknown_software/datasets/propedia_formatted/propedia_2hv8_F/propedia_2hv8_F_protein_pocket.pdb,/home/igem/unknown_software/datasets/propedia_formatted/propedia_2hv8_F/propedia_2hv8_F_peptide.pdb,propedia_long
propedia_6nix_C,/home/igem/unknown_software/datasets/propedia_formatted/propedia_6nix_C/propedia_6nix_C_protein_pocket.pdb,/home/igem/unknown_software/datasets/propedia_formatted/propedia_6nix_C/propedia_6nix_C_peptide.pdb,propedia_long
propedia_4qae_P,/home/igem/unknown_software/datasets/propedia_formatted/propedia_4qae_P/propedia_4qae_P_protein_pocket.pdb,/home/igem/unknown_software/datasets/propedia_formatted/propedia_4qae_P/propedia_4qae_P_peptide.pdb,propedia_long
7vv4,/home/igem/unknown_software/datasets/RefPepDB-RecentSet/7vv4/7vv4_protein_pocket.pdb,/home/igem/unknown_software/datasets/RefPepDB-RecentSet/7vv4/7vv4_peptide.pdb,recentset_replay
propedia_3a1g_B,/home/igem/unknown_software/datasets/propedia_formatted/propedia_3a1g_B/propedia_3a1g_B_protein_pocket.pdb,/home/igem/unknown_software/datasets/propedia_formatted/propedia_3a1g_B/propedia_3a1g_B_peptide.pdb,propedia_long
propedia_5oxz_B,/home/igem/unknown_software/datasets/propedia_formatted/propedia_5oxz_B/propedia_5oxz_B_protein_pocket.pdb,/home/igem/unknown_software/datasets/propedia_formatted/propedia_5oxz_B/propedia_5oxz_B_peptide.pdb,propedia_long
propedia_2obh_C,/home/igem/unknown_software/datasets/propedia_formatted/propedia_2obh_C/propedia_2obh_C_protein_pocket.pdb,/home/igem/unknown_software/datasets/propedia_formatted/propedia_2obh_C/propedia_2obh_C_peptide.pdb,propedia_long
propedia_5uwq_D,/home/igem/unknown_software/datasets/propedia_formatted/propedia_5uwq_D/propedia_5uwq_D_protein_pocket.pdb,/home/igem/unknown_software/datasets/propedia_formatted/propedia_5uwq_D/propedia_5uwq_D_peptide.pdb,propedia_long
propedia_5yv5_B,/home/igem/unknown_software/datasets/propedia_formatted/propedia_5yv5_B/propedia_5yv5_B_protein_pocket.pdb,/home/igem/unknown_software/datasets/propedia_formatted/propedia_5yv5_B/propedia_5yv5_B_peptide.pdb,propedia_long
propedia_2prg_C,/home/igem/unknown_software/datasets/propedia_formatted/propedia_2prg_C/propedia_2prg_C_protein_pocket.pdb,/home/igem/unknown_software/datasets/propedia_formatted/propedia_2prg_C/propedia_2prg_C_peptide.pdb,propedia_long
propedia_5v21_B,/home/igem/unknown_software/datasets/propedia_formatted/propedia_5v21_B/propedia_5v21_B_protein_pocket.pdb,/home/igem/unknown_software/datasets/propedia_formatted/propedia_5v21_B/propedia_5v21_B_peptide.pdb,propedia_long
propedia_2mbh_B,/home/igem/unknown_software/datasets/propedia_formatted/propedia_2mbh_B/propedia_2mbh_B_protein_pocket.pdb,/home/igem/unknown_software/datasets/propedia_formatted/propedia_2mbh_B/propedia_2mbh_B_peptide.pdb,propedia_long
propedia_3zg9_A,/home/igem/unknown_software/datasets/propedia_formatted/propedia_3zg9_A/propedia_3zg9_A_protein_pocket.pdb,/home/igem/unknown_software/datasets/propedia_formatted/propedia_3zg9_A/propedia_3zg9_A_peptide.pdb,propedia_long
propedia_1an1_I,/home/igem/unknown_software/datasets/propedia_formatted/propedia_1an1_I/propedia_1an1_I_protein_pocket.pdb,/home/igem/unknown_software/datasets/propedia_formatted/propedia_1an1_I/propedia_1an1_I_peptide.pdb,propedia_long
propedia_3fp7_I,/home/igem/unknown_software/datasets/propedia_formatted/propedia_3fp7_I/propedia_3fp7_I_protein_pocket.pdb,/home/igem/unknown_software/datasets/propedia_formatted/propedia_3fp7_I/propedia_3fp7_I_peptide.pdb,propedia_long
propedia_6vdb_H,/home/igem/unknown_software/datasets/propedia_formatted/propedia_6vdb_H/propedia_6vdb_H_protein_pocket.pdb,/home/igem/unknown_software/datasets/propedia_formatted/propedia_6vdb_H/propedia_6vdb_H_peptide.pdb,propedia_long
propedia_6xwv_E,/home/igem/unknown_software/datasets/propedia_formatted/propedia_6xwv_E/propedia_6xwv_E_protein_pocket.pdb,/home/igem/unknown_software/datasets/propedia_formatted/propedia_6xwv_E/propedia_6xwv_E_peptide.pdb,propedia_long
propedia_3p8n_C,/home/igem/unknown_software/datasets/propedia_formatted/propedia_3p8n_C/propedia_3p8n_C_protein_pocket.pdb,/home/igem/unknown_software/datasets/propedia_formatted/propedia_3p8n_C/propedia_3p8n_C_peptide.pdb,propedia_long
propedia_4bah_A,/home/igem/unknown_software/datasets/propedia_formatted/propedia_4bah_A/propedia_4bah_A_protein_pocket.pdb,/home/igem/unknown_software/datasets/propedia_formatted/propedia_4bah_A/propedia_4bah_A_peptide.pdb,propedia_long
propedia_6mtp_P,/home/igem/unknown_software/datasets/propedia_formatted/propedia_6mtp_P/propedia_6mtp_P_protein_pocket.pdb,/home/igem/unknown_software/datasets/propedia_formatted/propedia_6mtp_P/propedia_6mtp_P_peptide.pdb,propedia_long
propedia_5u66_B,/home/igem/unknown_software/datasets/propedia_formatted/propedia_5u66_B/propedia_5u66_B_protein_pocket.pdb,/home/igem/unknown_software/datasets/propedia_formatted/propedia_5u66_B/propedia_5u66_B_peptide.pdb,propedia_long
propedia_6q67_B,/home/igem/unknown_software/datasets/propedia_formatted/propedia_6q67_B/propedia_6q67_B_protein_pocket.pdb,/home/igem/unknown_software/datasets/propedia_formatted/propedia_6q67_B/propedia_6q67_B_peptide.pdb,propedia_long
propedia_2ds2_A,/home/igem/unknown_software/datasets/propedia_formatted/propedia_2ds2_A/propedia_2ds2_A_protein_pocket.pdb,/home/igem/unknown_software/datasets/propedia_formatted/propedia_2ds2_A/propedia_2ds2_A_peptide.pdb,propedia_long
7klr,/home/igem/unknown_software/datasets/RefPepDB-RecentSet/7klr/7klr_protein_pocket.pdb,/home/igem/unknown_software/datasets/RefPepDB-RecentSet/7klr/7klr_peptide.pdb,recentset_replay
propedia_3iec_E,/home/igem/unknown_software/datasets/propedia_formatted/propedia_3iec_E/propedia_3iec_E_protein_pocket.pdb,/home/igem/unknown_software/datasets/propedia_formatted/propedia_3iec_E/propedia_3iec_E_peptide.pdb,propedia_long
propedia_2lp0_B,/home/igem/unknown_software/datasets/propedia_formatted/propedia_2lp0_B/propedia_2lp0_B_protein_pocket.pdb,/home/igem/unknown_software/datasets/propedia_formatted/propedia_2lp0_B/propedia_2lp0_B_peptide.pdb,propedia_long
propedia_1len_B,/home/igem/unknown_software/datasets/propedia_formatted/propedia_1len_B/propedia_1len_B_protein_pocket.pdb,/home/igem/unknown_software/datasets/propedia_formatted/propedia_1len_B/propedia_1len_B_peptide.pdb,propedia_long
7q45,/home/igem/unknown_software/datasets/RefPepDB-RecentSet/7q45/7q45_protein_pocket.pdb,/home/igem/unknown_software/datasets/RefPepDB-RecentSet/7q45/7q45_peptide.pdb,recentset_replay
propedia_5tgi_C,/home/igem/unknown_software/datasets/propedia_formatted/propedia_5tgi_C/propedia_5tgi_C_protein_pocket.pdb,/home/igem/unknown_software/datasets/propedia_formatted/propedia_5tgi_C/propedia_5tgi_C_peptide.pdb,propedia_long
propedia_6r15_B,/home/igem/unknown_software/datasets/propedia_formatted/propedia_6r15_B/propedia_6r15_B_protein_pocket.pdb,/home/igem/unknown_software/datasets/propedia_formatted/propedia_6r15_B/propedia_6r15_B_peptide.pdb,propedia_long
propedia_1t0j_C,/home/igem/unknown_software/datasets/propedia_formatted/propedia_1t0j_C/propedia_1t0j_C_protein_pocket.pdb,/home/igem/unknown_software/datasets/propedia_formatted/propedia_1t0j_C/propedia_1t0j_C_peptide.pdb,propedia_long
7rnf,/home/igem/unknown_software/datasets/RefPepDB-RecentSet/7rnf/7rnf_protein_pocket.pdb,/home/igem/unknown_software/datasets/RefPepDB-RecentSet/7rnf/7rnf_peptide.pdb,recentset_replay
8ebm,/home/igem/unknown_software/datasets/RefPepDB-RecentSet/8ebm/8ebm_protein_pocket.pdb,/home/igem/unknown_software/datasets/RefPepDB-RecentSet/8ebm/8ebm_peptide.pdb,recentset_replay
propedia_2x4y_B,/home/igem/unknown_software/datasets/propedia_formatted/propedia_2x4y_B/propedia_2x4y_B_protein_pocket.pdb,/home/igem/unknown_software/datasets/propedia_formatted/propedia_2x4y_B/propedia_2x4y_B_peptide.pdb,propedia_long
8age,/home/igem/unknown_software/datasets/RefPepDB-RecentSet/8age/8age_protein_pocket.pdb,/home/igem/unknown_software/datasets/RefPepDB-RecentSet/8age/8age_peptide.pdb,recentset_replay
propedia_5ybe_B,/home/igem/unknown_software/datasets/propedia_formatted/propedia_5ybe_B/propedia_5ybe_B_protein_pocket.pdb,/home/igem/unknown_software/datasets/propedia_formatted/propedia_5ybe_B/propedia_5ybe_B_peptide.pdb,propedia_long
propedia_6qfk_B,/home/igem/unknown_software/datasets/propedia_formatted/propedia_6qfk_B/propedia_6qfk_B_protein_pocket.pdb,/home/igem/unknown_software/datasets/propedia_formatted/propedia_6qfk_B/propedia_6qfk_B_peptide.pdb,propedia_long
propedia_3oj3_I,/home/igem/unknown_software/datasets/propedia_formatted/propedia_3oj3_I/propedia_3oj3_I_protein_pocket.pdb,/home/igem/unknown_software/datasets/propedia_formatted/propedia_3oj3_I/propedia_3oj3_I_peptide.pdb,propedia_long
propedia_6fgp_A,/home/igem/unknown_software/datasets/propedia_formatted/propedia_6fgp_A/propedia_6fgp_A_protein_pocket.pdb,/home/igem/unknown_software/datasets/propedia_formatted/propedia_6fgp_A/propedia_6fgp_A_peptide.pdb,propedia_long
propedia_6mbj_Y,/home/igem/unknown_software/datasets/propedia_formatted/propedia_6mbj_Y/propedia_6mbj_Y_protein_pocket.pdb,/home/igem/unknown_software/datasets/propedia_formatted/propedia_6mbj_Y/propedia_6mbj_Y_peptide.pdb,propedia_long
propedia_6k06_A,/home/igem/unknown_software/datasets/propedia_formatted/propedia_6k06_A/propedia_6k06_A_protein_pocket.pdb,/home/igem/unknown_software/datasets/propedia_formatted/propedia_6k06_A/propedia_6k06_A_peptide.pdb,propedia_long
propedia_1m93_A,/home/igem/unknown_software/datasets/propedia_formatted/propedia_1m93_A/propedia_1m93_A_protein_pocket.pdb,/home/igem/unknown_software/datasets/propedia_formatted/propedia_1m93_A/propedia_1m93_A_peptide.pdb,propedia_long
propedia_2b1a_P,/home/igem/unknown_software/datasets/propedia_formatted/propedia_2b1a_P/propedia_2b1a_P_protein_pocket.pdb,/home/igem/unknown_software/datasets/propedia_formatted/propedia_2b1a_P/propedia_2b1a_P_peptide.pdb,propedia_long
propedia_1uel_B,/home/igem/unknown_software/datasets/propedia_formatted/propedia_1uel_B/propedia_1uel_B_protein_pocket.pdb,/home/igem/unknown_software/datasets/propedia_formatted/propedia_1uel_B/propedia_1uel_B_peptide.pdb,propedia_long
propedia_5w89_B,/home/igem/unknown_software/datasets/propedia_formatted/propedia_5w89_B/propedia_5w89_B_protein_pocket.pdb,/home/igem/unknown_software/datasets/propedia_formatted/propedia_5w89_B/propedia_5w89_B_peptide.pdb,propedia_long
propedia_6f0g_C,/home/igem/unknown_software/datasets/propedia_formatted/propedia_6f0g_C/propedia_6f0g_C_protein_pocket.pdb,/home/igem/unknown_software/datasets/propedia_formatted/propedia_6f0g_C/propedia_6f0g_C_peptide.pdb,propedia_long
propedia_5bxv_B,/home/igem/unknown_software/datasets/propedia_formatted/propedia_5bxv_B/propedia_5bxv_B_protein_pocket.pdb,/home/igem/unknown_software/datasets/propedia_formatted/propedia_5bxv_B/propedia_5bxv_B_peptide.pdb,propedia_long
propedia_6v63_Y,/home/igem/unknown_software/datasets/propedia_formatted/propedia_6v63_Y/propedia_6v63_Y_protein_pocket.pdb,/home/igem/unknown_software/datasets/propedia_formatted/propedia_6v63_Y/propedia_6v63_Y_peptide.pdb,propedia_long
propedia_3bzv_A,/home/igem/unknown_software/datasets/propedia_formatted/propedia_3bzv_A/propedia_3bzv_A_protein_pocket.pdb,/home/igem/unknown_software/datasets/propedia_formatted/propedia_3bzv_A/propedia_3bzv_A_peptide.pdb,propedia_long
propedia_2k8f_B,/home/igem/unknown_software/datasets/propedia_formatted/propedia_2k8f_B/propedia_2k8f_B_protein_pocket.pdb,/home/igem/unknown_software/datasets/propedia_formatted/propedia_2k8f_B/propedia_2k8f_B_peptide.pdb,propedia_long
7xf3,/home/igem/unknown_software/datasets/RefPepDB-RecentSet/7xf3/7xf3_protein_pocket.pdb,/home/igem/unknown_software/datasets/RefPepDB-RecentSet/7xf3/7xf3_peptide.pdb,recentset_replay
propedia_5m9d_B,/home/igem/unknown_software/datasets/propedia_formatted/propedia_5m9d_B/propedia_5m9d_B_protein_pocket.pdb,/home/igem/unknown_software/datasets/propedia_formatted/propedia_5m9d_B/propedia_5m9d_B_peptide.pdb,propedia_long
propedia_5om6_B,/home/igem/unknown_software/datasets/propedia_formatted/propedia_5om6_B/propedia_5om6_B_protein_pocket.pdb,/home/igem/unknown_software/datasets/propedia_formatted/propedia_5om6_B/propedia_5om6_B_peptide.pdb,propedia_long
7ejm,/home/igem/unknown_software/datasets/RefPepDB-RecentSet/7ejm/7ejm_protein_pocket.pdb,/home/igem/unknown_software/datasets/RefPepDB-RecentSet/7ejm/7ejm_peptide.pdb,recentset_replay
propedia_4b7e_B,/home/igem/unknown_software/datasets/propedia_formatted/propedia_4b7e_B/propedia_4b7e_B_protein_pocket.pdb,/home/igem/unknown_software/datasets/propedia_formatted/propedia_4b7e_B/propedia_4b7e_B_peptide.pdb,propedia_long
7rng,/home/igem/unknown_software/datasets/RefPepDB-RecentSet/7rng/7rng_protein_pocket.pdb,/home/igem/unknown_software/datasets/RefPepDB-RecentSet/7rng/7rng_peptide.pdb,recentset_replay
propedia_5yca_C,/home/igem/unknown_software/datasets/propedia_formatted/propedia_5yca_C/propedia_5yca_C_protein_pocket.pdb,/home/igem/unknown_software/datasets/propedia_formatted/propedia_5yca_C/propedia_5yca_C_peptide.pdb,propedia_long
propedia_4ud7_F,/home/igem/unknown_software/datasets/propedia_formatted/propedia_4ud7_F/propedia_4ud7_F_protein_pocket.pdb,/home/igem/unknown_software/datasets/propedia_formatted/propedia_4ud7_F/propedia_4ud7_F_peptide.pdb,propedia_long
propedia_5h7g_C,/home/igem/unknown_software/datasets/propedia_formatted/propedia_5h7g_C/propedia_5h7g_C_protein_pocket.pdb,/home/igem/unknown_software/datasets/propedia_formatted/propedia_5h7g_C/propedia_5h7g_C_peptide.pdb,propedia_long
propedia_1jj2_1,/home/igem/unknown_software/datasets/propedia_formatted/propedia_1jj2_1/propedia_1jj2_1_protein_pocket.pdb,/home/igem/unknown_software/datasets/propedia_formatted/propedia_1jj2_1/propedia_1jj2_1_peptide.pdb,propedia_long
propedia_2rmx_B,/home/igem/unknown_software/datasets/propedia_formatted/propedia_2rmx_B/propedia_2rmx_B_protein_pocket.pdb,/home/igem/unknown_software/datasets/propedia_formatted/propedia_2rmx_B/propedia_2rmx_B_peptide.pdb,propedia_long
propedia_3zg7_A,/home/igem/unknown_software/datasets/propedia_formatted/propedia_3zg7_A/propedia_3zg7_A_protein_pocket.pdb,/home/igem/unknown_software/datasets/propedia_formatted/propedia_3zg7_A/propedia_3zg7_A_peptide.pdb,propedia_long
propedia_3zwz_B,/home/igem/unknown_software/datasets/propedia_formatted/propedia_3zwz_B/propedia_3zwz_B_protein_pocket.pdb,/home/igem/unknown_software/datasets/propedia_formatted/propedia_3zwz_B/propedia_3zwz_B_peptide.pdb,propedia_long
propedia_6b4e_C,/home/igem/unknown_software/datasets/propedia_formatted/propedia_6b4e_C/propedia_6b4e_C_protein_pocket.pdb,/home/igem/unknown_software/datasets/propedia_formatted/propedia_6b4e_C/propedia_6b4e_C_peptide.pdb,propedia_long
propedia_6idx_C,/home/igem/unknown_software/datasets/propedia_formatted/propedia_6idx_C/propedia_6idx_C_protein_pocket.pdb,/home/igem/unknown_software/datasets/propedia_formatted/propedia_6idx_C/propedia_6idx_C_peptide.pdb,propedia_long
propedia_4tzm_C,/home/igem/unknown_software/datasets/propedia_formatted/propedia_4tzm_C/propedia_4tzm_C_protein_pocket.pdb,/home/igem/unknown_software/datasets/propedia_formatted/propedia_4tzm_C/propedia_4tzm_C_peptide.pdb,propedia_long
propedia_5jzu_B,/home/igem/unknown_software/datasets/propedia_formatted/propedia_5jzu_B/propedia_5jzu_B_protein_pocket.pdb,/home/igem/unknown_software/datasets/propedia_formatted/propedia_5jzu_B/propedia_5jzu_B_peptide.pdb,propedia_long
propedia_5nwm_B,/home/igem/unknown_software/datasets/propedia_formatted/propedia_5nwm_B/propedia_5nwm_B_protein_pocket.pdb,/home/igem/unknown_software/datasets/propedia_formatted/propedia_5nwm_B/propedia_5nwm_B_peptide.pdb,propedia_long
propedia_3bya_B,/home/igem/unknown_software/datasets/propedia_formatted/propedia_3bya_B/propedia_3bya_B_protein_pocket.pdb,/home/igem/unknown_software/datasets/propedia_formatted/propedia_3bya_B/propedia_3bya_B_peptide.pdb,propedia_long
propedia_6qns_S,/home/igem/unknown_software/datasets/propedia_formatted/propedia_6qns_S/propedia_6qns_S_protein_pocket.pdb,/home/igem/unknown_software/datasets/propedia_formatted/propedia_6qns_S/propedia_6qns_S_peptide.pdb,propedia_long
propedia_4nut_B,/home/igem/unknown_software/datasets/propedia_formatted/propedia_4nut_B/propedia_4nut_B_protein_pocket.pdb,/home/igem/unknown_software/datasets/propedia_formatted/propedia_4nut_B/propedia_4nut_B_peptide.pdb,propedia_long
7dzm,/home/igem/unknown_software/datasets/RefPepDB-RecentSet/7dzm/7dzm_protein_pocket.pdb,/home/igem/unknown_software/datasets/RefPepDB-RecentSet/7dzm/7dzm_peptide.pdb,recentset_replay
propedia_3u9z_C,/home/igem/unknown_software/datasets/propedia_formatted/propedia_3u9z_C/propedia_3u9z_C_protein_pocket.pdb,/home/igem/unknown_software/datasets/propedia_formatted/propedia_3u9z_C/propedia_3u9z_C_peptide.pdb,propedia_long
7vmw,/home/igem/unknown_software/datasets/RefPepDB-RecentSet/7vmw/7vmw_protein_pocket.pdb,/home/igem/unknown_software/datasets/RefPepDB-RecentSet/7vmw/7vmw_peptide.pdb,recentset_replay
propedia_1fiw_L,/home/igem/unknown_software/datasets/propedia_formatted/propedia_1fiw_L/propedia_1fiw_L_protein_pocket.pdb,/home/igem/unknown_software/datasets/propedia_formatted/propedia_1fiw_L/propedia_1fiw_L_peptide.pdb,propedia_long
propedia_2ztt_B,/home/igem/unknown_software/datasets/propedia_formatted/propedia_2ztt_B/propedia_2ztt_B_protein_pocket.pdb,/home/igem/unknown_software/datasets/propedia_formatted/propedia_2ztt_B/propedia_2ztt_B_peptide.pdb,propedia_long
propedia_4v0v_B,/home/igem/unknown_software/datasets/propedia_formatted/propedia_4v0v_B/propedia_4v0v_B_protein_pocket.pdb,/home/igem/unknown_software/datasets/propedia_formatted/propedia_4v0v_B/propedia_4v0v_B_peptide.pdb,propedia_long
propedia_1a2x_B,/home/igem/unknown_software/datasets/propedia_formatted/propedia_1a2x_B/propedia_1a2x_B_protein_pocket.pdb,/home/igem/unknown_software/datasets/propedia_formatted/propedia_1a2x_B/propedia_1a2x_B_peptide.pdb,propedia_long
propedia_5fmj_B,/home/igem/unknown_software/datasets/propedia_formatted/propedia_5fmj_B/propedia_5fmj_B_protein_pocket.pdb,/home/igem/unknown_software/datasets/propedia_formatted/propedia_5fmj_B/propedia_5fmj_B_peptide.pdb,propedia_long
propedia_4bb2_B,/home/igem/unknown_software/datasets/propedia_formatted/propedia_4bb2_B/propedia_4bb2_B_protein_pocket.pdb,/home/igem/unknown_software/datasets/propedia_formatted/propedia_4bb2_B/propedia_4bb2_B_peptide.pdb,propedia_long
propedia_3s90_C,/home/igem/unknown_software/datasets/propedia_formatted/propedia_3s90_C/propedia_3s90_C_protein_pocket.pdb,/home/igem/unknown_software/datasets/propedia_formatted/propedia_3s90_C/propedia_3s90_C_peptide.pdb,propedia_long
propedia_4a1w_P,/home/igem/unknown_software/datasets/propedia_formatted/propedia_4a1w_P/propedia_4a1w_P_protein_pocket.pdb,/home/igem/unknown_software/datasets/propedia_formatted/propedia_4a1w_P/propedia_4a1w_P_peptide.pdb,propedia_long
propedia_6v4g_B,/home/igem/unknown_software/datasets/propedia_formatted/propedia_6v4g_B/propedia_6v4g_B_protein_pocket.pdb,/home/igem/unknown_software/datasets/propedia_formatted/propedia_6v4g_B/propedia_6v4g_B_peptide.pdb,propedia_long
propedia_4ajy_H,/home/igem/unknown_software/datasets/propedia_formatted/propedia_4ajy_H/propedia_4ajy_H_protein_pocket.pdb,/home/igem/unknown_software/datasets/propedia_formatted/propedia_4ajy_H/propedia_4ajy_H_peptide.pdb,propedia_long
propedia_1sjh_C,/home/igem/unknown_software/datasets/propedia_formatted/propedia_1sjh_C/propedia_1sjh_C_protein_pocket.pdb,/home/igem/unknown_software/datasets/propedia_formatted/propedia_1sjh_C/propedia_1sjh_C_peptide.pdb,propedia_long
propedia_2eq7_C,/home/igem/unknown_software/datasets/propedia_formatted/propedia_2eq7_C/propedia_2eq7_C_protein_pocket.pdb,/home/igem/unknown_software/datasets/propedia_formatted/propedia_2eq7_C/propedia_2eq7_C_peptide.pdb,propedia_long
propedia_6kzj_B,/home/igem/unknown_software/datasets/propedia_formatted/propedia_6kzj_B/propedia_6kzj_B_protein_pocket.pdb,/home/igem/unknown_software/datasets/propedia_formatted/propedia_6kzj_B/propedia_6kzj_B_peptide.pdb,propedia_long
propedia_3twr_E,/home/igem/unknown_software/datasets/propedia_formatted/propedia_3twr_E/propedia_3twr_E_protein_pocket.pdb,/home/igem/unknown_software/datasets/propedia_formatted/propedia_3twr_E/propedia_3twr_E_peptide.pdb,propedia_long
propedia_1dpu_B,/home/igem/unknown_software/datasets/propedia_formatted/propedia_1dpu_B/propedia_1dpu_B_protein_pocket.pdb,/home/igem/unknown_software/datasets/propedia_formatted/propedia_1dpu_B/propedia_1dpu_B_peptide.pdb,propedia_long
propedia_4nmx_Z,/home/igem/unknown_software/datasets/propedia_formatted/propedia_4nmx_Z/propedia_4nmx_Z_protein_pocket.pdb,/home/igem/unknown_software/datasets/propedia_formatted/propedia_4nmx_Z/propedia_4nmx_Z_peptide.pdb,propedia_long
propedia_1kdx_B,/home/igem/unknown_software/datasets/propedia_formatted/propedia_1kdx_B/propedia_1kdx_B_protein_pocket.pdb,/home/igem/unknown_software/datasets/propedia_formatted/propedia_1kdx_B/propedia_1kdx_B_peptide.pdb,propedia_long
7eca,/home/igem/unknown_software/datasets/RefPepDB-RecentSet/7eca/7eca_protein_pocket.pdb,/home/igem/unknown_software/datasets/RefPepDB-RecentSet/7eca/7eca_peptide.pdb,recentset_replay
propedia_1pzl_B,/home/igem/unknown_software/datasets/propedia_formatted/propedia_1pzl_B/propedia_1pzl_B_protein_pocket.pdb,/home/igem/unknown_software/datasets/propedia_formatted/propedia_1pzl_B/propedia_1pzl_B_peptide.pdb,propedia_long
7eu2,/home/igem/unknown_software/datasets/RefPepDB-RecentSet/7eu2/7eu2_protein_pocket.pdb,/home/igem/unknown_software/datasets/RefPepDB-RecentSet/7eu2/7eu2_peptide.pdb,recentset_replay
propedia_6hln_B,/home/igem/unknown_software/datasets/propedia_formatted/propedia_6hln_B/propedia_6hln_B_protein_pocket.pdb,/home/igem/unknown_software/datasets/propedia_formatted/propedia_6hln_B/propedia_6hln_B_peptide.pdb,propedia_long
7nmg,/home/igem/unknown_software/datasets/RefPepDB-RecentSet/7nmg/7nmg_protein_pocket.pdb,/home/igem/unknown_software/datasets/RefPepDB-RecentSet/7nmg/7nmg_peptide.pdb,recentset_replay
7mja,/home/igem/unknown_software/datasets/RefPepDB-RecentSet/7mja/7mja_protein_pocket.pdb,/home/igem/unknown_software/datasets/RefPepDB-RecentSet/7mja/7mja_peptide.pdb,recentset_replay
8d6z,/home/igem/unknown_software/datasets/RefPepDB-RecentSet/8d6z/8d6z_protein_pocket.pdb,/home/igem/unknown_software/datasets/RefPepDB-RecentSet/8d6z/8d6z_peptide.pdb,recentset_replay
7dw0,/home/igem/unknown_software/datasets/RefPepDB-RecentSet/7dw0/7dw0_protein_pocket.pdb,/home/igem/unknown_software/datasets/RefPepDB-RecentSet/7dw0/7dw0_peptide.pdb,recentset_replay
propedia_6ox1_Y,/home/igem/unknown_software/datasets/propedia_formatted/propedia_6ox1_Y/propedia_6ox1_Y_protein_pocket.pdb,/home/igem/unknown_software/datasets/propedia_formatted/propedia_6ox1_Y/propedia_6ox1_Y_peptide.pdb,propedia_long
propedia_2i3s_B,/home/igem/unknown_software/datasets/propedia_formatted/propedia_2i3s_B/propedia_2i3s_B_protein_pocket.pdb,/home/igem/unknown_software/datasets/propedia_formatted/propedia_2i3s_B/propedia_2i3s_B_peptide.pdb,propedia_long
propedia_1g9i_I,/home/igem/unknown_software/datasets/propedia_formatted/propedia_1g9i_I/propedia_1g9i_I_protein_pocket.pdb,/home/igem/unknown_software/datasets/propedia_formatted/propedia_1g9i_I/propedia_1g9i_I_peptide.pdb,propedia_long
propedia_2wuh_B,/home/igem/unknown_software/datasets/propedia_formatted/propedia_2wuh_B/propedia_2wuh_B_protein_pocket.pdb,/home/igem/unknown_software/datasets/propedia_formatted/propedia_2wuh_B/propedia_2wuh_B_peptide.pdb,propedia_long
7s4o,/home/igem/unknown_software/datasets/RefPepDB-RecentSet/7s4o/7s4o_protein_pocket.pdb,/home/igem/unknown_software/datasets/RefPepDB-RecentSet/7s4o/7s4o_peptide.pdb,recentset_replay
propedia_1o9u_B,/home/igem/unknown_software/datasets/propedia_formatted/propedia_1o9u_B/propedia_1o9u_B_protein_pocket.pdb,/home/igem/unknown_software/datasets/propedia_formatted/propedia_1o9u_B/propedia_1o9u_B_peptide.pdb,propedia_long
propedia_1lqb_D,/home/igem/unknown_software/datasets/propedia_formatted/propedia_1lqb_D/propedia_1lqb_D_protein_pocket.pdb,/home/igem/unknown_software/datasets/propedia_formatted/propedia_1lqb_D/propedia_1lqb_D_peptide.pdb,propedia_long
propedia_1j19_B,/home/igem/unknown_software/datasets/propedia_formatted/propedia_1j19_B/propedia_1j19_B_protein_pocket.pdb,/home/igem/unknown_software/datasets/propedia_formatted/propedia_1j19_B/propedia_1j19_B_peptide.pdb,propedia_long
propedia_4j7b_C,/home/igem/unknown_software/datasets/propedia_formatted/propedia_4j7b_C/propedia_4j7b_C_protein_pocket.pdb,/home/igem/unknown_software/datasets/propedia_formatted/propedia_4j7b_C/propedia_4j7b_C_peptide.pdb,propedia_long
7dd1,/home/igem/unknown_software/datasets/RefPepDB-RecentSet/7dd1/7dd1_protein_pocket.pdb,/home/igem/unknown_software/datasets/RefPepDB-RecentSet/7dd1/7dd1_peptide.pdb,recentset_replay
propedia_5nl1_G,/home/igem/unknown_software/datasets/propedia_formatted/propedia_5nl1_G/propedia_5nl1_G_protein_pocket.pdb,/home/igem/unknown_software/datasets/propedia_formatted/propedia_5nl1_G/propedia_5nl1_G_peptide.pdb,propedia_long
propedia_1pd7_B,/home/igem/unknown_software/datasets/propedia_formatted/propedia_1pd7_B/propedia_1pd7_B_protein_pocket.pdb,/home/igem/unknown_software/datasets/propedia_formatted/propedia_1pd7_B/propedia_1pd7_B_peptide.pdb,propedia_long
propedia_2vut_I,/home/igem/unknown_software/datasets/propedia_formatted/propedia_2vut_I/propedia_2vut_I_protein_pocket.pdb,/home/igem/unknown_software/datasets/propedia_formatted/propedia_2vut_I/propedia_2vut_I_peptide.pdb,propedia_long
propedia_2g46_C,/home/igem/unknown_software/datasets/propedia_formatted/propedia_2g46_C/propedia_2g46_C_protein_pocket.pdb,/home/igem/unknown_software/datasets/propedia_formatted/propedia_2g46_C/propedia_2g46_C_peptide.pdb,propedia_long
propedia_6sh6_B,/home/igem/unknown_software/datasets/propedia_formatted/propedia_6sh6_B/propedia_6sh6_B_protein_pocket.pdb,/home/igem/unknown_software/datasets/propedia_formatted/propedia_6sh6_B/propedia_6sh6_B_peptide.pdb,propedia_long
propedia_5w3p_P,/home/igem/unknown_software/datasets/propedia_formatted/propedia_5w3p_P/propedia_5w3p_P_protein_pocket.pdb,/home/igem/unknown_software/datasets/propedia_formatted/propedia_5w3p_P/propedia_5w3p_P_peptide.pdb,propedia_long
propedia_6s8r_B,/home/igem/unknown_software/datasets/propedia_formatted/propedia_6s8r_B/propedia_6s8r_B_protein_pocket.pdb,/home/igem/unknown_software/datasets/propedia_formatted/propedia_6s8r_B/propedia_6s8r_B_peptide.pdb,propedia_long
propedia_4dey_B,/home/igem/unknown_software/datasets/propedia_formatted/propedia_4dey_B/propedia_4dey_B_protein_pocket.pdb,/home/igem/unknown_software/datasets/propedia_formatted/propedia_4dey_B/propedia_4dey_B_peptide.pdb,propedia_long
propedia_4u6y_P,/home/igem/unknown_software/datasets/propedia_formatted/propedia_4u6y_P/propedia_4u6y_P_protein_pocket.pdb,/home/igem/unknown_software/datasets/propedia_formatted/propedia_4u6y_P/propedia_4u6y_P_peptide.pdb,propedia_long
propedia_3zrz_C,/home/igem/unknown_software/datasets/propedia_formatted/propedia_3zrz_C/propedia_3zrz_C_protein_pocket.pdb,/home/igem/unknown_software/datasets/propedia_formatted/propedia_3zrz_C/propedia_3zrz_C_peptide.pdb,propedia_long
propedia_5v1a_B,/home/igem/unknown_software/datasets/propedia_formatted/propedia_5v1a_B/propedia_5v1a_B_protein_pocket.pdb,/home/igem/unknown_software/datasets/propedia_formatted/propedia_5v1a_B/propedia_5v1a_B_peptide.pdb,propedia_long
propedia_3mls_P,/home/igem/unknown_software/datasets/propedia_formatted/propedia_3mls_P/propedia_3mls_P_protein_pocket.pdb,/home/igem/unknown_software/datasets/propedia_formatted/propedia_3mls_P/propedia_3mls_P_peptide.pdb,propedia_long
propedia_5v8k_B,/home/igem/unknown_software/datasets/propedia_formatted/propedia_5v8k_B/propedia_5v8k_B_protein_pocket.pdb,/home/igem/unknown_software/datasets/propedia_formatted/propedia_5v8k_B/propedia_5v8k_B_peptide.pdb,propedia_long
propedia_5jto_E,/home/igem/unknown_software/datasets/propedia_formatted/propedia_5jto_E/propedia_5jto_E_protein_pocket.pdb,/home/igem/unknown_software/datasets/propedia_formatted/propedia_5jto_E/propedia_5jto_E_peptide.pdb,propedia_long
propedia_3c3o_B,/home/igem/unknown_software/datasets/propedia_formatted/propedia_3c3o_B/propedia_3c3o_B_protein_pocket.pdb,/home/igem/unknown_software/datasets/propedia_formatted/propedia_3c3o_B/propedia_3c3o_B_peptide.pdb,propedia_long
propedia_1cdl_E,/home/igem/unknown_software/datasets/propedia_formatted/propedia_1cdl_E/propedia_1cdl_E_protein_pocket.pdb,/home/igem/unknown_software/datasets/propedia_formatted/propedia_1cdl_E/propedia_1cdl_E_peptide.pdb,propedia_long
propedia_2v6x_B,/home/igem/unknown_software/datasets/propedia_formatted/propedia_2v6x_B/propedia_2v6x_B_protein_pocket.pdb,/home/igem/unknown_software/datasets/propedia_formatted/propedia_2v6x_B/propedia_2v6x_B_peptide.pdb,propedia_long
7oxe,/home/igem/unknown_software/datasets/RefPepDB-RecentSet/7oxe/7oxe_protein_pocket.pdb,/home/igem/unknown_software/datasets/RefPepDB-RecentSet/7oxe/7oxe_peptide.pdb,recentset_replay
propedia_6hgn_B,/home/igem/unknown_software/datasets/propedia_formatted/propedia_6hgn_B/propedia_6hgn_B_protein_pocket.pdb,/home/igem/unknown_software/datasets/propedia_formatted/propedia_6hgn_B/propedia_6hgn_B_peptide.pdb,propedia_long
7oju,/home/igem/unknown_software/datasets/RefPepDB-RecentSet/7oju/7oju_protein_pocket.pdb,/home/igem/unknown_software/datasets/RefPepDB-RecentSet/7oju/7oju_peptide.pdb,recentset_replay
propedia_3d36_C,/home/igem/unknown_software/datasets/propedia_formatted/propedia_3d36_C/propedia_3d36_C_protein_pocket.pdb,/home/igem/unknown_software/datasets/propedia_formatted/propedia_3d36_C/propedia_3d36_C_peptide.pdb,propedia_long
7e2e,/home/igem/unknown_software/datasets/RefPepDB-RecentSet/7e2e/7e2e_protein_pocket.pdb,/home/igem/unknown_software/datasets/RefPepDB-RecentSet/7e2e/7e2e_peptide.pdb,recentset_replay
propedia_2jgb_B,/home/igem/unknown_software/datasets/propedia_formatted/propedia_2jgb_B/propedia_2jgb_B_protein_pocket.pdb,/home/igem/unknown_software/datasets/propedia_formatted/propedia_2jgb_B/propedia_2jgb_B_peptide.pdb,propedia_long
propedia_6k81_B,/home/igem/unknown_software/datasets/propedia_formatted/propedia_6k81_B/propedia_6k81_B_protein_pocket.pdb,/home/igem/unknown_software/datasets/propedia_formatted/propedia_6k81_B/propedia_6k81_B_peptide.pdb,propedia_long
propedia_1f96_C,/home/igem/unknown_software/datasets/propedia_formatted/propedia_1f96_C/propedia_1f96_C_protein_pocket.pdb,/home/igem/unknown_software/datasets/propedia_formatted/propedia_1f96_C/propedia_1f96_C_peptide.pdb,propedia_long
propedia_1nwd_B,/home/igem/unknown_software/datasets/propedia_formatted/propedia_1nwd_B/propedia_1nwd_B_protein_pocket.pdb,/home/igem/unknown_software/datasets/propedia_formatted/propedia_1nwd_B/propedia_1nwd_B_peptide.pdb,propedia_long
propedia_3fdl_B,/home/igem/unknown_software/datasets/propedia_formatted/propedia_3fdl_B/propedia_3fdl_B_protein_pocket.pdb,/home/igem/unknown_software/datasets/propedia_formatted/propedia_3fdl_B/propedia_3fdl_B_peptide.pdb,propedia_long
propedia_4pl8_H,/home/igem/unknown_software/datasets/propedia_formatted/propedia_4pl8_H/propedia_4pl8_H_protein_pocket.pdb,/home/igem/unknown_software/datasets/propedia_formatted/propedia_4pl8_H/propedia_4pl8_H_peptide.pdb,propedia_long
7ezw,/home/igem/unknown_software/datasets/RefPepDB-RecentSet/7ezw/7ezw_protein_pocket.pdb,/home/igem/unknown_software/datasets/RefPepDB-RecentSet/7ezw/7ezw_peptide.pdb,recentset_replay
propedia_4yl6_B,/home/igem/unknown_software/datasets/propedia_formatted/propedia_4yl6_B/propedia_4yl6_B_protein_pocket.pdb,/home/igem/unknown_software/datasets/propedia_formatted/propedia_4yl6_B/propedia_4yl6_B_peptide.pdb,propedia_long
propedia_3pob_B,/home/igem/unknown_software/datasets/propedia_formatted/propedia_3pob_B/propedia_3pob_B_protein_pocket.pdb,/home/igem/unknown_software/datasets/propedia_formatted/propedia_3pob_B/propedia_3pob_B_peptide.pdb,propedia_long
propedia_5bnp_D,/home/igem/unknown_software/datasets/propedia_formatted/propedia_5bnp_D/propedia_5bnp_D_protein_pocket.pdb,/home/igem/unknown_software/datasets/propedia_formatted/propedia_5bnp_D/propedia_5bnp_D_peptide.pdb,propedia_long
propedia_1onv_B,/home/igem/unknown_software/datasets/propedia_formatted/propedia_1onv_B/propedia_1onv_B_protein_pocket.pdb,/home/igem/unknown_software/datasets/propedia_formatted/propedia_1onv_B/propedia_1onv_B_peptide.pdb,propedia_long
propedia_1qg1_I,/home/igem/unknown_software/datasets/propedia_formatted/propedia_1qg1_I/propedia_1qg1_I_protein_pocket.pdb,/home/igem/unknown_software/datasets/propedia_formatted/propedia_1qg1_I/propedia_1qg1_I_peptide.pdb,propedia_long
propedia_1k7l_B,/home/igem/unknown_software/datasets/propedia_formatted/propedia_1k7l_B/propedia_1k7l_B_protein_pocket.pdb,/home/igem/unknown_software/datasets/propedia_formatted/propedia_1k7l_B/propedia_1k7l_B_peptide.pdb,propedia_long
propedia_1cqg_B,/home/igem/unknown_software/datasets/propedia_formatted/propedia_1cqg_B/propedia_1cqg_B_protein_pocket.pdb,/home/igem/unknown_software/datasets/propedia_formatted/propedia_1cqg_B/propedia_1cqg_B_peptide.pdb,propedia_long
propedia_6r2g_C,/home/igem/unknown_software/datasets/propedia_formatted/propedia_6r2g_C/propedia_6r2g_C_protein_pocket.pdb,/home/igem/unknown_software/datasets/propedia_formatted/propedia_6r2g_C/propedia_6r2g_C_peptide.pdb,propedia_long
propedia_6uyv_B,/home/igem/unknown_software/datasets/propedia_formatted/propedia_6uyv_B/propedia_6uyv_B_protein_pocket.pdb,/home/igem/unknown_software/datasets/propedia_formatted/propedia_6uyv_B/propedia_6uyv_B_peptide.pdb,propedia_long
propedia_4dzu_B,/home/igem/unknown_software/datasets/propedia_formatted/propedia_4dzu_B/propedia_4dzu_B_protein_pocket.pdb,/home/igem/unknown_software/datasets/propedia_formatted/propedia_4dzu_B/propedia_4dzu_B_peptide.pdb,propedia_long
7ejl,/home/igem/unknown_software/datasets/RefPepDB-RecentSet/7ejl/7ejl_protein_pocket.pdb,/home/igem/unknown_software/datasets/RefPepDB-RecentSet/7ejl/7ejl_peptide.pdb,recentset_replay
propedia_3zwh_Q,/home/igem/unknown_software/datasets/propedia_formatted/propedia_3zwh_Q/propedia_3zwh_Q_protein_pocket.pdb,/home/igem/unknown_software/datasets/propedia_formatted/propedia_3zwh_Q/propedia_3zwh_Q_peptide.pdb,propedia_long
propedia_3gj4_B,/home/igem/unknown_software/datasets/propedia_formatted/propedia_3gj4_B/propedia_3gj4_B_protein_pocket.pdb,/home/igem/unknown_software/datasets/propedia_formatted/propedia_3gj4_B/propedia_3gj4_B_peptide.pdb,propedia_long
propedia_1icf_B,/home/igem/unknown_software/datasets/propedia_formatted/propedia_1icf_B/propedia_1icf_B_protein_pocket.pdb,/home/igem/unknown_software/datasets/propedia_formatted/propedia_1icf_B/propedia_1icf_B_peptide.pdb,propedia_long
propedia_2wh0_Q,/home/igem/unknown_software/datasets/propedia_formatted/propedia_2wh0_Q/propedia_2wh0_Q_protein_pocket.pdb,/home/igem/unknown_software/datasets/propedia_formatted/propedia_2wh0_Q/propedia_2wh0_Q_peptide.pdb,propedia_long
propedia_5adq_B,/home/igem/unknown_software/datasets/propedia_formatted/propedia_5adq_B/propedia_5adq_B_protein_pocket.pdb,/home/igem/unknown_software/datasets/propedia_formatted/propedia_5adq_B/propedia_5adq_B_peptide.pdb,propedia_long
7olg,/home/igem/unknown_software/datasets/RefPepDB-RecentSet/7olg/7olg_protein_pocket.pdb,/home/igem/unknown_software/datasets/RefPepDB-RecentSet/7olg/7olg_peptide.pdb,recentset_replay
propedia_4bws_B,/home/igem/unknown_software/datasets/propedia_formatted/propedia_4bws_B/propedia_4bws_B_protein_pocket.pdb,/home/igem/unknown_software/datasets/propedia_formatted/propedia_4bws_B/propedia_4bws_B_peptide.pdb,propedia_long
propedia_5et1_C,/home/igem/unknown_software/datasets/propedia_formatted/propedia_5et1_C/propedia_5et1_C_protein_pocket.pdb,/home/igem/unknown_software/datasets/propedia_formatted/propedia_5et1_C/propedia_5et1_C_peptide.pdb,propedia_long
propedia_2le8_B,/home/igem/unknown_software/datasets/propedia_formatted/propedia_2le8_B/propedia_2le8_B_protein_pocket.pdb,/home/igem/unknown_software/datasets/propedia_formatted/propedia_2le8_B/propedia_2le8_B_peptide.pdb,propedia_long
propedia_6mjb_C,/home/igem/unknown_software/datasets/propedia_formatted/propedia_6mjb_C/propedia_6mjb_C_protein_pocket.pdb,/home/igem/unknown_software/datasets/propedia_formatted/propedia_6mjb_C/propedia_6mjb_C_peptide.pdb,propedia_long
propedia_6dei_C,/home/igem/unknown_software/datasets/propedia_formatted/propedia_6dei_C/propedia_6dei_C_protein_pocket.pdb,/home/igem/unknown_software/datasets/propedia_formatted/propedia_6dei_C/propedia_6dei_C_peptide.pdb,propedia_long
propedia_2fho_A,/home/igem/unknown_software/datasets/propedia_formatted/propedia_2fho_A/propedia_2fho_A_protein_pocket.pdb,/home/igem/unknown_software/datasets/propedia_formatted/propedia_2fho_A/propedia_2fho_A_peptide.pdb,propedia_long
propedia_6a3a_D,/home/igem/unknown_software/datasets/propedia_formatted/propedia_6a3a_D/propedia_6a3a_D_protein_pocket.pdb,/home/igem/unknown_software/datasets/propedia_formatted/propedia_6a3a_D/propedia_6a3a_D_peptide.pdb,propedia_long
7fgl,/home/igem/unknown_software/datasets/RefPepDB-RecentSet/7fgl/7fgl_protein_pocket.pdb,/home/igem/unknown_software/datasets/RefPepDB-RecentSet/7fgl/7fgl_peptide.pdb,recentset_replay
propedia_4z0e_C,/home/igem/unknown_software/datasets/propedia_formatted/propedia_4z0e_C/propedia_4z0e_C_protein_pocket.pdb,/home/igem/unknown_software/datasets/propedia_formatted/propedia_4z0e_C/propedia_4z0e_C_peptide.pdb,propedia_long
propedia_5hky_B,/home/igem/unknown_software/datasets/propedia_formatted/propedia_5hky_B/propedia_5hky_B_protein_pocket.pdb,/home/igem/unknown_software/datasets/propedia_formatted/propedia_5hky_B/propedia_5hky_B_peptide.pdb,propedia_long
7yxd,/home/igem/unknown_software/datasets/RefPepDB-RecentSet/7yxd/7yxd_protein_pocket.pdb,/home/igem/unknown_software/datasets/RefPepDB-RecentSet/7yxd/7yxd_peptide.pdb,recentset_replay
propedia_6uci_C,/home/igem/unknown_software/datasets/propedia_formatted/propedia_6uci_C/propedia_6uci_C_protein_pocket.pdb,/home/igem/unknown_software/datasets/propedia_formatted/propedia_6uci_C/propedia_6uci_C_peptide.pdb,propedia_long
propedia_1hle_B,/home/igem/unknown_software/datasets/propedia_formatted/propedia_1hle_B/propedia_1hle_B_protein_pocket.pdb,/home/igem/unknown_software/datasets/propedia_formatted/propedia_1hle_B/propedia_1hle_B_peptide.pdb,propedia_long
propedia_4b45_B,/home/igem/unknown_software/datasets/propedia_formatted/propedia_4b45_B/propedia_4b45_B_protein_pocket.pdb,/home/igem/unknown_software/datasets/propedia_formatted/propedia_4b45_B/propedia_4b45_B_peptide.pdb,propedia_long
propedia_2abz_D,/home/igem/unknown_software/datasets/propedia_formatted/propedia_2abz_D/propedia_2abz_D_protein_pocket.pdb,/home/igem/unknown_software/datasets/propedia_formatted/propedia_2abz_D/propedia_2abz_D_peptide.pdb,propedia_long
propedia_1jmo_L,/home/igem/unknown_software/datasets/propedia_formatted/propedia_1jmo_L/propedia_1jmo_L_protein_pocket.pdb,/home/igem/unknown_software/datasets/propedia_formatted/propedia_1jmo_L/propedia_1jmo_L_peptide.pdb,propedia_long
propedia_3mnz_P,/home/igem/unknown_software/datasets/propedia_formatted/propedia_3mnz_P/propedia_3mnz_P_protein_pocket.pdb,/home/igem/unknown_software/datasets/propedia_formatted/propedia_3mnz_P/propedia_3mnz_P_peptide.pdb,propedia_long
propedia_3zqi_C,/home/igem/unknown_software/datasets/propedia_formatted/propedia_3zqi_C/propedia_3zqi_C_protein_pocket.pdb,/home/igem/unknown_software/datasets/propedia_formatted/propedia_3zqi_C/propedia_3zqi_C_peptide.pdb,propedia_long
7uhe,/home/igem/unknown_software/datasets/RefPepDB-RecentSet/7uhe/7uhe_protein_pocket.pdb,/home/igem/unknown_software/datasets/RefPepDB-RecentSet/7uhe/7uhe_peptide.pdb,recentset_replay
propedia_2yu7_B,/home/igem/unknown_software/datasets/propedia_formatted/propedia_2yu7_B/propedia_2yu7_B_protein_pocket.pdb,/home/igem/unknown_software/datasets/propedia_formatted/propedia_2yu7_B/propedia_2yu7_B_peptide.pdb,propedia_long
propedia_2jnd_B,/home/igem/unknown_software/datasets/propedia_formatted/propedia_2jnd_B/propedia_2jnd_B_protein_pocket.pdb,/home/igem/unknown_software/datasets/propedia_formatted/propedia_2jnd_B/propedia_2jnd_B_peptide.pdb,propedia_long
propedia_2b9i_C,/home/igem/unknown_software/datasets/propedia_formatted/propedia_2b9i_C/propedia_2b9i_C_protein_pocket.pdb,/home/igem/unknown_software/datasets/propedia_formatted/propedia_2b9i_C/propedia_2b9i_C_peptide.pdb,propedia_long
propedia_1ytf_B,/home/igem/unknown_software/datasets/propedia_formatted/propedia_1ytf_B/propedia_1ytf_B_protein_pocket.pdb,/home/igem/unknown_software/datasets/propedia_formatted/propedia_1ytf_B/propedia_1ytf_B_peptide.pdb,propedia_long
propedia_2fym_B,/home/igem/unknown_software/datasets/propedia_formatted/propedia_2fym_B/propedia_2fym_B_protein_pocket.pdb,/home/igem/unknown_software/datasets/propedia_formatted/propedia_2fym_B/propedia_2fym_B_peptide.pdb,propedia_long
propedia_2vpe_B,/home/igem/unknown_software/datasets/propedia_formatted/propedia_2vpe_B/propedia_2vpe_B_protein_pocket.pdb,/home/igem/unknown_software/datasets/propedia_formatted/propedia_2vpe_B/propedia_2vpe_B_peptide.pdb,propedia_long
propedia_2lsj_B,/home/igem/unknown_software/datasets/propedia_formatted/propedia_2lsj_B/propedia_2lsj_B_protein_pocket.pdb,/home/igem/unknown_software/datasets/propedia_formatted/propedia_2lsj_B/propedia_2lsj_B_peptide.pdb,propedia_long
7nme,/home/igem/unknown_software/datasets/RefPepDB-RecentSet/7nme/7nme_protein_pocket.pdb,/home/igem/unknown_software/datasets/RefPepDB-RecentSet/7nme/7nme_peptide.pdb,recentset_replay
propedia_2h8p_D,/home/igem/unknown_software/datasets/propedia_formatted/propedia_2h8p_D/propedia_2h8p_D_protein_pocket.pdb,/home/igem/unknown_software/datasets/propedia_formatted/propedia_2h8p_D/propedia_2h8p_D_peptide.pdb,propedia_long
propedia_3tz1_B,/home/igem/unknown_software/datasets/propedia_formatted/propedia_3tz1_B/propedia_3tz1_B_protein_pocket.pdb,/home/igem/unknown_software/datasets/propedia_formatted/propedia_3tz1_B/propedia_3tz1_B_peptide.pdb,propedia_long
propedia_3brt_A,/home/igem/unknown_software/datasets/propedia_formatted/propedia_3brt_A/propedia_3brt_A_protein_pocket.pdb,/home/igem/unknown_software/datasets/propedia_formatted/propedia_3brt_A/propedia_3brt_A_peptide.pdb,propedia_long
propedia_6j9m_A,/home/igem/unknown_software/datasets/propedia_formatted/propedia_6j9m_A/propedia_6j9m_A_protein_pocket.pdb,/home/igem/unknown_software/datasets/propedia_formatted/propedia_6j9m_A/propedia_6j9m_A_peptide.pdb,propedia_long
7qrd,/home/igem/unknown_software/datasets/RefPepDB-RecentSet/7qrd/7qrd_protein_pocket.pdb,/home/igem/unknown_software/datasets/RefPepDB-RecentSet/7qrd/7qrd_peptide.pdb,recentset_replay
propedia_4mcz_C,/home/igem/unknown_software/datasets/propedia_formatted/propedia_4mcz_C/propedia_4mcz_C_protein_pocket.pdb,/home/igem/unknown_software/datasets/propedia_formatted/propedia_4mcz_C/propedia_4mcz_C_peptide.pdb,propedia_long
propedia_5xad_C,/home/igem/unknown_software/datasets/propedia_formatted/propedia_5xad_C/propedia_5xad_C_protein_pocket.pdb,/home/igem/unknown_software/datasets/propedia_formatted/propedia_5xad_C/propedia_5xad_C_peptide.pdb,propedia_long
propedia_6pv9_B,/home/igem/unknown_software/datasets/propedia_formatted/propedia_6pv9_B/propedia_6pv9_B_protein_pocket.pdb,/home/igem/unknown_software/datasets/propedia_formatted/propedia_6pv9_B/propedia_6pv9_B_peptide.pdb,propedia_long
7n6k,/home/igem/unknown_software/datasets/RefPepDB-RecentSet/7n6k/7n6k_protein_pocket.pdb,/home/igem/unknown_software/datasets/RefPepDB-RecentSet/7n6k/7n6k_peptide.pdb,recentset_replay
propedia_3gof_C,/home/igem/unknown_software/datasets/propedia_formatted/propedia_3gof_C/propedia_3gof_C_protein_pocket.pdb,/home/igem/unknown_software/datasets/propedia_formatted/propedia_3gof_C/propedia_3gof_C_peptide.pdb,propedia_long
propedia_1dlk_A,/home/igem/unknown_software/datasets/propedia_formatted/propedia_1dlk_A/propedia_1dlk_A_protein_pocket.pdb,/home/igem/unknown_software/datasets/propedia_formatted/propedia_1dlk_A/propedia_1dlk_A_peptide.pdb,propedia_long
propedia_5vmr_C,/home/igem/unknown_software/datasets/propedia_formatted/propedia_5vmr_C/propedia_5vmr_C_protein_pocket.pdb,/home/igem/unknown_software/datasets/propedia_formatted/propedia_5vmr_C/propedia_5vmr_C_peptide.pdb,propedia_long
propedia_2o9q_C,/home/igem/unknown_software/datasets/propedia_formatted/propedia_2o9q_C/propedia_2o9q_C_protein_pocket.pdb,/home/igem/unknown_software/datasets/propedia_formatted/propedia_2o9q_C/propedia_2o9q_C_peptide.pdb,propedia_long
propedia_3t98_A,/home/igem/unknown_software/datasets/propedia_formatted/propedia_3t98_A/propedia_3t98_A_protein_pocket.pdb,/home/igem/unknown_software/datasets/propedia_formatted/propedia_3t98_A/propedia_3t98_A_peptide.pdb,propedia_long
propedia_3bqo_B,/home/igem/unknown_software/datasets/propedia_formatted/propedia_3bqo_B/propedia_3bqo_B_protein_pocket.pdb,/home/igem/unknown_software/datasets/propedia_formatted/propedia_3bqo_B/propedia_3bqo_B_peptide.pdb,propedia_long
propedia_2qtv_D,/home/igem/unknown_software/datasets/propedia_formatted/propedia_2qtv_D/propedia_2qtv_D_protein_pocket.pdb,/home/igem/unknown_software/datasets/propedia_formatted/propedia_2qtv_D/propedia_2qtv_D_peptide.pdb,propedia_long
propedia_2wwz_C,/home/igem/unknown_software/datasets/propedia_formatted/propedia_2wwz_C/propedia_2wwz_C_protein_pocket.pdb,/home/igem/unknown_software/datasets/propedia_formatted/propedia_2wwz_C/propedia_2wwz_C_peptide.pdb,propedia_long
propedia_2bfy_C,/home/igem/unknown_software/datasets/propedia_formatted/propedia_2bfy_C/propedia_2bfy_C_protein_pocket.pdb,/home/igem/unknown_software/datasets/propedia_formatted/propedia_2bfy_C/propedia_2bfy_C_peptide.pdb,propedia_long
8esh,/home/igem/unknown_software/datasets/RefPepDB-RecentSet/8esh/8esh_protein_pocket.pdb,/home/igem/unknown_software/datasets/RefPepDB-RecentSet/8esh/8esh_peptide.pdb,recentset_replay
propedia_1j7z_A,/home/igem/unknown_software/datasets/propedia_formatted/propedia_1j7z_A/propedia_1j7z_A_protein_pocket.pdb,/home/igem/unknown_software/datasets/propedia_formatted/propedia_1j7z_A/propedia_1j7z_A_peptide.pdb,propedia_long
propedia_5va6_C,/home/igem/unknown_software/datasets/propedia_formatted/propedia_5va6_C/propedia_5va6_C_protein_pocket.pdb,/home/igem/unknown_software/datasets/propedia_formatted/propedia_5va6_C/propedia_5va6_C_peptide.pdb,propedia_long
propedia_6mjc_B,/home/igem/unknown_software/datasets/propedia_formatted/propedia_6mjc_B/propedia_6mjc_B_protein_pocket.pdb,/home/igem/unknown_software/datasets/propedia_formatted/propedia_6mjc_B/propedia_6mjc_B_peptide.pdb,propedia_long
propedia_5fvd_B,/home/igem/unknown_software/datasets/propedia_formatted/propedia_5fvd_B/propedia_5fvd_B_protein_pocket.pdb,/home/igem/unknown_software/datasets/propedia_formatted/propedia_5fvd_B/propedia_5fvd_B_peptide.pdb,propedia_long
propedia_2kwv_A,/home/igem/unknown_software/datasets/propedia_formatted/propedia_2kwv_A/propedia_2kwv_A_protein_pocket.pdb,/home/igem/unknown_software/datasets/propedia_formatted/propedia_2kwv_A/propedia_2kwv_A_peptide.pdb,propedia_long
propedia_5uuk_B,/home/igem/unknown_software/datasets/propedia_formatted/propedia_5uuk_B/propedia_5uuk_B_protein_pocket.pdb,/home/igem/unknown_software/datasets/propedia_formatted/propedia_5uuk_B/propedia_5uuk_B_peptide.pdb,propedia_long
propedia_6icv_C,/home/igem/unknown_software/datasets/propedia_formatted/propedia_6icv_C/propedia_6icv_C_protein_pocket.pdb,/home/igem/unknown_software/datasets/propedia_formatted/propedia_6icv_C/propedia_6icv_C_peptide.pdb,propedia_long
propedia_4ris_P,/home/igem/unknown_software/datasets/propedia_formatted/propedia_4ris_P/propedia_4ris_P_protein_pocket.pdb,/home/igem/unknown_software/datasets/propedia_formatted/propedia_4ris_P/propedia_4ris_P_peptide.pdb,propedia_long
propedia_5xod_B,/home/igem/unknown_software/datasets/propedia_formatted/propedia_5xod_B/propedia_5xod_B_protein_pocket.pdb,/home/igem/unknown_software/datasets/propedia_formatted/propedia_5xod_B/propedia_5xod_B_peptide.pdb,propedia_long
7uym,/home/igem/unknown_software/datasets/RefPepDB-RecentSet/7uym/7uym_protein_pocket.pdb,/home/igem/unknown_software/datasets/RefPepDB-RecentSet/7uym/7uym_peptide.pdb,recentset_replay
propedia_2l27_B,/home/igem/unknown_software/datasets/propedia_formatted/propedia_2l27_B/propedia_2l27_B_protein_pocket.pdb,/home/igem/unknown_software/datasets/propedia_formatted/propedia_2l27_B/propedia_2l27_B_peptide.pdb,propedia_long
propedia_4erq_D,/home/igem/unknown_software/datasets/propedia_formatted/propedia_4erq_D/propedia_4erq_D_protein_pocket.pdb,/home/igem/unknown_software/datasets/propedia_formatted/propedia_4erq_D/propedia_4erq_D_peptide.pdb,propedia_long
propedia_3hqr_S,/home/igem/unknown_software/datasets/propedia_formatted/propedia_3hqr_S/propedia_3hqr_S_protein_pocket.pdb,/home/igem/unknown_software/datasets/propedia_formatted/propedia_3hqr_S/propedia_3hqr_S_peptide.pdb,propedia_long
propedia_1ku8_B,/home/igem/unknown_software/datasets/propedia_formatted/propedia_1ku8_B/propedia_1ku8_B_protein_pocket.pdb,/home/igem/unknown_software/datasets/propedia_formatted/propedia_1ku8_B/propedia_1ku8_B_peptide.pdb,propedia_long
propedia_4e05_I,/home/igem/unknown_software/datasets/propedia_formatted/propedia_4e05_I/propedia_4e05_I_protein_pocket.pdb,/home/igem/unknown_software/datasets/propedia_formatted/propedia_4e05_I/propedia_4e05_I_peptide.pdb,propedia_long
propedia_2ivz_E,/home/igem/unknown_software/datasets/propedia_formatted/propedia_2ivz_E/propedia_2ivz_E_protein_pocket.pdb,/home/igem/unknown_software/datasets/propedia_formatted/propedia_2ivz_E/propedia_2ivz_E_peptide.pdb,propedia_long
propedia_4b4n_B,/home/igem/unknown_software/datasets/propedia_formatted/propedia_4b4n_B/propedia_4b4n_B_protein_pocket.pdb,/home/igem/unknown_software/datasets/propedia_formatted/propedia_4b4n_B/propedia_4b4n_B_peptide.pdb,propedia_long
propedia_1s6c_B,/home/igem/unknown_software/datasets/propedia_formatted/propedia_1s6c_B/propedia_1s6c_B_protein_pocket.pdb,/home/igem/unknown_software/datasets/propedia_formatted/propedia_1s6c_B/propedia_1s6c_B_peptide.pdb,propedia_long
propedia_1idg_B,/home/igem/unknown_software/datasets/propedia_formatted/propedia_1idg_B/propedia_1idg_B_protein_pocket.pdb,/home/igem/unknown_software/datasets/propedia_formatted/propedia_1idg_B/propedia_1idg_B_peptide.pdb,propedia_long
propedia_6e8r_C,/home/igem/unknown_software/datasets/propedia_formatted/propedia_6e8r_C/propedia_6e8r_C_protein_pocket.pdb,/home/igem/unknown_software/datasets/propedia_formatted/propedia_6e8r_C/propedia_6e8r_C_peptide.pdb,propedia_long
propedia_1gj8_A,/home/igem/unknown_software/datasets/propedia_formatted/propedia_1gj8_A/propedia_1gj8_A_protein_pocket.pdb,/home/igem/unknown_software/datasets/propedia_formatted/propedia_1gj8_A/propedia_1gj8_A_peptide.pdb,propedia_long
propedia_6f6d_B,/home/igem/unknown_software/datasets/propedia_formatted/propedia_6f6d_B/propedia_6f6d_B_protein_pocket.pdb,/home/igem/unknown_software/datasets/propedia_formatted/propedia_6f6d_B/propedia_6f6d_B_peptide.pdb,propedia_long
propedia_2kje_B,/home/igem/unknown_software/datasets/propedia_formatted/propedia_2kje_B/propedia_2kje_B_protein_pocket.pdb,/home/igem/unknown_software/datasets/propedia_formatted/propedia_2kje_B/propedia_2kje_B_peptide.pdb,propedia_long
propedia_2xpp_B,/home/igem/unknown_software/datasets/propedia_formatted/propedia_2xpp_B/propedia_2xpp_B_protein_pocket.pdb,/home/igem/unknown_software/datasets/propedia_formatted/propedia_2xpp_B/propedia_2xpp_B_peptide.pdb,propedia_long
propedia_6bae_D,/home/igem/unknown_software/datasets/propedia_formatted/propedia_6bae_D/propedia_6bae_D_protein_pocket.pdb,/home/igem/unknown_software/datasets/propedia_formatted/propedia_6bae_D/propedia_6bae_D_peptide.pdb,propedia_long
8d5q,/home/igem/unknown_software/datasets/RefPepDB-RecentSet/8d5q/8d5q_protein_pocket.pdb,/home/igem/unknown_software/datasets/RefPepDB-RecentSet/8d5q/8d5q_peptide.pdb,recentset_replay
propedia_2nud_C,/home/igem/unknown_software/datasets/propedia_formatted/propedia_2nud_C/propedia_2nud_C_protein_pocket.pdb,/home/igem/unknown_software/datasets/propedia_formatted/propedia_2nud_C/propedia_2nud_C_peptide.pdb,propedia_long
propedia_3trs_A,/home/igem/unknown_software/datasets/propedia_formatted/propedia_3trs_A/propedia_3trs_A_protein_pocket.pdb,/home/igem/unknown_software/datasets/propedia_formatted/propedia_3trs_A/propedia_3trs_A_peptide.pdb,propedia_long
7uc5,/home/igem/unknown_software/datasets/RefPepDB-RecentSet/7uc5/7uc5_protein_pocket.pdb,/home/igem/unknown_software/datasets/RefPepDB-RecentSet/7uc5/7uc5_peptide.pdb,recentset_replay
propedia_6hkp_S,/home/igem/unknown_software/datasets/propedia_formatted/propedia_6hkp_S/propedia_6hkp_S_protein_pocket.pdb,/home/igem/unknown_software/datasets/propedia_formatted/propedia_6hkp_S/propedia_6hkp_S_peptide.pdb,propedia_long
propedia_2mp2_C,/home/igem/unknown_software/datasets/propedia_formatted/propedia_2mp2_C/propedia_2mp2_C_protein_pocket.pdb,/home/igem/unknown_software/datasets/propedia_formatted/propedia_2mp2_C/propedia_2mp2_C_peptide.pdb,propedia_long
8b8x,/home/igem/unknown_software/datasets/RefPepDB-RecentSet/8b8x/8b8x_protein_pocket.pdb,/home/igem/unknown_software/datasets/RefPepDB-RecentSet/8b8x/8b8x_peptide.pdb,recentset_replay
7rke,/home/igem/unknown_software/datasets/RefPepDB-RecentSet/7rke/7rke_protein_pocket.pdb,/home/igem/unknown_software/datasets/RefPepDB-RecentSet/7rke/7rke_peptide.pdb,recentset_replay
propedia_6ctb_B,/home/igem/unknown_software/datasets/propedia_formatted/propedia_6ctb_B/propedia_6ctb_B_protein_pocket.pdb,/home/igem/unknown_software/datasets/propedia_formatted/propedia_6ctb_B/propedia_6ctb_B_peptide.pdb,propedia_long
propedia_2m04_B,/home/igem/unknown_software/datasets/propedia_formatted/propedia_2m04_B/propedia_2m04_B_protein_pocket.pdb,/home/igem/unknown_software/datasets/propedia_formatted/propedia_2m04_B/propedia_2m04_B_peptide.pdb,propedia_long
propedia_3mn5_S,/home/igem/unknown_software/datasets/propedia_formatted/propedia_3mn5_S/propedia_3mn5_S_protein_pocket.pdb,/home/igem/unknown_software/datasets/propedia_formatted/propedia_3mn5_S/propedia_3mn5_S_peptide.pdb,propedia_long
propedia_2k9u_B,/home/igem/unknown_software/datasets/propedia_formatted/propedia_2k9u_B/propedia_2k9u_B_protein_pocket.pdb,/home/igem/unknown_software/datasets/propedia_formatted/propedia_2k9u_B/propedia_2k9u_B_peptide.pdb,propedia_long
propedia_3r85_E,/home/igem/unknown_software/datasets/propedia_formatted/propedia_3r85_E/propedia_3r85_E_protein_pocket.pdb,/home/igem/unknown_software/datasets/propedia_formatted/propedia_3r85_E/propedia_3r85_E_peptide.pdb,propedia_long
propedia_5vt9_C,/home/igem/unknown_software/datasets/propedia_formatted/propedia_5vt9_C/propedia_5vt9_C_protein_pocket.pdb,/home/igem/unknown_software/datasets/propedia_formatted/propedia_5vt9_C/propedia_5vt9_C_peptide.pdb,propedia_long
propedia_1mvf_D,/home/igem/unknown_software/datasets/propedia_formatted/propedia_1mvf_D/propedia_1mvf_D_protein_pocket.pdb,/home/igem/unknown_software/datasets/propedia_formatted/propedia_1mvf_D/propedia_1mvf_D_peptide.pdb,propedia_long
propedia_3hxg_C,/home/igem/unknown_software/datasets/propedia_formatted/propedia_3hxg_C/propedia_3hxg_C_protein_pocket.pdb,/home/igem/unknown_software/datasets/propedia_formatted/propedia_3hxg_C/propedia_3hxg_C_peptide.pdb,propedia_long
propedia_4rv0_H,/home/igem/unknown_software/datasets/propedia_formatted/propedia_4rv0_H/propedia_4rv0_H_protein_pocket.pdb,/home/igem/unknown_software/datasets/propedia_formatted/propedia_4rv0_H/propedia_4rv0_H_peptide.pdb,propedia_long
propedia_2voi_B,/home/igem/unknown_software/datasets/propedia_formatted/propedia_2voi_B/propedia_2voi_B_protein_pocket.pdb,/home/igem/unknown_software/datasets/propedia_formatted/propedia_2voi_B/propedia_2voi_B_peptide.pdb,propedia_long
propedia_2ly4_B,/home/igem/unknown_software/datasets/propedia_formatted/propedia_2ly4_B/propedia_2ly4_B_protein_pocket.pdb,/home/igem/unknown_software/datasets/propedia_formatted/propedia_2ly4_B/propedia_2ly4_B_peptide.pdb,propedia_long
propedia_4ygw_b,/home/igem/unknown_software/datasets/propedia_formatted/propedia_4ygw_b/propedia_4ygw_b_protein_pocket.pdb,/home/igem/unknown_software/datasets/propedia_formatted/propedia_4ygw_b/propedia_4ygw_b_peptide.pdb,propedia_long
7kd7,/home/igem/unknown_software/datasets/RefPepDB-RecentSet/7kd7/7kd7_protein_pocket.pdb,/home/igem/unknown_software/datasets/RefPepDB-RecentSet/7kd7/7kd7_peptide.pdb,recentset_replay
7ssc,/home/igem/unknown_software/datasets/RefPepDB-RecentSet/7ssc/7ssc_protein_pocket.pdb,/home/igem/unknown_software/datasets/RefPepDB-RecentSet/7ssc/7ssc_peptide.pdb,recentset_replay
propedia_1jlu_S,/home/igem/unknown_software/datasets/propedia_formatted/propedia_1jlu_S/propedia_1jlu_S_protein_pocket.pdb,/home/igem/unknown_software/datasets/propedia_formatted/propedia_1jlu_S/propedia_1jlu_S_peptide.pdb,propedia_long
propedia_1eg4_P,/home/igem/unknown_software/datasets/propedia_formatted/propedia_1eg4_P/propedia_1eg4_P_protein_pocket.pdb,/home/igem/unknown_software/datasets/propedia_formatted/propedia_1eg4_P/propedia_1eg4_P_peptide.pdb,propedia_long
propedia_4mnx_B,/home/igem/unknown_software/datasets/propedia_formatted/propedia_4mnx_B/propedia_4mnx_B_protein_pocket.pdb,/home/igem/unknown_software/datasets/propedia_formatted/propedia_4mnx_B/propedia_4mnx_B_peptide.pdb,propedia_long
propedia_3aa1_C,/home/igem/unknown_software/datasets/propedia_formatted/propedia_3aa1_C/propedia_3aa1_C_protein_pocket.pdb,/home/igem/unknown_software/datasets/propedia_formatted/propedia_3aa1_C/propedia_3aa1_C_peptide.pdb,propedia_long
propedia_5hu3_B,/home/igem/unknown_software/datasets/propedia_formatted/propedia_5hu3_B/propedia_5hu3_B_protein_pocket.pdb,/home/igem/unknown_software/datasets/propedia_formatted/propedia_5hu3_B/propedia_5hu3_B_peptide.pdb,propedia_long
propedia_1jb0_I,/home/igem/unknown_software/datasets/propedia_formatted/propedia_1jb0_I/propedia_1jb0_I_protein_pocket.pdb,/home/igem/unknown_software/datasets/propedia_formatted/propedia_1jb0_I/propedia_1jb0_I_peptide.pdb,propedia_long
propedia_5ypr_B,/home/igem/unknown_software/datasets/propedia_formatted/propedia_5ypr_B/propedia_5ypr_B_protein_pocket.pdb,/home/igem/unknown_software/datasets/propedia_formatted/propedia_5ypr_B/propedia_5ypr_B_peptide.pdb,propedia_long
propedia_6i42_B,/home/igem/unknown_software/datasets/propedia_formatted/propedia_6i42_B/propedia_6i42_B_protein_pocket.pdb,/home/igem/unknown_software/datasets/propedia_formatted/propedia_6i42_B/propedia_6i42_B_peptide.pdb,propedia_long
propedia_2wh6_B,/home/igem/unknown_software/datasets/propedia_formatted/propedia_2wh6_B/propedia_2wh6_B_protein_pocket.pdb,/home/igem/unknown_software/datasets/propedia_formatted/propedia_2wh6_B/propedia_2wh6_B_peptide.pdb,propedia_long
7kgr,/home/igem/unknown_software/datasets/RefPepDB-RecentSet/7kgr/7kgr_protein_pocket.pdb,/home/igem/unknown_software/datasets/RefPepDB-RecentSet/7kgr/7kgr_peptide.pdb,recentset_replay
propedia_2my2_B,/home/igem/unknown_software/datasets/propedia_formatted/propedia_2my2_B/propedia_2my2_B_protein_pocket.pdb,/home/igem/unknown_software/datasets/propedia_formatted/propedia_2my2_B/propedia_2my2_B_peptide.pdb,propedia_long
propedia_6biz_C,/home/igem/unknown_software/datasets/propedia_formatted/propedia_6biz_C/propedia_6biz_C_protein_pocket.pdb,/home/igem/unknown_software/datasets/propedia_formatted/propedia_6biz_C/propedia_6biz_C_peptide.pdb,propedia_long
propedia_2jtt_C,/home/igem/unknown_software/datasets/propedia_formatted/propedia_2jtt_C/propedia_2jtt_C_protein_pocket.pdb,/home/igem/unknown_software/datasets/propedia_formatted/propedia_2jtt_C/propedia_2jtt_C_peptide.pdb,propedia_long
propedia_2vu8_I,/home/igem/unknown_software/datasets/propedia_formatted/propedia_2vu8_I/propedia_2vu8_I_protein_pocket.pdb,/home/igem/unknown_software/datasets/propedia_formatted/propedia_2vu8_I/propedia_2vu8_I_peptide.pdb,propedia_long
7kgs,/home/igem/unknown_software/datasets/RefPepDB-RecentSet/7kgs/7kgs_protein_pocket.pdb,/home/igem/unknown_software/datasets/RefPepDB-RecentSet/7kgs/7kgs_peptide.pdb,recentset_replay
propedia_3d24_B,/home/igem/unknown_software/datasets/propedia_formatted/propedia_3d24_B/propedia_3d24_B_protein_pocket.pdb,/home/igem/unknown_software/datasets/propedia_formatted/propedia_3d24_B/propedia_3d24_B_peptide.pdb,propedia_long
propedia_3avr_B,/home/igem/unknown_software/datasets/propedia_formatted/propedia_3avr_B/propedia_3avr_B_protein_pocket.pdb,/home/igem/unknown_software/datasets/propedia_formatted/propedia_3avr_B/propedia_3avr_B_peptide.pdb,propedia_long
propedia_5t48_B,/home/igem/unknown_software/datasets/propedia_formatted/propedia_5t48_B/propedia_5t48_B_protein_pocket.pdb,/home/igem/unknown_software/datasets/propedia_formatted/propedia_5t48_B/propedia_5t48_B_peptide.pdb,propedia_long
propedia_4jmf_A,/home/igem/unknown_software/datasets/propedia_formatted/propedia_4jmf_A/propedia_4jmf_A_protein_pocket.pdb,/home/igem/unknown_software/datasets/propedia_formatted/propedia_4jmf_A/propedia_4jmf_A_peptide.pdb,propedia_long
propedia_1t08_B,/home/igem/unknown_software/datasets/propedia_formatted/propedia_1t08_B/propedia_1t08_B_protein_pocket.pdb,/home/igem/unknown_software/datasets/propedia_formatted/propedia_1t08_B/propedia_1t08_B_peptide.pdb,propedia_long
propedia_3bu6_B,/home/igem/unknown_software/datasets/propedia_formatted/propedia_3bu6_B/propedia_3bu6_B_protein_pocket.pdb,/home/igem/unknown_software/datasets/propedia_formatted/propedia_3bu6_B/propedia_3bu6_B_peptide.pdb,propedia_long
propedia_6g04_B,/home/igem/unknown_software/datasets/propedia_formatted/propedia_6g04_B/propedia_6g04_B_protein_pocket.pdb,/home/igem/unknown_software/datasets/propedia_formatted/propedia_6g04_B/propedia_6g04_B_peptide.pdb,propedia_long
propedia_4pvz_C,/home/igem/unknown_software/datasets/propedia_formatted/propedia_4pvz_C/propedia_4pvz_C_protein_pocket.pdb,/home/igem/unknown_software/datasets/propedia_formatted/propedia_4pvz_C/propedia_4pvz_C_peptide.pdb,propedia_long
propedia_4p1n_C,/home/igem/unknown_software/datasets/propedia_formatted/propedia_4p1n_C/propedia_4p1n_C_protein_pocket.pdb,/home/igem/unknown_software/datasets/propedia_formatted/propedia_4p1n_C/propedia_4p1n_C_peptide.pdb,propedia_long
propedia_4bd2_C,/home/igem/unknown_software/datasets/propedia_formatted/propedia_4bd2_C/propedia_4bd2_C_protein_pocket.pdb,/home/igem/unknown_software/datasets/propedia_formatted/propedia_4bd2_C/propedia_4bd2_C_peptide.pdb,propedia_long
propedia_2l0y_B,/home/igem/unknown_software/datasets/propedia_formatted/propedia_2l0y_B/propedia_2l0y_B_protein_pocket.pdb,/home/igem/unknown_software/datasets/propedia_formatted/propedia_2l0y_B/propedia_2l0y_B_peptide.pdb,propedia_long
propedia_5lgp_E,/home/igem/unknown_software/datasets/propedia_formatted/propedia_5lgp_E/propedia_5lgp_E_protein_pocket.pdb,/home/igem/unknown_software/datasets/propedia_formatted/propedia_5lgp_E/propedia_5lgp_E_peptide.pdb,propedia_long
propedia_1g1s_C,/home/igem/unknown_software/datasets/propedia_formatted/propedia_1g1s_C/propedia_1g1s_C_protein_pocket.pdb,/home/igem/unknown_software/datasets/propedia_formatted/propedia_1g1s_C/propedia_1g1s_C_peptide.pdb,propedia_long
propedia_5t59_C,/home/igem/unknown_software/datasets/propedia_formatted/propedia_5t59_C/propedia_5t59_C_protein_pocket.pdb,/home/igem/unknown_software/datasets/propedia_formatted/propedia_5t59_C/propedia_5t59_C_peptide.pdb,propedia_long
propedia_5l0v_B,/home/igem/unknown_software/datasets/propedia_formatted/propedia_5l0v_B/propedia_5l0v_B_protein_pocket.pdb,/home/igem/unknown_software/datasets/propedia_formatted/propedia_5l0v_B/propedia_5l0v_B_peptide.pdb,propedia_long
propedia_6g5g_P,/home/igem/unknown_software/datasets/propedia_formatted/propedia_6g5g_P/propedia_6g5g_P_protein_pocket.pdb,/home/igem/unknown_software/datasets/propedia_formatted/propedia_6g5g_P/propedia_6g5g_P_peptide.pdb,propedia_long
propedia_1xh3_C,/home/igem/unknown_software/datasets/propedia_formatted/propedia_1xh3_C/propedia_1xh3_C_protein_pocket.pdb,/home/igem/unknown_software/datasets/propedia_formatted/propedia_1xh3_C/propedia_1xh3_C_peptide.pdb,propedia_long
propedia_6op8_B,/home/igem/unknown_software/datasets/propedia_formatted/propedia_6op8_B/propedia_6op8_B_protein_pocket.pdb,/home/igem/unknown_software/datasets/propedia_formatted/propedia_6op8_B/propedia_6op8_B_peptide.pdb,propedia_long
7m53,/home/igem/unknown_software/datasets/RefPepDB-RecentSet/7m53/7m53_protein_pocket.pdb,/home/igem/unknown_software/datasets/RefPepDB-RecentSet/7m53/7m53_peptide.pdb,recentset_replay
propedia_3onw_C,/home/igem/unknown_software/datasets/propedia_formatted/propedia_3onw_C/propedia_3onw_C_protein_pocket.pdb,/home/igem/unknown_software/datasets/propedia_formatted/propedia_3onw_C/propedia_3onw_C_peptide.pdb,propedia_long
propedia_6vbo_C,/home/igem/unknown_software/datasets/propedia_formatted/propedia_6vbo_C/propedia_6vbo_C_protein_pocket.pdb,/home/igem/unknown_software/datasets/propedia_formatted/propedia_6vbo_C/propedia_6vbo_C_peptide.pdb,propedia_long
propedia_5j3t_C,/home/igem/unknown_software/datasets/propedia_formatted/propedia_5j3t_C/propedia_5j3t_C_protein_pocket.pdb,/home/igem/unknown_software/datasets/propedia_formatted/propedia_5j3t_C/propedia_5j3t_C_peptide.pdb,propedia_long
propedia_4qy8_Q,/home/igem/unknown_software/datasets/propedia_formatted/propedia_4qy8_Q/propedia_4qy8_Q_protein_pocket.pdb,/home/igem/unknown_software/datasets/propedia_formatted/propedia_4qy8_Q/propedia_4qy8_Q_peptide.pdb,propedia_long
propedia_1pu9_B,/home/igem/unknown_software/datasets/propedia_formatted/propedia_1pu9_B/propedia_1pu9_B_protein_pocket.pdb,/home/igem/unknown_software/datasets/propedia_formatted/propedia_1pu9_B/propedia_1pu9_B_peptide.pdb,propedia_long
propedia_6s3w_B,/home/igem/unknown_software/datasets/propedia_formatted/propedia_6s3w_B/propedia_6s3w_B_protein_pocket.pdb,/home/igem/unknown_software/datasets/propedia_formatted/propedia_6s3w_B/propedia_6s3w_B_peptide.pdb,propedia_long
propedia_2ror_B,/home/igem/unknown_software/datasets/propedia_formatted/propedia_2ror_B/propedia_2ror_B_protein_pocket.pdb,/home/igem/unknown_software/datasets/propedia_formatted/propedia_2ror_B/propedia_2ror_B_peptide.pdb,propedia_long
propedia_5afg_B,/home/igem/unknown_software/datasets/propedia_formatted/propedia_5afg_B/propedia_5afg_B_protein_pocket.pdb,/home/igem/unknown_software/datasets/propedia_formatted/propedia_5afg_B/propedia_5afg_B_peptide.pdb,propedia_long
propedia_1ejo_P,/home/igem/unknown_software/datasets/propedia_formatted/propedia_1ejo_P/propedia_1ejo_P_protein_pocket.pdb,/home/igem/unknown_software/datasets/propedia_formatted/propedia_1ejo_P/propedia_1ejo_P_peptide.pdb,propedia_long
propedia_2oob_A,/home/igem/unknown_software/datasets/propedia_formatted/propedia_2oob_A/propedia_2oob_A_protein_pocket.pdb,/home/igem/unknown_software/datasets/propedia_formatted/propedia_2oob_A/propedia_2oob_A_peptide.pdb,propedia_long
8c3h,/home/igem/unknown_software/datasets/RefPepDB-RecentSet/8c3h/8c3h_protein_pocket.pdb,/home/igem/unknown_software/datasets/RefPepDB-RecentSet/8c3h/8c3h_peptide.pdb,recentset_replay
propedia_4rs9_B,/home/igem/unknown_software/datasets/propedia_formatted/propedia_4rs9_B/propedia_4rs9_B_protein_pocket.pdb,/home/igem/unknown_software/datasets/propedia_formatted/propedia_4rs9_B/propedia_4rs9_B_peptide.pdb,propedia_long
propedia_1lm8_H,/home/igem/unknown_software/datasets/propedia_formatted/propedia_1lm8_H/propedia_1lm8_H_protein_pocket.pdb,/home/igem/unknown_software/datasets/propedia_formatted/propedia_1lm8_H/propedia_1lm8_H_peptide.pdb,propedia_long
propedia_4h2u_C,/home/igem/unknown_software/datasets/propedia_formatted/propedia_4h2u_C/propedia_4h2u_C_protein_pocket.pdb,/home/igem/unknown_software/datasets/propedia_formatted/propedia_4h2u_C/propedia_4h2u_C_peptide.pdb,propedia_long
7oun,/home/igem/unknown_software/datasets/RefPepDB-RecentSet/7oun/7oun_protein_pocket.pdb,/home/igem/unknown_software/datasets/RefPepDB-RecentSet/7oun/7oun_peptide.pdb,recentset_replay
propedia_4bl0_B,/home/igem/unknown_software/datasets/propedia_formatted/propedia_4bl0_B/propedia_4bl0_B_protein_pocket.pdb,/home/igem/unknown_software/datasets/propedia_formatted/propedia_4bl0_B/propedia_4bl0_B_peptide.pdb,propedia_long
propedia_1qur_I,/home/igem/unknown_software/datasets/propedia_formatted/propedia_1qur_I/propedia_1qur_I_protein_pocket.pdb,/home/igem/unknown_software/datasets/propedia_formatted/propedia_1qur_I/propedia_1qur_I_peptide.pdb,propedia_long
7ryc,/home/igem/unknown_software/datasets/RefPepDB-RecentSet/7ryc/7ryc_protein_pocket.pdb,/home/igem/unknown_software/datasets/RefPepDB-RecentSet/7ryc/7ryc_peptide.pdb,recentset_replay
propedia_4mny_C,/home/igem/unknown_software/datasets/propedia_formatted/propedia_4mny_C/propedia_4mny_C_protein_pocket.pdb,/home/igem/unknown_software/datasets/propedia_formatted/propedia_4mny_C/propedia_4mny_C_peptide.pdb,propedia_long
propedia_4owf_G,/home/igem/unknown_software/datasets/propedia_formatted/propedia_4owf_G/propedia_4owf_G_protein_pocket.pdb,/home/igem/unknown_software/datasets/propedia_formatted/propedia_4owf_G/propedia_4owf_G_peptide.pdb,propedia_long
propedia_5j8h_B,/home/igem/unknown_software/datasets/propedia_formatted/propedia_5j8h_B/propedia_5j8h_B_protein_pocket.pdb,/home/igem/unknown_software/datasets/propedia_formatted/propedia_5j8h_B/propedia_5j8h_B_peptide.pdb,propedia_long
propedia_4xpm_A,/home/igem/unknown_software/datasets/propedia_formatted/propedia_4xpm_A/propedia_4xpm_A_protein_pocket.pdb,/home/igem/unknown_software/datasets/propedia_formatted/propedia_4xpm_A/propedia_4xpm_A_peptide.pdb,propedia_long
propedia_2vda_B,/home/igem/unknown_software/datasets/propedia_formatted/propedia_2vda_B/propedia_2vda_B_protein_pocket.pdb,/home/igem/unknown_software/datasets/propedia_formatted/propedia_2vda_B/propedia_2vda_B_peptide.pdb,propedia_long
propedia_1f47_A,/home/igem/unknown_software/datasets/propedia_formatted/propedia_1f47_A/propedia_1f47_A_protein_pocket.pdb,/home/igem/unknown_software/datasets/propedia_formatted/propedia_1f47_A/propedia_1f47_A_peptide.pdb,propedia_long
propedia_6p1y_A,/home/igem/unknown_software/datasets/propedia_formatted/propedia_6p1y_A/propedia_6p1y_A_protein_pocket.pdb,/home/igem/unknown_software/datasets/propedia_formatted/propedia_6p1y_A/propedia_6p1y_A_peptide.pdb,propedia_long
propedia_6qmp_A,/home/igem/unknown_software/datasets/propedia_formatted/propedia_6qmp_A/propedia_6qmp_A_protein_pocket.pdb,/home/igem/unknown_software/datasets/propedia_formatted/propedia_6qmp_A/propedia_6qmp_A_peptide.pdb,propedia_long
propedia_6jx3_A,/home/igem/unknown_software/datasets/propedia_formatted/propedia_6jx3_A/propedia_6jx3_A_protein_pocket.pdb,/home/igem/unknown_software/datasets/propedia_formatted/propedia_6jx3_A/propedia_6jx3_A_peptide.pdb,propedia_long
propedia_1i4o_C,/home/igem/unknown_software/datasets/propedia_formatted/propedia_1i4o_C/propedia_1i4o_C_protein_pocket.pdb,/home/igem/unknown_software/datasets/propedia_formatted/propedia_1i4o_C/propedia_1i4o_C_peptide.pdb,propedia_long
propedia_6kvm_C,/home/igem/unknown_software/datasets/propedia_formatted/propedia_6kvm_C/propedia_6kvm_C_protein_pocket.pdb,/home/igem/unknown_software/datasets/propedia_formatted/propedia_6kvm_C/propedia_6kvm_C_peptide.pdb,propedia_long
propedia_2wpv_B,/home/igem/unknown_software/datasets/propedia_formatted/propedia_2wpv_B/propedia_2wpv_B_protein_pocket.pdb,/home/igem/unknown_software/datasets/propedia_formatted/propedia_2wpv_B/propedia_2wpv_B_peptide.pdb,propedia_long
propedia_4y19_C,/home/igem/unknown_software/datasets/propedia_formatted/propedia_4y19_C/propedia_4y19_C_protein_pocket.pdb,/home/igem/unknown_software/datasets/propedia_formatted/propedia_4y19_C/propedia_4y19_C_peptide.pdb,propedia_long
propedia_5jtr_E,/home/igem/unknown_software/datasets/propedia_formatted/propedia_5jtr_E/propedia_5jtr_E_protein_pocket.pdb,/home/igem/unknown_software/datasets/propedia_formatted/propedia_5jtr_E/propedia_5jtr_E_peptide.pdb,propedia_long
propedia_2qki_G,/home/igem/unknown_software/datasets/propedia_formatted/propedia_2qki_G/propedia_2qki_G_protein_pocket.pdb,/home/igem/unknown_software/datasets/propedia_formatted/propedia_2qki_G/propedia_2qki_G_peptide.pdb,propedia_long
propedia_5ly2_E,/home/igem/unknown_software/datasets/propedia_formatted/propedia_5ly2_E/propedia_5ly2_E_protein_pocket.pdb,/home/igem/unknown_software/datasets/propedia_formatted/propedia_5ly2_E/propedia_5ly2_E_peptide.pdb,propedia_long
propedia_2fmk_B,/home/igem/unknown_software/datasets/propedia_formatted/propedia_2fmk_B/propedia_2fmk_B_protein_pocket.pdb,/home/igem/unknown_software/datasets/propedia_formatted/propedia_2fmk_B/propedia_2fmk_B_peptide.pdb,propedia_long
propedia_3oy6_P,/home/igem/unknown_software/datasets/propedia_formatted/propedia_3oy6_P/propedia_3oy6_P_protein_pocket.pdb,/home/igem/unknown_software/datasets/propedia_formatted/propedia_3oy6_P/propedia_3oy6_P_peptide.pdb,propedia_long
propedia_6b9h_B,/home/igem/unknown_software/datasets/propedia_formatted/propedia_6b9h_B/propedia_6b9h_B_protein_pocket.pdb,/home/igem/unknown_software/datasets/propedia_formatted/propedia_6b9h_B/propedia_6b9h_B_peptide.pdb,propedia_long
propedia_3kl6_B,/home/igem/unknown_software/datasets/propedia_formatted/propedia_3kl6_B/propedia_3kl6_B_protein_pocket.pdb,/home/igem/unknown_software/datasets/propedia_formatted/propedia_3kl6_B/propedia_3kl6_B_peptide.pdb,propedia_long
propedia_6iwa_A,/home/igem/unknown_software/datasets/propedia_formatted/propedia_6iwa_A/propedia_6iwa_A_protein_pocket.pdb,/home/igem/unknown_software/datasets/propedia_formatted/propedia_6iwa_A/propedia_6iwa_A_peptide.pdb,propedia_long
8gqv,/home/igem/unknown_software/datasets/RefPepDB-RecentSet/8gqv/8gqv_protein_pocket.pdb,/home/igem/unknown_software/datasets/RefPepDB-RecentSet/8gqv/8gqv_peptide.pdb,recentset_replay
propedia_6uyr_B,/home/igem/unknown_software/datasets/propedia_formatted/propedia_6uyr_B/propedia_6uyr_B_protein_pocket.pdb,/home/igem/unknown_software/datasets/propedia_formatted/propedia_6uyr_B/propedia_6uyr_B_peptide.pdb,propedia_long
propedia_3oqy_a,/home/igem/unknown_software/datasets/propedia_formatted/propedia_3oqy_a/propedia_3oqy_a_protein_pocket.pdb,/home/igem/unknown_software/datasets/propedia_formatted/propedia_3oqy_a/propedia_3oqy_a_peptide.pdb,propedia_long
propedia_2a9h_E,/home/igem/unknown_software/datasets/propedia_formatted/propedia_2a9h_E/propedia_2a9h_E_protein_pocket.pdb,/home/igem/unknown_software/datasets/propedia_formatted/propedia_2a9h_E/propedia_2a9h_E_peptide.pdb,propedia_long
propedia_4os1_B,/home/igem/unknown_software/datasets/propedia_formatted/propedia_4os1_B/propedia_4os1_B_protein_pocket.pdb,/home/igem/unknown_software/datasets/propedia_formatted/propedia_4os1_B/propedia_4os1_B_peptide.pdb,propedia_long
propedia_2lo6_B,/home/igem/unknown_software/datasets/propedia_formatted/propedia_2lo6_B/propedia_2lo6_B_protein_pocket.pdb,/home/igem/unknown_software/datasets/propedia_formatted/propedia_2lo6_B/propedia_2lo6_B_peptide.pdb,propedia_long
propedia_3kmz_C,/home/igem/unknown_software/datasets/propedia_formatted/propedia_3kmz_C/propedia_3kmz_C_protein_pocket.pdb,/home/igem/unknown_software/datasets/propedia_formatted/propedia_3kmz_C/propedia_3kmz_C_peptide.pdb,propedia_long
propedia_1sp4_A,/home/igem/unknown_software/datasets/propedia_formatted/propedia_1sp4_A/propedia_1sp4_A_protein_pocket.pdb,/home/igem/unknown_software/datasets/propedia_formatted/propedia_1sp4_A/propedia_1sp4_A_peptide.pdb,propedia_long
propedia_1abi_I,/home/igem/unknown_software/datasets/propedia_formatted/propedia_1abi_I/propedia_1abi_I_protein_pocket.pdb,/home/igem/unknown_software/datasets/propedia_formatted/propedia_1abi_I/propedia_1abi_I_peptide.pdb,propedia_long
propedia_1ilp_C,/home/igem/unknown_software/datasets/propedia_formatted/propedia_1ilp_C/propedia_1ilp_C_protein_pocket.pdb,/home/igem/unknown_software/datasets/propedia_formatted/propedia_1ilp_C/propedia_1ilp_C_peptide.pdb,propedia_long
propedia_4bpj_D,/home/igem/unknown_software/datasets/propedia_formatted/propedia_4bpj_D/propedia_4bpj_D_protein_pocket.pdb,/home/igem/unknown_software/datasets/propedia_formatted/propedia_4bpj_D/propedia_4bpj_D_peptide.pdb,propedia_long
propedia_5f6k_D,/home/igem/unknown_software/datasets/propedia_formatted/propedia_5f6k_D/propedia_5f6k_D_protein_pocket.pdb,/home/igem/unknown_software/datasets/propedia_formatted/propedia_5f6k_D/propedia_5f6k_D_peptide.pdb,propedia_long
propedia_1ttw_B,/home/igem/unknown_software/datasets/propedia_formatted/propedia_1ttw_B/propedia_1ttw_B_protein_pocket.pdb,/home/igem/unknown_software/datasets/propedia_formatted/propedia_1ttw_B/propedia_1ttw_B_peptide.pdb,propedia_long
propedia_2jzi_B,/home/igem/unknown_software/datasets/propedia_formatted/propedia_2jzi_B/propedia_2jzi_B_protein_pocket.pdb,/home/igem/unknown_software/datasets/propedia_formatted/propedia_2jzi_B/propedia_2jzi_B_peptide.pdb,propedia_long
propedia_6hgi_B,/home/igem/unknown_software/datasets/propedia_formatted/propedia_6hgi_B/propedia_6hgi_B_protein_pocket.pdb,/home/igem/unknown_software/datasets/propedia_formatted/propedia_6hgi_B/propedia_6hgi_B_peptide.pdb,propedia_long
7m60,/home/igem/unknown_software/datasets/RefPepDB-RecentSet/7m60/7m60_protein_pocket.pdb,/home/igem/unknown_software/datasets/RefPepDB-RecentSet/7m60/7m60_peptide.pdb,recentset_replay
propedia_4ogq_E,/home/igem/unknown_software/datasets/propedia_formatted/propedia_4ogq_E/propedia_4ogq_E_protein_pocket.pdb,/home/igem/unknown_software/datasets/propedia_formatted/propedia_4ogq_E/propedia_4ogq_E_peptide.pdb,propedia_long
propedia_5eft_A,/home/igem/unknown_software/datasets/propedia_formatted/propedia_5eft_A/propedia_5eft_A_protein_pocket.pdb,/home/igem/unknown_software/datasets/propedia_formatted/propedia_5eft_A/propedia_5eft_A_peptide.pdb,propedia_long
propedia_6me1_E,/home/igem/unknown_software/datasets/propedia_formatted/propedia_6me1_E/propedia_6me1_E_protein_pocket.pdb,/home/igem/unknown_software/datasets/propedia_formatted/propedia_6me1_E/propedia_6me1_E_peptide.pdb,propedia_long
propedia_3ghe_P,/home/igem/unknown_software/datasets/propedia_formatted/propedia_3ghe_P/propedia_3ghe_P_protein_pocket.pdb,/home/igem/unknown_software/datasets/propedia_formatted/propedia_3ghe_P/propedia_3ghe_P_peptide.pdb,propedia_long
propedia_6f0f_B,/home/igem/unknown_software/datasets/propedia_formatted/propedia_6f0f_B/propedia_6f0f_B_protein_pocket.pdb,/home/igem/unknown_software/datasets/propedia_formatted/propedia_6f0f_B/propedia_6f0f_B_peptide.pdb,propedia_long
7m5m,/home/igem/unknown_software/datasets/RefPepDB-RecentSet/7m5m/7m5m_protein_pocket.pdb,/home/igem/unknown_software/datasets/RefPepDB-RecentSet/7m5m/7m5m_peptide.pdb,recentset_replay
propedia_6blh_G,/home/igem/unknown_software/datasets/propedia_formatted/propedia_6blh_G/propedia_6blh_G_protein_pocket.pdb,/home/igem/unknown_software/datasets/propedia_formatted/propedia_6blh_G/propedia_6blh_G_peptide.pdb,propedia_long
propedia_6gvl_B,/home/igem/unknown_software/datasets/propedia_formatted/propedia_6gvl_B/propedia_6gvl_B_protein_pocket.pdb,/home/igem/unknown_software/datasets/propedia_formatted/propedia_6gvl_B/propedia_6gvl_B_peptide.pdb,propedia_long
7rnd,/home/igem/unknown_software/datasets/RefPepDB-RecentSet/7rnd/7rnd_protein_pocket.pdb,/home/igem/unknown_software/datasets/RefPepDB-RecentSet/7rnd/7rnd_peptide.pdb,recentset_replay
propedia_6ma3_B,/home/igem/unknown_software/datasets/propedia_formatted/propedia_6ma3_B/propedia_6ma3_B_protein_pocket.pdb,/home/igem/unknown_software/datasets/propedia_formatted/propedia_6ma3_B/propedia_6ma3_B_peptide.pdb,propedia_long
propedia_3f02_C,/home/igem/unknown_software/datasets/propedia_formatted/propedia_3f02_C/propedia_3f02_C_protein_pocket.pdb,/home/igem/unknown_software/datasets/propedia_formatted/propedia_3f02_C/propedia_3f02_C_peptide.pdb,propedia_long
propedia_2loz_B,/home/igem/unknown_software/datasets/propedia_formatted/propedia_2loz_B/propedia_2loz_B_protein_pocket.pdb,/home/igem/unknown_software/datasets/propedia_formatted/propedia_2loz_B/propedia_2loz_B_peptide.pdb,propedia_long
propedia_4bd6_C,/home/igem/unknown_software/datasets/propedia_formatted/propedia_4bd6_C/propedia_4bd6_C_protein_pocket.pdb,/home/igem/unknown_software/datasets/propedia_formatted/propedia_4bd6_C/propedia_4bd6_C_peptide.pdb,propedia_long
propedia_1j2j_B,/home/igem/unknown_software/datasets/propedia_formatted/propedia_1j2j_B/propedia_1j2j_B_protein_pocket.pdb,/home/igem/unknown_software/datasets/propedia_formatted/propedia_1j2j_B/propedia_1j2j_B_peptide.pdb,propedia_long
7bo6,/home/igem/unknown_software/datasets/RefPepDB-RecentSet/7bo6/7bo6_protein_pocket.pdb,/home/igem/unknown_software/datasets/RefPepDB-RecentSet/7bo6/7bo6_peptide.pdb,recentset_replay
propedia_5j6z_A,/home/igem/unknown_software/datasets/propedia_formatted/propedia_5j6z_A/propedia_5j6z_A_protein_pocket.pdb,/home/igem/unknown_software/datasets/propedia_formatted/propedia_5j6z_A/propedia_5j6z_A_peptide.pdb,propedia_long
propedia_2jq7_C,/home/igem/unknown_software/datasets/propedia_formatted/propedia_2jq7_C/propedia_2jq7_C_protein_pocket.pdb,/home/igem/unknown_software/datasets/propedia_formatted/propedia_2jq7_C/propedia_2jq7_C_peptide.pdb,propedia_long
7rlw,/home/igem/unknown_software/datasets/RefPepDB-RecentSet/7rlw/7rlw_protein_pocket.pdb,/home/igem/unknown_software/datasets/RefPepDB-RecentSet/7rlw/7rlw_peptide.pdb,recentset_replay
propedia_4pz5_B,/home/igem/unknown_software/datasets/propedia_formatted/propedia_4pz5_B/propedia_4pz5_B_protein_pocket.pdb,/home/igem/unknown_software/datasets/propedia_formatted/propedia_4pz5_B/propedia_4pz5_B_peptide.pdb,propedia_long
7skz,/home/igem/unknown_software/datasets/RefPepDB-RecentSet/7skz/7skz_protein_pocket.pdb,/home/igem/unknown_software/datasets/RefPepDB-RecentSet/7skz/7skz_peptide.pdb,recentset_replay
propedia_1ym0_B,/home/igem/unknown_software/datasets/propedia_formatted/propedia_1ym0_B/propedia_1ym0_B_protein_pocket.pdb,/home/igem/unknown_software/datasets/propedia_formatted/propedia_1ym0_B/propedia_1ym0_B_peptide.pdb,propedia_long
propedia_6v4h_B,/home/igem/unknown_software/datasets/propedia_formatted/propedia_6v4h_B/propedia_6v4h_B_protein_pocket.pdb,/home/igem/unknown_software/datasets/propedia_formatted/propedia_6v4h_B/propedia_6v4h_B_peptide.pdb,propedia_long
7q46,/home/igem/unknown_software/datasets/RefPepDB-RecentSet/7q46/7q46_protein_pocket.pdb,/home/igem/unknown_software/datasets/RefPepDB-RecentSet/7q46/7q46_peptide.pdb,recentset_replay
propedia_5v62_I,/home/igem/unknown_software/datasets/propedia_formatted/propedia_5v62_I/propedia_5v62_I_protein_pocket.pdb,/home/igem/unknown_software/datasets/propedia_formatted/propedia_5v62_I/propedia_5v62_I_peptide.pdb,propedia_long
propedia_5l9b_C,/home/igem/unknown_software/datasets/propedia_formatted/propedia_5l9b_C/propedia_5l9b_C_protein_pocket.pdb,/home/igem/unknown_software/datasets/propedia_formatted/propedia_5l9b_C/propedia_5l9b_C_peptide.pdb,propedia_long
propedia_1yyp_B,/home/igem/unknown_software/datasets/propedia_formatted/propedia_1yyp_B/propedia_1yyp_B_protein_pocket.pdb,/home/igem/unknown_software/datasets/propedia_formatted/propedia_1yyp_B/propedia_1yyp_B_peptide.pdb,propedia_long
propedia_5v2q_B,/home/igem/unknown_software/datasets/propedia_formatted/propedia_5v2q_B/propedia_5v2q_B_protein_pocket.pdb,/home/igem/unknown_software/datasets/propedia_formatted/propedia_5v2q_B/propedia_5v2q_B_peptide.pdb,propedia_long
7m8t,/home/igem/unknown_software/datasets/RefPepDB-RecentSet/7m8t/7m8t_protein_pocket.pdb,/home/igem/unknown_software/datasets/RefPepDB-RecentSet/7m8t/7m8t_peptide.pdb,recentset_replay
7p72,/home/igem/unknown_software/datasets/RefPepDB-RecentSet/7p72/7p72_protein_pocket.pdb,/home/igem/unknown_software/datasets/RefPepDB-RecentSet/7p72/7p72_peptide.pdb,recentset_replay
propedia_5txe_C,/home/igem/unknown_software/datasets/propedia_formatted/propedia_5txe_C/propedia_5txe_C_protein_pocket.pdb,/home/igem/unknown_software/datasets/propedia_formatted/propedia_5txe_C/propedia_5txe_C_peptide.pdb,propedia_long
propedia_5wxm_U,/home/igem/unknown_software/datasets/propedia_formatted/propedia_5wxm_U/propedia_5wxm_U_protein_pocket.pdb,/home/igem/unknown_software/datasets/propedia_formatted/propedia_5wxm_U/propedia_5wxm_U_peptide.pdb,propedia_long
propedia_3o6q_B,/home/igem/unknown_software/datasets/propedia_formatted/propedia_3o6q_B/propedia_3o6q_B_protein_pocket.pdb,/home/igem/unknown_software/datasets/propedia_formatted/propedia_3o6q_B/propedia_3o6q_B_peptide.pdb,propedia_long
propedia_6rh6_B,/home/igem/unknown_software/datasets/propedia_formatted/propedia_6rh6_B/propedia_6rh6_B_protein_pocket.pdb,/home/igem/unknown_software/datasets/propedia_formatted/propedia_6rh6_B/propedia_6rh6_B_peptide.pdb,propedia_long
propedia_4b60_C,/home/igem/unknown_software/datasets/propedia_formatted/propedia_4b60_C/propedia_4b60_C_protein_pocket.pdb,/home/igem/unknown_software/datasets/propedia_formatted/propedia_4b60_C/propedia_4b60_C_peptide.pdb,propedia_long
propedia_5svh_B,/home/igem/unknown_software/datasets/propedia_formatted/propedia_5svh_B/propedia_5svh_B_protein_pocket.pdb,/home/igem/unknown_software/datasets/propedia_formatted/propedia_5svh_B/propedia_5svh_B_peptide.pdb,propedia_long
7y3j,/home/igem/unknown_software/datasets/RefPepDB-RecentSet/7y3j/7y3j_protein_pocket.pdb,/home/igem/unknown_software/datasets/RefPepDB-RecentSet/7y3j/7y3j_peptide.pdb,recentset_replay
propedia_1lta_C,/home/igem/unknown_software/datasets/propedia_formatted/propedia_1lta_C/propedia_1lta_C_protein_pocket.pdb,/home/igem/unknown_software/datasets/propedia_formatted/propedia_1lta_C/propedia_1lta_C_peptide.pdb,propedia_long
propedia_4wb7_I,/home/igem/unknown_software/datasets/propedia_formatted/propedia_4wb7_I/propedia_4wb7_I_protein_pocket.pdb,/home/igem/unknown_software/datasets/propedia_formatted/propedia_4wb7_I/propedia_4wb7_I_peptide.pdb,propedia_long
propedia_3lqv_P,/home/igem/unknown_software/datasets/propedia_formatted/propedia_3lqv_P/propedia_3lqv_P_protein_pocket.pdb,/home/igem/unknown_software/datasets/propedia_formatted/propedia_3lqv_P/propedia_3lqv_P_peptide.pdb,propedia_long
propedia_6gos_A,/home/igem/unknown_software/datasets/propedia_formatted/propedia_6gos_A/propedia_6gos_A_protein_pocket.pdb,/home/igem/unknown_software/datasets/propedia_formatted/propedia_6gos_A/propedia_6gos_A_peptide.pdb,propedia_long
propedia_3h1z_P,/home/igem/unknown_software/datasets/propedia_formatted/propedia_3h1z_P/propedia_3h1z_P_protein_pocket.pdb,/home/igem/unknown_software/datasets/propedia_formatted/propedia_3h1z_P/propedia_3h1z_P_peptide.pdb,propedia_long
propedia_4mzk_T,/home/igem/unknown_software/datasets/propedia_formatted/propedia_4mzk_T/propedia_4mzk_T_protein_pocket.pdb,/home/igem/unknown_software/datasets/propedia_formatted/propedia_4mzk_T/propedia_4mzk_T_peptide.pdb,propedia_long
propedia_4z8a_B,/home/igem/unknown_software/datasets/propedia_formatted/propedia_4z8a_B/propedia_4z8a_B_protein_pocket.pdb,/home/igem/unknown_software/datasets/propedia_formatted/propedia_4z8a_B/propedia_4z8a_B_peptide.pdb,propedia_long
propedia_1ydi_B,/home/igem/unknown_software/datasets/propedia_formatted/propedia_1ydi_B/propedia_1ydi_B_protein_pocket.pdb,/home/igem/unknown_software/datasets/propedia_formatted/propedia_1ydi_B/propedia_1ydi_B_peptide.pdb,propedia_long
propedia_5vko_B,/home/igem/unknown_software/datasets/propedia_formatted/propedia_5vko_B/propedia_5vko_B_protein_pocket.pdb,/home/igem/unknown_software/datasets/propedia_formatted/propedia_5vko_B/propedia_5vko_B_peptide.pdb,propedia_long
propedia_3dv0_I,/home/igem/unknown_software/datasets/propedia_formatted/propedia_3dv0_I/propedia_3dv0_I_protein_pocket.pdb,/home/igem/unknown_software/datasets/propedia_formatted/propedia_3dv0_I/propedia_3dv0_I_peptide.pdb,propedia_long
propedia_5u3m_A,/home/igem/unknown_software/datasets/propedia_formatted/propedia_5u3m_A/propedia_5u3m_A_protein_pocket.pdb,/home/igem/unknown_software/datasets/propedia_formatted/propedia_5u3m_A/propedia_5u3m_A_peptide.pdb,propedia_long
7mb8,/home/igem/unknown_software/datasets/RefPepDB-RecentSet/7mb8/7mb8_protein_pocket.pdb,/home/igem/unknown_software/datasets/RefPepDB-RecentSet/7mb8/7mb8_peptide.pdb,recentset_replay
propedia_6y4o_B,/home/igem/unknown_software/datasets/propedia_formatted/propedia_6y4o_B/propedia_6y4o_B_protein_pocket.pdb,/home/igem/unknown_software/datasets/propedia_formatted/propedia_6y4o_B/propedia_6y4o_B_peptide.pdb,propedia_long
propedia_2kne_B,/home/igem/unknown_software/datasets/propedia_formatted/propedia_2kne_B/propedia_2kne_B_protein_pocket.pdb,/home/igem/unknown_software/datasets/propedia_formatted/propedia_2kne_B/propedia_2kne_B_peptide.pdb,propedia_long
8dk9,/home/igem/unknown_software/datasets/RefPepDB-RecentSet/8dk9/8dk9_protein_pocket.pdb,/home/igem/unknown_software/datasets/RefPepDB-RecentSet/8dk9/8dk9_peptide.pdb,recentset_replay
7dw6,/home/igem/unknown_software/datasets/RefPepDB-RecentSet/7dw6/7dw6_protein_pocket.pdb,/home/igem/unknown_software/datasets/RefPepDB-RecentSet/7dw6/7dw6_peptide.pdb,recentset_replay
propedia_3so6_Q,/home/igem/unknown_software/datasets/propedia_formatted/propedia_3so6_Q/propedia_3so6_Q_protein_pocket.pdb,/home/igem/unknown_software/datasets/propedia_formatted/propedia_3so6_Q/propedia_3so6_Q_peptide.pdb,propedia_long
propedia_2lqc_B,/home/igem/unknown_software/datasets/propedia_formatted/propedia_2lqc_B/propedia_2lqc_B_protein_pocket.pdb,/home/igem/unknown_software/datasets/propedia_formatted/propedia_2lqc_B/propedia_2lqc_B_peptide.pdb,propedia_long
propedia_3o40_B,/home/igem/unknown_software/datasets/propedia_formatted/propedia_3o40_B/propedia_3o40_B_protein_pocket.pdb,/home/igem/unknown_software/datasets/propedia_formatted/propedia_3o40_B/propedia_3o40_B_peptide.pdb,propedia_long
propedia_5lsw_B,/home/igem/unknown_software/datasets/propedia_formatted/propedia_5lsw_B/propedia_5lsw_B_protein_pocket.pdb,/home/igem/unknown_software/datasets/propedia_formatted/propedia_5lsw_B/propedia_5lsw_B_peptide.pdb,propedia_long
propedia_2k7l_B,/home/igem/unknown_software/datasets/propedia_formatted/propedia_2k7l_B/propedia_2k7l_B_protein_pocket.pdb,/home/igem/unknown_software/datasets/propedia_formatted/propedia_2k7l_B/propedia_2k7l_B_peptide.pdb,propedia_long
propedia_5x8q_B,/home/igem/unknown_software/datasets/propedia_formatted/propedia_5x8q_B/propedia_5x8q_B_protein_pocket.pdb,/home/igem/unknown_software/datasets/propedia_formatted/propedia_5x8q_B/propedia_5x8q_B_peptide.pdb,propedia_long
propedia_1co7_I,/home/igem/unknown_software/datasets/propedia_formatted/propedia_1co7_I/propedia_1co7_I_protein_pocket.pdb,/home/igem/unknown_software/datasets/propedia_formatted/propedia_1co7_I/propedia_1co7_I_peptide.pdb,propedia_long
propedia_1g1e_A,/home/igem/unknown_software/datasets/propedia_formatted/propedia_1g1e_A/propedia_1g1e_A_protein_pocket.pdb,/home/igem/unknown_software/datasets/propedia_formatted/propedia_1g1e_A/propedia_1g1e_A_peptide.pdb,propedia_long
propedia_2m8s_B,/home/igem/unknown_software/datasets/propedia_formatted/propedia_2m8s_B/propedia_2m8s_B_protein_pocket.pdb,/home/igem/unknown_software/datasets/propedia_formatted/propedia_2m8s_B/propedia_2m8s_B_peptide.pdb,propedia_long
propedia_2rqu_B,/home/igem/unknown_software/datasets/propedia_formatted/propedia_2rqu_B/propedia_2rqu_B_protein_pocket.pdb,/home/igem/unknown_software/datasets/propedia_formatted/propedia_2rqu_B/propedia_2rqu_B_peptide.pdb,propedia_long
propedia_4ywc_C,/home/igem/unknown_software/datasets/propedia_formatted/propedia_4ywc_C/propedia_4ywc_C_protein_pocket.pdb,/home/igem/unknown_software/datasets/propedia_formatted/propedia_4ywc_C/propedia_4ywc_C_peptide.pdb,propedia_long
propedia_1z3l_S,/home/igem/unknown_software/datasets/propedia_formatted/propedia_1z3l_S/propedia_1z3l_S_protein_pocket.pdb,/home/igem/unknown_software/datasets/propedia_formatted/propedia_1z3l_S/propedia_1z3l_S_peptide.pdb,propedia_long
7rm0,/home/igem/unknown_software/datasets/RefPepDB-RecentSet/7rm0/7rm0_protein_pocket.pdb,/home/igem/unknown_software/datasets/RefPepDB-RecentSet/7rm0/7rm0_peptide.pdb,recentset_replay
propedia_2vt1_A,/home/igem/unknown_software/datasets/propedia_formatted/propedia_2vt1_A/propedia_2vt1_A_protein_pocket.pdb,/home/igem/unknown_software/datasets/propedia_formatted/propedia_2vt1_A/propedia_2vt1_A_peptide.pdb,propedia_long
8d5k,/home/igem/unknown_software/datasets/RefPepDB-RecentSet/8d5k/8d5k_protein_pocket.pdb,/home/igem/unknown_software/datasets/RefPepDB-RecentSet/8d5k/8d5k_peptide.pdb,recentset_replay
propedia_4jaa_S,/home/igem/unknown_software/datasets/propedia_formatted/propedia_4jaa_S/propedia_4jaa_S_protein_pocket.pdb,/home/igem/unknown_software/datasets/propedia_formatted/propedia_4jaa_S/propedia_4jaa_S_peptide.pdb,propedia_long
7x5q,/home/igem/unknown_software/datasets/RefPepDB-RecentSet/7x5q/7x5q_protein_pocket.pdb,/home/igem/unknown_software/datasets/RefPepDB-RecentSet/7x5q/7x5q_peptide.pdb,recentset_replay
propedia_4k8y_B,/home/igem/unknown_software/datasets/propedia_formatted/propedia_4k8y_B/propedia_4k8y_B_protein_pocket.pdb,/home/igem/unknown_software/datasets/propedia_formatted/propedia_4k8y_B/propedia_4k8y_B_peptide.pdb,propedia_long
propedia_6b3x_B,/home/igem/unknown_software/datasets/propedia_formatted/propedia_6b3x_B/propedia_6b3x_B_protein_pocket.pdb,/home/igem/unknown_software/datasets/propedia_formatted/propedia_6b3x_B/propedia_6b3x_B_peptide.pdb,propedia_long
propedia_6hcs_B,/home/igem/unknown_software/datasets/propedia_formatted/propedia_6hcs_B/propedia_6hcs_B_protein_pocket.pdb,/home/igem/unknown_software/datasets/propedia_formatted/propedia_6hcs_B/propedia_6hcs_B_peptide.pdb,propedia_long
propedia_5l9v_C,/home/igem/unknown_software/datasets/propedia_formatted/propedia_5l9v_C/propedia_5l9v_C_protein_pocket.pdb,/home/igem/unknown_software/datasets/propedia_formatted/propedia_5l9v_C/propedia_5l9v_C_peptide.pdb,propedia_long
propedia_2wx0_C,/home/igem/unknown_software/datasets/propedia_formatted/propedia_2wx0_C/propedia_2wx0_C_protein_pocket.pdb,/home/igem/unknown_software/datasets/propedia_formatted/propedia_2wx0_C/propedia_2wx0_C_peptide.pdb,propedia_long
7tlt,/home/igem/unknown_software/datasets/RefPepDB-RecentSet/7tlt/7tlt_protein_pocket.pdb,/home/igem/unknown_software/datasets/RefPepDB-RecentSet/7tlt/7tlt_peptide.pdb,recentset_replay
propedia_5y5s_0,/home/igem/unknown_software/datasets/propedia_formatted/propedia_5y5s_0/propedia_5y5s_0_protein_pocket.pdb,/home/igem/unknown_software/datasets/propedia_formatted/propedia_5y5s_0/propedia_5y5s_0_peptide.pdb,propedia_long
propedia_3vfv_C,/home/igem/unknown_software/datasets/propedia_formatted/propedia_3vfv_C/propedia_3vfv_C_protein_pocket.pdb,/home/igem/unknown_software/datasets/propedia_formatted/propedia_3vfv_C/propedia_3vfv_C_peptide.pdb,propedia_long
propedia_3bzz_A,/home/igem/unknown_software/datasets/propedia_formatted/propedia_3bzz_A/propedia_3bzz_A_protein_pocket.pdb,/home/igem/unknown_software/datasets/propedia_formatted/propedia_3bzz_A/propedia_3bzz_A_peptide.pdb,propedia_long
propedia_1mv0_A,/home/igem/unknown_software/datasets/propedia_formatted/propedia_1mv0_A/propedia_1mv0_A_protein_pocket.pdb,/home/igem/unknown_software/datasets/propedia_formatted/propedia_1mv0_A/propedia_1mv0_A_peptide.pdb,propedia_long
propedia_2mw2_B,/home/igem/unknown_software/datasets/propedia_formatted/propedia_2mw2_B/propedia_2mw2_B_protein_pocket.pdb,/home/igem/unknown_software/datasets/propedia_formatted/propedia_2mw2_B/propedia_2mw2_B_peptide.pdb,propedia_long
propedia_4dex_B,/home/igem/unknown_software/datasets/propedia_formatted/propedia_4dex_B/propedia_4dex_B_protein_pocket.pdb,/home/igem/unknown_software/datasets/propedia_formatted/propedia_4dex_B/propedia_4dex_B_peptide.pdb,propedia_long
propedia_1n64_P,/home/igem/unknown_software/datasets/propedia_formatted/propedia_1n64_P/propedia_1n64_P_protein_pocket.pdb,/home/igem/unknown_software/datasets/propedia_formatted/propedia_1n64_P/propedia_1n64_P_peptide.pdb,propedia_long
propedia_1zsg_B,/home/igem/unknown_software/datasets/propedia_formatted/propedia_1zsg_B/propedia_1zsg_B_protein_pocket.pdb,/home/igem/unknown_software/datasets/propedia_formatted/propedia_1zsg_B/propedia_1zsg_B_peptide.pdb,propedia_long
propedia_4q94_C,/home/igem/unknown_software/datasets/propedia_formatted/propedia_4q94_C/propedia_4q94_C_protein_pocket.pdb,/home/igem/unknown_software/datasets/propedia_formatted/propedia_4q94_C/propedia_4q94_C_peptide.pdb,propedia_long
propedia_1qz7_B,/home/igem/unknown_software/datasets/propedia_formatted/propedia_1qz7_B/propedia_1qz7_B_protein_pocket.pdb,/home/igem/unknown_software/datasets/propedia_formatted/propedia_1qz7_B/propedia_1qz7_B_peptide.pdb,propedia_long
propedia_1vc3_A,/home/igem/unknown_software/datasets/propedia_formatted/propedia_1vc3_A/propedia_1vc3_A_protein_pocket.pdb,/home/igem/unknown_software/datasets/propedia_formatted/propedia_1vc3_A/propedia_1vc3_A_peptide.pdb,propedia_long
propedia_1uvt_L,/home/igem/unknown_software/datasets/propedia_formatted/propedia_1uvt_L/propedia_1uvt_L_protein_pocket.pdb,/home/igem/unknown_software/datasets/propedia_formatted/propedia_1uvt_L/propedia_1uvt_L_peptide.pdb,propedia_long
propedia_5vx2_B,/home/igem/unknown_software/datasets/propedia_formatted/propedia_5vx2_B/propedia_5vx2_B_protein_pocket.pdb,/home/igem/unknown_software/datasets/propedia_formatted/propedia_5vx2_B/propedia_5vx2_B_peptide.pdb,propedia_long
propedia_1a3r_P,/home/igem/unknown_software/datasets/propedia_formatted/propedia_1a3r_P/propedia_1a3r_P_protein_pocket.pdb,/home/igem/unknown_software/datasets/propedia_formatted/propedia_1a3r_P/propedia_1a3r_P_peptide.pdb,propedia_long
propedia_3szs_A,/home/igem/unknown_software/datasets/propedia_formatted/propedia_3szs_A/propedia_3szs_A_protein_pocket.pdb,/home/igem/unknown_software/datasets/propedia_formatted/propedia_3szs_A/propedia_3szs_A_peptide.pdb,propedia_long
propedia_1iwq_B,/home/igem/unknown_software/datasets/propedia_formatted/propedia_1iwq_B/propedia_1iwq_B_protein_pocket.pdb,/home/igem/unknown_software/datasets/propedia_formatted/propedia_1iwq_B/propedia_1iwq_B_peptide.pdb,propedia_long
propedia_2mfq_B,/home/igem/unknown_software/datasets/propedia_formatted/propedia_2mfq_B/propedia_2mfq_B_protein_pocket.pdb,/home/igem/unknown_software/datasets/propedia_formatted/propedia_2mfq_B/propedia_2mfq_B_peptide.pdb,propedia_long
7wt4,/home/igem/unknown_software/datasets/RefPepDB-RecentSet/7wt4/7wt4_protein_pocket.pdb,/home/igem/unknown_software/datasets/RefPepDB-RecentSet/7wt4/7wt4_peptide.pdb,recentset_replay
propedia_6s9k_B,/home/igem/unknown_software/datasets/propedia_formatted/propedia_6s9k_B/propedia_6s9k_B_protein_pocket.pdb,/home/igem/unknown_software/datasets/propedia_formatted/propedia_6s9k_B/propedia_6s9k_B_peptide.pdb,propedia_long
propedia_3f2o_C,/home/igem/unknown_software/datasets/propedia_formatted/propedia_3f2o_C/propedia_3f2o_C_protein_pocket.pdb,/home/igem/unknown_software/datasets/propedia_formatted/propedia_3f2o_C/propedia_3f2o_C_peptide.pdb,propedia_long
propedia_2qho_B,/home/igem/unknown_software/datasets/propedia_formatted/propedia_2qho_B/propedia_2qho_B_protein_pocket.pdb,/home/igem/unknown_software/datasets/propedia_formatted/propedia_2qho_B/propedia_2qho_B_peptide.pdb,propedia_long
propedia_4jif_B,/home/igem/unknown_software/datasets/propedia_formatted/propedia_4jif_B/propedia_4jif_B_protein_pocket.pdb,/home/igem/unknown_software/datasets/propedia_formatted/propedia_4jif_B/propedia_4jif_B_peptide.pdb,propedia_long
propedia_1gbr_B,/home/igem/unknown_software/datasets/propedia_formatted/propedia_1gbr_B/propedia_1gbr_B_protein_pocket.pdb,/home/igem/unknown_software/datasets/propedia_formatted/propedia_1gbr_B/propedia_1gbr_B_peptide.pdb,propedia_long
propedia_4pbz_B,/home/igem/unknown_software/datasets/propedia_formatted/propedia_4pbz_B/propedia_4pbz_B_protein_pocket.pdb,/home/igem/unknown_software/datasets/propedia_formatted/propedia_4pbz_B/propedia_4pbz_B_peptide.pdb,propedia_long
propedia_6j8n_A,/home/igem/unknown_software/datasets/propedia_formatted/propedia_6j8n_A/propedia_6j8n_A_protein_pocket.pdb,/home/igem/unknown_software/datasets/propedia_formatted/propedia_6j8n_A/propedia_6j8n_A_peptide.pdb,propedia_long
propedia_4iim_D,/home/igem/unknown_software/datasets/propedia_formatted/propedia_4iim_D/propedia_4iim_D_protein_pocket.pdb,/home/igem/unknown_software/datasets/propedia_formatted/propedia_4iim_D/propedia_4iim_D_peptide.pdb,propedia_long
propedia_1kat_X,/home/igem/unknown_software/datasets/propedia_formatted/propedia_1kat_X/propedia_1kat_X_protein_pocket.pdb,/home/igem/unknown_software/datasets/propedia_formatted/propedia_1kat_X/propedia_1kat_X_peptide.pdb,propedia_long
propedia_6ekj_B,/home/igem/unknown_software/datasets/propedia_formatted/propedia_6ekj_B/propedia_6ekj_B_protein_pocket.pdb,/home/igem/unknown_software/datasets/propedia_formatted/propedia_6ekj_B/propedia_6ekj_B_peptide.pdb,propedia_long
propedia_3dxe_B,/home/igem/unknown_software/datasets/propedia_formatted/propedia_3dxe_B/propedia_3dxe_B_protein_pocket.pdb,/home/igem/unknown_software/datasets/propedia_formatted/propedia_3dxe_B/propedia_3dxe_B_peptide.pdb,propedia_long
7mb4,/home/igem/unknown_software/datasets/RefPepDB-RecentSet/7mb4/7mb4_protein_pocket.pdb,/home/igem/unknown_software/datasets/RefPepDB-RecentSet/7mb4/7mb4_peptide.pdb,recentset_replay
propedia_5fw5_C,/home/igem/unknown_software/datasets/propedia_formatted/propedia_5fw5_C/propedia_5fw5_C_protein_pocket.pdb,/home/igem/unknown_software/datasets/propedia_formatted/propedia_5fw5_C/propedia_5fw5_C_peptide.pdb,propedia_long
propedia_5ne4_4,/home/igem/unknown_software/datasets/propedia_formatted/propedia_5ne4_4/propedia_5ne4_4_protein_pocket.pdb,/home/igem/unknown_software/datasets/propedia_formatted/propedia_5ne4_4/propedia_5ne4_4_peptide.pdb,propedia_long
propedia_4a2a_C,/home/igem/unknown_software/datasets/propedia_formatted/propedia_4a2a_C/propedia_4a2a_C_protein_pocket.pdb,/home/igem/unknown_software/datasets/propedia_formatted/propedia_4a2a_C/propedia_4a2a_C_peptide.pdb,propedia_long
propedia_6e4z_P,/home/igem/unknown_software/datasets/propedia_formatted/propedia_6e4z_P/propedia_6e4z_P_protein_pocket.pdb,/home/igem/unknown_software/datasets/propedia_formatted/propedia_6e4z_P/propedia_6e4z_P_peptide.pdb,propedia_long
7dee,/home/igem/unknown_software/datasets/RefPepDB-RecentSet/7dee/7dee_protein_pocket.pdb,/home/igem/unknown_software/datasets/RefPepDB-RecentSet/7dee/7dee_peptide.pdb,recentset_replay
propedia_6hlv_B,/home/igem/unknown_software/datasets/propedia_formatted/propedia_6hlv_B/propedia_6hlv_B_protein_pocket.pdb,/home/igem/unknown_software/datasets/propedia_formatted/propedia_6hlv_B/propedia_6hlv_B_peptide.pdb,propedia_long
propedia_1ldt_L,/home/igem/unknown_software/datasets/propedia_formatted/propedia_1ldt_L/propedia_1ldt_L_protein_pocket.pdb,/home/igem/unknown_software/datasets/propedia_formatted/propedia_1ldt_L/propedia_1ldt_L_peptide.pdb,propedia_long
propedia_5we2_B,/home/igem/unknown_software/datasets/propedia_formatted/propedia_5we2_B/propedia_5we2_B_protein_pocket.pdb,/home/igem/unknown_software/datasets/propedia_formatted/propedia_5we2_B/propedia_5we2_B_peptide.pdb,propedia_long
propedia_4ue8_B,/home/igem/unknown_software/datasets/propedia_formatted/propedia_4ue8_B/propedia_4ue8_B_protein_pocket.pdb,/home/igem/unknown_software/datasets/propedia_formatted/propedia_4ue8_B/propedia_4ue8_B_peptide.pdb,propedia_long
propedia_1yrn_A,/home/igem/unknown_software/datasets/propedia_formatted/propedia_1yrn_A/propedia_1yrn_A_protein_pocket.pdb,/home/igem/unknown_software/datasets/propedia_formatted/propedia_1yrn_A/propedia_1yrn_A_peptide.pdb,propedia_long
propedia_4chg_G,/home/igem/unknown_software/datasets/propedia_formatted/propedia_4chg_G/propedia_4chg_G_protein_pocket.pdb,/home/igem/unknown_software/datasets/propedia_formatted/propedia_4chg_G/propedia_4chg_G_peptide.pdb,propedia_long
propedia_5az8_B,/home/igem/unknown_software/datasets/propedia_formatted/propedia_5az8_B/propedia_5az8_B_protein_pocket.pdb,/home/igem/unknown_software/datasets/propedia_formatted/propedia_5az8_B/propedia_5az8_B_peptide.pdb,propedia_long
propedia_4e6k_H,/home/igem/unknown_software/datasets/propedia_formatted/propedia_4e6k_H/propedia_4e6k_H_protein_pocket.pdb,/home/igem/unknown_software/datasets/propedia_formatted/propedia_4e6k_H/propedia_4e6k_H_peptide.pdb,propedia_long
propedia_2l1l_A,/home/igem/unknown_software/datasets/propedia_formatted/propedia_2l1l_A/propedia_2l1l_A_protein_pocket.pdb,/home/igem/unknown_software/datasets/propedia_formatted/propedia_2l1l_A/propedia_2l1l_A_peptide.pdb,propedia_long
propedia_1otr_A,/home/igem/unknown_software/datasets/propedia_formatted/propedia_1otr_A/propedia_1otr_A_protein_pocket.pdb,/home/igem/unknown_software/datasets/propedia_formatted/propedia_1otr_A/propedia_1otr_A_peptide.pdb,propedia_long
propedia_6l0v_B,/home/igem/unknown_software/datasets/propedia_formatted/propedia_6l0v_B/propedia_6l0v_B_protein_pocket.pdb,/home/igem/unknown_software/datasets/propedia_formatted/propedia_6l0v_B/propedia_6l0v_B_peptide.pdb,propedia_long
propedia_6n87_C,/home/igem/unknown_software/datasets/propedia_formatted/propedia_6n87_C/propedia_6n87_C_protein_pocket.pdb,/home/igem/unknown_software/datasets/propedia_formatted/propedia_6n87_C/propedia_6n87_C_peptide.pdb,propedia_long
propedia_3plu_C,/home/igem/unknown_software/datasets/propedia_formatted/propedia_3plu_C/propedia_3plu_C_protein_pocket.pdb,/home/igem/unknown_software/datasets/propedia_formatted/propedia_3plu_C/propedia_3plu_C_peptide.pdb,propedia_long
propedia_5jem_C,/home/igem/unknown_software/datasets/propedia_formatted/propedia_5jem_C/propedia_5jem_C_protein_pocket.pdb,/home/igem/unknown_software/datasets/propedia_formatted/propedia_5jem_C/propedia_5jem_C_peptide.pdb,propedia_long
propedia_5bnn_D,/home/igem/unknown_software/datasets/propedia_formatted/propedia_5bnn_D/propedia_5bnn_D_protein_pocket.pdb,/home/igem/unknown_software/datasets/propedia_formatted/propedia_5bnn_D/propedia_5bnn_D_peptide.pdb,propedia_long
propedia_4dlq_B,/home/igem/unknown_software/datasets/propedia_formatted/propedia_4dlq_B/propedia_4dlq_B_protein_pocket.pdb,/home/igem/unknown_software/datasets/propedia_formatted/propedia_4dlq_B/propedia_4dlq_B_peptide.pdb,propedia_long
propedia_2i94_B,/home/igem/unknown_software/datasets/propedia_formatted/propedia_2i94_B/propedia_2i94_B_protein_pocket.pdb,/home/igem/unknown_software/datasets/propedia_formatted/propedia_2i94_B/propedia_2i94_B_peptide.pdb,propedia_long
propedia_1ncq_D,/home/igem/unknown_software/datasets/propedia_formatted/propedia_1ncq_D/propedia_1ncq_D_protein_pocket.pdb,/home/igem/unknown_software/datasets/propedia_formatted/propedia_1ncq_D/propedia_1ncq_D_peptide.pdb,propedia_long
propedia_3ewt_E,/home/igem/unknown_software/datasets/propedia_formatted/propedia_3ewt_E/propedia_3ewt_E_protein_pocket.pdb,/home/igem/unknown_software/datasets/propedia_formatted/propedia_3ewt_E/propedia_3ewt_E_peptide.pdb,propedia_long
propedia_3t0y_B,/home/igem/unknown_software/datasets/propedia_formatted/propedia_3t0y_B/propedia_3t0y_B_protein_pocket.pdb,/home/igem/unknown_software/datasets/propedia_formatted/propedia_3t0y_B/propedia_3t0y_B_peptide.pdb,propedia_long
propedia_3o34_B,/home/igem/unknown_software/datasets/propedia_formatted/propedia_3o34_B/propedia_3o34_B_protein_pocket.pdb,/home/igem/unknown_software/datasets/propedia_formatted/propedia_3o34_B/propedia_3o34_B_peptide.pdb,propedia_long
propedia_1qs7_B,/home/igem/unknown_software/datasets/propedia_formatted/propedia_1qs7_B/propedia_1qs7_B_protein_pocket.pdb,/home/igem/unknown_software/datasets/propedia_formatted/propedia_1qs7_B/propedia_1qs7_B_peptide.pdb,propedia_long
propedia_2kri_B,/home/igem/unknown_software/datasets/propedia_formatted/propedia_2kri_B/propedia_2kri_B_protein_pocket.pdb,/home/igem/unknown_software/datasets/propedia_formatted/propedia_2kri_B/propedia_2kri_B_peptide.pdb,propedia_long
propedia_5jjy_B,/home/igem/unknown_software/datasets/propedia_formatted/propedia_5jjy_B/propedia_5jjy_B_protein_pocket.pdb,/home/igem/unknown_software/datasets/propedia_formatted/propedia_5jjy_B/propedia_5jjy_B_peptide.pdb,propedia_long
propedia_2ov2_I,/home/igem/unknown_software/datasets/propedia_formatted/propedia_2ov2_I/propedia_2ov2_I_protein_pocket.pdb,/home/igem/unknown_software/datasets/propedia_formatted/propedia_2ov2_I/propedia_2ov2_I_peptide.pdb,propedia_long
7t2u,/home/igem/unknown_software/datasets/RefPepDB-RecentSet/7t2u/7t2u_protein_pocket.pdb,/home/igem/unknown_software/datasets/RefPepDB-RecentSet/7t2u/7t2u_peptide.pdb,recentset_replay
propedia_5v2p_B,/home/igem/unknown_software/datasets/propedia_formatted/propedia_5v2p_B/propedia_5v2p_B_protein_pocket.pdb,/home/igem/unknown_software/datasets/propedia_formatted/propedia_5v2p_B/propedia_5v2p_B_peptide.pdb,propedia_long
7f2o,/home/igem/unknown_software/datasets/RefPepDB-RecentSet/7f2o/7f2o_protein_pocket.pdb,/home/igem/unknown_software/datasets/RefPepDB-RecentSet/7f2o/7f2o_peptide.pdb,recentset_replay
7rk3,/home/igem/unknown_software/datasets/RefPepDB-RecentSet/7rk3/7rk3_protein_pocket.pdb,/home/igem/unknown_software/datasets/RefPepDB-RecentSet/7rk3/7rk3_peptide.pdb,recentset_replay
propedia_4z9v_C,/home/igem/unknown_software/datasets/propedia_formatted/propedia_4z9v_C/propedia_4z9v_C_protein_pocket.pdb,/home/igem/unknown_software/datasets/propedia_formatted/propedia_4z9v_C/propedia_4z9v_C_peptide.pdb,propedia_long
propedia_4g5g_I,/home/igem/unknown_software/datasets/propedia_formatted/propedia_4g5g_I/propedia_4g5g_I_protein_pocket.pdb,/home/igem/unknown_software/datasets/propedia_formatted/propedia_4g5g_I/propedia_4g5g_I_peptide.pdb,propedia_long
propedia_2d10_E,/home/igem/unknown_software/datasets/propedia_formatted/propedia_2d10_E/propedia_2d10_E_protein_pocket.pdb,/home/igem/unknown_software/datasets/propedia_formatted/propedia_2d10_E/propedia_2d10_E_peptide.pdb,propedia_long
propedia_5z38_E,/home/igem/unknown_software/datasets/propedia_formatted/propedia_5z38_E/propedia_5z38_E_protein_pocket.pdb,/home/igem/unknown_software/datasets/propedia_formatted/propedia_5z38_E/propedia_5z38_E_peptide.pdb,propedia_long
propedia_5om3_B,/home/igem/unknown_software/datasets/propedia_formatted/propedia_5om3_B/propedia_5om3_B_protein_pocket.pdb,/home/igem/unknown_software/datasets/propedia_formatted/propedia_5om3_B/propedia_5om3_B_peptide.pdb,propedia_long
propedia_6jh8_B,/home/igem/unknown_software/datasets/propedia_formatted/propedia_6jh8_B/propedia_6jh8_B_protein_pocket.pdb,/home/igem/unknown_software/datasets/propedia_formatted/propedia_6jh8_B/propedia_6jh8_B_peptide.pdb,propedia_long
propedia_6tme_C,/home/igem/unknown_software/datasets/propedia_formatted/propedia_6tme_C/propedia_6tme_C_protein_pocket.pdb,/home/igem/unknown_software/datasets/propedia_formatted/propedia_6tme_C/propedia_6tme_C_peptide.pdb,propedia_long
propedia_5lef_C,/home/igem/unknown_software/datasets/propedia_formatted/propedia_5lef_C/propedia_5lef_C_protein_pocket.pdb,/home/igem/unknown_software/datasets/propedia_formatted/propedia_5lef_C/propedia_5lef_C_peptide.pdb,propedia_long
propedia_1r2b_C,/home/igem/unknown_software/datasets/propedia_formatted/propedia_1r2b_C/propedia_1r2b_C_protein_pocket.pdb,/home/igem/unknown_software/datasets/propedia_formatted/propedia_1r2b_C/propedia_1r2b_C_peptide.pdb,propedia_long
7own,/home/igem/unknown_software/datasets/RefPepDB-RecentSet/7own/7own_protein_pocket.pdb,/home/igem/unknown_software/datasets/RefPepDB-RecentSet/7own/7own_peptide.pdb,recentset_replay
propedia_1i51_E,/home/igem/unknown_software/datasets/propedia_formatted/propedia_1i51_E/propedia_1i51_E_protein_pocket.pdb,/home/igem/unknown_software/datasets/propedia_formatted/propedia_1i51_E/propedia_1i51_E_peptide.pdb,propedia_long
propedia_3cji_D,/home/igem/unknown_software/datasets/propedia_formatted/propedia_3cji_D/propedia_3cji_D_protein_pocket.pdb,/home/igem/unknown_software/datasets/propedia_formatted/propedia_3cji_D/propedia_3cji_D_peptide.pdb,propedia_long
propedia_3wmg_B,/home/igem/unknown_software/datasets/propedia_formatted/propedia_3wmg_B/propedia_3wmg_B_protein_pocket.pdb,/home/igem/unknown_software/datasets/propedia_formatted/propedia_3wmg_B/propedia_3wmg_B_peptide.pdb,propedia_long
propedia_3zqg_C,/home/igem/unknown_software/datasets/propedia_formatted/propedia_3zqg_C/propedia_3zqg_C_protein_pocket.pdb,/home/igem/unknown_software/datasets/propedia_formatted/propedia_3zqg_C/propedia_3zqg_C_peptide.pdb,propedia_long
propedia_6hl5_S,/home/igem/unknown_software/datasets/propedia_formatted/propedia_6hl5_S/propedia_6hl5_S_protein_pocket.pdb,/home/igem/unknown_software/datasets/propedia_formatted/propedia_6hl5_S/propedia_6hl5_S_peptide.pdb,propedia_long
propedia_3v4y_B,/home/igem/unknown_software/datasets/propedia_formatted/propedia_3v4y_B/propedia_3v4y_B_protein_pocket.pdb,/home/igem/unknown_software/datasets/propedia_formatted/propedia_3v4y_B/propedia_3v4y_B_peptide.pdb,propedia_long
propedia_1h8e_I,/home/igem/unknown_software/datasets/propedia_formatted/propedia_1h8e_I/propedia_1h8e_I_protein_pocket.pdb,/home/igem/unknown_software/datasets/propedia_formatted/propedia_1h8e_I/propedia_1h8e_I_peptide.pdb,propedia_long
propedia_2p6b_E,/home/igem/unknown_software/datasets/propedia_formatted/propedia_2p6b_E/propedia_2p6b_E_protein_pocket.pdb,/home/igem/unknown_software/datasets/propedia_formatted/propedia_2p6b_E/propedia_2p6b_E_peptide.pdb,propedia_long
7mgr,/home/igem/unknown_software/datasets/RefPepDB-RecentSet/7mgr/7mgr_protein_pocket.pdb,/home/igem/unknown_software/datasets/RefPepDB-RecentSet/7mgr/7mgr_peptide.pdb,recentset_replay
propedia_4ds7_E,/home/igem/unknown_software/datasets/propedia_formatted/propedia_4ds7_E/propedia_4ds7_E_protein_pocket.pdb,/home/igem/unknown_software/datasets/propedia_formatted/propedia_4ds7_E/propedia_4ds7_E_peptide.pdb,propedia_long
propedia_3tws_E,/home/igem/unknown_software/datasets/propedia_formatted/propedia_3tws_E/propedia_3tws_E_protein_pocket.pdb,/home/igem/unknown_software/datasets/propedia_formatted/propedia_3tws_E/propedia_3tws_E_peptide.pdb,propedia_long
propedia_6axl_G,/home/igem/unknown_software/datasets/propedia_formatted/propedia_6axl_G/propedia_6axl_G_protein_pocket.pdb,/home/igem/unknown_software/datasets/propedia_formatted/propedia_6axl_G/propedia_6axl_G_peptide.pdb,propedia_long
propedia_1zaf_C,/home/igem/unknown_software/datasets/propedia_formatted/propedia_1zaf_C/propedia_1zaf_C_protein_pocket.pdb,/home/igem/unknown_software/datasets/propedia_formatted/propedia_1zaf_C/propedia_1zaf_C_peptide.pdb,propedia_long
propedia_4h2v_C,/home/igem/unknown_software/datasets/propedia_formatted/propedia_4h2v_C/propedia_4h2v_C_protein_pocket.pdb,/home/igem/unknown_software/datasets/propedia_formatted/propedia_4h2v_C/propedia_4h2v_C_peptide.pdb,propedia_long
propedia_2fff_A,/home/igem/unknown_software/datasets/propedia_formatted/propedia_2fff_A/propedia_2fff_A_protein_pocket.pdb,/home/igem/unknown_software/datasets/propedia_formatted/propedia_2fff_A/propedia_2fff_A_peptide.pdb,propedia_long
propedia_3fxv_B,/home/igem/unknown_software/datasets/propedia_formatted/propedia_3fxv_B/propedia_3fxv_B_protein_pocket.pdb,/home/igem/unknown_software/datasets/propedia_formatted/propedia_3fxv_B/propedia_3fxv_B_peptide.pdb,propedia_long
propedia_3gj5_B,/home/igem/unknown_software/datasets/propedia_formatted/propedia_3gj5_B/propedia_3gj5_B_protein_pocket.pdb,/home/igem/unknown_software/datasets/propedia_formatted/propedia_3gj5_B/propedia_3gj5_B_peptide.pdb,propedia_long
propedia_4afx_B,/home/igem/unknown_software/datasets/propedia_formatted/propedia_4afx_B/propedia_4afx_B_protein_pocket.pdb,/home/igem/unknown_software/datasets/propedia_formatted/propedia_4afx_B/propedia_4afx_B_peptide.pdb,propedia_long
propedia_5fvl_C,/home/igem/unknown_software/datasets/propedia_formatted/propedia_5fvl_C/propedia_5fvl_C_protein_pocket.pdb,/home/igem/unknown_software/datasets/propedia_formatted/propedia_5fvl_C/propedia_5fvl_C_peptide.pdb,propedia_long
propedia_4tuk_I,/home/igem/unknown_software/datasets/propedia_formatted/propedia_4tuk_I/propedia_4tuk_I_protein_pocket.pdb,/home/igem/unknown_software/datasets/propedia_formatted/propedia_4tuk_I/propedia_4tuk_I_peptide.pdb,propedia_long
7vqp,/home/igem/unknown_software/datasets/RefPepDB-RecentSet/7vqp/7vqp_protein_pocket.pdb,/home/igem/unknown_software/datasets/RefPepDB-RecentSet/7vqp/7vqp_peptide.pdb,recentset_replay
propedia_4oyk_C,/home/igem/unknown_software/datasets/propedia_formatted/propedia_4oyk_C/propedia_4oyk_C_protein_pocket.pdb,/home/igem/unknown_software/datasets/propedia_formatted/propedia_4oyk_C/propedia_4oyk_C_peptide.pdb,propedia_long
propedia_6s24_F,/home/igem/unknown_software/datasets/propedia_formatted/propedia_6s24_F/propedia_6s24_F_protein_pocket.pdb,/home/igem/unknown_software/datasets/propedia_formatted/propedia_6s24_F/propedia_6s24_F_peptide.pdb,propedia_long
propedia_4nql_C,/home/igem/unknown_software/datasets/propedia_formatted/propedia_4nql_C/propedia_4nql_C_protein_pocket.pdb,/home/igem/unknown_software/datasets/propedia_formatted/propedia_4nql_C/propedia_4nql_C_peptide.pdb,propedia_long
propedia_4x8k_B,/home/igem/unknown_software/datasets/propedia_formatted/propedia_4x8k_B/propedia_4x8k_B_protein_pocket.pdb,/home/igem/unknown_software/datasets/propedia_formatted/propedia_4x8k_B/propedia_4x8k_B_peptide.pdb,propedia_long
propedia_4cy1_C,/home/igem/unknown_software/datasets/propedia_formatted/propedia_4cy1_C/propedia_4cy1_C_protein_pocket.pdb,/home/igem/unknown_software/datasets/propedia_formatted/propedia_4cy1_C/propedia_4cy1_C_peptide.pdb,propedia_long
propedia_4jk5_B,/home/igem/unknown_software/datasets/propedia_formatted/propedia_4jk5_B/propedia_4jk5_B_protein_pocket.pdb,/home/igem/unknown_software/datasets/propedia_formatted/propedia_4jk5_B/propedia_4jk5_B_peptide.pdb,propedia_long
propedia_2asq_B,/home/igem/unknown_software/datasets/propedia_formatted/propedia_2asq_B/propedia_2asq_B_protein_pocket.pdb,/home/igem/unknown_software/datasets/propedia_formatted/propedia_2asq_B/propedia_2asq_B_peptide.pdb,propedia_long
propedia_5eoa_C,/home/igem/unknown_software/datasets/propedia_formatted/propedia_5eoa_C/propedia_5eoa_C_protein_pocket.pdb,/home/igem/unknown_software/datasets/propedia_formatted/propedia_5eoa_C/propedia_5eoa_C_peptide.pdb,propedia_long
propedia_2rkz_M,/home/igem/unknown_software/datasets/propedia_formatted/propedia_2rkz_M/propedia_2rkz_M_protein_pocket.pdb,/home/igem/unknown_software/datasets/propedia_formatted/propedia_2rkz_M/propedia_2rkz_M_peptide.pdb,propedia_long
propedia_2mc0_B,/home/igem/unknown_software/datasets/propedia_formatted/propedia_2mc0_B/propedia_2mc0_B_protein_pocket.pdb,/home/igem/unknown_software/datasets/propedia_formatted/propedia_2mc0_B/propedia_2mc0_B_peptide.pdb,propedia_long
7rlv,/home/igem/unknown_software/datasets/RefPepDB-RecentSet/7rlv/7rlv_protein_pocket.pdb,/home/igem/unknown_software/datasets/RefPepDB-RecentSet/7rlv/7rlv_peptide.pdb,recentset_replay
propedia_6kmj_C,/home/igem/unknown_software/datasets/propedia_formatted/propedia_6kmj_C/propedia_6kmj_C_protein_pocket.pdb,/home/igem/unknown_software/datasets/propedia_formatted/propedia_6kmj_C/propedia_6kmj_C_peptide.pdb,propedia_long
propedia_2brq_C,/home/igem/unknown_software/datasets/propedia_formatted/propedia_2brq_C/propedia_2brq_C_protein_pocket.pdb,/home/igem/unknown_software/datasets/propedia_formatted/propedia_2brq_C/propedia_2brq_C_peptide.pdb,propedia_long
propedia_6k07_B,/home/igem/unknown_software/datasets/propedia_formatted/propedia_6k07_B/propedia_6k07_B_protein_pocket.pdb,/home/igem/unknown_software/datasets/propedia_formatted/propedia_6k07_B/propedia_6k07_B_peptide.pdb,propedia_long
propedia_6bil_C,/home/igem/unknown_software/datasets/propedia_formatted/propedia_6bil_C/propedia_6bil_C_protein_pocket.pdb,/home/igem/unknown_software/datasets/propedia_formatted/propedia_6bil_C/propedia_6bil_C_peptide.pdb,propedia_long
propedia_2uz6_K,/home/igem/unknown_software/datasets/propedia_formatted/propedia_2uz6_K/propedia_2uz6_K_protein_pocket.pdb,/home/igem/unknown_software/datasets/propedia_formatted/propedia_2uz6_K/propedia_2uz6_K_peptide.pdb,propedia_long
propedia_2g30_P,/home/igem/unknown_software/datasets/propedia_formatted/propedia_2g30_P/propedia_2g30_P_protein_pocket.pdb,/home/igem/unknown_software/datasets/propedia_formatted/propedia_2g30_P/propedia_2g30_P_peptide.pdb,propedia_long
propedia_5iq9_C,/home/igem/unknown_software/datasets/propedia_formatted/propedia_5iq9_C/propedia_5iq9_C_protein_pocket.pdb,/home/igem/unknown_software/datasets/propedia_formatted/propedia_5iq9_C/propedia_5iq9_C_peptide.pdb,propedia_long
propedia_5msm_C,/home/igem/unknown_software/datasets/propedia_formatted/propedia_5msm_C/propedia_5msm_C_protein_pocket.pdb,/home/igem/unknown_software/datasets/propedia_formatted/propedia_5msm_C/propedia_5msm_C_peptide.pdb,propedia_long
propedia_3vfw_C,/home/igem/unknown_software/datasets/propedia_formatted/propedia_3vfw_C/propedia_3vfw_C_protein_pocket.pdb,/home/igem/unknown_software/datasets/propedia_formatted/propedia_3vfw_C/propedia_3vfw_C_peptide.pdb,propedia_long
propedia_4mdd_C,/home/igem/unknown_software/datasets/propedia_formatted/propedia_4mdd_C/propedia_4mdd_C_protein_pocket.pdb,/home/igem/unknown_software/datasets/propedia_formatted/propedia_4mdd_C/propedia_4mdd_C_peptide.pdb,propedia_long
propedia_2mjf_A,/home/igem/unknown_software/datasets/propedia_formatted/propedia_2mjf_A/propedia_2mjf_A_protein_pocket.pdb,/home/igem/unknown_software/datasets/propedia_formatted/propedia_2mjf_A/propedia_2mjf_A_peptide.pdb,propedia_long
propedia_3ul1_A,/home/igem/unknown_software/datasets/propedia_formatted/propedia_3ul1_A/propedia_3ul1_A_protein_pocket.pdb,/home/igem/unknown_software/datasets/propedia_formatted/propedia_3ul1_A/propedia_3ul1_A_peptide.pdb,propedia_long
propedia_4xef_B,/home/igem/unknown_software/datasets/propedia_formatted/propedia_4xef_B/propedia_4xef_B_protein_pocket.pdb,/home/igem/unknown_software/datasets/propedia_formatted/propedia_4xef_B/propedia_4xef_B_peptide.pdb,propedia_long
propedia_4un2_B,/home/igem/unknown_software/datasets/propedia_formatted/propedia_4un2_B/propedia_4un2_B_protein_pocket.pdb,/home/igem/unknown_software/datasets/propedia_formatted/propedia_4un2_B/propedia_4un2_B_peptide.pdb,propedia_long
propedia_5hax_B,/home/igem/unknown_software/datasets/propedia_formatted/propedia_5hax_B/propedia_5hax_B_protein_pocket.pdb,/home/igem/unknown_software/datasets/propedia_formatted/propedia_5hax_B/propedia_5hax_B_peptide.pdb,propedia_long
propedia_2c5k_P,/home/igem/unknown_software/datasets/propedia_formatted/propedia_2c5k_P/propedia_2c5k_P_protein_pocket.pdb,/home/igem/unknown_software/datasets/propedia_formatted/propedia_2c5k_P/propedia_2c5k_P_peptide.pdb,propedia_long
propedia_3btp_B,/home/igem/unknown_software/datasets/propedia_formatted/propedia_3btp_B/propedia_3btp_B_protein_pocket.pdb,/home/igem/unknown_software/datasets/propedia_formatted/propedia_3btp_B/propedia_3btp_B_peptide.pdb,propedia_long
propedia_1fle_I,/home/igem/unknown_software/datasets/propedia_formatted/propedia_1fle_I/propedia_1fle_I_protein_pocket.pdb,/home/igem/unknown_software/datasets/propedia_formatted/propedia_1fle_I/propedia_1fle_I_peptide.pdb,propedia_long
propedia_4doq_B,/home/igem/unknown_software/datasets/propedia_formatted/propedia_4doq_B/propedia_4doq_B_protein_pocket.pdb,/home/igem/unknown_software/datasets/propedia_formatted/propedia_4doq_B/propedia_4doq_B_peptide.pdb,propedia_long
7leq,/home/igem/unknown_software/datasets/RefPepDB-RecentSet/7leq/7leq_protein_pocket.pdb,/home/igem/unknown_software/datasets/RefPepDB-RecentSet/7leq/7leq_peptide.pdb,recentset_replay
propedia_1htl_C,/home/igem/unknown_software/datasets/propedia_formatted/propedia_1htl_C/propedia_1htl_C_protein_pocket.pdb,/home/igem/unknown_software/datasets/propedia_formatted/propedia_1htl_C/propedia_1htl_C_peptide.pdb,propedia_long
propedia_5x08_P,/home/igem/unknown_software/datasets/propedia_formatted/propedia_5x08_P/propedia_5x08_P_protein_pocket.pdb,/home/igem/unknown_software/datasets/propedia_formatted/propedia_5x08_P/propedia_5x08_P_peptide.pdb,propedia_long
propedia_2f3z_B,/home/igem/unknown_software/datasets/propedia_formatted/propedia_2f3z_B/propedia_2f3z_B_protein_pocket.pdb,/home/igem/unknown_software/datasets/propedia_formatted/propedia_2f3z_B/propedia_2f3z_B_peptide.pdb,propedia_long
propedia_2qac_T,/home/igem/unknown_software/datasets/propedia_formatted/propedia_2qac_T/propedia_2qac_T_protein_pocket.pdb,/home/igem/unknown_software/datasets/propedia_formatted/propedia_2qac_T/propedia_2qac_T_peptide.pdb,propedia_long
propedia_3mk4_B,/home/igem/unknown_software/datasets/propedia_formatted/propedia_3mk4_B/propedia_3mk4_B_protein_pocket.pdb,/home/igem/unknown_software/datasets/propedia_formatted/propedia_3mk4_B/propedia_3mk4_B_peptide.pdb,propedia_long
propedia_3dve_B,/home/igem/unknown_software/datasets/propedia_formatted/propedia_3dve_B/propedia_3dve_B_protein_pocket.pdb,/home/igem/unknown_software/datasets/propedia_formatted/propedia_3dve_B/propedia_3dve_B_peptide.pdb,propedia_long
propedia_6jwj_C,/home/igem/unknown_software/datasets/propedia_formatted/propedia_6jwj_C/propedia_6jwj_C_protein_pocket.pdb,/home/igem/unknown_software/datasets/propedia_formatted/propedia_6jwj_C/propedia_6jwj_C_peptide.pdb,propedia_long
propedia_5mw9_C,/home/igem/unknown_software/datasets/propedia_formatted/propedia_5mw9_C/propedia_5mw9_C_protein_pocket.pdb,/home/igem/unknown_software/datasets/propedia_formatted/propedia_5mw9_C/propedia_5mw9_C_peptide.pdb,propedia_long
propedia_3u7x_C,/home/igem/unknown_software/datasets/propedia_formatted/propedia_3u7x_C/propedia_3u7x_C_protein_pocket.pdb,/home/igem/unknown_software/datasets/propedia_formatted/propedia_3u7x_C/propedia_3u7x_C_peptide.pdb,propedia_long
propedia_4uqt_B,/home/igem/unknown_software/datasets/propedia_formatted/propedia_4uqt_B/propedia_4uqt_B_protein_pocket.pdb,/home/igem/unknown_software/datasets/propedia_formatted/propedia_4uqt_B/propedia_4uqt_B_peptide.pdb,propedia_long
propedia_3r7g_B,/home/igem/unknown_software/datasets/propedia_formatted/propedia_3r7g_B/propedia_3r7g_B_protein_pocket.pdb,/home/igem/unknown_software/datasets/propedia_formatted/propedia_3r7g_B/propedia_3r7g_B_peptide.pdb,propedia_long
propedia_5hyc_C,/home/igem/unknown_software/datasets/propedia_formatted/propedia_5hyc_C/propedia_5hyc_C_protein_pocket.pdb,/home/igem/unknown_software/datasets/propedia_formatted/propedia_5hyc_C/propedia_5hyc_C_peptide.pdb,propedia_long
propedia_1uvq_C,/home/igem/unknown_software/datasets/propedia_formatted/propedia_1uvq_C/propedia_1uvq_C_protein_pocket.pdb,/home/igem/unknown_software/datasets/propedia_formatted/propedia_1uvq_C/propedia_1uvq_C_peptide.pdb,propedia_long
propedia_4wne_B,/home/igem/unknown_software/datasets/propedia_formatted/propedia_4wne_B/propedia_4wne_B_protein_pocket.pdb,/home/igem/unknown_software/datasets/propedia_formatted/propedia_4wne_B/propedia_4wne_B_peptide.pdb,propedia_long
propedia_6hy7_B,/home/igem/unknown_software/datasets/propedia_formatted/propedia_6hy7_B/propedia_6hy7_B_protein_pocket.pdb,/home/igem/unknown_software/datasets/propedia_formatted/propedia_6hy7_B/propedia_6hy7_B_peptide.pdb,propedia_long
propedia_4bwq_B,/home/igem/unknown_software/datasets/propedia_formatted/propedia_4bwq_B/propedia_4bwq_B_protein_pocket.pdb,/home/igem/unknown_software/datasets/propedia_formatted/propedia_4bwq_B/propedia_4bwq_B_peptide.pdb,propedia_long
8bf1,/home/igem/unknown_software/datasets/RefPepDB-RecentSet/8bf1/8bf1_protein_pocket.pdb,/home/igem/unknown_software/datasets/RefPepDB-RecentSet/8bf1/8bf1_peptide.pdb,recentset_replay
7v4w,/home/igem/unknown_software/datasets/RefPepDB-RecentSet/7v4w/7v4w_protein_pocket.pdb,/home/igem/unknown_software/datasets/RefPepDB-RecentSet/7v4w/7v4w_peptide.pdb,recentset_replay
propedia_4dnc_D,/home/igem/unknown_software/datasets/propedia_formatted/propedia_4dnc_D/propedia_4dnc_D_protein_pocket.pdb,/home/igem/unknown_software/datasets/propedia_formatted/propedia_4dnc_D/propedia_4dnc_D_peptide.pdb,propedia_long
propedia_5mwe_C,/home/igem/unknown_software/datasets/propedia_formatted/propedia_5mwe_C/propedia_5mwe_C_protein_pocket.pdb,/home/igem/unknown_software/datasets/propedia_formatted/propedia_5mwe_C/propedia_5mwe_C_peptide.pdb,propedia_long
propedia_6qmq_A,/home/igem/unknown_software/datasets/propedia_formatted/propedia_6qmq_A/propedia_6qmq_A_protein_pocket.pdb,/home/igem/unknown_software/datasets/propedia_formatted/propedia_6qmq_A/propedia_6qmq_A_peptide.pdb,propedia_long
propedia_6db7_P,/home/igem/unknown_software/datasets/propedia_formatted/propedia_6db7_P/propedia_6db7_P_protein_pocket.pdb,/home/igem/unknown_software/datasets/propedia_formatted/propedia_6db7_P/propedia_6db7_P_peptide.pdb,propedia_long
propedia_5mk0_B,/home/igem/unknown_software/datasets/propedia_formatted/propedia_5mk0_B/propedia_5mk0_B_protein_pocket.pdb,/home/igem/unknown_software/datasets/propedia_formatted/propedia_5mk0_B/propedia_5mk0_B_peptide.pdb,propedia_long
propedia_5j28_C,/home/igem/unknown_software/datasets/propedia_formatted/propedia_5j28_C/propedia_5j28_C_protein_pocket.pdb,/home/igem/unknown_software/datasets/propedia_formatted/propedia_5j28_C/propedia_5j28_C_peptide.pdb,propedia_long
7yzj,/home/igem/unknown_software/datasets/RefPepDB-RecentSet/7yzj/7yzj_protein_pocket.pdb,/home/igem/unknown_software/datasets/RefPepDB-RecentSet/7yzj/7yzj_peptide.pdb,recentset_replay
7s8q,/home/igem/unknown_software/datasets/RefPepDB-RecentSet/7s8q/7s8q_protein_pocket.pdb,/home/igem/unknown_software/datasets/RefPepDB-RecentSet/7s8q/7s8q_peptide.pdb,recentset_replay
propedia_5vk0_B,/home/igem/unknown_software/datasets/propedia_formatted/propedia_5vk0_B/propedia_5vk0_B_protein_pocket.pdb,/home/igem/unknown_software/datasets/propedia_formatted/propedia_5vk0_B/propedia_5vk0_B_peptide.pdb,propedia_long
propedia_4yi0_A,/home/igem/unknown_software/datasets/propedia_formatted/propedia_4yi0_A/propedia_4yi0_A_protein_pocket.pdb,/home/igem/unknown_software/datasets/propedia_formatted/propedia_4yi0_A/propedia_4yi0_A_peptide.pdb,propedia_long
propedia_5jek_C,/home/igem/unknown_software/datasets/propedia_formatted/propedia_5jek_C/propedia_5jek_C_protein_pocket.pdb,/home/igem/unknown_software/datasets/propedia_formatted/propedia_5jek_C/propedia_5jek_C_peptide.pdb,propedia_long
propedia_5l0r_B,/home/igem/unknown_software/datasets/propedia_formatted/propedia_5l0r_B/propedia_5l0r_B_protein_pocket.pdb,/home/igem/unknown_software/datasets/propedia_formatted/propedia_5l0r_B/propedia_5l0r_B_peptide.pdb,propedia_long
propedia_3u8x_B,/home/igem/unknown_software/datasets/propedia_formatted/propedia_3u8x_B/propedia_3u8x_B_protein_pocket.pdb,/home/igem/unknown_software/datasets/propedia_formatted/propedia_3u8x_B/propedia_3u8x_B_peptide.pdb,propedia_long
propedia_2las_B,/home/igem/unknown_software/datasets/propedia_formatted/propedia_2las_B/propedia_2las_B_protein_pocket.pdb,/home/igem/unknown_software/datasets/propedia_formatted/propedia_2las_B/propedia_2las_B_peptide.pdb,propedia_long
propedia_4w4z_E,/home/igem/unknown_software/datasets/propedia_formatted/propedia_4w4z_E/propedia_4w4z_E_protein_pocket.pdb,/home/igem/unknown_software/datasets/propedia_formatted/propedia_4w4z_E/propedia_4w4z_E_peptide.pdb,propedia_long
propedia_6f0h_B,/home/igem/unknown_software/datasets/propedia_formatted/propedia_6f0h_B/propedia_6f0h_B_protein_pocket.pdb,/home/igem/unknown_software/datasets/propedia_formatted/propedia_6f0h_B/propedia_6f0h_B_peptide.pdb,propedia_long
propedia_6j0x_E,/home/igem/unknown_software/datasets/propedia_formatted/propedia_6j0x_E/propedia_6j0x_E_protein_pocket.pdb,/home/igem/unknown_software/datasets/propedia_formatted/propedia_6j0x_E/propedia_6j0x_E_peptide.pdb,propedia_long
propedia_5uwi_D,/home/igem/unknown_software/datasets/propedia_formatted/propedia_5uwi_D/propedia_5uwi_D_protein_pocket.pdb,/home/igem/unknown_software/datasets/propedia_formatted/propedia_5uwi_D/propedia_5uwi_D_peptide.pdb,propedia_long
8d35,/home/igem/unknown_software/datasets/RefPepDB-RecentSet/8d35/8d35_protein_pocket.pdb,/home/igem/unknown_software/datasets/RefPepDB-RecentSet/8d35/8d35_peptide.pdb,recentset_replay
propedia_1g5j_B,/home/igem/unknown_software/datasets/propedia_formatted/propedia_1g5j_B/propedia_1g5j_B_protein_pocket.pdb,/home/igem/unknown_software/datasets/propedia_formatted/propedia_1g5j_B/propedia_1g5j_B_peptide.pdb,propedia_long
propedia_5izu_B,/home/igem/unknown_software/datasets/propedia_formatted/propedia_5izu_B/propedia_5izu_B_protein_pocket.pdb,/home/igem/unknown_software/datasets/propedia_formatted/propedia_5izu_B/propedia_5izu_B_peptide.pdb,propedia_long
propedia_6bnh_B,/home/igem/unknown_software/datasets/propedia_formatted/propedia_6bnh_B/propedia_6bnh_B_protein_pocket.pdb,/home/igem/unknown_software/datasets/propedia_formatted/propedia_6bnh_B/propedia_6bnh_B_peptide.pdb,propedia_long
propedia_6a3c_D,/home/igem/unknown_software/datasets/propedia_formatted/propedia_6a3c_D/propedia_6a3c_D_protein_pocket.pdb,/home/igem/unknown_software/datasets/propedia_formatted/propedia_6a3c_D/propedia_6a3c_D_peptide.pdb,propedia_long
propedia_6hgf_B,/home/igem/unknown_software/datasets/propedia_formatted/propedia_6hgf_B/propedia_6hgf_B_protein_pocket.pdb,/home/igem/unknown_software/datasets/propedia_formatted/propedia_6hgf_B/propedia_6hgf_B_peptide.pdb,propedia_long
propedia_3ik5_B,/home/igem/unknown_software/datasets/propedia_formatted/propedia_3ik5_B/propedia_3ik5_B_protein_pocket.pdb,/home/igem/unknown_software/datasets/propedia_formatted/propedia_3ik5_B/propedia_3ik5_B_peptide.pdb,propedia_long
propedia_5f84_B,/home/igem/unknown_software/datasets/propedia_formatted/propedia_5f84_B/propedia_5f84_B_protein_pocket.pdb,/home/igem/unknown_software/datasets/propedia_formatted/propedia_5f84_B/propedia_5f84_B_peptide.pdb,propedia_long
propedia_6ghd_G,/home/igem/unknown_software/datasets/propedia_formatted/propedia_6ghd_G/propedia_6ghd_G_protein_pocket.pdb,/home/igem/unknown_software/datasets/propedia_formatted/propedia_6ghd_G/propedia_6ghd_G_peptide.pdb,propedia_long
propedia_1iak_P,/home/igem/unknown_software/datasets/propedia_formatted/propedia_1iak_P/propedia_1iak_P_protein_pocket.pdb,/home/igem/unknown_software/datasets/propedia_formatted/propedia_1iak_P/propedia_1iak_P_peptide.pdb,propedia_long
7pdq,/home/igem/unknown_software/datasets/RefPepDB-RecentSet/7pdq/7pdq_protein_pocket.pdb,/home/igem/unknown_software/datasets/RefPepDB-RecentSet/7pdq/7pdq_peptide.pdb,recentset_replay
propedia_5ou8_C,/home/igem/unknown_software/datasets/propedia_formatted/propedia_5ou8_C/propedia_5ou8_C_protein_pocket.pdb,/home/igem/unknown_software/datasets/propedia_formatted/propedia_5ou8_C/propedia_5ou8_C_peptide.pdb,propedia_long
propedia_2y0i_S,/home/igem/unknown_software/datasets/propedia_formatted/propedia_2y0i_S/propedia_2y0i_S_protein_pocket.pdb,/home/igem/unknown_software/datasets/propedia_formatted/propedia_2y0i_S/propedia_2y0i_S_peptide.pdb,propedia_long
propedia_6hc8_E,/home/igem/unknown_software/datasets/propedia_formatted/propedia_6hc8_E/propedia_6hc8_E_protein_pocket.pdb,/home/igem/unknown_software/datasets/propedia_formatted/propedia_6hc8_E/propedia_6hc8_E_peptide.pdb,propedia_long
propedia_6dae_C,/home/igem/unknown_software/datasets/propedia_formatted/propedia_6dae_C/propedia_6dae_C_protein_pocket.pdb,/home/igem/unknown_software/datasets/propedia_formatted/propedia_6dae_C/propedia_6dae_C_peptide.pdb,propedia_long
propedia_3e5a_B,/home/igem/unknown_software/datasets/propedia_formatted/propedia_3e5a_B/propedia_3e5a_B_protein_pocket.pdb,/home/igem/unknown_software/datasets/propedia_formatted/propedia_3e5a_B/propedia_3e5a_B_peptide.pdb,propedia_long
propedia_1svf_B,/home/igem/unknown_software/datasets/propedia_formatted/propedia_1svf_B/propedia_1svf_B_protein_pocket.pdb,/home/igem/unknown_software/datasets/propedia_formatted/propedia_1svf_B/propedia_1svf_B_peptide.pdb,propedia_long
propedia_2ktf_B,/home/igem/unknown_software/datasets/propedia_formatted/propedia_2ktf_B/propedia_2ktf_B_protein_pocket.pdb,/home/igem/unknown_software/datasets/propedia_formatted/propedia_2ktf_B/propedia_2ktf_B_peptide.pdb,propedia_long
propedia_4d2m_B,/home/igem/unknown_software/datasets/propedia_formatted/propedia_4d2m_B/propedia_4d2m_B_protein_pocket.pdb,/home/igem/unknown_software/datasets/propedia_formatted/propedia_4d2m_B/propedia_4d2m_B_peptide.pdb,propedia_long
7ds8,/home/igem/unknown_software/datasets/RefPepDB-RecentSet/7ds8/7ds8_protein_pocket.pdb,/home/igem/unknown_software/datasets/RefPepDB-RecentSet/7ds8/7ds8_peptide.pdb,recentset_replay
propedia_4aok_A,/home/igem/unknown_software/datasets/propedia_formatted/propedia_4aok_A/propedia_4aok_A_protein_pocket.pdb,/home/igem/unknown_software/datasets/propedia_formatted/propedia_4aok_A/propedia_4aok_A_peptide.pdb,propedia_long
propedia_4cu4_B,/home/igem/unknown_software/datasets/propedia_formatted/propedia_4cu4_B/propedia_4cu4_B_protein_pocket.pdb,/home/igem/unknown_software/datasets/propedia_formatted/propedia_4cu4_B/propedia_4cu4_B_peptide.pdb,propedia_long
propedia_2d7c_C,/home/igem/unknown_software/datasets/propedia_formatted/propedia_2d7c_C/propedia_2d7c_C_protein_pocket.pdb,/home/igem/unknown_software/datasets/propedia_formatted/propedia_2d7c_C/propedia_2d7c_C_peptide.pdb,propedia_long
7edo,/home/igem/unknown_software/datasets/RefPepDB-RecentSet/7edo/7edo_protein_pocket.pdb,/home/igem/unknown_software/datasets/RefPepDB-RecentSet/7edo/7edo_peptide.pdb,recentset_replay
propedia_5gpi_A,/home/igem/unknown_software/datasets/propedia_formatted/propedia_5gpi_A/propedia_5gpi_A_protein_pocket.pdb,/home/igem/unknown_software/datasets/propedia_formatted/propedia_5gpi_A/propedia_5gpi_A_peptide.pdb,propedia_long
propedia_3mlr_P,/home/igem/unknown_software/datasets/propedia_formatted/propedia_3mlr_P/propedia_3mlr_P_protein_pocket.pdb,/home/igem/unknown_software/datasets/propedia_formatted/propedia_3mlr_P/propedia_3mlr_P_peptide.pdb,propedia_long
propedia_2mpm_B,/home/igem/unknown_software/datasets/propedia_formatted/propedia_2mpm_B/propedia_2mpm_B_protein_pocket.pdb,/home/igem/unknown_software/datasets/propedia_formatted/propedia_2mpm_B/propedia_2mpm_B_peptide.pdb,propedia_long
propedia_5gsa_C,/home/igem/unknown_software/datasets/propedia_formatted/propedia_5gsa_C/propedia_5gsa_C_protein_pocket.pdb,/home/igem/unknown_software/datasets/propedia_formatted/propedia_5gsa_C/propedia_5gsa_C_peptide.pdb,propedia_long
propedia_2g54_C,/home/igem/unknown_software/datasets/propedia_formatted/propedia_2g54_C/propedia_2g54_C_protein_pocket.pdb,/home/igem/unknown_software/datasets/propedia_formatted/propedia_2g54_C/propedia_2g54_C_peptide.pdb,propedia_long
propedia_1p3q_Q,/home/igem/unknown_software/datasets/propedia_formatted/propedia_1p3q_Q/propedia_1p3q_Q_protein_pocket.pdb,/home/igem/unknown_software/datasets/propedia_formatted/propedia_1p3q_Q/propedia_1p3q_Q_peptide.pdb,propedia_long
propedia_1w88_I,/home/igem/unknown_software/datasets/propedia_formatted/propedia_1w88_I/propedia_1w88_I_protein_pocket.pdb,/home/igem/unknown_software/datasets/propedia_formatted/propedia_1w88_I/propedia_1w88_I_peptide.pdb,propedia_long
propedia_1emu_B,/home/igem/unknown_software/datasets/propedia_formatted/propedia_1emu_B/propedia_1emu_B_protein_pocket.pdb,/home/igem/unknown_software/datasets/propedia_formatted/propedia_1emu_B/propedia_1emu_B_peptide.pdb,propedia_long
propedia_3tj5_B,/home/igem/unknown_software/datasets/propedia_formatted/propedia_3tj5_B/propedia_3tj5_B_protein_pocket.pdb,/home/igem/unknown_software/datasets/propedia_formatted/propedia_3tj5_B/propedia_3tj5_B_peptide.pdb,propedia_long
propedia_4hpu_I,/home/igem/unknown_software/datasets/propedia_formatted/propedia_4hpu_I/propedia_4hpu_I_protein_pocket.pdb,/home/igem/unknown_software/datasets/propedia_formatted/propedia_4hpu_I/propedia_4hpu_I_peptide.pdb,propedia_long
propedia_5c5r_C,/home/igem/unknown_software/datasets/propedia_formatted/propedia_5c5r_C/propedia_5c5r_C_protein_pocket.pdb,/home/igem/unknown_software/datasets/propedia_formatted/propedia_5c5r_C/propedia_5c5r_C_peptide.pdb,propedia_long
propedia_3zrk_X,/home/igem/unknown_software/datasets/propedia_formatted/propedia_3zrk_X/propedia_3zrk_X_protein_pocket.pdb,/home/igem/unknown_software/datasets/propedia_formatted/propedia_3zrk_X/propedia_3zrk_X_peptide.pdb,propedia_long
propedia_4c5e_E,/home/igem/unknown_software/datasets/propedia_formatted/propedia_4c5e_E/propedia_4c5e_E_protein_pocket.pdb,/home/igem/unknown_software/datasets/propedia_formatted/propedia_4c5e_E/propedia_4c5e_E_peptide.pdb,propedia_long
7tsx,/home/igem/unknown_software/datasets/RefPepDB-RecentSet/7tsx/7tsx_protein_pocket.pdb,/home/igem/unknown_software/datasets/RefPepDB-RecentSet/7tsx/7tsx_peptide.pdb,recentset_replay
propedia_1n4m_C,/home/igem/unknown_software/datasets/propedia_formatted/propedia_1n4m_C/propedia_1n4m_C_protein_pocket.pdb,/home/igem/unknown_software/datasets/propedia_formatted/propedia_1n4m_C/propedia_1n4m_C_peptide.pdb,propedia_long
7ta7,/home/igem/unknown_software/datasets/RefPepDB-RecentSet/7ta7/7ta7_protein_pocket.pdb,/home/igem/unknown_software/datasets/RefPepDB-RecentSet/7ta7/7ta7_peptide.pdb,recentset_replay
propedia_3rnm_F,/home/igem/unknown_software/datasets/propedia_formatted/propedia_3rnm_F/propedia_3rnm_F_protein_pocket.pdb,/home/igem/unknown_software/datasets/propedia_formatted/propedia_3rnm_F/propedia_3rnm_F_peptide.pdb,propedia_long
propedia_5v61_I,/home/igem/unknown_software/datasets/propedia_formatted/propedia_5v61_I/propedia_5v61_I_protein_pocket.pdb,/home/igem/unknown_software/datasets/propedia_formatted/propedia_5v61_I/propedia_5v61_I_peptide.pdb,propedia_long
propedia_2vgp_C,/home/igem/unknown_software/datasets/propedia_formatted/propedia_2vgp_C/propedia_2vgp_C_protein_pocket.pdb,/home/igem/unknown_software/datasets/propedia_formatted/propedia_2vgp_C/propedia_2vgp_C_peptide.pdb,propedia_long
7bn1,/home/igem/unknown_software/datasets/RefPepDB-RecentSet/7bn1/7bn1_protein_pocket.pdb,/home/igem/unknown_software/datasets/RefPepDB-RecentSet/7bn1/7bn1_peptide.pdb,recentset_replay
propedia_3ffd_P,/home/igem/unknown_software/datasets/propedia_formatted/propedia_3ffd_P/propedia_3ffd_P_protein_pocket.pdb,/home/igem/unknown_software/datasets/propedia_formatted/propedia_3ffd_P/propedia_3ffd_P_peptide.pdb,propedia_long
propedia_4xek_C,/home/igem/unknown_software/datasets/propedia_formatted/propedia_4xek_C/propedia_4xek_C_protein_pocket.pdb,/home/igem/unknown_software/datasets/propedia_formatted/propedia_4xek_C/propedia_4xek_C_peptide.pdb,propedia_long
propedia_6b9m_D,/home/igem/unknown_software/datasets/propedia_formatted/propedia_6b9m_D/propedia_6b9m_D_protein_pocket.pdb,/home/igem/unknown_software/datasets/propedia_formatted/propedia_6b9m_D/propedia_6b9m_D_peptide.pdb,propedia_long
propedia_3ktr_B,/home/igem/unknown_software/datasets/propedia_formatted/propedia_3ktr_B/propedia_3ktr_B_protein_pocket.pdb,/home/igem/unknown_software/datasets/propedia_formatted/propedia_3ktr_B/propedia_3ktr_B_peptide.pdb,propedia_long
propedia_6f0w_S,/home/igem/unknown_software/datasets/propedia_formatted/propedia_6f0w_S/propedia_6f0w_S_protein_pocket.pdb,/home/igem/unknown_software/datasets/propedia_formatted/propedia_6f0w_S/propedia_6f0w_S_peptide.pdb,propedia_long
propedia_1rk8_C,/home/igem/unknown_software/datasets/propedia_formatted/propedia_1rk8_C/propedia_1rk8_C_protein_pocket.pdb,/home/igem/unknown_software/datasets/propedia_formatted/propedia_1rk8_C/propedia_1rk8_C_peptide.pdb,propedia_long
7zlg,/home/igem/unknown_software/datasets/RefPepDB-RecentSet/7zlg/7zlg_protein_pocket.pdb,/home/igem/unknown_software/datasets/RefPepDB-RecentSet/7zlg/7zlg_peptide.pdb,recentset_replay
propedia_1tab_I,/home/igem/unknown_software/datasets/propedia_formatted/propedia_1tab_I/propedia_1tab_I_protein_pocket.pdb,/home/igem/unknown_software/datasets/propedia_formatted/propedia_1tab_I/propedia_1tab_I_peptide.pdb,propedia_long
propedia_6mv5_P,/home/igem/unknown_software/datasets/propedia_formatted/propedia_6mv5_P/propedia_6mv5_P_protein_pocket.pdb,/home/igem/unknown_software/datasets/propedia_formatted/propedia_6mv5_P/propedia_6mv5_P_peptide.pdb,propedia_long
propedia_4moy_B,/home/igem/unknown_software/datasets/propedia_formatted/propedia_4moy_B/propedia_4moy_B_protein_pocket.pdb,/home/igem/unknown_software/datasets/propedia_formatted/propedia_4moy_B/propedia_4moy_B_peptide.pdb,propedia_long
propedia_6bir_C,/home/igem/unknown_software/datasets/propedia_formatted/propedia_6bir_C/propedia_6bir_C_protein_pocket.pdb,/home/igem/unknown_software/datasets/propedia_formatted/propedia_6bir_C/propedia_6bir_C_peptide.pdb,propedia_long
propedia_3am7_B,/home/igem/unknown_software/datasets/propedia_formatted/propedia_3am7_B/propedia_3am7_B_protein_pocket.pdb,/home/igem/unknown_software/datasets/propedia_formatted/propedia_3am7_B/propedia_3am7_B_peptide.pdb,propedia_long
propedia_2gzd_C,/home/igem/unknown_software/datasets/propedia_formatted/propedia_2gzd_C/propedia_2gzd_C_protein_pocket.pdb,/home/igem/unknown_software/datasets/propedia_formatted/propedia_2gzd_C/propedia_2gzd_C_peptide.pdb,propedia_long
propedia_6bix_C,/home/igem/unknown_software/datasets/propedia_formatted/propedia_6bix_C/propedia_6bix_C_protein_pocket.pdb,/home/igem/unknown_software/datasets/propedia_formatted/propedia_6bix_C/propedia_6bix_C_peptide.pdb,propedia_long
propedia_1dp5_B,/home/igem/unknown_software/datasets/propedia_formatted/propedia_1dp5_B/propedia_1dp5_B_protein_pocket.pdb,/home/igem/unknown_software/datasets/propedia_formatted/propedia_1dp5_B/propedia_1dp5_B_peptide.pdb,propedia_long
propedia_2vog_B,/home/igem/unknown_software/datasets/propedia_formatted/propedia_2vog_B/propedia_2vog_B_protein_pocket.pdb,/home/igem/unknown_software/datasets/propedia_formatted/propedia_2vog_B/propedia_2vog_B_peptide.pdb,propedia_long
propedia_2kvm_B,/home/igem/unknown_software/datasets/propedia_formatted/propedia_2kvm_B/propedia_2kvm_B_protein_pocket.pdb,/home/igem/unknown_software/datasets/propedia_formatted/propedia_2kvm_B/propedia_2kvm_B_peptide.pdb,propedia_long
propedia_2yq7_B,/home/igem/unknown_software/datasets/propedia_formatted/propedia_2yq7_B/propedia_2yq7_B_protein_pocket.pdb,/home/igem/unknown_software/datasets/propedia_formatted/propedia_2yq7_B/propedia_2yq7_B_peptide.pdb,propedia_long
7u09,/home/igem/unknown_software/datasets/RefPepDB-RecentSet/7u09/7u09_protein_pocket.pdb,/home/igem/unknown_software/datasets/RefPepDB-RecentSet/7u09/7u09_peptide.pdb,recentset_replay
7mb5,/home/igem/unknown_software/datasets/RefPepDB-RecentSet/7mb5/7mb5_protein_pocket.pdb,/home/igem/unknown_software/datasets/RefPepDB-RecentSet/7mb5/7mb5_peptide.pdb,recentset_replay
propedia_5o4y_A,/home/igem/unknown_software/datasets/propedia_formatted/propedia_5o4y_A/propedia_5o4y_A_protein_pocket.pdb,/home/igem/unknown_software/datasets/propedia_formatted/propedia_5o4y_A/propedia_5o4y_A_peptide.pdb,propedia_long
7wj2,/home/igem/unknown_software/datasets/RefPepDB-RecentSet/7wj2/7wj2_protein_pocket.pdb,/home/igem/unknown_software/datasets/RefPepDB-RecentSet/7wj2/7wj2_peptide.pdb,recentset_replay
7lul,/home/igem/unknown_software/datasets/RefPepDB-RecentSet/7lul/7lul_protein_pocket.pdb,/home/igem/unknown_software/datasets/RefPepDB-RecentSet/7lul/7lul_peptide.pdb,recentset_replay
propedia_4l5n_C,/home/igem/unknown_software/datasets/propedia_formatted/propedia_4l5n_C/propedia_4l5n_C_protein_pocket.pdb,/home/igem/unknown_software/datasets/propedia_formatted/propedia_4l5n_C/propedia_4l5n_C_peptide.pdb,propedia_long
propedia_2roz_A,/home/igem/unknown_software/datasets/propedia_formatted/propedia_2roz_A/propedia_2roz_A_protein_pocket.pdb,/home/igem/unknown_software/datasets/propedia_formatted/propedia_2roz_A/propedia_2roz_A_peptide.pdb,propedia_long
propedia_6hon_B,/home/igem/unknown_software/datasets/propedia_formatted/propedia_6hon_B/propedia_6hon_B_protein_pocket.pdb,/home/igem/unknown_software/datasets/propedia_formatted/propedia_6hon_B/propedia_6hon_B_peptide.pdb,propedia_long
propedia_3dd7_B,/home/igem/unknown_software/datasets/propedia_formatted/propedia_3dd7_B/propedia_3dd7_B_protein_pocket.pdb,/home/igem/unknown_software/datasets/propedia_formatted/propedia_3dd7_B/propedia_3dd7_B_peptide.pdb,propedia_long
propedia_5mw0_C,/home/igem/unknown_software/datasets/propedia_formatted/propedia_5mw0_C/propedia_5mw0_C_protein_pocket.pdb,/home/igem/unknown_software/datasets/propedia_formatted/propedia_5mw0_C/propedia_5mw0_C_peptide.pdb,propedia_long
7aos,/home/igem/unknown_software/datasets/RefPepDB-RecentSet/7aos/7aos_protein_pocket.pdb,/home/igem/unknown_software/datasets/RefPepDB-RecentSet/7aos/7aos_peptide.pdb,recentset_replay
7smf,/home/igem/unknown_software/datasets/RefPepDB-RecentSet/7smf/7smf_protein_pocket.pdb,/home/igem/unknown_software/datasets/RefPepDB-RecentSet/7smf/7smf_peptide.pdb,recentset_replay
propedia_4ycu_C,/home/igem/unknown_software/datasets/propedia_formatted/propedia_4ycu_C/propedia_4ycu_C_protein_pocket.pdb,/home/igem/unknown_software/datasets/propedia_formatted/propedia_4ycu_C/propedia_4ycu_C_peptide.pdb,propedia_long
propedia_3owt_C,/home/igem/unknown_software/datasets/propedia_formatted/propedia_3owt_C/propedia_3owt_C_protein_pocket.pdb,/home/igem/unknown_software/datasets/propedia_formatted/propedia_3owt_C/propedia_3owt_C_peptide.pdb,propedia_long
propedia_2lxp_B,/home/igem/unknown_software/datasets/propedia_formatted/propedia_2lxp_B/propedia_2lxp_B_protein_pocket.pdb,/home/igem/unknown_software/datasets/propedia_formatted/propedia_2lxp_B/propedia_2lxp_B_peptide.pdb,propedia_long
7uva,/home/igem/unknown_software/datasets/RefPepDB-RecentSet/7uva/7uva_protein_pocket.pdb,/home/igem/unknown_software/datasets/RefPepDB-RecentSet/7uva/7uva_peptide.pdb,recentset_replay
propedia_2plx_B,/home/igem/unknown_software/datasets/propedia_formatted/propedia_2plx_B/propedia_2plx_B_protein_pocket.pdb,/home/igem/unknown_software/datasets/propedia_formatted/propedia_2plx_B/propedia_2plx_B_peptide.pdb,propedia_long
propedia_3twu_B,/home/igem/unknown_software/datasets/propedia_formatted/propedia_3twu_B/propedia_3twu_B_protein_pocket.pdb,/home/igem/unknown_software/datasets/propedia_formatted/propedia_3twu_B/propedia_3twu_B_peptide.pdb,propedia_long
propedia_2zu0_D,/home/igem/unknown_software/datasets/propedia_formatted/propedia_2zu0_D/propedia_2zu0_D_protein_pocket.pdb,/home/igem/unknown_software/datasets/propedia_formatted/propedia_2zu0_D/propedia_2zu0_D_peptide.pdb,propedia_long
propedia_6mbb_B,/home/igem/unknown_software/datasets/propedia_formatted/propedia_6mbb_B/propedia_6mbb_B_protein_pocket.pdb,/home/igem/unknown_software/datasets/propedia_formatted/propedia_6mbb_B/propedia_6mbb_B_peptide.pdb,propedia_long
propedia_3tm7_A,/home/igem/unknown_software/datasets/propedia_formatted/propedia_3tm7_A/propedia_3tm7_A_protein_pocket.pdb,/home/igem/unknown_software/datasets/propedia_formatted/propedia_3tm7_A/propedia_3tm7_A_peptide.pdb,propedia_long
propedia_3zia_J,/home/igem/unknown_software/datasets/propedia_formatted/propedia_3zia_J/propedia_3zia_J_protein_pocket.pdb,/home/igem/unknown_software/datasets/propedia_formatted/propedia_3zia_J/propedia_3zia_J_peptide.pdb,propedia_long
propedia_1zav_U,/home/igem/unknown_software/datasets/propedia_formatted/propedia_1zav_U/propedia_1zav_U_protein_pocket.pdb,/home/igem/unknown_software/datasets/propedia_formatted/propedia_1zav_U/propedia_1zav_U_peptide.pdb,propedia_long
propedia_6e4y_P,/home/igem/unknown_software/datasets/propedia_formatted/propedia_6e4y_P/propedia_6e4y_P_protein_pocket.pdb,/home/igem/unknown_software/datasets/propedia_formatted/propedia_6e4y_P/propedia_6e4y_P_peptide.pdb,propedia_long
propedia_6nk1_C,/home/igem/unknown_software/datasets/propedia_formatted/propedia_6nk1_C/propedia_6nk1_C_protein_pocket.pdb,/home/igem/unknown_software/datasets/propedia_formatted/propedia_6nk1_C/propedia_6nk1_C_peptide.pdb,propedia_long
propedia_2jgc_B,/home/igem/unknown_software/datasets/propedia_formatted/propedia_2jgc_B/propedia_2jgc_B_protein_pocket.pdb,/home/igem/unknown_software/datasets/propedia_formatted/propedia_2jgc_B/propedia_2jgc_B_peptide.pdb,propedia_long
propedia_5u5f_D,/home/igem/unknown_software/datasets/propedia_formatted/propedia_5u5f_D/propedia_5u5f_D_protein_pocket.pdb,/home/igem/unknown_software/datasets/propedia_formatted/propedia_5u5f_D/propedia_5u5f_D_peptide.pdb,propedia_long
propedia_6qnn_B,/home/igem/unknown_software/datasets/propedia_formatted/propedia_6qnn_B/propedia_6qnn_B_protein_pocket.pdb,/home/igem/unknown_software/datasets/propedia_formatted/propedia_6qnn_B/propedia_6qnn_B_peptide.pdb,propedia_long
propedia_1aym_4,/home/igem/unknown_software/datasets/propedia_formatted/propedia_1aym_4/propedia_1aym_4_protein_pocket.pdb,/home/igem/unknown_software/datasets/propedia_formatted/propedia_1aym_4/propedia_1aym_4_peptide.pdb,propedia_long
propedia_5vkl_B,/home/igem/unknown_software/datasets/propedia_formatted/propedia_5vkl_B/propedia_5vkl_B_protein_pocket.pdb,/home/igem/unknown_software/datasets/propedia_formatted/propedia_5vkl_B/propedia_5vkl_B_peptide.pdb,propedia_long
propedia_3n9z_C,/home/igem/unknown_software/datasets/propedia_formatted/propedia_3n9z_C/propedia_3n9z_C_protein_pocket.pdb,/home/igem/unknown_software/datasets/propedia_formatted/propedia_3n9z_C/propedia_3n9z_C_peptide.pdb,propedia_long
propedia_4b4s_B,/home/igem/unknown_software/datasets/propedia_formatted/propedia_4b4s_B/propedia_4b4s_B_protein_pocket.pdb,/home/igem/unknown_software/datasets/propedia_formatted/propedia_4b4s_B/propedia_4b4s_B_peptide.pdb,propedia_long
propedia_4iv1_D,/home/igem/unknown_software/datasets/propedia_formatted/propedia_4iv1_D/propedia_4iv1_D_protein_pocket.pdb,/home/igem/unknown_software/datasets/propedia_formatted/propedia_4iv1_D/propedia_4iv1_D_peptide.pdb,propedia_long
propedia_4yiz_B,/home/igem/unknown_software/datasets/propedia_formatted/propedia_4yiz_B/propedia_4yiz_B_protein_pocket.pdb,/home/igem/unknown_software/datasets/propedia_formatted/propedia_4yiz_B/propedia_4yiz_B_peptide.pdb,propedia_long
propedia_4yk9_B,/home/igem/unknown_software/datasets/propedia_formatted/propedia_4yk9_B/propedia_4yk9_B_protein_pocket.pdb,/home/igem/unknown_software/datasets/propedia_formatted/propedia_4yk9_B/propedia_4yk9_B_peptide.pdb,propedia_long
propedia_6bz3_B,/home/igem/unknown_software/datasets/propedia_formatted/propedia_6bz3_B/propedia_6bz3_B_protein_pocket.pdb,/home/igem/unknown_software/datasets/propedia_formatted/propedia_6bz3_B/propedia_6bz3_B_peptide.pdb,propedia_long
propedia_4n5t_B,/home/igem/unknown_software/datasets/propedia_formatted/propedia_4n5t_B/propedia_4n5t_B_protein_pocket.pdb,/home/igem/unknown_software/datasets/propedia_formatted/propedia_4n5t_B/propedia_4n5t_B_peptide.pdb,propedia_long
propedia_3h3g_B,/home/igem/unknown_software/datasets/propedia_formatted/propedia_3h3g_B/propedia_3h3g_B_protein_pocket.pdb,/home/igem/unknown_software/datasets/propedia_formatted/propedia_3h3g_B/propedia_3h3g_B_peptide.pdb,propedia_long
propedia_2ksp_B,/home/igem/unknown_software/datasets/propedia_formatted/propedia_2ksp_B/propedia_2ksp_B_protein_pocket.pdb,/home/igem/unknown_software/datasets/propedia_formatted/propedia_2ksp_B/propedia_2ksp_B_peptide.pdb,propedia_long
propedia_4uzy_B,/home/igem/unknown_software/datasets/propedia_formatted/propedia_4uzy_B/propedia_4uzy_B_protein_pocket.pdb,/home/igem/unknown_software/datasets/propedia_formatted/propedia_4uzy_B/propedia_4uzy_B_peptide.pdb,propedia_long
propedia_4wng_B,/home/igem/unknown_software/datasets/propedia_formatted/propedia_4wng_B/propedia_4wng_B_protein_pocket.pdb,/home/igem/unknown_software/datasets/propedia_formatted/propedia_4wng_B/propedia_4wng_B_peptide.pdb,propedia_long
7vph,/home/igem/unknown_software/datasets/RefPepDB-RecentSet/7vph/7vph_protein_pocket.pdb,/home/igem/unknown_software/datasets/RefPepDB-RecentSet/7vph/7vph_peptide.pdb,recentset_replay
propedia_2n01_A,/home/igem/unknown_software/datasets/propedia_formatted/propedia_2n01_A/propedia_2n01_A_protein_pocket.pdb,/home/igem/unknown_software/datasets/propedia_formatted/propedia_2n01_A/propedia_2n01_A_peptide.pdb,propedia_long
propedia_2qkh_B,/home/igem/unknown_software/datasets/propedia_formatted/propedia_2qkh_B/propedia_2qkh_B_protein_pocket.pdb,/home/igem/unknown_software/datasets/propedia_formatted/propedia_2qkh_B/propedia_2qkh_B_peptide.pdb,propedia_long
propedia_6ox3_Y,/home/igem/unknown_software/datasets/propedia_formatted/propedia_6ox3_Y/propedia_6ox3_Y_protein_pocket.pdb,/home/igem/unknown_software/datasets/propedia_formatted/propedia_6ox3_Y/propedia_6ox3_Y_peptide.pdb,propedia_long
propedia_4txq_C,/home/igem/unknown_software/datasets/propedia_formatted/propedia_4txq_C/propedia_4txq_C_protein_pocket.pdb,/home/igem/unknown_software/datasets/propedia_formatted/propedia_4txq_C/propedia_4txq_C_peptide.pdb,propedia_long
propedia_2lpb_B,/home/igem/unknown_software/datasets/propedia_formatted/propedia_2lpb_B/propedia_2lpb_B_protein_pocket.pdb,/home/igem/unknown_software/datasets/propedia_formatted/propedia_2lpb_B/propedia_2lpb_B_peptide.pdb,propedia_long
propedia_5oaq_L,/home/igem/unknown_software/datasets/propedia_formatted/propedia_5oaq_L/propedia_5oaq_L_protein_pocket.pdb,/home/igem/unknown_software/datasets/propedia_formatted/propedia_5oaq_L/propedia_5oaq_L_peptide.pdb,propedia_long
propedia_5li1_B,/home/igem/unknown_software/datasets/propedia_formatted/propedia_5li1_B/propedia_5li1_B_protein_pocket.pdb,/home/igem/unknown_software/datasets/propedia_formatted/propedia_5li1_B/propedia_5li1_B_peptide.pdb,propedia_long
propedia_2xcf_C,/home/igem/unknown_software/datasets/propedia_formatted/propedia_2xcf_C/propedia_2xcf_C_protein_pocket.pdb,/home/igem/unknown_software/datasets/propedia_formatted/propedia_2xcf_C/propedia_2xcf_C_peptide.pdb,propedia_long
propedia_5ky9_B,/home/igem/unknown_software/datasets/propedia_formatted/propedia_5ky9_B/propedia_5ky9_B_protein_pocket.pdb,/home/igem/unknown_software/datasets/propedia_formatted/propedia_5ky9_B/propedia_5ky9_B_peptide.pdb,propedia_long
propedia_1cmx_D,/home/igem/unknown_software/datasets/propedia_formatted/propedia_1cmx_D/propedia_1cmx_D_protein_pocket.pdb,/home/igem/unknown_software/datasets/propedia_formatted/propedia_1cmx_D/propedia_1cmx_D_peptide.pdb,propedia_long
propedia_4xev_C,/home/igem/unknown_software/datasets/propedia_formatted/propedia_4xev_C/propedia_4xev_C_protein_pocket.pdb,/home/igem/unknown_software/datasets/propedia_formatted/propedia_4xev_C/propedia_4xev_C_peptide.pdb,propedia_long
propedia_2y5t_E,/home/igem/unknown_software/datasets/propedia_formatted/propedia_2y5t_E/propedia_2y5t_E_protein_pocket.pdb,/home/igem/unknown_software/datasets/propedia_formatted/propedia_2y5t_E/propedia_2y5t_E_peptide.pdb,propedia_long
propedia_3l0l_C,/home/igem/unknown_software/datasets/propedia_formatted/propedia_3l0l_C/propedia_3l0l_C_protein_pocket.pdb,/home/igem/unknown_software/datasets/propedia_formatted/propedia_3l0l_C/propedia_3l0l_C_peptide.pdb,propedia_long
propedia_2a06_I,/home/igem/unknown_software/datasets/propedia_formatted/propedia_2a06_I/propedia_2a06_I_protein_pocket.pdb,/home/igem/unknown_software/datasets/propedia_formatted/propedia_2a06_I/propedia_2a06_I_peptide.pdb,propedia_long
8gqw,/home/igem/unknown_software/datasets/RefPepDB-RecentSet/8gqw/8gqw_protein_pocket.pdb,/home/igem/unknown_software/datasets/RefPepDB-RecentSet/8gqw/8gqw_peptide.pdb,recentset_replay
propedia_3up3_P,/home/igem/unknown_software/datasets/propedia_formatted/propedia_3up3_P/propedia_3up3_P_protein_pocket.pdb,/home/igem/unknown_software/datasets/propedia_formatted/propedia_3up3_P/propedia_3up3_P_peptide.pdb,propedia_long
propedia_1oc0_B,/home/igem/unknown_software/datasets/propedia_formatted/propedia_1oc0_B/propedia_1oc0_B_protein_pocket.pdb,/home/igem/unknown_software/datasets/propedia_formatted/propedia_1oc0_B/propedia_1oc0_B_peptide.pdb,propedia_long
propedia_1rgj_B,/home/igem/unknown_software/datasets/propedia_formatted/propedia_1rgj_B/propedia_1rgj_B_protein_pocket.pdb,/home/igem/unknown_software/datasets/propedia_formatted/propedia_1rgj_B/propedia_1rgj_B_peptide.pdb,propedia_long
propedia_6pfo_C,/home/igem/unknown_software/datasets/propedia_formatted/propedia_6pfo_C/propedia_6pfo_C_protein_pocket.pdb,/home/igem/unknown_software/datasets/propedia_formatted/propedia_6pfo_C/propedia_6pfo_C_peptide.pdb,propedia_long
7emc,/home/igem/unknown_software/datasets/RefPepDB-RecentSet/7emc/7emc_protein_pocket.pdb,/home/igem/unknown_software/datasets/RefPepDB-RecentSet/7emc/7emc_peptide.pdb,recentset_replay
propedia_5v1y_E,/home/igem/unknown_software/datasets/propedia_formatted/propedia_5v1y_E/propedia_5v1y_E_protein_pocket.pdb,/home/igem/unknown_software/datasets/propedia_formatted/propedia_5v1y_E/propedia_5v1y_E_peptide.pdb,propedia_long
8ia5,/home/igem/unknown_software/datasets/RefPepDB-RecentSet/8ia5/8ia5_protein_pocket.pdb,/home/igem/unknown_software/datasets/RefPepDB-RecentSet/8ia5/8ia5_peptide.pdb,recentset_replay
propedia_5tdy_A,/home/igem/unknown_software/datasets/propedia_formatted/propedia_5tdy_A/propedia_5tdy_A_protein_pocket.pdb,/home/igem/unknown_software/datasets/propedia_formatted/propedia_5tdy_A/propedia_5tdy_A_peptide.pdb,propedia_long
8he3,/home/igem/unknown_software/datasets/RefPepDB-RecentSet/8he3/8he3_protein_pocket.pdb,/home/igem/unknown_software/datasets/RefPepDB-RecentSet/8he3/8he3_peptide.pdb,recentset_replay
propedia_2mwn_A,/home/igem/unknown_software/datasets/propedia_formatted/propedia_2mwn_A/propedia_2mwn_A_protein_pocket.pdb,/home/igem/unknown_software/datasets/propedia_formatted/propedia_2mwn_A/propedia_2mwn_A_peptide.pdb,propedia_long
propedia_6j56_C,/home/igem/unknown_software/datasets/propedia_formatted/propedia_6j56_C/propedia_6j56_C_protein_pocket.pdb,/home/igem/unknown_software/datasets/propedia_formatted/propedia_6j56_C/propedia_6j56_C_peptide.pdb,propedia_long
propedia_4mcy_C,/home/igem/unknown_software/datasets/propedia_formatted/propedia_4mcy_C/propedia_4mcy_C_protein_pocket.pdb,/home/igem/unknown_software/datasets/propedia_formatted/propedia_4mcy_C/propedia_4mcy_C_peptide.pdb,propedia_long
propedia_3zs9_C,/home/igem/unknown_software/datasets/propedia_formatted/propedia_3zs9_C/propedia_3zs9_C_protein_pocket.pdb,/home/igem/unknown_software/datasets/propedia_formatted/propedia_3zs9_C/propedia_3zs9_C_peptide.pdb,propedia_long
propedia_1tu3_F,/home/igem/unknown_software/datasets/propedia_formatted/propedia_1tu3_F/propedia_1tu3_F_protein_pocket.pdb,/home/igem/unknown_software/datasets/propedia_formatted/propedia_1tu3_F/propedia_1tu3_F_peptide.pdb,propedia_long
propedia_1sbw_I,/home/igem/unknown_software/datasets/propedia_formatted/propedia_1sbw_I/propedia_1sbw_I_protein_pocket.pdb,/home/igem/unknown_software/datasets/propedia_formatted/propedia_1sbw_I/propedia_1sbw_I_peptide.pdb,propedia_long
propedia_4cxf_B,/home/igem/unknown_software/datasets/propedia_formatted/propedia_4cxf_B/propedia_4cxf_B_protein_pocket.pdb,/home/igem/unknown_software/datasets/propedia_formatted/propedia_4cxf_B/propedia_4cxf_B_peptide.pdb,propedia_long
propedia_4u1e_B,/home/igem/unknown_software/datasets/propedia_formatted/propedia_4u1e_B/propedia_4u1e_B_protein_pocket.pdb,/home/igem/unknown_software/datasets/propedia_formatted/propedia_4u1e_B/propedia_4u1e_B_peptide.pdb,propedia_long
propedia_4kel_B,/home/igem/unknown_software/datasets/propedia_formatted/propedia_4kel_B/propedia_4kel_B_protein_pocket.pdb,/home/igem/unknown_software/datasets/propedia_formatted/propedia_4kel_B/propedia_4kel_B_peptide.pdb,propedia_long
propedia_1h9h_I,/home/igem/unknown_software/datasets/propedia_formatted/propedia_1h9h_I/propedia_1h9h_I_protein_pocket.pdb,/home/igem/unknown_software/datasets/propedia_formatted/propedia_1h9h_I/propedia_1h9h_I_peptide.pdb,propedia_long
propedia_2n3k_B,/home/igem/unknown_software/datasets/propedia_formatted/propedia_2n3k_B/propedia_2n3k_B_protein_pocket.pdb,/home/igem/unknown_software/datasets/propedia_formatted/propedia_2n3k_B/propedia_2n3k_B_peptide.pdb,propedia_long
propedia_2dt7_A,/home/igem/unknown_software/datasets/propedia_formatted/propedia_2dt7_A/propedia_2dt7_A_protein_pocket.pdb,/home/igem/unknown_software/datasets/propedia_formatted/propedia_2dt7_A/propedia_2dt7_A_peptide.pdb,propedia_long
propedia_5cfc_D,/home/igem/unknown_software/datasets/propedia_formatted/propedia_5cfc_D/propedia_5cfc_D_protein_pocket.pdb,/home/igem/unknown_software/datasets/propedia_formatted/propedia_5cfc_D/propedia_5cfc_D_peptide.pdb,propedia_long
propedia_6j19_B,/home/igem/unknown_software/datasets/propedia_formatted/propedia_6j19_B/propedia_6j19_B_protein_pocket.pdb,/home/igem/unknown_software/datasets/propedia_formatted/propedia_6j19_B/propedia_6j19_B_peptide.pdb,propedia_long
propedia_4wqp_P,/home/igem/unknown_software/datasets/propedia_formatted/propedia_4wqp_P/propedia_4wqp_P_protein_pocket.pdb,/home/igem/unknown_software/datasets/propedia_formatted/propedia_4wqp_P/propedia_4wqp_P_peptide.pdb,propedia_long
propedia_6i2a_D,/home/igem/unknown_software/datasets/propedia_formatted/propedia_6i2a_D/propedia_6i2a_D_protein_pocket.pdb,/home/igem/unknown_software/datasets/propedia_formatted/propedia_6i2a_D/propedia_6i2a_D_peptide.pdb,propedia_long
7pvt,/home/igem/unknown_software/datasets/RefPepDB-RecentSet/7pvt/7pvt_protein_pocket.pdb,/home/igem/unknown_software/datasets/RefPepDB-RecentSet/7pvt/7pvt_peptide.pdb,recentset_replay
propedia_5e8d_A,/home/igem/unknown_software/datasets/propedia_formatted/propedia_5e8d_A/propedia_5e8d_A_protein_pocket.pdb,/home/igem/unknown_software/datasets/propedia_formatted/propedia_5e8d_A/propedia_5e8d_A_peptide.pdb,propedia_long
propedia_2p1l_B,/home/igem/unknown_software/datasets/propedia_formatted/propedia_2p1l_B/propedia_2p1l_B_protein_pocket.pdb,/home/igem/unknown_software/datasets/propedia_formatted/propedia_2p1l_B/propedia_2p1l_B_peptide.pdb,propedia_long
propedia_2e30_B,/home/igem/unknown_software/datasets/propedia_formatted/propedia_2e30_B/propedia_2e30_B_protein_pocket.pdb,/home/igem/unknown_software/datasets/propedia_formatted/propedia_2e30_B/propedia_2e30_B_peptide.pdb,propedia_long
propedia_2lsr_B,/home/igem/unknown_software/datasets/propedia_formatted/propedia_2lsr_B/propedia_2lsr_B_protein_pocket.pdb,/home/igem/unknown_software/datasets/propedia_formatted/propedia_2lsr_B/propedia_2lsr_B_peptide.pdb,propedia_long
propedia_6j4o_B,/home/igem/unknown_software/datasets/propedia_formatted/propedia_6j4o_B/propedia_6j4o_B_protein_pocket.pdb,/home/igem/unknown_software/datasets/propedia_formatted/propedia_6j4o_B/propedia_6j4o_B_peptide.pdb,propedia_long
propedia_1mey_G,/home/igem/unknown_software/datasets/propedia_formatted/propedia_1mey_G/propedia_1mey_G_protein_pocket.pdb,/home/igem/unknown_software/datasets/propedia_formatted/propedia_1mey_G/propedia_1mey_G_peptide.pdb,propedia_long
propedia_1hbt_I,/home/igem/unknown_software/datasets/propedia_formatted/propedia_1hbt_I/propedia_1hbt_I_protein_pocket.pdb,/home/igem/unknown_software/datasets/propedia_formatted/propedia_1hbt_I/propedia_1hbt_I_peptide.pdb,propedia_long
propedia_4qe6_B,/home/igem/unknown_software/datasets/propedia_formatted/propedia_4qe6_B/propedia_4qe6_B_protein_pocket.pdb,/home/igem/unknown_software/datasets/propedia_formatted/propedia_4qe6_B/propedia_4qe6_B_peptide.pdb,propedia_long
propedia_3dbo_A,/home/igem/unknown_software/datasets/propedia_formatted/propedia_3dbo_A/propedia_3dbo_A_protein_pocket.pdb,/home/igem/unknown_software/datasets/propedia_formatted/propedia_3dbo_A/propedia_3dbo_A_peptide.pdb,propedia_long
propedia_2ka6_B,/home/igem/unknown_software/datasets/propedia_formatted/propedia_2ka6_B/propedia_2ka6_B_protein_pocket.pdb,/home/igem/unknown_software/datasets/propedia_formatted/propedia_2ka6_B/propedia_2ka6_B_peptide.pdb,propedia_long
propedia_4qqi_X,/home/igem/unknown_software/datasets/propedia_formatted/propedia_4qqi_X/propedia_4qqi_X_protein_pocket.pdb,/home/igem/unknown_software/datasets/propedia_formatted/propedia_4qqi_X/propedia_4qqi_X_peptide.pdb,propedia_long
propedia_6ms4_B,/home/igem/unknown_software/datasets/propedia_formatted/propedia_6ms4_B/propedia_6ms4_B_protein_pocket.pdb,/home/igem/unknown_software/datasets/propedia_formatted/propedia_6ms4_B/propedia_6ms4_B_peptide.pdb,propedia_long
propedia_4g35_B,/home/igem/unknown_software/datasets/propedia_formatted/propedia_4g35_B/propedia_4g35_B_protein_pocket.pdb,/home/igem/unknown_software/datasets/propedia_formatted/propedia_4g35_B/propedia_4g35_B_peptide.pdb,propedia_long
7fgj,/home/igem/unknown_software/datasets/RefPepDB-RecentSet/7fgj/7fgj_protein_pocket.pdb,/home/igem/unknown_software/datasets/RefPepDB-RecentSet/7fgj/7fgj_peptide.pdb,recentset_replay
propedia_4esg_C,/home/igem/unknown_software/datasets/propedia_formatted/propedia_4esg_C/propedia_4esg_C_protein_pocket.pdb,/home/igem/unknown_software/datasets/propedia_formatted/propedia_4esg_C/propedia_4esg_C_peptide.pdb,propedia_long
propedia_5xjl_M,/home/igem/unknown_software/datasets/propedia_formatted/propedia_5xjl_M/propedia_5xjl_M_protein_pocket.pdb,/home/igem/unknown_software/datasets/propedia_formatted/propedia_5xjl_M/propedia_5xjl_M_peptide.pdb,propedia_long
propedia_5o5m_C,/home/igem/unknown_software/datasets/propedia_formatted/propedia_5o5m_C/propedia_5o5m_C_protein_pocket.pdb,/home/igem/unknown_software/datasets/propedia_formatted/propedia_5o5m_C/propedia_5o5m_C_peptide.pdb,propedia_long
propedia_6mje_B,/home/igem/unknown_software/datasets/propedia_formatted/propedia_6mje_B/propedia_6mje_B_protein_pocket.pdb,/home/igem/unknown_software/datasets/propedia_formatted/propedia_6mje_B/propedia_6mje_B_peptide.pdb,propedia_long
7rdv,/home/igem/unknown_software/datasets/RefPepDB-RecentSet/7rdv/7rdv_protein_pocket.pdb,/home/igem/unknown_software/datasets/RefPepDB-RecentSet/7rdv/7rdv_peptide.pdb,recentset_replay
7q43,/home/igem/unknown_software/datasets/RefPepDB-RecentSet/7q43/7q43_protein_pocket.pdb,/home/igem/unknown_software/datasets/RefPepDB-RecentSet/7q43/7q43_peptide.pdb,recentset_replay
propedia_5ock_A,/home/igem/unknown_software/datasets/propedia_formatted/propedia_5ock_A/propedia_5ock_A_protein_pocket.pdb,/home/igem/unknown_software/datasets/propedia_formatted/propedia_5ock_A/propedia_5ock_A_peptide.pdb,propedia_long
propedia_5kc1_A,/home/igem/unknown_software/datasets/propedia_formatted/propedia_5kc1_A/propedia_5kc1_A_protein_pocket.pdb,/home/igem/unknown_software/datasets/propedia_formatted/propedia_5kc1_A/propedia_5kc1_A_peptide.pdb,propedia_long
propedia_3kui_B,/home/igem/unknown_software/datasets/propedia_formatted/propedia_3kui_B/propedia_3kui_B_protein_pocket.pdb,/home/igem/unknown_software/datasets/propedia_formatted/propedia_3kui_B/propedia_3kui_B_peptide.pdb,propedia_long
propedia_2g56_C,/home/igem/unknown_software/datasets/propedia_formatted/propedia_2g56_C/propedia_2g56_C_protein_pocket.pdb,/home/igem/unknown_software/datasets/propedia_formatted/propedia_2g56_C/propedia_2g56_C_peptide.pdb,propedia_long
propedia_1l4w_B,/home/igem/unknown_software/datasets/propedia_formatted/propedia_1l4w_B/propedia_1l4w_B_protein_pocket.pdb,/home/igem/unknown_software/datasets/propedia_formatted/propedia_1l4w_B/propedia_1l4w_B_peptide.pdb,propedia_long
propedia_2lsi_B,/home/igem/unknown_software/datasets/propedia_formatted/propedia_2lsi_B/propedia_2lsi_B_protein_pocket.pdb,/home/igem/unknown_software/datasets/propedia_formatted/propedia_2lsi_B/propedia_2lsi_B_peptide.pdb,propedia_long
propedia_5ji0_E,/home/igem/unknown_software/datasets/propedia_formatted/propedia_5ji0_E/propedia_5ji0_E_protein_pocket.pdb,/home/igem/unknown_software/datasets/propedia_formatted/propedia_5ji0_E/propedia_5ji0_E_peptide.pdb,propedia_long
propedia_1pyu_A,/home/igem/unknown_software/datasets/propedia_formatted/propedia_1pyu_A/propedia_1pyu_A_protein_pocket.pdb,/home/igem/unknown_software/datasets/propedia_formatted/propedia_1pyu_A/propedia_1pyu_A_peptide.pdb,propedia_long
propedia_5v3n_B,/home/igem/unknown_software/datasets/propedia_formatted/propedia_5v3n_B/propedia_5v3n_B_protein_pocket.pdb,/home/igem/unknown_software/datasets/propedia_formatted/propedia_5v3n_B/propedia_5v3n_B_peptide.pdb,propedia_long
propedia_6g0y_G,/home/igem/unknown_software/datasets/propedia_formatted/propedia_6g0y_G/propedia_6g0y_G_protein_pocket.pdb,/home/igem/unknown_software/datasets/propedia_formatted/propedia_6g0y_G/propedia_6g0y_G_peptide.pdb,propedia_long
propedia_3ukz_C,/home/igem/unknown_software/datasets/propedia_formatted/propedia_3ukz_C/propedia_3ukz_C_protein_pocket.pdb,/home/igem/unknown_software/datasets/propedia_formatted/propedia_3ukz_C/propedia_3ukz_C_peptide.pdb,propedia_long
propedia_2ykt_B,/home/igem/unknown_software/datasets/propedia_formatted/propedia_2ykt_B/propedia_2ykt_B_protein_pocket.pdb,/home/igem/unknown_software/datasets/propedia_formatted/propedia_2ykt_B/propedia_2ykt_B_peptide.pdb,propedia_long
propedia_3zg8_A,/home/igem/unknown_software/datasets/propedia_formatted/propedia_3zg8_A/propedia_3zg8_A_protein_pocket.pdb,/home/igem/unknown_software/datasets/propedia_formatted/propedia_3zg8_A/propedia_3zg8_A_peptide.pdb,propedia_long
8deu,/home/igem/unknown_software/datasets/RefPepDB-RecentSet/8deu/8deu_protein_pocket.pdb,/home/igem/unknown_software/datasets/RefPepDB-RecentSet/8deu/8deu_peptide.pdb,recentset_replay
propedia_3lcn_C,/home/igem/unknown_software/datasets/propedia_formatted/propedia_3lcn_C/propedia_3lcn_C_protein_pocket.pdb,/home/igem/unknown_software/datasets/propedia_formatted/propedia_3lcn_C/propedia_3lcn_C_peptide.pdb,propedia_long
propedia_5vli_C,/home/igem/unknown_software/datasets/propedia_formatted/propedia_5vli_C/propedia_5vli_C_protein_pocket.pdb,/home/igem/unknown_software/datasets/propedia_formatted/propedia_5vli_C/propedia_5vli_C_peptide.pdb,propedia_long
propedia_6da1_C,/home/igem/unknown_software/datasets/propedia_formatted/propedia_6da1_C/propedia_6da1_C_protein_pocket.pdb,/home/igem/unknown_software/datasets/propedia_formatted/propedia_6da1_C/propedia_6da1_C_peptide.pdb,propedia_long
propedia_1t0f_C,/home/igem/unknown_software/datasets/propedia_formatted/propedia_1t0f_C/propedia_1t0f_C_protein_pocket.pdb,/home/igem/unknown_software/datasets/propedia_formatted/propedia_1t0f_C/propedia_1t0f_C_peptide.pdb,propedia_long
propedia_5di8_C,/home/igem/unknown_software/datasets/propedia_formatted/propedia_5di8_C/propedia_5di8_C_protein_pocket.pdb,/home/igem/unknown_software/datasets/propedia_formatted/propedia_5di8_C/propedia_5di8_C_peptide.pdb,propedia_long
propedia_2cmy_B,/home/igem/unknown_software/datasets/propedia_formatted/propedia_2cmy_B/propedia_2cmy_B_protein_pocket.pdb,/home/igem/unknown_software/datasets/propedia_formatted/propedia_2cmy_B/propedia_2cmy_B_peptide.pdb,propedia_long
propedia_5ibw_C,/home/igem/unknown_software/datasets/propedia_formatted/propedia_5ibw_C/propedia_5ibw_C_protein_pocket.pdb,/home/igem/unknown_software/datasets/propedia_formatted/propedia_5ibw_C/propedia_5ibw_C_peptide.pdb,propedia_long
propedia_3wn7_B,/home/igem/unknown_software/datasets/propedia_formatted/propedia_3wn7_B/propedia_3wn7_B_protein_pocket.pdb,/home/igem/unknown_software/datasets/propedia_formatted/propedia_3wn7_B/propedia_3wn7_B_peptide.pdb,propedia_long
propedia_5csi_C,/home/igem/unknown_software/datasets/propedia_formatted/propedia_5csi_C/propedia_5csi_C_protein_pocket.pdb,/home/igem/unknown_software/datasets/propedia_formatted/propedia_5csi_C/propedia_5csi_C_peptide.pdb,propedia_long
7uxj,/home/igem/unknown_software/datasets/RefPepDB-RecentSet/7uxj/7uxj_protein_pocket.pdb,/home/igem/unknown_software/datasets/RefPepDB-RecentSet/7uxj/7uxj_peptide.pdb,recentset_replay
propedia_5we0_B,/home/igem/unknown_software/datasets/propedia_formatted/propedia_5we0_B/propedia_5we0_B_protein_pocket.pdb,/home/igem/unknown_software/datasets/propedia_formatted/propedia_5we0_B/propedia_5we0_B_peptide.pdb,propedia_long
propedia_6maj_B,/home/igem/unknown_software/datasets/propedia_formatted/propedia_6maj_B/propedia_6maj_B_protein_pocket.pdb,/home/igem/unknown_software/datasets/propedia_formatted/propedia_6maj_B/propedia_6maj_B_peptide.pdb,propedia_long
7n08,/home/igem/unknown_software/datasets/RefPepDB-RecentSet/7n08/7n08_protein_pocket.pdb,/home/igem/unknown_software/datasets/RefPepDB-RecentSet/7n08/7n08_peptide.pdb,recentset_replay
propedia_6b05_B,/home/igem/unknown_software/datasets/propedia_formatted/propedia_6b05_B/propedia_6b05_B_protein_pocket.pdb,/home/igem/unknown_software/datasets/propedia_formatted/propedia_6b05_B/propedia_6b05_B_peptide.pdb,propedia_long
propedia_5jel_B,/home/igem/unknown_software/datasets/propedia_formatted/propedia_5jel_B/propedia_5jel_B_protein_pocket.pdb,/home/igem/unknown_software/datasets/propedia_formatted/propedia_5jel_B/propedia_5jel_B_peptide.pdb,propedia_long
propedia_5ok6_C,/home/igem/unknown_software/datasets/propedia_formatted/propedia_5ok6_C/propedia_5ok6_C_protein_pocket.pdb,/home/igem/unknown_software/datasets/propedia_formatted/propedia_5ok6_C/propedia_5ok6_C_peptide.pdb,propedia_long
propedia_6tyv_B,/home/igem/unknown_software/datasets/propedia_formatted/propedia_6tyv_B/propedia_6tyv_B_protein_pocket.pdb,/home/igem/unknown_software/datasets/propedia_formatted/propedia_6tyv_B/propedia_6tyv_B_peptide.pdb,propedia_long
propedia_2knh_B,/home/igem/unknown_software/datasets/propedia_formatted/propedia_2knh_B/propedia_2knh_B_protein_pocket.pdb,/home/igem/unknown_software/datasets/propedia_formatted/propedia_2knh_B/propedia_2knh_B_peptide.pdb,propedia_long
propedia_2l6e_B,/home/igem/unknown_software/datasets/propedia_formatted/propedia_2l6e_B/propedia_2l6e_B_protein_pocket.pdb,/home/igem/unknown_software/datasets/propedia_formatted/propedia_2l6e_B/propedia_2l6e_B_peptide.pdb,propedia_long
propedia_1hv2_B,/home/igem/unknown_software/datasets/propedia_formatted/propedia_1hv2_B/propedia_1hv2_B_protein_pocket.pdb,/home/igem/unknown_software/datasets/propedia_formatted/propedia_1hv2_B/propedia_1hv2_B_peptide.pdb,propedia_long
propedia_4aom_T,/home/igem/unknown_software/datasets/propedia_formatted/propedia_4aom_T/propedia_4aom_T_protein_pocket.pdb,/home/igem/unknown_software/datasets/propedia_formatted/propedia_4aom_T/propedia_4aom_T_peptide.pdb,propedia_long
propedia_4b1v_M,/home/igem/unknown_software/datasets/propedia_formatted/propedia_4b1v_M/propedia_4b1v_M_protein_pocket.pdb,/home/igem/unknown_software/datasets/propedia_formatted/propedia_4b1v_M/propedia_4b1v_M_peptide.pdb,propedia_long
propedia_2phe_C,/home/igem/unknown_software/datasets/propedia_formatted/propedia_2phe_C/propedia_2phe_C_protein_pocket.pdb,/home/igem/unknown_software/datasets/propedia_formatted/propedia_2phe_C/propedia_2phe_C_peptide.pdb,propedia_long
propedia_2rny_B,/home/igem/unknown_software/datasets/propedia_formatted/propedia_2rny_B/propedia_2rny_B_protein_pocket.pdb,/home/igem/unknown_software/datasets/propedia_formatted/propedia_2rny_B/propedia_2rny_B_peptide.pdb,propedia_long
propedia_3or0_a,/home/igem/unknown_software/datasets/propedia_formatted/propedia_3or0_a/propedia_3or0_a_protein_pocket.pdb,/home/igem/unknown_software/datasets/propedia_formatted/propedia_3or0_a/propedia_3or0_a_peptide.pdb,propedia_long
propedia_4h2t_C,/home/igem/unknown_software/datasets/propedia_formatted/propedia_4h2t_C/propedia_4h2t_C_protein_pocket.pdb,/home/igem/unknown_software/datasets/propedia_formatted/propedia_4h2t_C/propedia_4h2t_C_peptide.pdb,propedia_long
propedia_2koh_B,/home/igem/unknown_software/datasets/propedia_formatted/propedia_2koh_B/propedia_2koh_B_protein_pocket.pdb,/home/igem/unknown_software/datasets/propedia_formatted/propedia_2koh_B/propedia_2koh_B_peptide.pdb,propedia_long
7k76,/home/igem/unknown_software/datasets/RefPepDB-RecentSet/7k76/7k76_protein_pocket.pdb,/home/igem/unknown_software/datasets/RefPepDB-RecentSet/7k76/7k76_peptide.pdb,recentset_replay
propedia_3e90_A,/home/igem/unknown_software/datasets/propedia_formatted/propedia_3e90_A/propedia_3e90_A_protein_pocket.pdb,/home/igem/unknown_software/datasets/propedia_formatted/propedia_3e90_A/propedia_3e90_A_peptide.pdb,propedia_long
propedia_3plx_A,/home/igem/unknown_software/datasets/propedia_formatted/propedia_3plx_A/propedia_3plx_A_protein_pocket.pdb,/home/igem/unknown_software/datasets/propedia_formatted/propedia_3plx_A/propedia_3plx_A_peptide.pdb,propedia_long
propedia_5kzp_A,/home/igem/unknown_software/datasets/propedia_formatted/propedia_5kzp_A/propedia_5kzp_A_protein_pocket.pdb,/home/igem/unknown_software/datasets/propedia_formatted/propedia_5kzp_A/propedia_5kzp_A_peptide.pdb,propedia_long
propedia_5yay_B,/home/igem/unknown_software/datasets/propedia_formatted/propedia_5yay_B/propedia_5yay_B_protein_pocket.pdb,/home/igem/unknown_software/datasets/propedia_formatted/propedia_5yay_B/propedia_5yay_B_peptide.pdb,propedia_long
propedia_2lsp_A,/home/igem/unknown_software/datasets/propedia_formatted/propedia_2lsp_A/propedia_2lsp_A_protein_pocket.pdb,/home/igem/unknown_software/datasets/propedia_formatted/propedia_2lsp_A/propedia_2lsp_A_peptide.pdb,propedia_long
propedia_4oih_B,/home/igem/unknown_software/datasets/propedia_formatted/propedia_4oih_B/propedia_4oih_B_protein_pocket.pdb,/home/igem/unknown_software/datasets/propedia_formatted/propedia_4oih_B/propedia_4oih_B_peptide.pdb,propedia_long
propedia_2xpn_B,/home/igem/unknown_software/datasets/propedia_formatted/propedia_2xpn_B/propedia_2xpn_B_protein_pocket.pdb,/home/igem/unknown_software/datasets/propedia_formatted/propedia_2xpn_B/propedia_2xpn_B_peptide.pdb,propedia_long
propedia_4p3c_M,/home/igem/unknown_software/datasets/propedia_formatted/propedia_4p3c_M/propedia_4p3c_M_protein_pocket.pdb,/home/igem/unknown_software/datasets/propedia_formatted/propedia_4p3c_M/propedia_4p3c_M_peptide.pdb,propedia_long
propedia_2y9q_B,/home/igem/unknown_software/datasets/propedia_formatted/propedia_2y9q_B/propedia_2y9q_B_protein_pocket.pdb,/home/igem/unknown_software/datasets/propedia_formatted/propedia_2y9q_B/propedia_2y9q_B_peptide.pdb,propedia_long
propedia_6s8s_B,/home/igem/unknown_software/datasets/propedia_formatted/propedia_6s8s_B/propedia_6s8s_B_protein_pocket.pdb,/home/igem/unknown_software/datasets/propedia_formatted/propedia_6s8s_B/propedia_6s8s_B_peptide.pdb,propedia_long
propedia_4gut_B,/home/igem/unknown_software/datasets/propedia_formatted/propedia_4gut_B/propedia_4gut_B_protein_pocket.pdb,/home/igem/unknown_software/datasets/propedia_formatted/propedia_4gut_B/propedia_4gut_B_peptide.pdb,propedia_long
propedia_2qxv_B,/home/igem/unknown_software/datasets/propedia_formatted/propedia_2qxv_B/propedia_2qxv_B_protein_pocket.pdb,/home/igem/unknown_software/datasets/propedia_formatted/propedia_2qxv_B/propedia_2qxv_B_peptide.pdb,propedia_long
7zy4,/home/igem/unknown_software/datasets/RefPepDB-RecentSet/7zy4/7zy4_protein_pocket.pdb,/home/igem/unknown_software/datasets/RefPepDB-RecentSet/7zy4/7zy4_peptide.pdb,recentset_replay
propedia_1ckk_B,/home/igem/unknown_software/datasets/propedia_formatted/propedia_1ckk_B/propedia_1ckk_B_protein_pocket.pdb,/home/igem/unknown_software/datasets/propedia_formatted/propedia_1ckk_B/propedia_1ckk_B_peptide.pdb,propedia_long
7mj7,/home/igem/unknown_software/datasets/RefPepDB-RecentSet/7mj7/7mj7_protein_pocket.pdb,/home/igem/unknown_software/datasets/RefPepDB-RecentSet/7mj7/7mj7_peptide.pdb,recentset_replay
propedia_6d3x_C,/home/igem/unknown_software/datasets/propedia_formatted/propedia_6d3x_C/propedia_6d3x_C_protein_pocket.pdb,/home/igem/unknown_software/datasets/propedia_formatted/propedia_6d3x_C/propedia_6d3x_C_peptide.pdb,propedia_long
propedia_2zvm_U,/home/igem/unknown_software/datasets/propedia_formatted/propedia_2zvm_U/propedia_2zvm_U_protein_pocket.pdb,/home/igem/unknown_software/datasets/propedia_formatted/propedia_2zvm_U/propedia_2zvm_U_peptide.pdb,propedia_long
propedia_5wsv_B,/home/igem/unknown_software/datasets/propedia_formatted/propedia_5wsv_B/propedia_5wsv_B_protein_pocket.pdb,/home/igem/unknown_software/datasets/propedia_formatted/propedia_5wsv_B/propedia_5wsv_B_peptide.pdb,propedia_long
propedia_3h8k_B,/home/igem/unknown_software/datasets/propedia_formatted/propedia_3h8k_B/propedia_3h8k_B_protein_pocket.pdb,/home/igem/unknown_software/datasets/propedia_formatted/propedia_3h8k_B/propedia_3h8k_B_peptide.pdb,propedia_long
propedia_6mbd_C,/home/igem/unknown_software/datasets/propedia_formatted/propedia_6mbd_C/propedia_6mbd_C_protein_pocket.pdb,/home/igem/unknown_software/datasets/propedia_formatted/propedia_6mbd_C/propedia_6mbd_C_peptide.pdb,propedia_long
propedia_4cim_P,/home/igem/unknown_software/datasets/propedia_formatted/propedia_4cim_P/propedia_4cim_P_protein_pocket.pdb,/home/igem/unknown_software/datasets/propedia_formatted/propedia_4cim_P/propedia_4cim_P_peptide.pdb,propedia_long
propedia_5l6n_I,/home/igem/unknown_software/datasets/propedia_formatted/propedia_5l6n_I/propedia_5l6n_I_protein_pocket.pdb,/home/igem/unknown_software/datasets/propedia_formatted/propedia_5l6n_I/propedia_5l6n_I_peptide.pdb,propedia_long
propedia_2mh0_A,/home/igem/unknown_software/datasets/propedia_formatted/propedia_2mh0_A/propedia_2mh0_A_protein_pocket.pdb,/home/igem/unknown_software/datasets/propedia_formatted/propedia_2mh0_A/propedia_2mh0_A_peptide.pdb,propedia_long
propedia_6pxu_C,/home/igem/unknown_software/datasets/propedia_formatted/propedia_6pxu_C/propedia_6pxu_C_protein_pocket.pdb,/home/igem/unknown_software/datasets/propedia_formatted/propedia_6pxu_C/propedia_6pxu_C_peptide.pdb,propedia_long
7ea1,/home/igem/unknown_software/datasets/RefPepDB-RecentSet/7ea1/7ea1_protein_pocket.pdb,/home/igem/unknown_software/datasets/RefPepDB-RecentSet/7ea1/7ea1_peptide.pdb,recentset_replay
propedia_3iux_B,/home/igem/unknown_software/datasets/propedia_formatted/propedia_3iux_B/propedia_3iux_B_protein_pocket.pdb,/home/igem/unknown_software/datasets/propedia_formatted/propedia_3iux_B/propedia_3iux_B_peptide.pdb,propedia_long
propedia_4pc0_C,/home/igem/unknown_software/datasets/propedia_formatted/propedia_4pc0_C/propedia_4pc0_C_protein_pocket.pdb,/home/igem/unknown_software/datasets/propedia_formatted/propedia_4pc0_C/propedia_4pc0_C_peptide.pdb,propedia_long
propedia_5fc8_C,/home/igem/unknown_software/datasets/propedia_formatted/propedia_5fc8_C/propedia_5fc8_C_protein_pocket.pdb,/home/igem/unknown_software/datasets/propedia_formatted/propedia_5fc8_C/propedia_5fc8_C_peptide.pdb,propedia_long
propedia_4txr_B,/home/igem/unknown_software/datasets/propedia_formatted/propedia_4txr_B/propedia_4txr_B_protein_pocket.pdb,/home/igem/unknown_software/datasets/propedia_formatted/propedia_4txr_B/propedia_4txr_B_peptide.pdb,propedia_long
propedia_3vfs_C,/home/igem/unknown_software/datasets/propedia_formatted/propedia_3vfs_C/propedia_3vfs_C_protein_pocket.pdb,/home/igem/unknown_software/datasets/propedia_formatted/propedia_3vfs_C/propedia_3vfs_C_peptide.pdb,propedia_long
propedia_6jjy_U,/home/igem/unknown_software/datasets/propedia_formatted/propedia_6jjy_U/propedia_6jjy_U_protein_pocket.pdb,/home/igem/unknown_software/datasets/propedia_formatted/propedia_6jjy_U/propedia_6jjy_U_peptide.pdb,propedia_long
propedia_2oi3_B,/home/igem/unknown_software/datasets/propedia_formatted/propedia_2oi3_B/propedia_2oi3_B_protein_pocket.pdb,/home/igem/unknown_software/datasets/propedia_formatted/propedia_2oi3_B/propedia_2oi3_B_peptide.pdb,propedia_long
propedia_2y65_W,/home/igem/unknown_software/datasets/propedia_formatted/propedia_2y65_W/propedia_2y65_W_protein_pocket.pdb,/home/igem/unknown_software/datasets/propedia_formatted/propedia_2y65_W/propedia_2y65_W_peptide.pdb,propedia_long
propedia_3l6f_C,/home/igem/unknown_software/datasets/propedia_formatted/propedia_3l6f_C/propedia_3l6f_C_protein_pocket.pdb,/home/igem/unknown_software/datasets/propedia_formatted/propedia_3l6f_C/propedia_3l6f_C_peptide.pdb,propedia_long
propedia_6km7_C,/home/igem/unknown_software/datasets/propedia_formatted/propedia_6km7_C/propedia_6km7_C_protein_pocket.pdb,/home/igem/unknown_software/datasets/propedia_formatted/propedia_6km7_C/propedia_6km7_C_peptide.pdb,propedia_long
propedia_5jtp_E,/home/igem/unknown_software/datasets/propedia_formatted/propedia_5jtp_E/propedia_5jtp_E_protein_pocket.pdb,/home/igem/unknown_software/datasets/propedia_formatted/propedia_5jtp_E/propedia_5jtp_E_peptide.pdb,propedia_long
propedia_2kyl_B,/home/igem/unknown_software/datasets/propedia_formatted/propedia_2kyl_B/propedia_2kyl_B_protein_pocket.pdb,/home/igem/unknown_software/datasets/propedia_formatted/propedia_2kyl_B/propedia_2kyl_B_peptide.pdb,propedia_long
propedia_2pbd_V,/home/igem/unknown_software/datasets/propedia_formatted/propedia_2pbd_V/propedia_2pbd_V_protein_pocket.pdb,/home/igem/unknown_software/datasets/propedia_formatted/propedia_2pbd_V/propedia_2pbd_V_peptide.pdb,propedia_long
propedia_5jtm_E,/home/igem/unknown_software/datasets/propedia_formatted/propedia_5jtm_E/propedia_5jtm_E_protein_pocket.pdb,/home/igem/unknown_software/datasets/propedia_formatted/propedia_5jtm_E/propedia_5jtm_E_peptide.pdb,propedia_long
propedia_5ujt_C,/home/igem/unknown_software/datasets/propedia_formatted/propedia_5ujt_C/propedia_5ujt_C_protein_pocket.pdb,/home/igem/unknown_software/datasets/propedia_formatted/propedia_5ujt_C/propedia_5ujt_C_peptide.pdb,propedia_long
propedia_1d8t_C,/home/igem/unknown_software/datasets/propedia_formatted/propedia_1d8t_C/propedia_1d8t_C_protein_pocket.pdb,/home/igem/unknown_software/datasets/propedia_formatted/propedia_1d8t_C/propedia_1d8t_C_peptide.pdb,propedia_long
propedia_5h5s_B,/home/igem/unknown_software/datasets/propedia_formatted/propedia_5h5s_B/propedia_5h5s_B_protein_pocket.pdb,/home/igem/unknown_software/datasets/propedia_formatted/propedia_5h5s_B/propedia_5h5s_B_peptide.pdb,propedia_long
propedia_3caa_B,/home/igem/unknown_software/datasets/propedia_formatted/propedia_3caa_B/propedia_3caa_B_protein_pocket.pdb,/home/igem/unknown_software/datasets/propedia_formatted/propedia_3caa_B/propedia_3caa_B_peptide.pdb,propedia_long
propedia_2l9s_A,/home/igem/unknown_software/datasets/propedia_formatted/propedia_2l9s_A/propedia_2l9s_A_protein_pocket.pdb,/home/igem/unknown_software/datasets/propedia_formatted/propedia_2l9s_A/propedia_2l9s_A_peptide.pdb,propedia_long
propedia_6ocx_F,/home/igem/unknown_software/datasets/propedia_formatted/propedia_6ocx_F/propedia_6ocx_F_protein_pocket.pdb,/home/igem/unknown_software/datasets/propedia_formatted/propedia_6ocx_F/propedia_6ocx_F_peptide.pdb,propedia_long
propedia_2pqr_C,/home/igem/unknown_software/datasets/propedia_formatted/propedia_2pqr_C/propedia_2pqr_C_protein_pocket.pdb,/home/igem/unknown_software/datasets/propedia_formatted/propedia_2pqr_C/propedia_2pqr_C_peptide.pdb,propedia_long
propedia_1xn3_I,/home/igem/unknown_software/datasets/propedia_formatted/propedia_1xn3_I/propedia_1xn3_I_protein_pocket.pdb,/home/igem/unknown_software/datasets/propedia_formatted/propedia_1xn3_I/propedia_1xn3_I_peptide.pdb,propedia_long
propedia_2lsk_B,/home/igem/unknown_software/datasets/propedia_formatted/propedia_2lsk_B/propedia_2lsk_B_protein_pocket.pdb,/home/igem/unknown_software/datasets/propedia_formatted/propedia_2lsk_B/propedia_2lsk_B_peptide.pdb,propedia_long
propedia_5mcq_D,/home/igem/unknown_software/datasets/propedia_formatted/propedia_5mcq_D/propedia_5mcq_D_protein_pocket.pdb,/home/igem/unknown_software/datasets/propedia_formatted/propedia_5mcq_D/propedia_5mcq_D_peptide.pdb,propedia_long
propedia_2f49_C,/home/igem/unknown_software/datasets/propedia_formatted/propedia_2f49_C/propedia_2f49_C_protein_pocket.pdb,/home/igem/unknown_software/datasets/propedia_formatted/propedia_2f49_C/propedia_2f49_C_peptide.pdb,propedia_long
propedia_1tii_C,/home/igem/unknown_software/datasets/propedia_formatted/propedia_1tii_C/propedia_1tii_C_protein_pocket.pdb,/home/igem/unknown_software/datasets/propedia_formatted/propedia_1tii_C/propedia_1tii_C_peptide.pdb,propedia_long
7tc4,/home/igem/unknown_software/datasets/RefPepDB-RecentSet/7tc4/7tc4_protein_pocket.pdb,/home/igem/unknown_software/datasets/RefPepDB-RecentSet/7tc4/7tc4_peptide.pdb,recentset_replay
propedia_6asr_B,/home/igem/unknown_software/datasets/propedia_formatted/propedia_6asr_B/propedia_6asr_B_protein_pocket.pdb,/home/igem/unknown_software/datasets/propedia_formatted/propedia_6asr_B/propedia_6asr_B_peptide.pdb,propedia_long
propedia_4ezu_B,/home/igem/unknown_software/datasets/propedia_formatted/propedia_4ezu_B/propedia_4ezu_B_protein_pocket.pdb,/home/igem/unknown_software/datasets/propedia_formatted/propedia_4ezu_B/propedia_4ezu_B_peptide.pdb,propedia_long
propedia_2k3u_B,/home/igem/unknown_software/datasets/propedia_formatted/propedia_2k3u_B/propedia_2k3u_B_protein_pocket.pdb,/home/igem/unknown_software/datasets/propedia_formatted/propedia_2k3u_B/propedia_2k3u_B_peptide.pdb,propedia_long
propedia_5om5_B,/home/igem/unknown_software/datasets/propedia_formatted/propedia_5om5_B/propedia_5om5_B_protein_pocket.pdb,/home/igem/unknown_software/datasets/propedia_formatted/propedia_5om5_B/propedia_5om5_B_peptide.pdb,propedia_long
propedia_4ext_B,/home/igem/unknown_software/datasets/propedia_formatted/propedia_4ext_B/propedia_4ext_B_protein_pocket.pdb,/home/igem/unknown_software/datasets/propedia_formatted/propedia_4ext_B/propedia_4ext_B_peptide.pdb,propedia_long
propedia_5jr2_E,/home/igem/unknown_software/datasets/propedia_formatted/propedia_5jr2_E/propedia_5jr2_E_protein_pocket.pdb,/home/igem/unknown_software/datasets/propedia_formatted/propedia_5jr2_E/propedia_5jr2_E_peptide.pdb,propedia_long
propedia_4nb3_C,/home/igem/unknown_software/datasets/propedia_formatted/propedia_4nb3_C/propedia_4nb3_C_protein_pocket.pdb,/home/igem/unknown_software/datasets/propedia_formatted/propedia_4nb3_C/propedia_4nb3_C_peptide.pdb,propedia_long
propedia_5ons_B,/home/igem/unknown_software/datasets/propedia_formatted/propedia_5ons_B/propedia_5ons_B_protein_pocket.pdb,/home/igem/unknown_software/datasets/propedia_formatted/propedia_5ons_B/propedia_5ons_B_peptide.pdb,propedia_long
propedia_2l35_B,/home/igem/unknown_software/datasets/propedia_formatted/propedia_2l35_B/propedia_2l35_B_protein_pocket.pdb,/home/igem/unknown_software/datasets/propedia_formatted/propedia_2l35_B/propedia_2l35_B_peptide.pdb,propedia_long
propedia_4a1t_C,/home/igem/unknown_software/datasets/propedia_formatted/propedia_4a1t_C/propedia_4a1t_C_protein_pocket.pdb,/home/igem/unknown_software/datasets/propedia_formatted/propedia_4a1t_C/propedia_4a1t_C_peptide.pdb,propedia_long
propedia_5tzp_B,/home/igem/unknown_software/datasets/propedia_formatted/propedia_5tzp_B/propedia_5tzp_B_protein_pocket.pdb,/home/igem/unknown_software/datasets/propedia_formatted/propedia_5tzp_B/propedia_5tzp_B_peptide.pdb,propedia_long
propedia_3k6g_D,/home/igem/unknown_software/datasets/propedia_formatted/propedia_3k6g_D/propedia_3k6g_D_protein_pocket.pdb,/home/igem/unknown_software/datasets/propedia_formatted/propedia_3k6g_D/propedia_3k6g_D_peptide.pdb,propedia_long
propedia_5uwt_D,/home/igem/unknown_software/datasets/propedia_formatted/propedia_5uwt_D/propedia_5uwt_D_protein_pocket.pdb,/home/igem/unknown_software/datasets/propedia_formatted/propedia_5uwt_D/propedia_5uwt_D_peptide.pdb,propedia_long
propedia_4thn_I,/home/igem/unknown_software/datasets/propedia_formatted/propedia_4thn_I/propedia_4thn_I_protein_pocket.pdb,/home/igem/unknown_software/datasets/propedia_formatted/propedia_4thn_I/propedia_4thn_I_peptide.pdb,propedia_long
propedia_3wwq_C,/home/igem/unknown_software/datasets/propedia_formatted/propedia_3wwq_C/propedia_3wwq_C_protein_pocket.pdb,/home/igem/unknown_software/datasets/propedia_formatted/propedia_3wwq_C/propedia_3wwq_C_peptide.pdb,propedia_long
propedia_3tdi_C,/home/igem/unknown_software/datasets/propedia_formatted/propedia_3tdi_C/propedia_3tdi_C_protein_pocket.pdb,/home/igem/unknown_software/datasets/propedia_formatted/propedia_3tdi_C/propedia_3tdi_C_peptide.pdb,propedia_long
propedia_1yc5_B,/home/igem/unknown_software/datasets/propedia_formatted/propedia_1yc5_B/propedia_1yc5_B_protein_pocket.pdb,/home/igem/unknown_software/datasets/propedia_formatted/propedia_1yc5_B/propedia_1yc5_B_peptide.pdb,propedia_long
propedia_1mhw_C,/home/igem/unknown_software/datasets/propedia_formatted/propedia_1mhw_C/propedia_1mhw_C_protein_pocket.pdb,/home/igem/unknown_software/datasets/propedia_formatted/propedia_1mhw_C/propedia_1mhw_C_peptide.pdb,propedia_long
propedia_2vof_B,/home/igem/unknown_software/datasets/propedia_formatted/propedia_2vof_B/propedia_2vof_B_protein_pocket.pdb,/home/igem/unknown_software/datasets/propedia_formatted/propedia_2vof_B/propedia_2vof_B_peptide.pdb,propedia_long
propedia_6lnm_B,/home/igem/unknown_software/datasets/propedia_formatted/propedia_6lnm_B/propedia_6lnm_B_protein_pocket.pdb,/home/igem/unknown_software/datasets/propedia_formatted/propedia_6lnm_B/propedia_6lnm_B_peptide.pdb,propedia_long
propedia_4wfd_C,/home/igem/unknown_software/datasets/propedia_formatted/propedia_4wfd_C/propedia_4wfd_C_protein_pocket.pdb,/home/igem/unknown_software/datasets/propedia_formatted/propedia_4wfd_C/propedia_4wfd_C_peptide.pdb,propedia_long
propedia_5u6a_D,/home/igem/unknown_software/datasets/propedia_formatted/propedia_5u6a_D/propedia_5u6a_D_protein_pocket.pdb,/home/igem/unknown_software/datasets/propedia_formatted/propedia_5u6a_D/propedia_5u6a_D_peptide.pdb,propedia_long
propedia_2pux_A,/home/igem/unknown_software/datasets/propedia_formatted/propedia_2pux_A/propedia_2pux_A_protein_pocket.pdb,/home/igem/unknown_software/datasets/propedia_formatted/propedia_2pux_A/propedia_2pux_A_peptide.pdb,propedia_long
propedia_3c59_B,/home/igem/unknown_software/datasets/propedia_formatted/propedia_3c59_B/propedia_3c59_B_protein_pocket.pdb,/home/igem/unknown_software/datasets/propedia_formatted/propedia_3c59_B/propedia_3c59_B_peptide.pdb,propedia_long
propedia_5n89_C,/home/igem/unknown_software/datasets/propedia_formatted/propedia_5n89_C/propedia_5n89_C_protein_pocket.pdb,/home/igem/unknown_software/datasets/propedia_formatted/propedia_5n89_C/propedia_5n89_C_peptide.pdb,propedia_long
propedia_1hkd_B,/home/igem/unknown_software/datasets/propedia_formatted/propedia_1hkd_B/propedia_1hkd_B_protein_pocket.pdb,/home/igem/unknown_software/datasets/propedia_formatted/propedia_1hkd_B/propedia_1hkd_B_peptide.pdb,propedia_long
propedia_5jqa_B,/home/igem/unknown_software/datasets/propedia_formatted/propedia_5jqa_B/propedia_5jqa_B_protein_pocket.pdb,/home/igem/unknown_software/datasets/propedia_formatted/propedia_5jqa_B/propedia_5jqa_B_peptide.pdb,propedia_long
7doh,/home/igem/unknown_software/datasets/RefPepDB-RecentSet/7doh/7doh_protein_pocket.pdb,/home/igem/unknown_software/datasets/RefPepDB-RecentSet/7doh/7doh_peptide.pdb,recentset_replay
propedia_5aby_B,/home/igem/unknown_software/datasets/propedia_formatted/propedia_5aby_B/propedia_5aby_B_protein_pocket.pdb,/home/igem/unknown_software/datasets/propedia_formatted/propedia_5aby_B/propedia_5aby_B_peptide.pdb,propedia_long
propedia_6bin_C,/home/igem/unknown_software/datasets/propedia_formatted/propedia_6bin_C/propedia_6bin_C_protein_pocket.pdb,/home/igem/unknown_software/datasets/propedia_formatted/propedia_6bin_C/propedia_6bin_C_peptide.pdb,propedia_long
propedia_4naw_C,/home/igem/unknown_software/datasets/propedia_formatted/propedia_4naw_C/propedia_4naw_C_protein_pocket.pdb,/home/igem/unknown_software/datasets/propedia_formatted/propedia_4naw_C/propedia_4naw_C_peptide.pdb,propedia_long
7fgr,/home/igem/unknown_software/datasets/RefPepDB-RecentSet/7fgr/7fgr_protein_pocket.pdb,/home/igem/unknown_software/datasets/RefPepDB-RecentSet/7fgr/7fgr_peptide.pdb,recentset_replay
propedia_3c00_A,/home/igem/unknown_software/datasets/propedia_formatted/propedia_3c00_A/propedia_3c00_A_protein_pocket.pdb,/home/igem/unknown_software/datasets/propedia_formatted/propedia_3c00_A/propedia_3c00_A_peptide.pdb,propedia_long
propedia_5xoj_D,/home/igem/unknown_software/datasets/propedia_formatted/propedia_5xoj_D/propedia_5xoj_D_protein_pocket.pdb,/home/igem/unknown_software/datasets/propedia_formatted/propedia_5xoj_D/propedia_5xoj_D_peptide.pdb,propedia_long
propedia_2qqc_A,/home/igem/unknown_software/datasets/propedia_formatted/propedia_2qqc_A/propedia_2qqc_A_protein_pocket.pdb,/home/igem/unknown_software/datasets/propedia_formatted/propedia_2qqc_A/propedia_2qqc_A_peptide.pdb,propedia_long
propedia_3bpq_A,/home/igem/unknown_software/datasets/propedia_formatted/propedia_3bpq_A/propedia_3bpq_A_protein_pocket.pdb,/home/igem/unknown_software/datasets/propedia_formatted/propedia_3bpq_A/propedia_3bpq_A_peptide.pdb,propedia_long
propedia_6qfi_B,/home/igem/unknown_software/datasets/propedia_formatted/propedia_6qfi_B/propedia_6qfi_B_protein_pocket.pdb,/home/igem/unknown_software/datasets/propedia_formatted/propedia_6qfi_B/propedia_6qfi_B_peptide.pdb,propedia_long
propedia_3bxl_B,/home/igem/unknown_software/datasets/propedia_formatted/propedia_3bxl_B/propedia_3bxl_B_protein_pocket.pdb,/home/igem/unknown_software/datasets/propedia_formatted/propedia_3bxl_B/propedia_3bxl_B_peptide.pdb,propedia_long
propedia_2arq_P,/home/igem/unknown_software/datasets/propedia_formatted/propedia_2arq_P/propedia_2arq_P_protein_pocket.pdb,/home/igem/unknown_software/datasets/propedia_formatted/propedia_2arq_P/propedia_2arq_P_peptide.pdb,propedia_long
propedia_3ech_C,/home/igem/unknown_software/datasets/propedia_formatted/propedia_3ech_C/propedia_3ech_C_protein_pocket.pdb,/home/igem/unknown_software/datasets/propedia_formatted/propedia_3ech_C/propedia_3ech_C_peptide.pdb,propedia_long
propedia_1mzw_B,/home/igem/unknown_software/datasets/propedia_formatted/propedia_1mzw_B/propedia_1mzw_B_protein_pocket.pdb,/home/igem/unknown_software/datasets/propedia_formatted/propedia_1mzw_B/propedia_1mzw_B_peptide.pdb,propedia_long
propedia_1v18_B,/home/igem/unknown_software/datasets/propedia_formatted/propedia_1v18_B/propedia_1v18_B_protein_pocket.pdb,/home/igem/unknown_software/datasets/propedia_formatted/propedia_1v18_B/propedia_1v18_B_peptide.pdb,propedia_long
7k7f,/home/igem/unknown_software/datasets/RefPepDB-RecentSet/7k7f/7k7f_protein_pocket.pdb,/home/igem/unknown_software/datasets/RefPepDB-RecentSet/7k7f/7k7f_peptide.pdb,recentset_replay
7v7k,/home/igem/unknown_software/datasets/RefPepDB-RecentSet/7v7k/7v7k_protein_pocket.pdb,/home/igem/unknown_software/datasets/RefPepDB-RecentSet/7v7k/7v7k_peptide.pdb,recentset_replay
propedia_5ohg_C,/home/igem/unknown_software/datasets/propedia_formatted/propedia_5ohg_C/propedia_5ohg_C_protein_pocket.pdb,/home/igem/unknown_software/datasets/propedia_formatted/propedia_5ohg_C/propedia_5ohg_C_peptide.pdb,propedia_long
7rg3,/home/igem/unknown_software/datasets/RefPepDB-RecentSet/7rg3/7rg3_protein_pocket.pdb,/home/igem/unknown_software/datasets/RefPepDB-RecentSet/7rg3/7rg3_peptide.pdb,recentset_replay
propedia_4h3p_B,/home/igem/unknown_software/datasets/propedia_formatted/propedia_4h3p_B/propedia_4h3p_B_protein_pocket.pdb,/home/igem/unknown_software/datasets/propedia_formatted/propedia_4h3p_B/propedia_4h3p_B_peptide.pdb,propedia_long
propedia_6bvh_I,/home/igem/unknown_software/datasets/propedia_formatted/propedia_6bvh_I/propedia_6bvh_I_protein_pocket.pdb,/home/igem/unknown_software/datasets/propedia_formatted/propedia_6bvh_I/propedia_6bvh_I_peptide.pdb,propedia_long
propedia_2k17_P,/home/igem/unknown_software/datasets/propedia_formatted/propedia_2k17_P/propedia_2k17_P_protein_pocket.pdb,/home/igem/unknown_software/datasets/propedia_formatted/propedia_2k17_P/propedia_2k17_P_peptide.pdb,propedia_long
7uso,/home/igem/unknown_software/datasets/RefPepDB-RecentSet/7uso/7uso_protein_pocket.pdb,/home/igem/unknown_software/datasets/RefPepDB-RecentSet/7uso/7uso_peptide.pdb,recentset_replay
propedia_3lly_B,/home/igem/unknown_software/datasets/propedia_formatted/propedia_3lly_B/propedia_3lly_B_protein_pocket.pdb,/home/igem/unknown_software/datasets/propedia_formatted/propedia_3lly_B/propedia_3lly_B_peptide.pdb,propedia_long
propedia_5gow_A,/home/igem/unknown_software/datasets/propedia_formatted/propedia_5gow_A/propedia_5gow_A_protein_pocket.pdb,/home/igem/unknown_software/datasets/propedia_formatted/propedia_5gow_A/propedia_5gow_A_peptide.pdb,propedia_long
propedia_3dxd_B,/home/igem/unknown_software/datasets/propedia_formatted/propedia_3dxd_B/propedia_3dxd_B_protein_pocket.pdb,/home/igem/unknown_software/datasets/propedia_formatted/propedia_3dxd_B/propedia_3dxd_B_peptide.pdb,propedia_long
7o2z,/home/igem/unknown_software/datasets/RefPepDB-RecentSet/7o2z/7o2z_protein_pocket.pdb,/home/igem/unknown_software/datasets/RefPepDB-RecentSet/7o2z/7o2z_peptide.pdb,recentset_replay
propedia_6hgd_B,/home/igem/unknown_software/datasets/propedia_formatted/propedia_6hgd_B/propedia_6hgd_B_protein_pocket.pdb,/home/igem/unknown_software/datasets/propedia_formatted/propedia_6hgd_B/propedia_6hgd_B_peptide.pdb,propedia_long
7ema,/home/igem/unknown_software/datasets/RefPepDB-RecentSet/7ema/7ema_protein_pocket.pdb,/home/igem/unknown_software/datasets/RefPepDB-RecentSet/7ema/7ema_peptide.pdb,recentset_replay
propedia_5fzt_B,/home/igem/unknown_software/datasets/propedia_formatted/propedia_5fzt_B/propedia_5fzt_B_protein_pocket.pdb,/home/igem/unknown_software/datasets/propedia_formatted/propedia_5fzt_B/propedia_5fzt_B_peptide.pdb,propedia_long
propedia_2xze_Q,/home/igem/unknown_software/datasets/propedia_formatted/propedia_2xze_Q/propedia_2xze_Q_protein_pocket.pdb,/home/igem/unknown_software/datasets/propedia_formatted/propedia_2xze_Q/propedia_2xze_Q_peptide.pdb,propedia_long
propedia_4lop_K,/home/igem/unknown_software/datasets/propedia_formatted/propedia_4lop_K/propedia_4lop_K_protein_pocket.pdb,/home/igem/unknown_software/datasets/propedia_formatted/propedia_4lop_K/propedia_4lop_K_peptide.pdb,propedia_long
propedia_6v4f_B,/home/igem/unknown_software/datasets/propedia_formatted/propedia_6v4f_B/propedia_6v4f_B_protein_pocket.pdb,/home/igem/unknown_software/datasets/propedia_formatted/propedia_6v4f_B/propedia_6v4f_B_peptide.pdb,propedia_long
propedia_3c3q_B,/home/igem/unknown_software/datasets/propedia_formatted/propedia_3c3q_B/propedia_3c3q_B_protein_pocket.pdb,/home/igem/unknown_software/datasets/propedia_formatted/propedia_3c3q_B/propedia_3c3q_B_peptide.pdb,propedia_long
propedia_1r8u_A,/home/igem/unknown_software/datasets/propedia_formatted/propedia_1r8u_A/propedia_1r8u_A_protein_pocket.pdb,/home/igem/unknown_software/datasets/propedia_formatted/propedia_1r8u_A/propedia_1r8u_A_peptide.pdb,propedia_long
propedia_4aen_C,/home/igem/unknown_software/datasets/propedia_formatted/propedia_4aen_C/propedia_4aen_C_protein_pocket.pdb,/home/igem/unknown_software/datasets/propedia_formatted/propedia_4aen_C/propedia_4aen_C_peptide.pdb,propedia_long
propedia_6fy2_P,/home/igem/unknown_software/datasets/propedia_formatted/propedia_6fy2_P/propedia_6fy2_P_protein_pocket.pdb,/home/igem/unknown_software/datasets/propedia_formatted/propedia_6fy2_P/propedia_6fy2_P_peptide.pdb,propedia_long
propedia_6pun_E,/home/igem/unknown_software/datasets/propedia_formatted/propedia_6pun_E/propedia_6pun_E_protein_pocket.pdb,/home/igem/unknown_software/datasets/propedia_formatted/propedia_6pun_E/propedia_6pun_E_peptide.pdb,propedia_long
propedia_2l1w_B,/home/igem/unknown_software/datasets/propedia_formatted/propedia_2l1w_B/propedia_2l1w_B_protein_pocket.pdb,/home/igem/unknown_software/datasets/propedia_formatted/propedia_2l1w_B/propedia_2l1w_B_peptide.pdb,propedia_long
propedia_5ctt_B,/home/igem/unknown_software/datasets/propedia_formatted/propedia_5ctt_B/propedia_5ctt_B_protein_pocket.pdb,/home/igem/unknown_software/datasets/propedia_formatted/propedia_5ctt_B/propedia_5ctt_B_peptide.pdb,propedia_long
propedia_1g3j_B,/home/igem/unknown_software/datasets/propedia_formatted/propedia_1g3j_B/propedia_1g3j_B_protein_pocket.pdb,/home/igem/unknown_software/datasets/propedia_formatted/propedia_1g3j_B/propedia_1g3j_B_peptide.pdb,propedia_long
propedia_3pk1_B,/home/igem/unknown_software/datasets/propedia_formatted/propedia_3pk1_B/propedia_3pk1_B_protein_pocket.pdb,/home/igem/unknown_software/datasets/propedia_formatted/propedia_3pk1_B/propedia_3pk1_B_peptide.pdb,propedia_long
propedia_2h4p_B,/home/igem/unknown_software/datasets/propedia_formatted/propedia_2h4p_B/propedia_2h4p_B_protein_pocket.pdb,/home/igem/unknown_software/datasets/propedia_formatted/propedia_2h4p_B/propedia_2h4p_B_peptide.pdb,propedia_long
propedia_5xjg_B,/home/igem/unknown_software/datasets/propedia_formatted/propedia_5xjg_B/propedia_5xjg_B_protein_pocket.pdb,/home/igem/unknown_software/datasets/propedia_formatted/propedia_5xjg_B/propedia_5xjg_B_peptide.pdb,propedia_long
7lg2,/home/igem/unknown_software/datasets/RefPepDB-RecentSet/7lg2/7lg2_protein_pocket.pdb,/home/igem/unknown_software/datasets/RefPepDB-RecentSet/7lg2/7lg2_peptide.pdb,recentset_replay
propedia_4md0_C,/home/igem/unknown_software/datasets/propedia_formatted/propedia_4md0_C/propedia_4md0_C_protein_pocket.pdb,/home/igem/unknown_software/datasets/propedia_formatted/propedia_4md0_C/propedia_4md0_C_peptide.pdb,propedia_long
propedia_1e79_I,/home/igem/unknown_software/datasets/propedia_formatted/propedia_1e79_I/propedia_1e79_I_protein_pocket.pdb,/home/igem/unknown_software/datasets/propedia_formatted/propedia_1e79_I/propedia_1e79_I_peptide.pdb,propedia_long
propedia_5ghw_P,/home/igem/unknown_software/datasets/propedia_formatted/propedia_5ghw_P/propedia_5ghw_P_protein_pocket.pdb,/home/igem/unknown_software/datasets/propedia_formatted/propedia_5ghw_P/propedia_5ghw_P_peptide.pdb,propedia_long
propedia_4hee_Y,/home/igem/unknown_software/datasets/propedia_formatted/propedia_4hee_Y/propedia_4hee_Y_protein_pocket.pdb,/home/igem/unknown_software/datasets/propedia_formatted/propedia_4hee_Y/propedia_4hee_Y_peptide.pdb,propedia_long
propedia_2xs1_B,/home/igem/unknown_software/datasets/propedia_formatted/propedia_2xs1_B/propedia_2xs1_B_protein_pocket.pdb,/home/igem/unknown_software/datasets/propedia_formatted/propedia_2xs1_B/propedia_2xs1_B_peptide.pdb,propedia_long
propedia_1sqk_B,/home/igem/unknown_software/datasets/propedia_formatted/propedia_1sqk_B/propedia_1sqk_B_protein_pocket.pdb,/home/igem/unknown_software/datasets/propedia_formatted/propedia_1sqk_B/propedia_1sqk_B_peptide.pdb,propedia_long
7s8m,/home/igem/unknown_software/datasets/RefPepDB-RecentSet/7s8m/7s8m_protein_pocket.pdb,/home/igem/unknown_software/datasets/RefPepDB-RecentSet/7s8m/7s8m_peptide.pdb,recentset_replay
propedia_2p1n_C,/home/igem/unknown_software/datasets/propedia_formatted/propedia_2p1n_C/propedia_2p1n_C_protein_pocket.pdb,/home/igem/unknown_software/datasets/propedia_formatted/propedia_2p1n_C/propedia_2p1n_C_peptide.pdb,propedia_long
propedia_2ofq_B,/home/igem/unknown_software/datasets/propedia_formatted/propedia_2ofq_B/propedia_2ofq_B_protein_pocket.pdb,/home/igem/unknown_software/datasets/propedia_formatted/propedia_2ofq_B/propedia_2ofq_B_peptide.pdb,propedia_long
propedia_2mkp_I,/home/igem/unknown_software/datasets/propedia_formatted/propedia_2mkp_I/propedia_2mkp_I_protein_pocket.pdb,/home/igem/unknown_software/datasets/propedia_formatted/propedia_2mkp_I/propedia_2mkp_I_peptide.pdb,propedia_long
propedia_4jo6_Y,/home/igem/unknown_software/datasets/propedia_formatted/propedia_4jo6_Y/propedia_4jo6_Y_protein_pocket.pdb,/home/igem/unknown_software/datasets/propedia_formatted/propedia_4jo6_Y/propedia_4jo6_Y_peptide.pdb,propedia_long
propedia_5otw_B,/home/igem/unknown_software/datasets/propedia_formatted/propedia_5otw_B/propedia_5otw_B_protein_pocket.pdb,/home/igem/unknown_software/datasets/propedia_formatted/propedia_5otw_B/propedia_5otw_B_peptide.pdb,propedia_long
propedia_5yah_C,/home/igem/unknown_software/datasets/propedia_formatted/propedia_5yah_C/propedia_5yah_C_protein_pocket.pdb,/home/igem/unknown_software/datasets/propedia_formatted/propedia_5yah_C/propedia_5yah_C_peptide.pdb,propedia_long
propedia_3moa_P,/home/igem/unknown_software/datasets/propedia_formatted/propedia_3moa_P/propedia_3moa_P_protein_pocket.pdb,/home/igem/unknown_software/datasets/propedia_formatted/propedia_3moa_P/propedia_3moa_P_peptide.pdb,propedia_long
propedia_1w85_I,/home/igem/unknown_software/datasets/propedia_formatted/propedia_1w85_I/propedia_1w85_I_protein_pocket.pdb,/home/igem/unknown_software/datasets/propedia_formatted/propedia_1w85_I/propedia_1w85_I_peptide.pdb,propedia_long
7rn9,/home/igem/unknown_software/datasets/RefPepDB-RecentSet/7rn9/7rn9_protein_pocket.pdb,/home/igem/unknown_software/datasets/RefPepDB-RecentSet/7rn9/7rn9_peptide.pdb,recentset_replay
propedia_2d1k_C,/home/igem/unknown_software/datasets/propedia_formatted/propedia_2d1k_C/propedia_2d1k_C_protein_pocket.pdb,/home/igem/unknown_software/datasets/propedia_formatted/propedia_2d1k_C/propedia_2d1k_C_peptide.pdb,propedia_long
propedia_6j9h_A,/home/igem/unknown_software/datasets/propedia_formatted/propedia_6j9h_A/propedia_6j9h_A_protein_pocket.pdb,/home/igem/unknown_software/datasets/propedia_formatted/propedia_6j9h_A/propedia_6j9h_A_peptide.pdb,propedia_long
propedia_2x4w_B,/home/igem/unknown_software/datasets/propedia_formatted/propedia_2x4w_B/propedia_2x4w_B_protein_pocket.pdb,/home/igem/unknown_software/datasets/propedia_formatted/propedia_2x4w_B/propedia_2x4w_B_peptide.pdb,propedia_long
7w0t,/home/igem/unknown_software/datasets/RefPepDB-RecentSet/7w0t/7w0t_protein_pocket.pdb,/home/igem/unknown_software/datasets/RefPepDB-RecentSet/7w0t/7w0t_peptide.pdb,recentset_replay
propedia_2v1t_C,/home/igem/unknown_software/datasets/propedia_formatted/propedia_2v1t_C/propedia_2v1t_C_protein_pocket.pdb,/home/igem/unknown_software/datasets/propedia_formatted/propedia_2v1t_C/propedia_2v1t_C_peptide.pdb,propedia_long
propedia_4is6_C,/home/igem/unknown_software/datasets/propedia_formatted/propedia_4is6_C/propedia_4is6_C_protein_pocket.pdb,/home/igem/unknown_software/datasets/propedia_formatted/propedia_4is6_C/propedia_4is6_C_peptide.pdb,propedia_long
propedia_2a7u_A,/home/igem/unknown_software/datasets/propedia_formatted/propedia_2a7u_A/propedia_2a7u_A_protein_pocket.pdb,/home/igem/unknown_software/datasets/propedia_formatted/propedia_2a7u_A/propedia_2a7u_A_peptide.pdb,propedia_long
propedia_2xxn_B,/home/igem/unknown_software/datasets/propedia_formatted/propedia_2xxn_B/propedia_2xxn_B_protein_pocket.pdb,/home/igem/unknown_software/datasets/propedia_formatted/propedia_2xxn_B/propedia_2xxn_B_peptide.pdb,propedia_long
propedia_6j68_C,/home/igem/unknown_software/datasets/propedia_formatted/propedia_6j68_C/propedia_6j68_C_protein_pocket.pdb,/home/igem/unknown_software/datasets/propedia_formatted/propedia_6j68_C/propedia_6j68_C_peptide.pdb,propedia_long
7mb7,/home/igem/unknown_software/datasets/RefPepDB-RecentSet/7mb7/7mb7_protein_pocket.pdb,/home/igem/unknown_software/datasets/RefPepDB-RecentSet/7mb7/7mb7_peptide.pdb,recentset_replay
propedia_5ot3_D,/home/igem/unknown_software/datasets/propedia_formatted/propedia_5ot3_D/propedia_5ot3_D_protein_pocket.pdb,/home/igem/unknown_software/datasets/propedia_formatted/propedia_5ot3_D/propedia_5ot3_D_peptide.pdb,propedia_long
propedia_2f9d_P,/home/igem/unknown_software/datasets/propedia_formatted/propedia_2f9d_P/propedia_2f9d_P_protein_pocket.pdb,/home/igem/unknown_software/datasets/propedia_formatted/propedia_2f9d_P/propedia_2f9d_P_peptide.pdb,propedia_long
propedia_4ch2_A,/home/igem/unknown_software/datasets/propedia_formatted/propedia_4ch2_A/propedia_4ch2_A_protein_pocket.pdb,/home/igem/unknown_software/datasets/propedia_formatted/propedia_4ch2_A/propedia_4ch2_A_peptide.pdb,propedia_long
propedia_4o36_A,/home/igem/unknown_software/datasets/propedia_formatted/propedia_4o36_A/propedia_4o36_A_protein_pocket.pdb,/home/igem/unknown_software/datasets/propedia_formatted/propedia_4o36_A/propedia_4o36_A_peptide.pdb,propedia_long
propedia_4uqz_B,/home/igem/unknown_software/datasets/propedia_formatted/propedia_4uqz_B/propedia_4uqz_B_protein_pocket.pdb,/home/igem/unknown_software/datasets/propedia_formatted/propedia_4uqz_B/propedia_4uqz_B_peptide.pdb,propedia_long
propedia_2kbr_B,/home/igem/unknown_software/datasets/propedia_formatted/propedia_2kbr_B/propedia_2kbr_B_protein_pocket.pdb,/home/igem/unknown_software/datasets/propedia_formatted/propedia_2kbr_B/propedia_2kbr_B_peptide.pdb,propedia_long
propedia_6jbk_B,/home/igem/unknown_software/datasets/propedia_formatted/propedia_6jbk_B/propedia_6jbk_B_protein_pocket.pdb,/home/igem/unknown_software/datasets/propedia_formatted/propedia_6jbk_B/propedia_6jbk_B_peptide.pdb,propedia_long
propedia_3zrl_X,/home/igem/unknown_software/datasets/propedia_formatted/propedia_3zrl_X/propedia_3zrl_X_protein_pocket.pdb,/home/igem/unknown_software/datasets/propedia_formatted/propedia_3zrl_X/propedia_3zrl_X_peptide.pdb,propedia_long
propedia_5e24_B,/home/igem/unknown_software/datasets/propedia_formatted/propedia_5e24_B/propedia_5e24_B_protein_pocket.pdb,/home/igem/unknown_software/datasets/propedia_formatted/propedia_5e24_B/propedia_5e24_B_peptide.pdb,propedia_long
propedia_3kut_C,/home/igem/unknown_software/datasets/propedia_formatted/propedia_3kut_C/propedia_3kut_C_protein_pocket.pdb,/home/igem/unknown_software/datasets/propedia_formatted/propedia_3kut_C/propedia_3kut_C_peptide.pdb,propedia_long
propedia_3dac_B,/home/igem/unknown_software/datasets/propedia_formatted/propedia_3dac_B/propedia_3dac_B_protein_pocket.pdb,/home/igem/unknown_software/datasets/propedia_formatted/propedia_3dac_B/propedia_3dac_B_peptide.pdb,propedia_long
propedia_1vqm_2,/home/igem/unknown_software/datasets/propedia_formatted/propedia_1vqm_2/propedia_1vqm_2_protein_pocket.pdb,/home/igem/unknown_software/datasets/propedia_formatted/propedia_1vqm_2/propedia_1vqm_2_peptide.pdb,propedia_long
propedia_3u1j_A,/home/igem/unknown_software/datasets/propedia_formatted/propedia_3u1j_A/propedia_3u1j_A_protein_pocket.pdb,/home/igem/unknown_software/datasets/propedia_formatted/propedia_3u1j_A/propedia_3u1j_A_peptide.pdb,propedia_long
propedia_1p9d_S,/home/igem/unknown_software/datasets/propedia_formatted/propedia_1p9d_S/propedia_1p9d_S_protein_pocket.pdb,/home/igem/unknown_software/datasets/propedia_formatted/propedia_1p9d_S/propedia_1p9d_S_peptide.pdb,propedia_long
propedia_3o6l_C,/home/igem/unknown_software/datasets/propedia_formatted/propedia_3o6l_C/propedia_3o6l_C_protein_pocket.pdb,/home/igem/unknown_software/datasets/propedia_formatted/propedia_3o6l_C/propedia_3o6l_C_peptide.pdb,propedia_long
7qs8,/home/igem/unknown_software/datasets/RefPepDB-RecentSet/7qs8/7qs8_protein_pocket.pdb,/home/igem/unknown_software/datasets/RefPepDB-RecentSet/7qs8/7qs8_peptide.pdb,recentset_replay
7eib,/home/igem/unknown_software/datasets/RefPepDB-RecentSet/7eib/7eib_protein_pocket.pdb,/home/igem/unknown_software/datasets/RefPepDB-RecentSet/7eib/7eib_peptide.pdb,recentset_replay
propedia_5jfz_B,/home/igem/unknown_software/datasets/propedia_formatted/propedia_5jfz_B/propedia_5jfz_B_protein_pocket.pdb,/home/igem/unknown_software/datasets/propedia_formatted/propedia_5jfz_B/propedia_5jfz_B_peptide.pdb,propedia_long
propedia_6ha6_D,/home/igem/unknown_software/datasets/propedia_formatted/propedia_6ha6_D/propedia_6ha6_D_protein_pocket.pdb,/home/igem/unknown_software/datasets/propedia_formatted/propedia_6ha6_D/propedia_6ha6_D_peptide.pdb,propedia_long
propedia_5vau_E,/home/igem/unknown_software/datasets/propedia_formatted/propedia_5vau_E/propedia_5vau_E_protein_pocket.pdb,/home/igem/unknown_software/datasets/propedia_formatted/propedia_5vau_E/propedia_5vau_E_peptide.pdb,propedia_long
propedia_3qrx_B,/home/igem/unknown_software/datasets/propedia_formatted/propedia_3qrx_B/propedia_3qrx_B_protein_pocket.pdb,/home/igem/unknown_software/datasets/propedia_formatted/propedia_3qrx_B/propedia_3qrx_B_peptide.pdb,propedia_long
propedia_6hep_E,/home/igem/unknown_software/datasets/propedia_formatted/propedia_6hep_E/propedia_6hep_E_protein_pocket.pdb,/home/igem/unknown_software/datasets/propedia_formatted/propedia_6hep_E/propedia_6hep_E_peptide.pdb,propedia_long
propedia_4rav_E,/home/igem/unknown_software/datasets/propedia_formatted/propedia_4rav_E/propedia_4rav_E_protein_pocket.pdb,/home/igem/unknown_software/datasets/propedia_formatted/propedia_4rav_E/propedia_4rav_E_peptide.pdb,propedia_long
propedia_5o3u_L,/home/igem/unknown_software/datasets/propedia_formatted/propedia_5o3u_L/propedia_5o3u_L_protein_pocket.pdb,/home/igem/unknown_software/datasets/propedia_formatted/propedia_5o3u_L/propedia_5o3u_L_peptide.pdb,propedia_long
7kgq,/home/igem/unknown_software/datasets/RefPepDB-RecentSet/7kgq/7kgq_protein_pocket.pdb,/home/igem/unknown_software/datasets/RefPepDB-RecentSet/7kgq/7kgq_peptide.pdb,recentset_replay
propedia_2g3q_A,/home/igem/unknown_software/datasets/propedia_formatted/propedia_2g3q_A/propedia_2g3q_A_protein_pocket.pdb,/home/igem/unknown_software/datasets/propedia_formatted/propedia_2g3q_A/propedia_2g3q_A_peptide.pdb,propedia_long
propedia_1ofs_B,/home/igem/unknown_software/datasets/propedia_formatted/propedia_1ofs_B/propedia_1ofs_B_protein_pocket.pdb,/home/igem/unknown_software/datasets/propedia_formatted/propedia_1ofs_B/propedia_1ofs_B_peptide.pdb,propedia_long
propedia_1pq1_B,/home/igem/unknown_software/datasets/propedia_formatted/propedia_1pq1_B/propedia_1pq1_B_protein_pocket.pdb,/home/igem/unknown_software/datasets/propedia_formatted/propedia_1pq1_B/propedia_1pq1_B_peptide.pdb,propedia_long
propedia_2nd0_B,/home/igem/unknown_software/datasets/propedia_formatted/propedia_2nd0_B/propedia_2nd0_B_protein_pocket.pdb,/home/igem/unknown_software/datasets/propedia_formatted/propedia_2nd0_B/propedia_2nd0_B_peptide.pdb,propedia_long
propedia_2sta_I,/home/igem/unknown_software/datasets/propedia_formatted/propedia_2sta_I/propedia_2sta_I_protein_pocket.pdb,/home/igem/unknown_software/datasets/propedia_formatted/propedia_2sta_I/propedia_2sta_I_peptide.pdb,propedia_long
propedia_1jot_B,/home/igem/unknown_software/datasets/propedia_formatted/propedia_1jot_B/propedia_1jot_B_protein_pocket.pdb,/home/igem/unknown_software/datasets/propedia_formatted/propedia_1jot_B/propedia_1jot_B_peptide.pdb,propedia_long
propedia_2n4q_A,/home/igem/unknown_software/datasets/propedia_formatted/propedia_2n4q_A/propedia_2n4q_A_protein_pocket.pdb,/home/igem/unknown_software/datasets/propedia_formatted/propedia_2n4q_A/propedia_2n4q_A_peptide.pdb,propedia_long
propedia_2o02_P,/home/igem/unknown_software/datasets/propedia_formatted/propedia_2o02_P/propedia_2o02_P_protein_pocket.pdb,/home/igem/unknown_software/datasets/propedia_formatted/propedia_2o02_P/propedia_2o02_P_peptide.pdb,propedia_long
propedia_1twf_L,/home/igem/unknown_software/datasets/propedia_formatted/propedia_1twf_L/propedia_1twf_L_protein_pocket.pdb,/home/igem/unknown_software/datasets/propedia_formatted/propedia_1twf_L/propedia_1twf_L_peptide.pdb,propedia_long
propedia_1wrz_B,/home/igem/unknown_software/datasets/propedia_formatted/propedia_1wrz_B/propedia_1wrz_B_protein_pocket.pdb,/home/igem/unknown_software/datasets/propedia_formatted/propedia_1wrz_B/propedia_1wrz_B_peptide.pdb,propedia_long
7dvp,/home/igem/unknown_software/datasets/RefPepDB-RecentSet/7dvp/7dvp_protein_pocket.pdb,/home/igem/unknown_software/datasets/RefPepDB-RecentSet/7dvp/7dvp_peptide.pdb,recentset_replay
7r1v,/home/igem/unknown_software/datasets/RefPepDB-RecentSet/7r1v/7r1v_protein_pocket.pdb,/home/igem/unknown_software/datasets/RefPepDB-RecentSet/7r1v/7r1v_peptide.pdb,recentset_replay
propedia_2m32_B,/home/igem/unknown_software/datasets/propedia_formatted/propedia_2m32_B/propedia_2m32_B_protein_pocket.pdb,/home/igem/unknown_software/datasets/propedia_formatted/propedia_2m32_B/propedia_2m32_B_peptide.pdb,propedia_long
propedia_4cyd_F,/home/igem/unknown_software/datasets/propedia_formatted/propedia_4cyd_F/propedia_4cyd_F_protein_pocket.pdb,/home/igem/unknown_software/datasets/propedia_formatted/propedia_4cyd_F/propedia_4cyd_F_peptide.pdb,propedia_long
propedia_3ro2_B,/home/igem/unknown_software/datasets/propedia_formatted/propedia_3ro2_B/propedia_3ro2_B_protein_pocket.pdb,/home/igem/unknown_software/datasets/propedia_formatted/propedia_3ro2_B/propedia_3ro2_B_peptide.pdb,propedia_long
propedia_2kj4_B,/home/igem/unknown_software/datasets/propedia_formatted/propedia_2kj4_B/propedia_2kj4_B_protein_pocket.pdb,/home/igem/unknown_software/datasets/propedia_formatted/propedia_2kj4_B/propedia_2kj4_B_peptide.pdb,propedia_long
propedia_5zoo_A,/home/igem/unknown_software/datasets/propedia_formatted/propedia_5zoo_A/propedia_5zoo_A_protein_pocket.pdb,/home/igem/unknown_software/datasets/propedia_formatted/propedia_5zoo_A/propedia_5zoo_A_peptide.pdb,propedia_long
propedia_2ck3_I,/home/igem/unknown_software/datasets/propedia_formatted/propedia_2ck3_I/propedia_2ck3_I_protein_pocket.pdb,/home/igem/unknown_software/datasets/propedia_formatted/propedia_2ck3_I/propedia_2ck3_I_peptide.pdb,propedia_long
7suo,/home/igem/unknown_software/datasets/RefPepDB-RecentSet/7suo/7suo_protein_pocket.pdb,/home/igem/unknown_software/datasets/RefPepDB-RecentSet/7suo/7suo_peptide.pdb,recentset_replay
propedia_3a9k_C,/home/igem/unknown_software/datasets/propedia_formatted/propedia_3a9k_C/propedia_3a9k_C_protein_pocket.pdb,/home/igem/unknown_software/datasets/propedia_formatted/propedia_3a9k_C/propedia_3a9k_C_peptide.pdb,propedia_long
propedia_2br8_F,/home/igem/unknown_software/datasets/propedia_formatted/propedia_2br8_F/propedia_2br8_F_protein_pocket.pdb,/home/igem/unknown_software/datasets/propedia_formatted/propedia_2br8_F/propedia_2br8_F_peptide.pdb,propedia_long
propedia_3ukw_C,/home/igem/unknown_software/datasets/propedia_formatted/propedia_3ukw_C/propedia_3ukw_C_protein_pocket.pdb,/home/igem/unknown_software/datasets/propedia_formatted/propedia_3ukw_C/propedia_3ukw_C_peptide.pdb,propedia_long
propedia_5lxr_B,/home/igem/unknown_software/datasets/propedia_formatted/propedia_5lxr_B/propedia_5lxr_B_protein_pocket.pdb,/home/igem/unknown_software/datasets/propedia_formatted/propedia_5lxr_B/propedia_5lxr_B_peptide.pdb,propedia_long
propedia_3io9_B,/home/igem/unknown_software/datasets/propedia_formatted/propedia_3io9_B/propedia_3io9_B_protein_pocket.pdb,/home/igem/unknown_software/datasets/propedia_formatted/propedia_3io9_B/propedia_3io9_B_peptide.pdb,propedia_long
propedia_1pnb_A,/home/igem/unknown_software/datasets/propedia_formatted/propedia_1pnb_A/propedia_1pnb_A_protein_pocket.pdb,/home/igem/unknown_software/datasets/propedia_formatted/propedia_1pnb_A/propedia_1pnb_A_peptide.pdb,propedia_long
propedia_4wvj_D,/home/igem/unknown_software/datasets/propedia_formatted/propedia_4wvj_D/propedia_4wvj_D_protein_pocket.pdb,/home/igem/unknown_software/datasets/propedia_formatted/propedia_4wvj_D/propedia_4wvj_D_peptide.pdb,propedia_long
propedia_2kxq_B,/home/igem/unknown_software/datasets/propedia_formatted/propedia_2kxq_B/propedia_2kxq_B_protein_pocket.pdb,/home/igem/unknown_software/datasets/propedia_formatted/propedia_2kxq_B/propedia_2kxq_B_peptide.pdb,propedia_long
7ow2,/home/igem/unknown_software/datasets/RefPepDB-RecentSet/7ow2/7ow2_protein_pocket.pdb,/home/igem/unknown_software/datasets/RefPepDB-RecentSet/7ow2/7ow2_peptide.pdb,recentset_replay
propedia_2n3a_A,/home/igem/unknown_software/datasets/propedia_formatted/propedia_2n3a_A/propedia_2n3a_A_protein_pocket.pdb,/home/igem/unknown_software/datasets/propedia_formatted/propedia_2n3a_A/propedia_2n3a_A_peptide.pdb,propedia_long
propedia_1oqp_B,/home/igem/unknown_software/datasets/propedia_formatted/propedia_1oqp_B/propedia_1oqp_B_protein_pocket.pdb,/home/igem/unknown_software/datasets/propedia_formatted/propedia_1oqp_B/propedia_1oqp_B_peptide.pdb,propedia_long
propedia_4a1s_C,/home/igem/unknown_software/datasets/propedia_formatted/propedia_4a1s_C/propedia_4a1s_C_protein_pocket.pdb,/home/igem/unknown_software/datasets/propedia_formatted/propedia_4a1s_C/propedia_4a1s_C_peptide.pdb,propedia_long
propedia_1jac_B,/home/igem/unknown_software/datasets/propedia_formatted/propedia_1jac_B/propedia_1jac_B_protein_pocket.pdb,/home/igem/unknown_software/datasets/propedia_formatted/propedia_1jac_B/propedia_1jac_B_peptide.pdb,propedia_long
propedia_2d7d_B,/home/igem/unknown_software/datasets/propedia_formatted/propedia_2d7d_B/propedia_2d7d_B_protein_pocket.pdb,/home/igem/unknown_software/datasets/propedia_formatted/propedia_2d7d_B/propedia_2d7d_B_peptide.pdb,propedia_long
propedia_2rr9_C,/home/igem/unknown_software/datasets/propedia_formatted/propedia_2rr9_C/propedia_2rr9_C_protein_pocket.pdb,/home/igem/unknown_software/datasets/propedia_formatted/propedia_2rr9_C/propedia_2rr9_C_peptide.pdb,propedia_long
propedia_2vwn_L,/home/igem/unknown_software/datasets/propedia_formatted/propedia_2vwn_L/propedia_2vwn_L_protein_pocket.pdb,/home/igem/unknown_software/datasets/propedia_formatted/propedia_2vwn_L/propedia_2vwn_L_peptide.pdb,propedia_long
propedia_5ky8_B,/home/igem/unknown_software/datasets/propedia_formatted/propedia_5ky8_B/propedia_5ky8_B_protein_pocket.pdb,/home/igem/unknown_software/datasets/propedia_formatted/propedia_5ky8_B/propedia_5ky8_B_peptide.pdb,propedia_long
propedia_4b7k_B,/home/igem/unknown_software/datasets/propedia_formatted/propedia_4b7k_B/propedia_4b7k_B_protein_pocket.pdb,/home/igem/unknown_software/datasets/propedia_formatted/propedia_4b7k_B/propedia_4b7k_B_peptide.pdb,propedia_long
propedia_6b7g_B,/home/igem/unknown_software/datasets/propedia_formatted/propedia_6b7g_B/propedia_6b7g_B_protein_pocket.pdb,/home/igem/unknown_software/datasets/propedia_formatted/propedia_6b7g_B/propedia_6b7g_B_peptide.pdb,propedia_long
propedia_4f1z_Q,/home/igem/unknown_software/datasets/propedia_formatted/propedia_4f1z_Q/propedia_4f1z_Q_protein_pocket.pdb,/home/igem/unknown_software/datasets/propedia_formatted/propedia_4f1z_Q/propedia_4f1z_Q_peptide.pdb,propedia_long
propedia_2ocv_A,/home/igem/unknown_software/datasets/propedia_formatted/propedia_2ocv_A/propedia_2ocv_A_protein_pocket.pdb,/home/igem/unknown_software/datasets/propedia_formatted/propedia_2ocv_A/propedia_2ocv_A_peptide.pdb,propedia_long
propedia_1yfn_E,/home/igem/unknown_software/datasets/propedia_formatted/propedia_1yfn_E/propedia_1yfn_E_protein_pocket.pdb,/home/igem/unknown_software/datasets/propedia_formatted/propedia_1yfn_E/propedia_1yfn_E_peptide.pdb,propedia_long
propedia_6fj3_B,/home/igem/unknown_software/datasets/propedia_formatted/propedia_6fj3_B/propedia_6fj3_B_protein_pocket.pdb,/home/igem/unknown_software/datasets/propedia_formatted/propedia_6fj3_B/propedia_6fj3_B_peptide.pdb,propedia_long
7mp3,/home/igem/unknown_software/datasets/RefPepDB-RecentSet/7mp3/7mp3_protein_pocket.pdb,/home/igem/unknown_software/datasets/RefPepDB-RecentSet/7mp3/7mp3_peptide.pdb,recentset_replay
propedia_1dev_B,/home/igem/unknown_software/datasets/propedia_formatted/propedia_1dev_B/propedia_1dev_B_protein_pocket.pdb,/home/igem/unknown_software/datasets/propedia_formatted/propedia_1dev_B/propedia_1dev_B_peptide.pdb,propedia_long
propedia_1t01_B,/home/igem/unknown_software/datasets/propedia_formatted/propedia_1t01_B/propedia_1t01_B_protein_pocket.pdb,/home/igem/unknown_software/datasets/propedia_formatted/propedia_1t01_B/propedia_1t01_B_peptide.pdb,propedia_long
propedia_3ha6_B,/home/igem/unknown_software/datasets/propedia_formatted/propedia_3ha6_B/propedia_3ha6_B_protein_pocket.pdb,/home/igem/unknown_software/datasets/propedia_formatted/propedia_3ha6_B/propedia_3ha6_B_peptide.pdb,propedia_long
propedia_5ney_E,/home/igem/unknown_software/datasets/propedia_formatted/propedia_5ney_E/propedia_5ney_E_protein_pocket.pdb,/home/igem/unknown_software/datasets/propedia_formatted/propedia_5ney_E/propedia_5ney_E_peptide.pdb,propedia_long
propedia_2k00_B,/home/igem/unknown_software/datasets/propedia_formatted/propedia_2k00_B/propedia_2k00_B_protein_pocket.pdb,/home/igem/unknown_software/datasets/propedia_formatted/propedia_2k00_B/propedia_2k00_B_peptide.pdb,propedia_long
propedia_4xbu_B,/home/igem/unknown_software/datasets/propedia_formatted/propedia_4xbu_B/propedia_4xbu_B_protein_pocket.pdb,/home/igem/unknown_software/datasets/propedia_formatted/propedia_4xbu_B/propedia_4xbu_B_peptide.pdb,propedia_long
propedia_6i2h_D,/home/igem/unknown_software/datasets/propedia_formatted/propedia_6i2h_D/propedia_6i2h_D_protein_pocket.pdb,/home/igem/unknown_software/datasets/propedia_formatted/propedia_6i2h_D/propedia_6i2h_D_peptide.pdb,propedia_long
propedia_5m37_C,/home/igem/unknown_software/datasets/propedia_formatted/propedia_5m37_C/propedia_5m37_C_protein_pocket.pdb,/home/igem/unknown_software/datasets/propedia_formatted/propedia_5m37_C/propedia_5m37_C_peptide.pdb,propedia_long
propedia_1fu5_B,/home/igem/unknown_software/datasets/propedia_formatted/propedia_1fu5_B/propedia_1fu5_B_protein_pocket.pdb,/home/igem/unknown_software/datasets/propedia_formatted/propedia_1fu5_B/propedia_1fu5_B_peptide.pdb,propedia_long
7x2e,/home/igem/unknown_software/datasets/RefPepDB-RecentSet/7x2e/7x2e_protein_pocket.pdb,/home/igem/unknown_software/datasets/RefPepDB-RecentSet/7x2e/7x2e_peptide.pdb,recentset_replay
propedia_3c5j_C,/home/igem/unknown_software/datasets/propedia_formatted/propedia_3c5j_C/propedia_3c5j_C_protein_pocket.pdb,/home/igem/unknown_software/datasets/propedia_formatted/propedia_3c5j_C/propedia_3c5j_C_peptide.pdb,propedia_long
propedia_5aer_B,/home/igem/unknown_software/datasets/propedia_formatted/propedia_5aer_B/propedia_5aer_B_protein_pocket.pdb,/home/igem/unknown_software/datasets/propedia_formatted/propedia_5aer_B/propedia_5aer_B_peptide.pdb,propedia_long
propedia_2riv_B,/home/igem/unknown_software/datasets/propedia_formatted/propedia_2riv_B/propedia_2riv_B_protein_pocket.pdb,/home/igem/unknown_software/datasets/propedia_formatted/propedia_2riv_B/propedia_2riv_B_peptide.pdb,propedia_long
propedia_1t3l_B,/home/igem/unknown_software/datasets/propedia_formatted/propedia_1t3l_B/propedia_1t3l_B_protein_pocket.pdb,/home/igem/unknown_software/datasets/propedia_formatted/propedia_1t3l_B/propedia_1t3l_B_peptide.pdb,propedia_long
propedia_2qfa_C,/home/igem/unknown_software/datasets/propedia_formatted/propedia_2qfa_C/propedia_2qfa_C_protein_pocket.pdb,/home/igem/unknown_software/datasets/propedia_formatted/propedia_2qfa_C/propedia_2qfa_C_peptide.pdb,propedia_long
propedia_1h8b_B,/home/igem/unknown_software/datasets/propedia_formatted/propedia_1h8b_B/propedia_1h8b_B_protein_pocket.pdb,/home/igem/unknown_software/datasets/propedia_formatted/propedia_1h8b_B/propedia_1h8b_B_peptide.pdb,propedia_long
7dno,/home/igem/unknown_software/datasets/RefPepDB-RecentSet/7dno/7dno_protein_pocket.pdb,/home/igem/unknown_software/datasets/RefPepDB-RecentSet/7dno/7dno_peptide.pdb,recentset_replay
propedia_3qn7_B,/home/igem/unknown_software/datasets/propedia_formatted/propedia_3qn7_B/propedia_3qn7_B_protein_pocket.pdb,/home/igem/unknown_software/datasets/propedia_formatted/propedia_3qn7_B/propedia_3qn7_B_peptide.pdb,propedia_long
propedia_5t0f_B,/home/igem/unknown_software/datasets/propedia_formatted/propedia_5t0f_B/propedia_5t0f_B_protein_pocket.pdb,/home/igem/unknown_software/datasets/propedia_formatted/propedia_5t0f_B/propedia_5t0f_B_peptide.pdb,propedia_long
propedia_4hw4_C,/home/igem/unknown_software/datasets/propedia_formatted/propedia_4hw4_C/propedia_4hw4_C_protein_pocket.pdb,/home/igem/unknown_software/datasets/propedia_formatted/propedia_4hw4_C/propedia_4hw4_C_peptide.pdb,propedia_long
propedia_1oqe_K,/home/igem/unknown_software/datasets/propedia_formatted/propedia_1oqe_K/propedia_1oqe_K_protein_pocket.pdb,/home/igem/unknown_software/datasets/propedia_formatted/propedia_1oqe_K/propedia_1oqe_K_peptide.pdb,propedia_long
propedia_2li5_B,/home/igem/unknown_software/datasets/propedia_formatted/propedia_2li5_B/propedia_2li5_B_protein_pocket.pdb,/home/igem/unknown_software/datasets/propedia_formatted/propedia_2li5_B/propedia_2li5_B_peptide.pdb,propedia_long
propedia_4hki_C,/home/igem/unknown_software/datasets/propedia_formatted/propedia_4hki_C/propedia_4hki_C_protein_pocket.pdb,/home/igem/unknown_software/datasets/propedia_formatted/propedia_4hki_C/propedia_4hki_C_peptide.pdb,propedia_long
propedia_3ixs_B,/home/igem/unknown_software/datasets/propedia_formatted/propedia_3ixs_B/propedia_3ixs_B_protein_pocket.pdb,/home/igem/unknown_software/datasets/propedia_formatted/propedia_3ixs_B/propedia_3ixs_B_peptide.pdb,propedia_long
7f4w,/home/igem/unknown_software/datasets/RefPepDB-RecentSet/7f4w/7f4w_protein_pocket.pdb,/home/igem/unknown_software/datasets/RefPepDB-RecentSet/7f4w/7f4w_peptide.pdb,recentset_replay
propedia_1kc4_B,/home/igem/unknown_software/datasets/propedia_formatted/propedia_1kc4_B/propedia_1kc4_B_protein_pocket.pdb,/home/igem/unknown_software/datasets/propedia_formatted/propedia_1kc4_B/propedia_1kc4_B_peptide.pdb,propedia_long
propedia_2hfp_B,/home/igem/unknown_software/datasets/propedia_formatted/propedia_2hfp_B/propedia_2hfp_B_protein_pocket.pdb,/home/igem/unknown_software/datasets/propedia_formatted/propedia_2hfp_B/propedia_2hfp_B_peptide.pdb,propedia_long
propedia_6dnq_A,/home/igem/unknown_software/datasets/propedia_formatted/propedia_6dnq_A/propedia_6dnq_A_protein_pocket.pdb,/home/igem/unknown_software/datasets/propedia_formatted/propedia_6dnq_A/propedia_6dnq_A_peptide.pdb,propedia_long
propedia_3c5t_B,/home/igem/unknown_software/datasets/propedia_formatted/propedia_3c5t_B/propedia_3c5t_B_protein_pocket.pdb,/home/igem/unknown_software/datasets/propedia_formatted/propedia_3c5t_B/propedia_3c5t_B_peptide.pdb,propedia_long
propedia_2c7n_E,/home/igem/unknown_software/datasets/propedia_formatted/propedia_2c7n_E/propedia_2c7n_E_protein_pocket.pdb,/home/igem/unknown_software/datasets/propedia_formatted/propedia_2c7n_E/propedia_2c7n_E_peptide.pdb,propedia_long
propedia_4oww_C,/home/igem/unknown_software/datasets/propedia_formatted/propedia_4oww_C/propedia_4oww_C_protein_pocket.pdb,/home/igem/unknown_software/datasets/propedia_formatted/propedia_4oww_C/propedia_4oww_C_peptide.pdb,propedia_long
propedia_5xv8_A,/home/igem/unknown_software/datasets/propedia_formatted/propedia_5xv8_A/propedia_5xv8_A_protein_pocket.pdb,/home/igem/unknown_software/datasets/propedia_formatted/propedia_5xv8_A/propedia_5xv8_A_peptide.pdb,propedia_long
propedia_5m72_B,/home/igem/unknown_software/datasets/propedia_formatted/propedia_5m72_B/propedia_5m72_B_protein_pocket.pdb,/home/igem/unknown_software/datasets/propedia_formatted/propedia_5m72_B/propedia_5m72_B_peptide.pdb,propedia_long
propedia_4psw_C,/home/igem/unknown_software/datasets/propedia_formatted/propedia_4psw_C/propedia_4psw_C_protein_pocket.pdb,/home/igem/unknown_software/datasets/propedia_formatted/propedia_4psw_C/propedia_4psw_C_peptide.pdb,propedia_long
propedia_5h2f_f,/home/igem/unknown_software/datasets/propedia_formatted/propedia_5h2f_f/propedia_5h2f_f_protein_pocket.pdb,/home/igem/unknown_software/datasets/propedia_formatted/propedia_5h2f_f/propedia_5h2f_f_peptide.pdb,propedia_long
propedia_4wm8_D,/home/igem/unknown_software/datasets/propedia_formatted/propedia_4wm8_D/propedia_4wm8_D_protein_pocket.pdb,/home/igem/unknown_software/datasets/propedia_formatted/propedia_4wm8_D/propedia_4wm8_D_peptide.pdb,propedia_long
propedia_2ody_A,/home/igem/unknown_software/datasets/propedia_formatted/propedia_2ody_A/propedia_2ody_A_protein_pocket.pdb,/home/igem/unknown_software/datasets/propedia_formatted/propedia_2ody_A/propedia_2ody_A_peptide.pdb,propedia_long
8djq,/home/igem/unknown_software/datasets/RefPepDB-RecentSet/8djq/8djq_protein_pocket.pdb,/home/igem/unknown_software/datasets/RefPepDB-RecentSet/8djq/8djq_peptide.pdb,recentset_replay
propedia_5u4k_B,/home/igem/unknown_software/datasets/propedia_formatted/propedia_5u4k_B/propedia_5u4k_B_protein_pocket.pdb,/home/igem/unknown_software/datasets/propedia_formatted/propedia_5u4k_B/propedia_5u4k_B_peptide.pdb,propedia_long
propedia_6dig_C,/home/igem/unknown_software/datasets/propedia_formatted/propedia_6dig_C/propedia_6dig_C_protein_pocket.pdb,/home/igem/unknown_software/datasets/propedia_formatted/propedia_6dig_C/propedia_6dig_C_peptide.pdb,propedia_long
propedia_5mn9_C,/home/igem/unknown_software/datasets/propedia_formatted/propedia_5mn9_C/propedia_5mn9_C_protein_pocket.pdb,/home/igem/unknown_software/datasets/propedia_formatted/propedia_5mn9_C/propedia_5mn9_C_peptide.pdb,propedia_long
propedia_2k2u_B,/home/igem/unknown_software/datasets/propedia_formatted/propedia_2k2u_B/propedia_2k2u_B_protein_pocket.pdb,/home/igem/unknown_software/datasets/propedia_formatted/propedia_2k2u_B/propedia_2k2u_B_peptide.pdb,propedia_long
propedia_4oni_C,/home/igem/unknown_software/datasets/propedia_formatted/propedia_4oni_C/propedia_4oni_C_protein_pocket.pdb,/home/igem/unknown_software/datasets/propedia_formatted/propedia_4oni_C/propedia_4oni_C_peptide.pdb,propedia_long
propedia_6d1u_D,/home/igem/unknown_software/datasets/propedia_formatted/propedia_6d1u_D/propedia_6d1u_D_protein_pocket.pdb,/home/igem/unknown_software/datasets/propedia_formatted/propedia_6d1u_D/propedia_6d1u_D_peptide.pdb,propedia_long
propedia_5gj4_A,/home/igem/unknown_software/datasets/propedia_formatted/propedia_5gj4_A/propedia_5gj4_A_protein_pocket.pdb,/home/igem/unknown_software/datasets/propedia_formatted/propedia_5gj4_A/propedia_5gj4_A_peptide.pdb,propedia_long
propedia_2b0s_P,/home/igem/unknown_software/datasets/propedia_formatted/propedia_2b0s_P/propedia_2b0s_P_protein_pocket.pdb,/home/igem/unknown_software/datasets/propedia_formatted/propedia_2b0s_P/propedia_2b0s_P_peptide.pdb,propedia_long
propedia_1bxp_B,/home/igem/unknown_software/datasets/propedia_formatted/propedia_1bxp_B/propedia_1bxp_B_protein_pocket.pdb,/home/igem/unknown_software/datasets/propedia_formatted/propedia_1bxp_B/propedia_1bxp_B_peptide.pdb,propedia_long
propedia_3mk8_B,/home/igem/unknown_software/datasets/propedia_formatted/propedia_3mk8_B/propedia_3mk8_B_protein_pocket.pdb,/home/igem/unknown_software/datasets/propedia_formatted/propedia_3mk8_B/propedia_3mk8_B_peptide.pdb,propedia_long
propedia_2vgo_C,/home/igem/unknown_software/datasets/propedia_formatted/propedia_2vgo_C/propedia_2vgo_C_protein_pocket.pdb,/home/igem/unknown_software/datasets/propedia_formatted/propedia_2vgo_C/propedia_2vgo_C_peptide.pdb,propedia_long
7l1b,/home/igem/unknown_software/datasets/RefPepDB-RecentSet/7l1b/7l1b_protein_pocket.pdb,/home/igem/unknown_software/datasets/RefPepDB-RecentSet/7l1b/7l1b_peptide.pdb,recentset_replay
propedia_6d94_B,/home/igem/unknown_software/datasets/propedia_formatted/propedia_6d94_B/propedia_6d94_B_protein_pocket.pdb,/home/igem/unknown_software/datasets/propedia_formatted/propedia_6d94_B/propedia_6d94_B_peptide.pdb,propedia_long
propedia_1niw_B,/home/igem/unknown_software/datasets/propedia_formatted/propedia_1niw_B/propedia_1niw_B_protein_pocket.pdb,/home/igem/unknown_software/datasets/propedia_formatted/propedia_1niw_B/propedia_1niw_B_peptide.pdb,propedia_long
propedia_2jqk_B,/home/igem/unknown_software/datasets/propedia_formatted/propedia_2jqk_B/propedia_2jqk_B_protein_pocket.pdb,/home/igem/unknown_software/datasets/propedia_formatted/propedia_2jqk_B/propedia_2jqk_B_peptide.pdb,propedia_long
propedia_3tpm_B,/home/igem/unknown_software/datasets/propedia_formatted/propedia_3tpm_B/propedia_3tpm_B_protein_pocket.pdb,/home/igem/unknown_software/datasets/propedia_formatted/propedia_3tpm_B/propedia_3tpm_B_peptide.pdb,propedia_long
8are,/home/igem/unknown_software/datasets/RefPepDB-RecentSet/8are/8are_protein_pocket.pdb,/home/igem/unknown_software/datasets/RefPepDB-RecentSet/8are/8are_peptide.pdb,recentset_replay
propedia_6gvk_B,/home/igem/unknown_software/datasets/propedia_formatted/propedia_6gvk_B/propedia_6gvk_B_protein_pocket.pdb,/home/igem/unknown_software/datasets/propedia_formatted/propedia_6gvk_B/propedia_6gvk_B_peptide.pdb,propedia_long
propedia_4kbb_C,/home/igem/unknown_software/datasets/propedia_formatted/propedia_4kbb_C/propedia_4kbb_C_protein_pocket.pdb,/home/igem/unknown_software/datasets/propedia_formatted/propedia_4kbb_C/propedia_4kbb_C_peptide.pdb,propedia_long
propedia_4aor_D,/home/igem/unknown_software/datasets/propedia_formatted/propedia_4aor_D/propedia_4aor_D_protein_pocket.pdb,/home/igem/unknown_software/datasets/propedia_formatted/propedia_4aor_D/propedia_4aor_D_peptide.pdb,propedia_long
8dwc,/home/igem/unknown_software/datasets/RefPepDB-RecentSet/8dwc/8dwc_protein_pocket.pdb,/home/igem/unknown_software/datasets/RefPepDB-RecentSet/8dwc/8dwc_peptide.pdb,recentset_replay
propedia_3ch5_B,/home/igem/unknown_software/datasets/propedia_formatted/propedia_3ch5_B/propedia_3ch5_B_protein_pocket.pdb,/home/igem/unknown_software/datasets/propedia_formatted/propedia_3ch5_B/propedia_3ch5_B_peptide.pdb,propedia_long
7u21,/home/igem/unknown_software/datasets/RefPepDB-RecentSet/7u21/7u21_protein_pocket.pdb,/home/igem/unknown_software/datasets/RefPepDB-RecentSet/7u21/7u21_peptide.pdb,recentset_replay
propedia_6j8o_A,/home/igem/unknown_software/datasets/propedia_formatted/propedia_6j8o_A/propedia_6j8o_A_protein_pocket.pdb,/home/igem/unknown_software/datasets/propedia_formatted/propedia_6j8o_A/propedia_6j8o_A_peptide.pdb,propedia_long
propedia_2wax_B,/home/igem/unknown_software/datasets/propedia_formatted/propedia_2wax_B/propedia_2wax_B_protein_pocket.pdb,/home/igem/unknown_software/datasets/propedia_formatted/propedia_2wax_B/propedia_2wax_B_peptide.pdb,propedia_long
propedia_3bps_E,/home/igem/unknown_software/datasets/propedia_formatted/propedia_3bps_E/propedia_3bps_E_protein_pocket.pdb,/home/igem/unknown_software/datasets/propedia_formatted/propedia_3bps_E/propedia_3bps_E_peptide.pdb,propedia_long
propedia_2lnk_C,/home/igem/unknown_software/datasets/propedia_formatted/propedia_2lnk_C/propedia_2lnk_C_protein_pocket.pdb,/home/igem/unknown_software/datasets/propedia_formatted/propedia_2lnk_C/propedia_2lnk_C_peptide.pdb,propedia_long
propedia_2nd1_B,/home/igem/unknown_software/datasets/propedia_formatted/propedia_2nd1_B/propedia_2nd1_B_protein_pocket.pdb,/home/igem/unknown_software/datasets/propedia_formatted/propedia_2nd1_B/propedia_2nd1_B_peptide.pdb,propedia_long
propedia_2fuu_B,/home/igem/unknown_software/datasets/propedia_formatted/propedia_2fuu_B/propedia_2fuu_B_protein_pocket.pdb,/home/igem/unknown_software/datasets/propedia_formatted/propedia_2fuu_B/propedia_2fuu_B_peptide.pdb,propedia_long
propedia_1ory_B,/home/igem/unknown_software/datasets/propedia_formatted/propedia_1ory_B/propedia_1ory_B_protein_pocket.pdb,/home/igem/unknown_software/datasets/propedia_formatted/propedia_1ory_B/propedia_1ory_B_peptide.pdb,propedia_long
propedia_6u3b_B,/home/igem/unknown_software/datasets/propedia_formatted/propedia_6u3b_B/propedia_6u3b_B_protein_pocket.pdb,/home/igem/unknown_software/datasets/propedia_formatted/propedia_6u3b_B/propedia_6u3b_B_peptide.pdb,propedia_long
propedia_6mpz_M,/home/igem/unknown_software/datasets/propedia_formatted/propedia_6mpz_M/propedia_6mpz_M_protein_pocket.pdb,/home/igem/unknown_software/datasets/propedia_formatted/propedia_6mpz_M/propedia_6mpz_M_peptide.pdb,propedia_long
propedia_4xtr_G,/home/igem/unknown_software/datasets/propedia_formatted/propedia_4xtr_G/propedia_4xtr_G_protein_pocket.pdb,/home/igem/unknown_software/datasets/propedia_formatted/propedia_4xtr_G/propedia_4xtr_G_peptide.pdb,propedia_long
propedia_6rpr_G,/home/igem/unknown_software/datasets/propedia_formatted/propedia_6rpr_G/propedia_6rpr_G_protein_pocket.pdb,/home/igem/unknown_software/datasets/propedia_formatted/propedia_6rpr_G/propedia_6rpr_G_peptide.pdb,propedia_long
propedia_5dhm_A,/home/igem/unknown_software/datasets/propedia_formatted/propedia_5dhm_A/propedia_5dhm_A_protein_pocket.pdb,/home/igem/unknown_software/datasets/propedia_formatted/propedia_5dhm_A/propedia_5dhm_A_peptide.pdb,propedia_long
propedia_6o23_E,/home/igem/unknown_software/datasets/propedia_formatted/propedia_6o23_E/propedia_6o23_E_protein_pocket.pdb,/home/igem/unknown_software/datasets/propedia_formatted/propedia_6o23_E/propedia_6o23_E_peptide.pdb,propedia_long
propedia_2arr_P,/home/igem/unknown_software/datasets/propedia_formatted/propedia_2arr_P/propedia_2arr_P_protein_pocket.pdb,/home/igem/unknown_software/datasets/propedia_formatted/propedia_2arr_P/propedia_2arr_P_peptide.pdb,propedia_long
propedia_6r00_B,/home/igem/unknown_software/datasets/propedia_formatted/propedia_6r00_B/propedia_6r00_B_protein_pocket.pdb,/home/igem/unknown_software/datasets/propedia_formatted/propedia_6r00_B/propedia_6r00_B_peptide.pdb,propedia_long
propedia_5wxr_P,/home/igem/unknown_software/datasets/propedia_formatted/propedia_5wxr_P/propedia_5wxr_P_protein_pocket.pdb,/home/igem/unknown_software/datasets/propedia_formatted/propedia_5wxr_P/propedia_5wxr_P_peptide.pdb,propedia_long
propedia_2kwo_B,/home/igem/unknown_software/datasets/propedia_formatted/propedia_2kwo_B/propedia_2kwo_B_protein_pocket.pdb,/home/igem/unknown_software/datasets/propedia_formatted/propedia_2kwo_B/propedia_2kwo_B_peptide.pdb,propedia_long
propedia_1les_B,/home/igem/unknown_software/datasets/propedia_formatted/propedia_1les_B/propedia_1les_B_protein_pocket.pdb,/home/igem/unknown_software/datasets/propedia_formatted/propedia_1les_B/propedia_1les_B_peptide.pdb,propedia_long
propedia_6j4v_B,/home/igem/unknown_software/datasets/propedia_formatted/propedia_6j4v_B/propedia_6j4v_B_protein_pocket.pdb,/home/igem/unknown_software/datasets/propedia_formatted/propedia_6j4v_B/propedia_6j4v_B_peptide.pdb,propedia_long
propedia_5eoc_P,/home/igem/unknown_software/datasets/propedia_formatted/propedia_5eoc_P/propedia_5eoc_P_protein_pocket.pdb,/home/igem/unknown_software/datasets/propedia_formatted/propedia_5eoc_P/propedia_5eoc_P_peptide.pdb,propedia_long
7rg0,/home/igem/unknown_software/datasets/RefPepDB-RecentSet/7rg0/7rg0_protein_pocket.pdb,/home/igem/unknown_software/datasets/RefPepDB-RecentSet/7rg0/7rg0_peptide.pdb,recentset_replay
propedia_5mjy_E,/home/igem/unknown_software/datasets/propedia_formatted/propedia_5mjy_E/propedia_5mjy_E_protein_pocket.pdb,/home/igem/unknown_software/datasets/propedia_formatted/propedia_5mjy_E/propedia_5mjy_E_peptide.pdb,propedia_long
propedia_4r10_B,/home/igem/unknown_software/datasets/propedia_formatted/propedia_4r10_B/propedia_4r10_B_protein_pocket.pdb,/home/igem/unknown_software/datasets/propedia_formatted/propedia_4r10_B/propedia_4r10_B_peptide.pdb,propedia_long
propedia_2f5z_K,/home/igem/unknown_software/datasets/propedia_formatted/propedia_2f5z_K/propedia_2f5z_K_protein_pocket.pdb,/home/igem/unknown_software/datasets/propedia_formatted/propedia_2f5z_K/propedia_2f5z_K_peptide.pdb,propedia_long
propedia_5d2m_G,/home/igem/unknown_software/datasets/propedia_formatted/propedia_5d2m_G/propedia_5d2m_G_protein_pocket.pdb,/home/igem/unknown_software/datasets/propedia_formatted/propedia_5d2m_G/propedia_5d2m_G_peptide.pdb,propedia_long
propedia_2kc8_B,/home/igem/unknown_software/datasets/propedia_formatted/propedia_2kc8_B/propedia_2kc8_B_protein_pocket.pdb,/home/igem/unknown_software/datasets/propedia_formatted/propedia_2kc8_B/propedia_2kc8_B_peptide.pdb,propedia_long
propedia_2h9e_L,/home/igem/unknown_software/datasets/propedia_formatted/propedia_2h9e_L/propedia_2h9e_L_protein_pocket.pdb,/home/igem/unknown_software/datasets/propedia_formatted/propedia_2h9e_L/propedia_2h9e_L_peptide.pdb,propedia_long
propedia_2rqg_A,/home/igem/unknown_software/datasets/propedia_formatted/propedia_2rqg_A/propedia_2rqg_A_protein_pocket.pdb,/home/igem/unknown_software/datasets/propedia_formatted/propedia_2rqg_A/propedia_2rqg_A_peptide.pdb,propedia_long
7q99,/home/igem/unknown_software/datasets/RefPepDB-RecentSet/7q99/7q99_protein_pocket.pdb,/home/igem/unknown_software/datasets/RefPepDB-RecentSet/7q99/7q99_peptide.pdb,recentset_replay
propedia_6cpl_C,/home/igem/unknown_software/datasets/propedia_formatted/propedia_6cpl_C/propedia_6cpl_C_protein_pocket.pdb,/home/igem/unknown_software/datasets/propedia_formatted/propedia_6cpl_C/propedia_6cpl_C_peptide.pdb,propedia_long
propedia_2c5i_P,/home/igem/unknown_software/datasets/propedia_formatted/propedia_2c5i_P/propedia_2c5i_P_protein_pocket.pdb,/home/igem/unknown_software/datasets/propedia_formatted/propedia_2c5i_P/propedia_2c5i_P_peptide.pdb,propedia_long
propedia_1ee5_B,/home/igem/unknown_software/datasets/propedia_formatted/propedia_1ee5_B/propedia_1ee5_B_protein_pocket.pdb,/home/igem/unknown_software/datasets/propedia_formatted/propedia_1ee5_B/propedia_1ee5_B_peptide.pdb,propedia_long
propedia_4wnd_B,/home/igem/unknown_software/datasets/propedia_formatted/propedia_4wnd_B/propedia_4wnd_B_protein_pocket.pdb,/home/igem/unknown_software/datasets/propedia_formatted/propedia_4wnd_B/propedia_4wnd_B_peptide.pdb,propedia_long
propedia_4wm0_D,/home/igem/unknown_software/datasets/propedia_formatted/propedia_4wm0_D/propedia_4wm0_D_protein_pocket.pdb,/home/igem/unknown_software/datasets/propedia_formatted/propedia_4wm0_D/propedia_4wm0_D_peptide.pdb,propedia_long
propedia_2k7w_B,/home/igem/unknown_software/datasets/propedia_formatted/propedia_2k7w_B/propedia_2k7w_B_protein_pocket.pdb,/home/igem/unknown_software/datasets/propedia_formatted/propedia_2k7w_B/propedia_2k7w_B_peptide.pdb,propedia_long
propedia_5tp1_P,/home/igem/unknown_software/datasets/propedia_formatted/propedia_5tp1_P/propedia_5tp1_P_protein_pocket.pdb,/home/igem/unknown_software/datasets/propedia_formatted/propedia_5tp1_P/propedia_5tp1_P_peptide.pdb,propedia_long
propedia_1o0p_B,/home/igem/unknown_software/datasets/propedia_formatted/propedia_1o0p_B/propedia_1o0p_B_protein_pocket.pdb,/home/igem/unknown_software/datasets/propedia_formatted/propedia_1o0p_B/propedia_1o0p_B_peptide.pdb,propedia_long
propedia_2o8m_C,/home/igem/unknown_software/datasets/propedia_formatted/propedia_2o8m_C/propedia_2o8m_C_protein_pocket.pdb,/home/igem/unknown_software/datasets/propedia_formatted/propedia_2o8m_C/propedia_2o8m_C_peptide.pdb,propedia_long
propedia_3ajb_B,/home/igem/unknown_software/datasets/propedia_formatted/propedia_3ajb_B/propedia_3ajb_B_protein_pocket.pdb,/home/igem/unknown_software/datasets/propedia_formatted/propedia_3ajb_B/propedia_3ajb_B_peptide.pdb,propedia_long
propedia_5k8q_B,/home/igem/unknown_software/datasets/propedia_formatted/propedia_5k8q_B/propedia_5k8q_B_protein_pocket.pdb,/home/igem/unknown_software/datasets/propedia_formatted/propedia_5k8q_B/propedia_5k8q_B_peptide.pdb,propedia_long
propedia_4h2s_C,/home/igem/unknown_software/datasets/propedia_formatted/propedia_4h2s_C/propedia_4h2s_C_protein_pocket.pdb,/home/igem/unknown_software/datasets/propedia_formatted/propedia_4h2s_C/propedia_4h2s_C_peptide.pdb,propedia_long
propedia_6daf_C,/home/igem/unknown_software/datasets/propedia_formatted/propedia_6daf_C/propedia_6daf_C_protein_pocket.pdb,/home/igem/unknown_software/datasets/propedia_formatted/propedia_6daf_C/propedia_6daf_C_peptide.pdb,propedia_long
propedia_3wy9_C,/home/igem/unknown_software/datasets/propedia_formatted/propedia_3wy9_C/propedia_3wy9_C_protein_pocket.pdb,/home/igem/unknown_software/datasets/propedia_formatted/propedia_3wy9_C/propedia_3wy9_C_peptide.pdb,propedia_long
propedia_5l85_B,/home/igem/unknown_software/datasets/propedia_formatted/propedia_5l85_B/propedia_5l85_B_protein_pocket.pdb,/home/igem/unknown_software/datasets/propedia_formatted/propedia_5l85_B/propedia_5l85_B_peptide.pdb,propedia_long
propedia_2v6q_B,/home/igem/unknown_software/datasets/propedia_formatted/propedia_2v6q_B/propedia_2v6q_B_protein_pocket.pdb,/home/igem/unknown_software/datasets/propedia_formatted/propedia_2v6q_B/propedia_2v6q_B_peptide.pdb,propedia_long
propedia_4h25_C,/home/igem/unknown_software/datasets/propedia_formatted/propedia_4h25_C/propedia_4h25_C_protein_pocket.pdb,/home/igem/unknown_software/datasets/propedia_formatted/propedia_4h25_C/propedia_4h25_C_peptide.pdb,propedia_long
propedia_4bpi_B,/home/igem/unknown_software/datasets/propedia_formatted/propedia_4bpi_B/propedia_4bpi_B_protein_pocket.pdb,/home/igem/unknown_software/datasets/propedia_formatted/propedia_4bpi_B/propedia_4bpi_B_peptide.pdb,propedia_long
propedia_4gnt_B,/home/igem/unknown_software/datasets/propedia_formatted/propedia_4gnt_B/propedia_4gnt_B_protein_pocket.pdb,/home/igem/unknown_software/datasets/propedia_formatted/propedia_4gnt_B/propedia_4gnt_B_peptide.pdb,propedia_long
propedia_4ez1_K,/home/igem/unknown_software/datasets/propedia_formatted/propedia_4ez1_K/propedia_4ez1_K_protein_pocket.pdb,/home/igem/unknown_software/datasets/propedia_formatted/propedia_4ez1_K/propedia_4ez1_K_peptide.pdb,propedia_long
propedia_3tei_B,/home/igem/unknown_software/datasets/propedia_formatted/propedia_3tei_B/propedia_3tei_B_protein_pocket.pdb,/home/igem/unknown_software/datasets/propedia_formatted/propedia_3tei_B/propedia_3tei_B_peptide.pdb,propedia_long
propedia_3si5_X,/home/igem/unknown_software/datasets/propedia_formatted/propedia_3si5_X/propedia_3si5_X_protein_pocket.pdb,/home/igem/unknown_software/datasets/propedia_formatted/propedia_3si5_X/propedia_3si5_X_peptide.pdb,propedia_long
propedia_5n10_C,/home/igem/unknown_software/datasets/propedia_formatted/propedia_5n10_C/propedia_5n10_C_protein_pocket.pdb,/home/igem/unknown_software/datasets/propedia_formatted/propedia_5n10_C/propedia_5n10_C_peptide.pdb,propedia_long
propedia_2a3z_C,/home/igem/unknown_software/datasets/propedia_formatted/propedia_2a3z_C/propedia_2a3z_C_protein_pocket.pdb,/home/igem/unknown_software/datasets/propedia_formatted/propedia_2a3z_C/propedia_2a3z_C_peptide.pdb,propedia_long
8a5m,/home/igem/unknown_software/datasets/RefPepDB-RecentSet/8a5m/8a5m_protein_pocket.pdb,/home/igem/unknown_software/datasets/RefPepDB-RecentSet/8a5m/8a5m_peptide.pdb,recentset_replay
propedia_1rbg_S,/home/igem/unknown_software/datasets/propedia_formatted/propedia_1rbg_S/propedia_1rbg_S_protein_pocket.pdb,/home/igem/unknown_software/datasets/propedia_formatted/propedia_1rbg_S/propedia_1rbg_S_peptide.pdb,propedia_long
propedia_4a1u_B,/home/igem/unknown_software/datasets/propedia_formatted/propedia_4a1u_B/propedia_4a1u_B_protein_pocket.pdb,/home/igem/unknown_software/datasets/propedia_formatted/propedia_4a1u_B/propedia_4a1u_B_peptide.pdb,propedia_long
propedia_1h2l_S,/home/igem/unknown_software/datasets/propedia_formatted/propedia_1h2l_S/propedia_1h2l_S_protein_pocket.pdb,/home/igem/unknown_software/datasets/propedia_formatted/propedia_1h2l_S/propedia_1h2l_S_peptide.pdb,propedia_long
7l04,/home/igem/unknown_software/datasets/RefPepDB-RecentSet/7l04/7l04_protein_pocket.pdb,/home/igem/unknown_software/datasets/RefPepDB-RecentSet/7l04/7l04_peptide.pdb,recentset_replay
propedia_4zii_C,/home/igem/unknown_software/datasets/propedia_formatted/propedia_4zii_C/propedia_4zii_C_protein_pocket.pdb,/home/igem/unknown_software/datasets/propedia_formatted/propedia_4zii_C/propedia_4zii_C_peptide.pdb,propedia_long
propedia_5xco_B,/home/igem/unknown_software/datasets/propedia_formatted/propedia_5xco_B/propedia_5xco_B_protein_pocket.pdb,/home/igem/unknown_software/datasets/propedia_formatted/propedia_5xco_B/propedia_5xco_B_peptide.pdb,propedia_long
propedia_5was_B,/home/igem/unknown_software/datasets/propedia_formatted/propedia_5was_B/propedia_5was_B_protein_pocket.pdb,/home/igem/unknown_software/datasets/propedia_formatted/propedia_5was_B/propedia_5was_B_peptide.pdb,propedia_long
propedia_6gr9_B,/home/igem/unknown_software/datasets/propedia_formatted/propedia_6gr9_B/propedia_6gr9_B_protein_pocket.pdb,/home/igem/unknown_software/datasets/propedia_formatted/propedia_6gr9_B/propedia_6gr9_B_peptide.pdb,propedia_long
propedia_3go1_P,/home/igem/unknown_software/datasets/propedia_formatted/propedia_3go1_P/propedia_3go1_P_protein_pocket.pdb,/home/igem/unknown_software/datasets/propedia_formatted/propedia_3go1_P/propedia_3go1_P_peptide.pdb,propedia_long
propedia_2lct_B,/home/igem/unknown_software/datasets/propedia_formatted/propedia_2lct_B/propedia_2lct_B_protein_pocket.pdb,/home/igem/unknown_software/datasets/propedia_formatted/propedia_2lct_B/propedia_2lct_B_peptide.pdb,propedia_long
propedia_6ilq_B,/home/igem/unknown_software/datasets/propedia_formatted/propedia_6ilq_B/propedia_6ilq_B_protein_pocket.pdb,/home/igem/unknown_software/datasets/propedia_formatted/propedia_6ilq_B/propedia_6ilq_B_peptide.pdb,propedia_long
propedia_5ypu_B,/home/igem/unknown_software/datasets/propedia_formatted/propedia_5ypu_B/propedia_5ypu_B_protein_pocket.pdb,/home/igem/unknown_software/datasets/propedia_formatted/propedia_5ypu_B/propedia_5ypu_B_peptide.pdb,propedia_long
7s46,/home/igem/unknown_software/datasets/RefPepDB-RecentSet/7s46/7s46_protein_pocket.pdb,/home/igem/unknown_software/datasets/RefPepDB-RecentSet/7s46/7s46_peptide.pdb,recentset_replay
7m51,/home/igem/unknown_software/datasets/RefPepDB-RecentSet/7m51/7m51_protein_pocket.pdb,/home/igem/unknown_software/datasets/RefPepDB-RecentSet/7m51/7m51_peptide.pdb,recentset_replay
propedia_6hm3_B,/home/igem/unknown_software/datasets/propedia_formatted/propedia_6hm3_B/propedia_6hm3_B_protein_pocket.pdb,/home/igem/unknown_software/datasets/propedia_formatted/propedia_6hm3_B/propedia_6hm3_B_peptide.pdb,propedia_long
propedia_3h8d_E,/home/igem/unknown_software/datasets/propedia_formatted/propedia_3h8d_E/propedia_3h8d_E_protein_pocket.pdb,/home/igem/unknown_software/datasets/propedia_formatted/propedia_3h8d_E/propedia_3h8d_E_peptide.pdb,propedia_long
propedia_2way_B,/home/igem/unknown_software/datasets/propedia_formatted/propedia_2way_B/propedia_2way_B_protein_pocket.pdb,/home/igem/unknown_software/datasets/propedia_formatted/propedia_2way_B/propedia_2way_B_peptide.pdb,propedia_long
propedia_4z0d_C,/home/igem/unknown_software/datasets/propedia_formatted/propedia_4z0d_C/propedia_4z0d_C_protein_pocket.pdb,/home/igem/unknown_software/datasets/propedia_formatted/propedia_4z0d_C/propedia_4z0d_C_peptide.pdb,propedia_long
propedia_5efw_C,/home/igem/unknown_software/datasets/propedia_formatted/propedia_5efw_C/propedia_5efw_C_protein_pocket.pdb,/home/igem/unknown_software/datasets/propedia_formatted/propedia_5efw_C/propedia_5efw_C_peptide.pdb,propedia_long
propedia_5ou9_C,/home/igem/unknown_software/datasets/propedia_formatted/propedia_5ou9_C/propedia_5ou9_C_protein_pocket.pdb,/home/igem/unknown_software/datasets/propedia_formatted/propedia_5ou9_C/propedia_5ou9_C_peptide.pdb,propedia_long
propedia_1jsp_A,/home/igem/unknown_software/datasets/propedia_formatted/propedia_1jsp_A/propedia_1jsp_A_protein_pocket.pdb,/home/igem/unknown_software/datasets/propedia_formatted/propedia_1jsp_A/propedia_1jsp_A_peptide.pdb,propedia_long
propedia_6nuu_C,/home/igem/unknown_software/datasets/propedia_formatted/propedia_6nuu_C/propedia_6nuu_C_protein_pocket.pdb,/home/igem/unknown_software/datasets/propedia_formatted/propedia_6nuu_C/propedia_6nuu_C_peptide.pdb,propedia_long
propedia_6iu7_B,/home/igem/unknown_software/datasets/propedia_formatted/propedia_6iu7_B/propedia_6iu7_B_protein_pocket.pdb,/home/igem/unknown_software/datasets/propedia_formatted/propedia_6iu7_B/propedia_6iu7_B_peptide.pdb,propedia_long
propedia_5h2w_B,/home/igem/unknown_software/datasets/propedia_formatted/propedia_5h2w_B/propedia_5h2w_B_protein_pocket.pdb,/home/igem/unknown_software/datasets/propedia_formatted/propedia_5h2w_B/propedia_5h2w_B_peptide.pdb,propedia_long
propedia_1q0w_A,/home/igem/unknown_software/datasets/propedia_formatted/propedia_1q0w_A/propedia_1q0w_A_protein_pocket.pdb,/home/igem/unknown_software/datasets/propedia_formatted/propedia_1q0w_A/propedia_1q0w_A_peptide.pdb,propedia_long
propedia_1yrk_B,/home/igem/unknown_software/datasets/propedia_formatted/propedia_1yrk_B/propedia_1yrk_B_protein_pocket.pdb,/home/igem/unknown_software/datasets/propedia_formatted/propedia_1yrk_B/propedia_1yrk_B_peptide.pdb,propedia_long
7uxk,/home/igem/unknown_software/datasets/RefPepDB-RecentSet/7uxk/7uxk_protein_pocket.pdb,/home/igem/unknown_software/datasets/RefPepDB-RecentSet/7uxk/7uxk_peptide.pdb,recentset_replay
propedia_2iij_B,/home/igem/unknown_software/datasets/propedia_formatted/propedia_2iij_B/propedia_2iij_B_protein_pocket.pdb,/home/igem/unknown_software/datasets/propedia_formatted/propedia_2iij_B/propedia_2iij_B_peptide.pdb,propedia_long
7sme,/home/igem/unknown_software/datasets/RefPepDB-RecentSet/7sme/7sme_protein_pocket.pdb,/home/igem/unknown_software/datasets/RefPepDB-RecentSet/7sme/7sme_peptide.pdb,recentset_replay
propedia_2c1m_B,/home/igem/unknown_software/datasets/propedia_formatted/propedia_2c1m_B/propedia_2c1m_B_protein_pocket.pdb,/home/igem/unknown_software/datasets/propedia_formatted/propedia_2c1m_B/propedia_2c1m_B_peptide.pdb,propedia_long
propedia_5jz8_B,/home/igem/unknown_software/datasets/propedia_formatted/propedia_5jz8_B/propedia_5jz8_B_protein_pocket.pdb,/home/igem/unknown_software/datasets/propedia_formatted/propedia_5jz8_B/propedia_5jz8_B_peptide.pdb,propedia_long
7wt5,/home/igem/unknown_software/datasets/RefPepDB-RecentSet/7wt5/7wt5_protein_pocket.pdb,/home/igem/unknown_software/datasets/RefPepDB-RecentSet/7wt5/7wt5_peptide.pdb,recentset_replay
7qrs,/home/igem/unknown_software/datasets/RefPepDB-RecentSet/7qrs/7qrs_protein_pocket.pdb,/home/igem/unknown_software/datasets/RefPepDB-RecentSet/7qrs/7qrs_peptide.pdb,recentset_replay
propedia_1jh4_B,/home/igem/unknown_software/datasets/propedia_formatted/propedia_1jh4_B/propedia_1jh4_B_protein_pocket.pdb,/home/igem/unknown_software/datasets/propedia_formatted/propedia_1jh4_B/propedia_1jh4_B_peptide.pdb,propedia_long
propedia_3tvt_B,/home/igem/unknown_software/datasets/propedia_formatted/propedia_3tvt_B/propedia_3tvt_B_protein_pocket.pdb,/home/igem/unknown_software/datasets/propedia_formatted/propedia_3tvt_B/propedia_3tvt_B_peptide.pdb,propedia_long
propedia_1fv1_C,/home/igem/unknown_software/datasets/propedia_formatted/propedia_1fv1_C/propedia_1fv1_C_protein_pocket.pdb,/home/igem/unknown_software/datasets/propedia_formatted/propedia_1fv1_C/propedia_1fv1_C_peptide.pdb,propedia_long
propedia_4jo9_A,/home/igem/unknown_software/datasets/propedia_formatted/propedia_4jo9_A/propedia_4jo9_A_protein_pocket.pdb,/home/igem/unknown_software/datasets/propedia_formatted/propedia_4jo9_A/propedia_4jo9_A_peptide.pdb,propedia_long
propedia_1zvz_B,/home/igem/unknown_software/datasets/propedia_formatted/propedia_1zvz_B/propedia_1zvz_B_protein_pocket.pdb,/home/igem/unknown_software/datasets/propedia_formatted/propedia_1zvz_B/propedia_1zvz_B_peptide.pdb,propedia_long
propedia_1jeg_B,/home/igem/unknown_software/datasets/propedia_formatted/propedia_1jeg_B/propedia_1jeg_B_protein_pocket.pdb,/home/igem/unknown_software/datasets/propedia_formatted/propedia_1jeg_B/propedia_1jeg_B_peptide.pdb,propedia_long
propedia_3u9d_B,/home/igem/unknown_software/datasets/propedia_formatted/propedia_3u9d_B/propedia_3u9d_B_protein_pocket.pdb,/home/igem/unknown_software/datasets/propedia_formatted/propedia_3u9d_B/propedia_3u9d_B_peptide.pdb,propedia_long
propedia_1d7q_B,/home/igem/unknown_software/datasets/propedia_formatted/propedia_1d7q_B/propedia_1d7q_B_protein_pocket.pdb,/home/igem/unknown_software/datasets/propedia_formatted/propedia_1d7q_B/propedia_1d7q_B_peptide.pdb,propedia_long
7pc5,/home/igem/unknown_software/datasets/RefPepDB-RecentSet/7pc5/7pc5_protein_pocket.pdb,/home/igem/unknown_software/datasets/RefPepDB-RecentSet/7pc5/7pc5_peptide.pdb,recentset_replay
propedia_1mdi_B,/home/igem/unknown_software/datasets/propedia_formatted/propedia_1mdi_B/propedia_1mdi_B_protein_pocket.pdb,/home/igem/unknown_software/datasets/propedia_formatted/propedia_1mdi_B/propedia_1mdi_B_peptide.pdb,propedia_long
propedia_4ehq_G,/home/igem/unknown_software/datasets/propedia_formatted/propedia_4ehq_G/propedia_4ehq_G_protein_pocket.pdb,/home/igem/unknown_software/datasets/propedia_formatted/propedia_4ehq_G/propedia_4ehq_G_peptide.pdb,propedia_long
propedia_5o3v_C,/home/igem/unknown_software/datasets/propedia_formatted/propedia_5o3v_C/propedia_5o3v_C_protein_pocket.pdb,/home/igem/unknown_software/datasets/propedia_formatted/propedia_5o3v_C/propedia_5o3v_C_peptide.pdb,propedia_long
propedia_6och_B,/home/igem/unknown_software/datasets/propedia_formatted/propedia_6och_B/propedia_6och_B_protein_pocket.pdb,/home/igem/unknown_software/datasets/propedia_formatted/propedia_6och_B/propedia_6och_B_peptide.pdb,propedia_long
propedia_6vo5_C,/home/igem/unknown_software/datasets/propedia_formatted/propedia_6vo5_C/propedia_6vo5_C_protein_pocket.pdb,/home/igem/unknown_software/datasets/propedia_formatted/propedia_6vo5_C/propedia_6vo5_C_peptide.pdb,propedia_long
propedia_3oiq_B,/home/igem/unknown_software/datasets/propedia_formatted/propedia_3oiq_B/propedia_3oiq_B_protein_pocket.pdb,/home/igem/unknown_software/datasets/propedia_formatted/propedia_3oiq_B/propedia_3oiq_B_peptide.pdb,propedia_long
propedia_4tuj_E,/home/igem/unknown_software/datasets/propedia_formatted/propedia_4tuj_E/propedia_4tuj_E_protein_pocket.pdb,/home/igem/unknown_software/datasets/propedia_formatted/propedia_4tuj_E/propedia_4tuj_E_peptide.pdb,propedia_long
propedia_6hl6_S,/home/igem/unknown_software/datasets/propedia_formatted/propedia_6hl6_S/propedia_6hl6_S_protein_pocket.pdb,/home/igem/unknown_software/datasets/propedia_formatted/propedia_6hl6_S/propedia_6hl6_S_peptide.pdb,propedia_long
propedia_6s1r_B,/home/igem/unknown_software/datasets/propedia_formatted/propedia_6s1r_B/propedia_6s1r_B_protein_pocket.pdb,/home/igem/unknown_software/datasets/propedia_formatted/propedia_6s1r_B/propedia_6s1r_B_peptide.pdb,propedia_long
propedia_2xtt_A,/home/igem/unknown_software/datasets/propedia_formatted/propedia_2xtt_A/propedia_2xtt_A_protein_pocket.pdb,/home/igem/unknown_software/datasets/propedia_formatted/propedia_2xtt_A/propedia_2xtt_A_peptide.pdb,propedia_long
propedia_2kqf_B,/home/igem/unknown_software/datasets/propedia_formatted/propedia_2kqf_B/propedia_2kqf_B_protein_pocket.pdb,/home/igem/unknown_software/datasets/propedia_formatted/propedia_2kqf_B/propedia_2kqf_B_peptide.pdb,propedia_long
7vue,/home/igem/unknown_software/datasets/RefPepDB-RecentSet/7vue/7vue_protein_pocket.pdb,/home/igem/unknown_software/datasets/RefPepDB-RecentSet/7vue/7vue_peptide.pdb,recentset_replay
propedia_1n2d_C,/home/igem/unknown_software/datasets/propedia_formatted/propedia_1n2d_C/propedia_1n2d_C_protein_pocket.pdb,/home/igem/unknown_software/datasets/propedia_formatted/propedia_1n2d_C/propedia_1n2d_C_peptide.pdb,propedia_long
propedia_6qms_A,/home/igem/unknown_software/datasets/propedia_formatted/propedia_6qms_A/propedia_6qms_A_protein_pocket.pdb,/home/igem/unknown_software/datasets/propedia_formatted/propedia_6qms_A/propedia_6qms_A_peptide.pdb,propedia_long
propedia_4bu1_C,/home/igem/unknown_software/datasets/propedia_formatted/propedia_4bu1_C/propedia_4bu1_C_protein_pocket.pdb,/home/igem/unknown_software/datasets/propedia_formatted/propedia_4bu1_C/propedia_4bu1_C_peptide.pdb,propedia_long
propedia_3eab_G,/home/igem/unknown_software/datasets/propedia_formatted/propedia_3eab_G/propedia_3eab_G_protein_pocket.pdb,/home/igem/unknown_software/datasets/propedia_formatted/propedia_3eab_G/propedia_3eab_G_peptide.pdb,propedia_long
propedia_2b1h_P,/home/igem/unknown_software/datasets/propedia_formatted/propedia_2b1h_P/propedia_2b1h_P_protein_pocket.pdb,/home/igem/unknown_software/datasets/propedia_formatted/propedia_2b1h_P/propedia_2b1h_P_peptide.pdb,propedia_long
propedia_5zk5_B,/home/igem/unknown_software/datasets/propedia_formatted/propedia_5zk5_B/propedia_5zk5_B_protein_pocket.pdb,/home/igem/unknown_software/datasets/propedia_formatted/propedia_5zk5_B/propedia_5zk5_B_peptide.pdb,propedia_long
propedia_2n9x_B,/home/igem/unknown_software/datasets/propedia_formatted/propedia_2n9x_B/propedia_2n9x_B_protein_pocket.pdb,/home/igem/unknown_software/datasets/propedia_formatted/propedia_2n9x_B/propedia_2n9x_B_peptide.pdb,propedia_long
propedia_2rr3_B,/home/igem/unknown_software/datasets/propedia_formatted/propedia_2rr3_B/propedia_2rr3_B_protein_pocket.pdb,/home/igem/unknown_software/datasets/propedia_formatted/propedia_2rr3_B/propedia_2rr3_B_peptide.pdb,propedia_long
propedia_5lxm_D,/home/igem/unknown_software/datasets/propedia_formatted/propedia_5lxm_D/propedia_5lxm_D_protein_pocket.pdb,/home/igem/unknown_software/datasets/propedia_formatted/propedia_5lxm_D/propedia_5lxm_D_peptide.pdb,propedia_long
propedia_2mes_B,/home/igem/unknown_software/datasets/propedia_formatted/propedia_2mes_B/propedia_2mes_B_protein_pocket.pdb,/home/igem/unknown_software/datasets/propedia_formatted/propedia_2mes_B/propedia_2mes_B_peptide.pdb,propedia_long
propedia_5ott_B,/home/igem/unknown_software/datasets/propedia_formatted/propedia_5ott_B/propedia_5ott_B_protein_pocket.pdb,/home/igem/unknown_software/datasets/propedia_formatted/propedia_5ott_B/propedia_5ott_B_peptide.pdb,propedia_long
propedia_1dzi_B,/home/igem/unknown_software/datasets/propedia_formatted/propedia_1dzi_B/propedia_1dzi_B_protein_pocket.pdb,/home/igem/unknown_software/datasets/propedia_formatted/propedia_1dzi_B/propedia_1dzi_B_peptide.pdb,propedia_long
propedia_3g9w_C,/home/igem/unknown_software/datasets/propedia_formatted/propedia_3g9w_C/propedia_3g9w_C_protein_pocket.pdb,/home/igem/unknown_software/datasets/propedia_formatted/propedia_3g9w_C/propedia_3g9w_C_peptide.pdb,propedia_long
propedia_6ocg_B,/home/igem/unknown_software/datasets/propedia_formatted/propedia_6ocg_B/propedia_6ocg_B_protein_pocket.pdb,/home/igem/unknown_software/datasets/propedia_formatted/propedia_6ocg_B/propedia_6ocg_B_peptide.pdb,propedia_long
propedia_1jbu_X,/home/igem/unknown_software/datasets/propedia_formatted/propedia_1jbu_X/propedia_1jbu_X_protein_pocket.pdb,/home/igem/unknown_software/datasets/propedia_formatted/propedia_1jbu_X/propedia_1jbu_X_peptide.pdb,propedia_long
propedia_2x0x_D,/home/igem/unknown_software/datasets/propedia_formatted/propedia_2x0x_D/propedia_2x0x_D_protein_pocket.pdb,/home/igem/unknown_software/datasets/propedia_formatted/propedia_2x0x_D/propedia_2x0x_D_peptide.pdb,propedia_long
propedia_5jp4_B,/home/igem/unknown_software/datasets/propedia_formatted/propedia_5jp4_B/propedia_5jp4_B_protein_pocket.pdb,/home/igem/unknown_software/datasets/propedia_formatted/propedia_5jp4_B/propedia_5jp4_B_peptide.pdb,propedia_long
propedia_1ees_B,/home/igem/unknown_software/datasets/propedia_formatted/propedia_1ees_B/propedia_1ees_B_protein_pocket.pdb,/home/igem/unknown_software/datasets/propedia_formatted/propedia_1ees_B/propedia_1ees_B_peptide.pdb,propedia_long
7ovx,/home/igem/unknown_software/datasets/RefPepDB-RecentSet/7ovx/7ovx_protein_pocket.pdb,/home/igem/unknown_software/datasets/RefPepDB-RecentSet/7ovx/7ovx_peptide.pdb,recentset_replay
propedia_5fml_A,/home/igem/unknown_software/datasets/propedia_formatted/propedia_5fml_A/propedia_5fml_A_protein_pocket.pdb,/home/igem/unknown_software/datasets/propedia_formatted/propedia_5fml_A/propedia_5fml_A_peptide.pdb,propedia_long
propedia_5h7p_B,/home/igem/unknown_software/datasets/propedia_formatted/propedia_5h7p_B/propedia_5h7p_B_protein_pocket.pdb,/home/igem/unknown_software/datasets/propedia_formatted/propedia_5h7p_B/propedia_5h7p_B_peptide.pdb,propedia_long
propedia_1l6x_B,/home/igem/unknown_software/datasets/propedia_formatted/propedia_1l6x_B/propedia_1l6x_B_protein_pocket.pdb,/home/igem/unknown_software/datasets/propedia_formatted/propedia_1l6x_B/propedia_1l6x_B_peptide.pdb,propedia_long
propedia_1f2s_I,/home/igem/unknown_software/datasets/propedia_formatted/propedia_1f2s_I/propedia_1f2s_I_protein_pocket.pdb,/home/igem/unknown_software/datasets/propedia_formatted/propedia_1f2s_I/propedia_1f2s_I_peptide.pdb,propedia_long
propedia_1rbf_S,/home/igem/unknown_software/datasets/propedia_formatted/propedia_1rbf_S/propedia_1rbf_S_protein_pocket.pdb,/home/igem/unknown_software/datasets/propedia_formatted/propedia_1rbf_S/propedia_1rbf_S_peptide.pdb,propedia_long
propedia_6e3i_B,/home/igem/unknown_software/datasets/propedia_formatted/propedia_6e3i_B/propedia_6e3i_B_protein_pocket.pdb,/home/igem/unknown_software/datasets/propedia_formatted/propedia_6e3i_B/propedia_6e3i_B_peptide.pdb,propedia_long
7owu,/home/igem/unknown_software/datasets/RefPepDB-RecentSet/7owu/7owu_protein_pocket.pdb,/home/igem/unknown_software/datasets/RefPepDB-RecentSet/7owu/7owu_peptide.pdb,recentset_replay
propedia_2voh_B,/home/igem/unknown_software/datasets/propedia_formatted/propedia_2voh_B/propedia_2voh_B_protein_pocket.pdb,/home/igem/unknown_software/datasets/propedia_formatted/propedia_2voh_B/propedia_2voh_B_peptide.pdb,propedia_long
propedia_1gl1_I,/home/igem/unknown_software/datasets/propedia_formatted/propedia_1gl1_I/propedia_1gl1_I_protein_pocket.pdb,/home/igem/unknown_software/datasets/propedia_formatted/propedia_1gl1_I/propedia_1gl1_I_peptide.pdb,propedia_long
propedia_6cpn_C,/home/igem/unknown_software/datasets/propedia_formatted/propedia_6cpn_C/propedia_6cpn_C_protein_pocket.pdb,/home/igem/unknown_software/datasets/propedia_formatted/propedia_6cpn_C/propedia_6cpn_C_peptide.pdb,propedia_long
propedia_2jod_B,/home/igem/unknown_software/datasets/propedia_formatted/propedia_2jod_B/propedia_2jod_B_protein_pocket.pdb,/home/igem/unknown_software/datasets/propedia_formatted/propedia_2jod_B/propedia_2jod_B_peptide.pdb,propedia_long
propedia_5uum_C,/home/igem/unknown_software/datasets/propedia_formatted/propedia_5uum_C/propedia_5uum_C_protein_pocket.pdb,/home/igem/unknown_software/datasets/propedia_formatted/propedia_5uum_C/propedia_5uum_C_peptide.pdb,propedia_long
propedia_3gs2_B,/home/igem/unknown_software/datasets/propedia_formatted/propedia_3gs2_B/propedia_3gs2_B_protein_pocket.pdb,/home/igem/unknown_software/datasets/propedia_formatted/propedia_3gs2_B/propedia_3gs2_B_peptide.pdb,propedia_long
propedia_1zoq_C,/home/igem/unknown_software/datasets/propedia_formatted/propedia_1zoq_C/propedia_1zoq_C_protein_pocket.pdb,/home/igem/unknown_software/datasets/propedia_formatted/propedia_1zoq_C/propedia_1zoq_C_peptide.pdb,propedia_long
propedia_1m46_B,/home/igem/unknown_software/datasets/propedia_formatted/propedia_1m46_B/propedia_1m46_B_protein_pocket.pdb,/home/igem/unknown_software/datasets/propedia_formatted/propedia_1m46_B/propedia_1m46_B_peptide.pdb,propedia_long
7w64,/home/igem/unknown_software/datasets/RefPepDB-RecentSet/7w64/7w64_protein_pocket.pdb,/home/igem/unknown_software/datasets/RefPepDB-RecentSet/7w64/7w64_peptide.pdb,recentset_replay
propedia_5ibk_B,/home/igem/unknown_software/datasets/propedia_formatted/propedia_5ibk_B/propedia_5ibk_B_protein_pocket.pdb,/home/igem/unknown_software/datasets/propedia_formatted/propedia_5ibk_B/propedia_5ibk_B_peptide.pdb,propedia_long
propedia_2mro_B,/home/igem/unknown_software/datasets/propedia_formatted/propedia_2mro_B/propedia_2mro_B_protein_pocket.pdb,/home/igem/unknown_software/datasets/propedia_formatted/propedia_2mro_B/propedia_2mro_B_peptide.pdb,propedia_long
propedia_3bt2_B,/home/igem/unknown_software/datasets/propedia_formatted/propedia_3bt2_B/propedia_3bt2_B_protein_pocket.pdb,/home/igem/unknown_software/datasets/propedia_formatted/propedia_3bt2_B/propedia_3bt2_B_peptide.pdb,propedia_long
propedia_5vmo_B,/home/igem/unknown_software/datasets/propedia_formatted/propedia_5vmo_B/propedia_5vmo_B_protein_pocket.pdb,/home/igem/unknown_software/datasets/propedia_formatted/propedia_5vmo_B/propedia_5vmo_B_peptide.pdb,propedia_long
propedia_3ehu_C,/home/igem/unknown_software/datasets/propedia_formatted/propedia_3ehu_C/propedia_3ehu_C_protein_pocket.pdb,/home/igem/unknown_software/datasets/propedia_formatted/propedia_3ehu_C/propedia_3ehu_C_peptide.pdb,propedia_long
propedia_1l3e_A,/home/igem/unknown_software/datasets/propedia_formatted/propedia_1l3e_A/propedia_1l3e_A_protein_pocket.pdb,/home/igem/unknown_software/datasets/propedia_formatted/propedia_1l3e_A/propedia_1l3e_A_peptide.pdb,propedia_long
7x6y,/home/igem/unknown_software/datasets/RefPepDB-RecentSet/7x6y/7x6y_protein_pocket.pdb,/home/igem/unknown_software/datasets/RefPepDB-RecentSet/7x6y/7x6y_peptide.pdb,recentset_replay
propedia_1lgh_B,/home/igem/unknown_software/datasets/propedia_formatted/propedia_1lgh_B/propedia_1lgh_B_protein_pocket.pdb,/home/igem/unknown_software/datasets/propedia_formatted/propedia_1lgh_B/propedia_1lgh_B_peptide.pdb,propedia_long
propedia_5zjz_B,/home/igem/unknown_software/datasets/propedia_formatted/propedia_5zjz_B/propedia_5zjz_B_protein_pocket.pdb,/home/igem/unknown_software/datasets/propedia_formatted/propedia_5zjz_B/propedia_5zjz_B_peptide.pdb,propedia_long
propedia_1jdh_B,/home/igem/unknown_software/datasets/propedia_formatted/propedia_1jdh_B/propedia_1jdh_B_protein_pocket.pdb,/home/igem/unknown_software/datasets/propedia_formatted/propedia_1jdh_B/propedia_1jdh_B_peptide.pdb,propedia_long
propedia_4uf1_B,/home/igem/unknown_software/datasets/propedia_formatted/propedia_4uf1_B/propedia_4uf1_B_protein_pocket.pdb,/home/igem/unknown_software/datasets/propedia_formatted/propedia_4uf1_B/propedia_4uf1_B_peptide.pdb,propedia_long
propedia_4x5w_C,/home/igem/unknown_software/datasets/propedia_formatted/propedia_4x5w_C/propedia_4x5w_C_protein_pocket.pdb,/home/igem/unknown_software/datasets/propedia_formatted/propedia_4x5w_C/propedia_4x5w_C_peptide.pdb,propedia_long
propedia_6igk_B,/home/igem/unknown_software/datasets/propedia_formatted/propedia_6igk_B/propedia_6igk_B_protein_pocket.pdb,/home/igem/unknown_software/datasets/propedia_formatted/propedia_6igk_B/propedia_6igk_B_peptide.pdb,propedia_long
7w3z,/home/igem/unknown_software/datasets/RefPepDB-RecentSet/7w3z/7w3z_protein_pocket.pdb,/home/igem/unknown_software/datasets/RefPepDB-RecentSet/7w3z/7w3z_peptide.pdb,recentset_replay
propedia_5ojr_E,/home/igem/unknown_software/datasets/propedia_formatted/propedia_5ojr_E/propedia_5ojr_E_protein_pocket.pdb,/home/igem/unknown_software/datasets/propedia_formatted/propedia_5ojr_E/propedia_5ojr_E_peptide.pdb,propedia_long
propedia_2l8j_B,/home/igem/unknown_software/datasets/propedia_formatted/propedia_2l8j_B/propedia_2l8j_B_protein_pocket.pdb,/home/igem/unknown_software/datasets/propedia_formatted/propedia_2l8j_B/propedia_2l8j_B_peptide.pdb,propedia_long
propedia_4ghu_B,/home/igem/unknown_software/datasets/propedia_formatted/propedia_4ghu_B/propedia_4ghu_B_protein_pocket.pdb,/home/igem/unknown_software/datasets/propedia_formatted/propedia_4ghu_B/propedia_4ghu_B_peptide.pdb,propedia_long
propedia_1o9a_B,/home/igem/unknown_software/datasets/propedia_formatted/propedia_1o9a_B/propedia_1o9a_B_protein_pocket.pdb,/home/igem/unknown_software/datasets/propedia_formatted/propedia_1o9a_B/propedia_1o9a_B_peptide.pdb,propedia_long
propedia_2qn6_C,/home/igem/unknown_software/datasets/propedia_formatted/propedia_2qn6_C/propedia_2qn6_C_protein_pocket.pdb,/home/igem/unknown_software/datasets/propedia_formatted/propedia_2qn6_C/propedia_2qn6_C_peptide.pdb,propedia_long
7emd,/home/igem/unknown_software/datasets/RefPepDB-RecentSet/7emd/7emd_protein_pocket.pdb,/home/igem/unknown_software/datasets/RefPepDB-RecentSet/7emd/7emd_peptide.pdb,recentset_replay
propedia_6mbe_B,/home/igem/unknown_software/datasets/propedia_formatted/propedia_6mbe_B/propedia_6mbe_B_protein_pocket.pdb,/home/igem/unknown_software/datasets/propedia_formatted/propedia_6mbe_B/propedia_6mbe_B_peptide.pdb,propedia_long
7nui,/home/igem/unknown_software/datasets/RefPepDB-RecentSet/7nui/7nui_protein_pocket.pdb,/home/igem/unknown_software/datasets/RefPepDB-RecentSet/7nui/7nui_peptide.pdb,recentset_replay
propedia_3na1_C,/home/igem/unknown_software/datasets/propedia_formatted/propedia_3na1_C/propedia_3na1_C_protein_pocket.pdb,/home/igem/unknown_software/datasets/propedia_formatted/propedia_3na1_C/propedia_3na1_C_peptide.pdb,propedia_long
propedia_4zqw_A,/home/igem/unknown_software/datasets/propedia_formatted/propedia_4zqw_A/propedia_4zqw_A_protein_pocket.pdb,/home/igem/unknown_software/datasets/propedia_formatted/propedia_4zqw_A/propedia_4zqw_A_peptide.pdb,propedia_long
propedia_2fyz_B,/home/igem/unknown_software/datasets/propedia_formatted/propedia_2fyz_B/propedia_2fyz_B_protein_pocket.pdb,/home/igem/unknown_software/datasets/propedia_formatted/propedia_2fyz_B/propedia_2fyz_B_peptide.pdb,propedia_long
propedia_6aaw_B,/home/igem/unknown_software/datasets/propedia_formatted/propedia_6aaw_B/propedia_6aaw_B_protein_pocket.pdb,/home/igem/unknown_software/datasets/propedia_formatted/propedia_6aaw_B/propedia_6aaw_B_peptide.pdb,propedia_long
propedia_2k05_B,/home/igem/unknown_software/datasets/propedia_formatted/propedia_2k05_B/propedia_2k05_B_protein_pocket.pdb,/home/igem/unknown_software/datasets/propedia_formatted/propedia_2k05_B/propedia_2k05_B_peptide.pdb,propedia_long
propedia_1qqp_4,/home/igem/unknown_software/datasets/propedia_formatted/propedia_1qqp_4/propedia_1qqp_4_protein_pocket.pdb,/home/igem/unknown_software/datasets/propedia_formatted/propedia_1qqp_4/propedia_1qqp_4_peptide.pdb,propedia_long
propedia_1d5d_A,/home/igem/unknown_software/datasets/propedia_formatted/propedia_1d5d_A/propedia_1d5d_A_protein_pocket.pdb,/home/igem/unknown_software/datasets/propedia_formatted/propedia_1d5d_A/propedia_1d5d_A_peptide.pdb,propedia_long
propedia_1nh2_B,/home/igem/unknown_software/datasets/propedia_formatted/propedia_1nh2_B/propedia_1nh2_B_protein_pocket.pdb,/home/igem/unknown_software/datasets/propedia_formatted/propedia_1nh2_B/propedia_1nh2_B_peptide.pdb,propedia_long
7tud,/home/igem/unknown_software/datasets/RefPepDB-RecentSet/7tud/7tud_protein_pocket.pdb,/home/igem/unknown_software/datasets/RefPepDB-RecentSet/7tud/7tud_peptide.pdb,recentset_replay
7mb6,/home/igem/unknown_software/datasets/RefPepDB-RecentSet/7mb6/7mb6_protein_pocket.pdb,/home/igem/unknown_software/datasets/RefPepDB-RecentSet/7mb6/7mb6_peptide.pdb,recentset_replay
propedia_5uwh_D,/home/igem/unknown_software/datasets/propedia_formatted/propedia_5uwh_D/propedia_5uwh_D_protein_pocket.pdb,/home/igem/unknown_software/datasets/propedia_formatted/propedia_5uwh_D/propedia_5uwh_D_peptide.pdb,propedia_long
propedia_5owu_B,/home/igem/unknown_software/datasets/propedia_formatted/propedia_5owu_B/propedia_5owu_B_protein_pocket.pdb,/home/igem/unknown_software/datasets/propedia_formatted/propedia_5owu_B/propedia_5owu_B_peptide.pdb,propedia_long
propedia_2npa_B,/home/igem/unknown_software/datasets/propedia_formatted/propedia_2npa_B/propedia_2npa_B_protein_pocket.pdb,/home/igem/unknown_software/datasets/propedia_formatted/propedia_2npa_B/propedia_2npa_B_peptide.pdb,propedia_long
propedia_5jqy_B,/home/igem/unknown_software/datasets/propedia_formatted/propedia_5jqy_B/propedia_5jqy_B_protein_pocket.pdb,/home/igem/unknown_software/datasets/propedia_formatted/propedia_5jqy_B/propedia_5jqy_B_peptide.pdb,propedia_long
propedia_5n32_B,/home/igem/unknown_software/datasets/propedia_formatted/propedia_5n32_B/propedia_5n32_B_protein_pocket.pdb,/home/igem/unknown_software/datasets/propedia_formatted/propedia_5n32_B/propedia_5n32_B_peptide.pdb,propedia_long
propedia_2den_A,/home/igem/unknown_software/datasets/propedia_formatted/propedia_2den_A/propedia_2den_A_protein_pocket.pdb,/home/igem/unknown_software/datasets/propedia_formatted/propedia_2den_A/propedia_2den_A_peptide.pdb,propedia_long
propedia_1t5w_C,/home/igem/unknown_software/datasets/propedia_formatted/propedia_1t5w_C/propedia_1t5w_C_protein_pocket.pdb,/home/igem/unknown_software/datasets/propedia_formatted/propedia_1t5w_C/propedia_1t5w_C_peptide.pdb,propedia_long
propedia_1ej4_B,/home/igem/unknown_software/datasets/propedia_formatted/propedia_1ej4_B/propedia_1ej4_B_protein_pocket.pdb,/home/igem/unknown_software/datasets/propedia_formatted/propedia_1ej4_B/propedia_1ej4_B_peptide.pdb,propedia_long
propedia_4w8p_B,/home/igem/unknown_software/datasets/propedia_formatted/propedia_4w8p_B/propedia_4w8p_B_protein_pocket.pdb,/home/igem/unknown_software/datasets/propedia_formatted/propedia_4w8p_B/propedia_4w8p_B_peptide.pdb,propedia_long
propedia_3f1i_C,/home/igem/unknown_software/datasets/propedia_formatted/propedia_3f1i_C/propedia_3f1i_C_protein_pocket.pdb,/home/igem/unknown_software/datasets/propedia_formatted/propedia_3f1i_C/propedia_3f1i_C_peptide.pdb,propedia_long
propedia_2c9t_K,/home/igem/unknown_software/datasets/propedia_formatted/propedia_2c9t_K/propedia_2c9t_K_protein_pocket.pdb,/home/igem/unknown_software/datasets/propedia_formatted/propedia_2c9t_K/propedia_2c9t_K_peptide.pdb,propedia_long
propedia_4b1w_M,/home/igem/unknown_software/datasets/propedia_formatted/propedia_4b1w_M/propedia_4b1w_M_protein_pocket.pdb,/home/igem/unknown_software/datasets/propedia_formatted/propedia_4b1w_M/propedia_4b1w_M_peptide.pdb,propedia_long
7d87,/home/igem/unknown_software/datasets/RefPepDB-RecentSet/7d87/7d87_protein_pocket.pdb,/home/igem/unknown_software/datasets/RefPepDB-RecentSet/7d87/7d87_peptide.pdb,recentset_replay
7rg6,/home/igem/unknown_software/datasets/RefPepDB-RecentSet/7rg6/7rg6_protein_pocket.pdb,/home/igem/unknown_software/datasets/RefPepDB-RecentSet/7rg6/7rg6_peptide.pdb,recentset_replay
propedia_4u2w_B,/home/igem/unknown_software/datasets/propedia_formatted/propedia_4u2w_B/propedia_4u2w_B_protein_pocket.pdb,/home/igem/unknown_software/datasets/propedia_formatted/propedia_4u2w_B/propedia_4u2w_B_peptide.pdb,propedia_long
propedia_5y7w_C,/home/igem/unknown_software/datasets/propedia_formatted/propedia_5y7w_C/propedia_5y7w_C_protein_pocket.pdb,/home/igem/unknown_software/datasets/propedia_formatted/propedia_5y7w_C/propedia_5y7w_C_peptide.pdb,propedia_long
propedia_1sy9_B,/home/igem/unknown_software/datasets/propedia_formatted/propedia_1sy9_B/propedia_1sy9_B_protein_pocket.pdb,/home/igem/unknown_software/datasets/propedia_formatted/propedia_1sy9_B/propedia_1sy9_B_peptide.pdb,propedia_long
propedia_3ro3_B,/home/igem/unknown_software/datasets/propedia_formatted/propedia_3ro3_B/propedia_3ro3_B_protein_pocket.pdb,/home/igem/unknown_software/datasets/propedia_formatted/propedia_3ro3_B/propedia_3ro3_B_peptide.pdb,propedia_long
propedia_6jle_E,/home/igem/unknown_software/datasets/propedia_formatted/propedia_6jle_E/propedia_6jle_E_protein_pocket.pdb,/home/igem/unknown_software/datasets/propedia_formatted/propedia_6jle_E/propedia_6jle_E_peptide.pdb,propedia_long
propedia_6j9j_B,/home/igem/unknown_software/datasets/propedia_formatted/propedia_6j9j_B/propedia_6j9j_B_protein_pocket.pdb,/home/igem/unknown_software/datasets/propedia_formatted/propedia_6j9j_B/propedia_6j9j_B_peptide.pdb,propedia_long
propedia_4iga_B,/home/igem/unknown_software/datasets/propedia_formatted/propedia_4iga_B/propedia_4iga_B_protein_pocket.pdb,/home/igem/unknown_software/datasets/propedia_formatted/propedia_4iga_B/propedia_4iga_B_peptide.pdb,propedia_long
propedia_1loa_B,/home/igem/unknown_software/datasets/propedia_formatted/propedia_1loa_B/propedia_1loa_B_protein_pocket.pdb,/home/igem/unknown_software/datasets/propedia_formatted/propedia_1loa_B/propedia_1loa_B_peptide.pdb,propedia_long
propedia_5v1u_E,/home/igem/unknown_software/datasets/propedia_formatted/propedia_5v1u_E/propedia_5v1u_E_protein_pocket.pdb,/home/igem/unknown_software/datasets/propedia_formatted/propedia_5v1u_E/propedia_5v1u_E_peptide.pdb,propedia_long
propedia_4uu5_B,/home/igem/unknown_software/datasets/propedia_formatted/propedia_4uu5_B/propedia_4uu5_B_protein_pocket.pdb,/home/igem/unknown_software/datasets/propedia_formatted/propedia_4uu5_B/propedia_4uu5_B_peptide.pdb,propedia_long
propedia_5h7y_B,/home/igem/unknown_software/datasets/propedia_formatted/propedia_5h7y_B/propedia_5h7y_B_protein_pocket.pdb,/home/igem/unknown_software/datasets/propedia_formatted/propedia_5h7y_B/propedia_5h7y_B_peptide.pdb,propedia_long
propedia_5ub5_B,/home/igem/unknown_software/datasets/propedia_formatted/propedia_5ub5_B/propedia_5ub5_B_protein_pocket.pdb,/home/igem/unknown_software/datasets/propedia_formatted/propedia_5ub5_B/propedia_5ub5_B_peptide.pdb,propedia_long
propedia_4k7l_A,/home/igem/unknown_software/datasets/propedia_formatted/propedia_4k7l_A/propedia_4k7l_A_protein_pocket.pdb,/home/igem/unknown_software/datasets/propedia_formatted/propedia_4k7l_A/propedia_4k7l_A_peptide.pdb,propedia_long
propedia_5jlz_E,/home/igem/unknown_software/datasets/propedia_formatted/propedia_5jlz_E/propedia_5jlz_E_protein_pocket.pdb,/home/igem/unknown_software/datasets/propedia_formatted/propedia_5jlz_E/propedia_5jlz_E_peptide.pdb,propedia_long
7q51,/home/igem/unknown_software/datasets/RefPepDB-RecentSet/7q51/7q51_protein_pocket.pdb,/home/igem/unknown_software/datasets/RefPepDB-RecentSet/7q51/7q51_peptide.pdb,recentset_replay
propedia_3srj_C,/home/igem/unknown_software/datasets/propedia_formatted/propedia_3srj_C/propedia_3srj_C_protein_pocket.pdb,/home/igem/unknown_software/datasets/propedia_formatted/propedia_3srj_C/propedia_3srj_C_peptide.pdb,propedia_long
propedia_2znl_B,/home/igem/unknown_software/datasets/propedia_formatted/propedia_2znl_B/propedia_2znl_B_protein_pocket.pdb,/home/igem/unknown_software/datasets/propedia_formatted/propedia_2znl_B/propedia_2znl_B_peptide.pdb,propedia_long
propedia_4gxb_B,/home/igem/unknown_software/datasets/propedia_formatted/propedia_4gxb_B/propedia_4gxb_B_protein_pocket.pdb,/home/igem/unknown_software/datasets/propedia_formatted/propedia_4gxb_B/propedia_4gxb_B_peptide.pdb,propedia_long
propedia_1gd2_I,/home/igem/unknown_software/datasets/propedia_formatted/propedia_1gd2_I/propedia_1gd2_I_protein_pocket.pdb,/home/igem/unknown_software/datasets/propedia_formatted/propedia_1gd2_I/propedia_1gd2_I_peptide.pdb,propedia_long
propedia_2doh_C,/home/igem/unknown_software/datasets/propedia_formatted/propedia_2doh_C/propedia_2doh_C_protein_pocket.pdb,/home/igem/unknown_software/datasets/propedia_formatted/propedia_2doh_C/propedia_2doh_C_peptide.pdb,propedia_long
propedia_3hk3_A,/home/igem/unknown_software/datasets/propedia_formatted/propedia_3hk3_A/propedia_3hk3_A_protein_pocket.pdb,/home/igem/unknown_software/datasets/propedia_formatted/propedia_3hk3_A/propedia_3hk3_A_peptide.pdb,propedia_long
propedia_4v0w_B,/home/igem/unknown_software/datasets/propedia_formatted/propedia_4v0w_B/propedia_4v0w_B_protein_pocket.pdb,/home/igem/unknown_software/datasets/propedia_formatted/propedia_4v0w_B/propedia_4v0w_B_peptide.pdb,propedia_long
propedia_2yka_B,/home/igem/unknown_software/datasets/propedia_formatted/propedia_2yka_B/propedia_2yka_B_protein_pocket.pdb,/home/igem/unknown_software/datasets/propedia_formatted/propedia_2yka_B/propedia_2yka_B_peptide.pdb,propedia_long
propedia_1s4z_C,/home/igem/unknown_software/datasets/propedia_formatted/propedia_1s4z_C/propedia_1s4z_C_protein_pocket.pdb,/home/igem/unknown_software/datasets/propedia_formatted/propedia_1s4z_C/propedia_1s4z_C_peptide.pdb,propedia_long
propedia_3s7k_A,/home/igem/unknown_software/datasets/propedia_formatted/propedia_3s7k_A/propedia_3s7k_A_protein_pocket.pdb,/home/igem/unknown_software/datasets/propedia_formatted/propedia_3s7k_A/propedia_3s7k_A_peptide.pdb,propedia_long
propedia_5yof_A,/home/igem/unknown_software/datasets/propedia_formatted/propedia_5yof_A/propedia_5yof_A_protein_pocket.pdb,/home/igem/unknown_software/datasets/propedia_formatted/propedia_5yof_A/propedia_5yof_A_peptide.pdb,propedia_long
8erx,/home/igem/unknown_software/datasets/RefPepDB-RecentSet/8erx/8erx_protein_pocket.pdb,/home/igem/unknown_software/datasets/RefPepDB-RecentSet/8erx/8erx_peptide.pdb,recentset_replay
propedia_6rw2_B,/home/igem/unknown_software/datasets/propedia_formatted/propedia_6rw2_B/propedia_6rw2_B_protein_pocket.pdb,/home/igem/unknown_software/datasets/propedia_formatted/propedia_6rw2_B/propedia_6rw2_B_peptide.pdb,propedia_long
propedia_5jp2_E,/home/igem/unknown_software/datasets/propedia_formatted/propedia_5jp2_E/propedia_5jp2_E_protein_pocket.pdb,/home/igem/unknown_software/datasets/propedia_formatted/propedia_5jp2_E/propedia_5jp2_E_peptide.pdb,propedia_long
propedia_4nm0_B,/home/igem/unknown_software/datasets/propedia_formatted/propedia_4nm0_B/propedia_4nm0_B_protein_pocket.pdb,/home/igem/unknown_software/datasets/propedia_formatted/propedia_4nm0_B/propedia_4nm0_B_peptide.pdb,propedia_long
propedia_3ukx_C,/home/igem/unknown_software/datasets/propedia_formatted/propedia_3ukx_C/propedia_3ukx_C_protein_pocket.pdb,/home/igem/unknown_software/datasets/propedia_formatted/propedia_3ukx_C/propedia_3ukx_C_peptide.pdb,propedia_long
propedia_2pqn_B,/home/igem/unknown_software/datasets/propedia_formatted/propedia_2pqn_B/propedia_2pqn_B_protein_pocket.pdb,/home/igem/unknown_software/datasets/propedia_formatted/propedia_2pqn_B/propedia_2pqn_B_peptide.pdb,propedia_long
propedia_3zwl_E,/home/igem/unknown_software/datasets/propedia_formatted/propedia_3zwl_E/propedia_3zwl_E_protein_pocket.pdb,/home/igem/unknown_software/datasets/propedia_formatted/propedia_3zwl_E/propedia_3zwl_E_peptide.pdb,propedia_long
propedia_1yuc_C,/home/igem/unknown_software/datasets/propedia_formatted/propedia_1yuc_C/propedia_1yuc_C_protein_pocket.pdb,/home/igem/unknown_software/datasets/propedia_formatted/propedia_1yuc_C/propedia_1yuc_C_peptide.pdb,propedia_long
propedia_5eiv_C,/home/igem/unknown_software/datasets/propedia_formatted/propedia_5eiv_C/propedia_5eiv_C_protein_pocket.pdb,/home/igem/unknown_software/datasets/propedia_formatted/propedia_5eiv_C/propedia_5eiv_C_peptide.pdb,propedia_long
propedia_5vwx_B,/home/igem/unknown_software/datasets/propedia_formatted/propedia_5vwx_B/propedia_5vwx_B_protein_pocket.pdb,/home/igem/unknown_software/datasets/propedia_formatted/propedia_5vwx_B/propedia_5vwx_B_peptide.pdb,propedia_long
propedia_1qd6_A,/home/igem/unknown_software/datasets/propedia_formatted/propedia_1qd6_A/propedia_1qd6_A_protein_pocket.pdb,/home/igem/unknown_software/datasets/propedia_formatted/propedia_1qd6_A/propedia_1qd6_A_peptide.pdb,propedia_long
propedia_5nf0_E,/home/igem/unknown_software/datasets/propedia_formatted/propedia_5nf0_E/propedia_5nf0_E_protein_pocket.pdb,/home/igem/unknown_software/datasets/propedia_formatted/propedia_5nf0_E/propedia_5nf0_E_peptide.pdb,propedia_long
propedia_5vx3_B,/home/igem/unknown_software/datasets/propedia_formatted/propedia_5vx3_B/propedia_5vx3_B_protein_pocket.pdb,/home/igem/unknown_software/datasets/propedia_formatted/propedia_5vx3_B/propedia_5vx3_B_peptide.pdb,propedia_long
propedia_2n8j_B,/home/igem/unknown_software/datasets/propedia_formatted/propedia_2n8j_B/propedia_2n8j_B_protein_pocket.pdb,/home/igem/unknown_software/datasets/propedia_formatted/propedia_2n8j_B/propedia_2n8j_B_peptide.pdb,propedia_long
propedia_6j8f_A,/home/igem/unknown_software/datasets/propedia_formatted/propedia_6j8f_A/propedia_6j8f_A_protein_pocket.pdb,/home/igem/unknown_software/datasets/propedia_formatted/propedia_6j8f_A/propedia_6j8f_A_peptide.pdb,propedia_long
propedia_3ox7_P,/home/igem/unknown_software/datasets/propedia_formatted/propedia_3ox7_P/propedia_3ox7_P_protein_pocket.pdb,/home/igem/unknown_software/datasets/propedia_formatted/propedia_3ox7_P/propedia_3ox7_P_peptide.pdb,propedia_long
propedia_6gqn_C,/home/igem/unknown_software/datasets/propedia_formatted/propedia_6gqn_C/propedia_6gqn_C_protein_pocket.pdb,/home/igem/unknown_software/datasets/propedia_formatted/propedia_6gqn_C/propedia_6gqn_C_peptide.pdb,propedia_long
propedia_1g0v_B,/home/igem/unknown_software/datasets/propedia_formatted/propedia_1g0v_B/propedia_1g0v_B_protein_pocket.pdb,/home/igem/unknown_software/datasets/propedia_formatted/propedia_1g0v_B/propedia_1g0v_B_peptide.pdb,propedia_long
propedia_2x4x_B,/home/igem/unknown_software/datasets/propedia_formatted/propedia_2x4x_B/propedia_2x4x_B_protein_pocket.pdb,/home/igem/unknown_software/datasets/propedia_formatted/propedia_2x4x_B/propedia_2x4x_B_peptide.pdb,propedia_long
7lg3,/home/igem/unknown_software/datasets/RefPepDB-RecentSet/7lg3/7lg3_protein_pocket.pdb,/home/igem/unknown_software/datasets/RefPepDB-RecentSet/7lg3/7lg3_peptide.pdb,recentset_replay
propedia_5szc_H,/home/igem/unknown_software/datasets/propedia_formatted/propedia_5szc_H/propedia_5szc_H_protein_pocket.pdb,/home/igem/unknown_software/datasets/propedia_formatted/propedia_5szc_H/propedia_5szc_H_peptide.pdb,propedia_long
propedia_3zin_B,/home/igem/unknown_software/datasets/propedia_formatted/propedia_3zin_B/propedia_3zin_B_protein_pocket.pdb,/home/igem/unknown_software/datasets/propedia_formatted/propedia_3zin_B/propedia_3zin_B_peptide.pdb,propedia_long
propedia_2jf9_P,/home/igem/unknown_software/datasets/propedia_formatted/propedia_2jf9_P/propedia_2jf9_P_protein_pocket.pdb,/home/igem/unknown_software/datasets/propedia_formatted/propedia_2jf9_P/propedia_2jf9_P_peptide.pdb,propedia_long
propedia_6ict_E,/home/igem/unknown_software/datasets/propedia_formatted/propedia_6ict_E/propedia_6ict_E_protein_pocket.pdb,/home/igem/unknown_software/datasets/propedia_formatted/propedia_6ict_E/propedia_6ict_E_peptide.pdb,propedia_long
7sa2,/home/igem/unknown_software/datasets/RefPepDB-RecentSet/7sa2/7sa2_protein_pocket.pdb,/home/igem/unknown_software/datasets/RefPepDB-RecentSet/7sa2/7sa2_peptide.pdb,recentset_replay
propedia_6o5o_C,/home/igem/unknown_software/datasets/propedia_formatted/propedia_6o5o_C/propedia_6o5o_C_protein_pocket.pdb,/home/igem/unknown_software/datasets/propedia_formatted/propedia_6o5o_C/propedia_6o5o_C_peptide.pdb,propedia_long
propedia_5j3q_B,/home/igem/unknown_software/datasets/propedia_formatted/propedia_5j3q_B/propedia_5j3q_B_protein_pocket.pdb,/home/igem/unknown_software/datasets/propedia_formatted/propedia_5j3q_B/propedia_5j3q_B_peptide.pdb,propedia_long
propedia_6j7b_B,/home/igem/unknown_software/datasets/propedia_formatted/propedia_6j7b_B/propedia_6j7b_B_protein_pocket.pdb,/home/igem/unknown_software/datasets/propedia_formatted/propedia_6j7b_B/propedia_6j7b_B_peptide.pdb,propedia_long
propedia_4kts_B,/home/igem/unknown_software/datasets/propedia_formatted/propedia_4kts_B/propedia_4kts_B_protein_pocket.pdb,/home/igem/unknown_software/datasets/propedia_formatted/propedia_4kts_B/propedia_4kts_B_peptide.pdb,propedia_long
propedia_5nvn_B,/home/igem/unknown_software/datasets/propedia_formatted/propedia_5nvn_B/propedia_5nvn_B_protein_pocket.pdb,/home/igem/unknown_software/datasets/propedia_formatted/propedia_5nvn_B/propedia_5nvn_B_peptide.pdb,propedia_long
propedia_2yj1_B,/home/igem/unknown_software/datasets/propedia_formatted/propedia_2yj1_B/propedia_2yj1_B_protein_pocket.pdb,/home/igem/unknown_software/datasets/propedia_formatted/propedia_2yj1_B/propedia_2yj1_B_peptide.pdb,propedia_long
7etu,/home/igem/unknown_software/datasets/RefPepDB-RecentSet/7etu/7etu_protein_pocket.pdb,/home/igem/unknown_software/datasets/RefPepDB-RecentSet/7etu/7etu_peptide.pdb,recentset_replay
propedia_5osn_D,/home/igem/unknown_software/datasets/propedia_formatted/propedia_5osn_D/propedia_5osn_D_protein_pocket.pdb,/home/igem/unknown_software/datasets/propedia_formatted/propedia_5osn_D/propedia_5osn_D_peptide.pdb,propedia_long
propedia_5iyx_B,/home/igem/unknown_software/datasets/propedia_formatted/propedia_5iyx_B/propedia_5iyx_B_protein_pocket.pdb,/home/igem/unknown_software/datasets/propedia_formatted/propedia_5iyx_B/propedia_5iyx_B_peptide.pdb,propedia_long
propedia_5cil_P,/home/igem/unknown_software/datasets/propedia_formatted/propedia_5cil_P/propedia_5cil_P_protein_pocket.pdb,/home/igem/unknown_software/datasets/propedia_formatted/propedia_5cil_P/propedia_5cil_P_peptide.pdb,propedia_long
propedia_6nvq_B,/home/igem/unknown_software/datasets/propedia_formatted/propedia_6nvq_B/propedia_6nvq_B_protein_pocket.pdb,/home/igem/unknown_software/datasets/propedia_formatted/propedia_6nvq_B/propedia_6nvq_B_peptide.pdb,propedia_long
propedia_3dvu_C,/home/igem/unknown_software/datasets/propedia_formatted/propedia_3dvu_C/propedia_3dvu_C_protein_pocket.pdb,/home/igem/unknown_software/datasets/propedia_formatted/propedia_3dvu_C/propedia_3dvu_C_peptide.pdb,propedia_long
propedia_5lvf_B,/home/igem/unknown_software/datasets/propedia_formatted/propedia_5lvf_B/propedia_5lvf_B_protein_pocket.pdb,/home/igem/unknown_software/datasets/propedia_formatted/propedia_5lvf_B/propedia_5lvf_B_peptide.pdb,propedia_long
propedia_3fie_C,/home/igem/unknown_software/datasets/propedia_formatted/propedia_3fie_C/propedia_3fie_C_protein_pocket.pdb,/home/igem/unknown_software/datasets/propedia_formatted/propedia_3fie_C/propedia_3fie_C_peptide.pdb,propedia_long
propedia_6ath_C,/home/igem/unknown_software/datasets/propedia_formatted/propedia_6ath_C/propedia_6ath_C_protein_pocket.pdb,/home/igem/unknown_software/datasets/propedia_formatted/propedia_6ath_C/propedia_6ath_C_peptide.pdb,propedia_long
propedia_4xkl_B,/home/igem/unknown_software/datasets/propedia_formatted/propedia_4xkl_B/propedia_4xkl_B_protein_pocket.pdb,/home/igem/unknown_software/datasets/propedia_formatted/propedia_4xkl_B/propedia_4xkl_B_peptide.pdb,propedia_long
propedia_1lj2_C,/home/igem/unknown_software/datasets/propedia_formatted/propedia_1lj2_C/propedia_1lj2_C_protein_pocket.pdb,/home/igem/unknown_software/datasets/propedia_formatted/propedia_1lj2_C/propedia_1lj2_C_peptide.pdb,propedia_long
propedia_2bbu_B,/home/igem/unknown_software/datasets/propedia_formatted/propedia_2bbu_B/propedia_2bbu_B_protein_pocket.pdb,/home/igem/unknown_software/datasets/propedia_formatted/propedia_2bbu_B/propedia_2bbu_B_peptide.pdb,propedia_long
propedia_2vzi_A,/home/igem/unknown_software/datasets/propedia_formatted/propedia_2vzi_A/propedia_2vzi_A_protein_pocket.pdb,/home/igem/unknown_software/datasets/propedia_formatted/propedia_2vzi_A/propedia_2vzi_A_peptide.pdb,propedia_long
propedia_4xh2_a,/home/igem/unknown_software/datasets/propedia_formatted/propedia_4xh2_a/propedia_4xh2_a_protein_pocket.pdb,/home/igem/unknown_software/datasets/propedia_formatted/propedia_4xh2_a/propedia_4xh2_a_peptide.pdb,propedia_long
propedia_4zeq_B,/home/igem/unknown_software/datasets/propedia_formatted/propedia_4zeq_B/propedia_4zeq_B_protein_pocket.pdb,/home/igem/unknown_software/datasets/propedia_formatted/propedia_4zeq_B/propedia_4zeq_B_peptide.pdb,propedia_long
propedia_4fvl_C,/home/igem/unknown_software/datasets/propedia_formatted/propedia_4fvl_C/propedia_4fvl_C_protein_pocket.pdb,/home/igem/unknown_software/datasets/propedia_formatted/propedia_4fvl_C/propedia_4fvl_C_peptide.pdb,propedia_long
propedia_4iio_C,/home/igem/unknown_software/datasets/propedia_formatted/propedia_4iio_C/propedia_4iio_C_protein_pocket.pdb,/home/igem/unknown_software/datasets/propedia_formatted/propedia_4iio_C/propedia_4iio_C_peptide.pdb,propedia_long
propedia_6h9u_B,/home/igem/unknown_software/datasets/propedia_formatted/propedia_6h9u_B/propedia_6h9u_B_protein_pocket.pdb,/home/igem/unknown_software/datasets/propedia_formatted/propedia_6h9u_B/propedia_6h9u_B_peptide.pdb,propedia_long
propedia_6h22_C,/home/igem/unknown_software/datasets/propedia_formatted/propedia_6h22_C/propedia_6h22_C_protein_pocket.pdb,/home/igem/unknown_software/datasets/propedia_formatted/propedia_6h22_C/propedia_6h22_C_peptide.pdb,propedia_long
propedia_1wa7_B,/home/igem/unknown_software/datasets/propedia_formatted/propedia_1wa7_B/propedia_1wa7_B_protein_pocket.pdb,/home/igem/unknown_software/datasets/propedia_formatted/propedia_1wa7_B/propedia_1wa7_B_peptide.pdb,propedia_long
propedia_2n9p_A,/home/igem/unknown_software/datasets/propedia_formatted/propedia_2n9p_A/propedia_2n9p_A_protein_pocket.pdb,/home/igem/unknown_software/datasets/propedia_formatted/propedia_2n9p_A/propedia_2n9p_A_peptide.pdb,propedia_long
propedia_6ocf_B,/home/igem/unknown_software/datasets/propedia_formatted/propedia_6ocf_B/propedia_6ocf_B_protein_pocket.pdb,/home/igem/unknown_software/datasets/propedia_formatted/propedia_6ocf_B/propedia_6ocf_B_peptide.pdb,propedia_long
propedia_4dzv_B,/home/igem/unknown_software/datasets/propedia_formatted/propedia_4dzv_B/propedia_4dzv_B_protein_pocket.pdb,/home/igem/unknown_software/datasets/propedia_formatted/propedia_4dzv_B/propedia_4dzv_B_peptide.pdb,propedia_long
propedia_1m45_B,/home/igem/unknown_software/datasets/propedia_formatted/propedia_1m45_B/propedia_1m45_B_protein_pocket.pdb,/home/igem/unknown_software/datasets/propedia_formatted/propedia_1m45_B/propedia_1m45_B_peptide.pdb,propedia_long
propedia_6bvv_B,/home/igem/unknown_software/datasets/propedia_formatted/propedia_6bvv_B/propedia_6bvv_B_protein_pocket.pdb,/home/igem/unknown_software/datasets/propedia_formatted/propedia_6bvv_B/propedia_6bvv_B_peptide.pdb,propedia_long
propedia_5d2d_C,/home/igem/unknown_software/datasets/propedia_formatted/propedia_5d2d_C/propedia_5d2d_C_protein_pocket.pdb,/home/igem/unknown_software/datasets/propedia_formatted/propedia_5d2d_C/propedia_5d2d_C_peptide.pdb,propedia_long
propedia_3ul0_C,/home/igem/unknown_software/datasets/propedia_formatted/propedia_3ul0_C/propedia_3ul0_C_protein_pocket.pdb,/home/igem/unknown_software/datasets/propedia_formatted/propedia_3ul0_C/propedia_3ul0_C_peptide.pdb,propedia_long
propedia_5wuj_A,/home/igem/unknown_software/datasets/propedia_formatted/propedia_5wuj_A/propedia_5wuj_A_protein_pocket.pdb,/home/igem/unknown_software/datasets/propedia_formatted/propedia_5wuj_A/propedia_5wuj_A_peptide.pdb,propedia_long
propedia_5fkp_C,/home/igem/unknown_software/datasets/propedia_formatted/propedia_5fkp_C/propedia_5fkp_C_protein_pocket.pdb,/home/igem/unknown_software/datasets/propedia_formatted/propedia_5fkp_C/propedia_5fkp_C_peptide.pdb,propedia_long
propedia_4xoj_B,/home/igem/unknown_software/datasets/propedia_formatted/propedia_4xoj_B/propedia_4xoj_B_protein_pocket.pdb,/home/igem/unknown_software/datasets/propedia_formatted/propedia_4xoj_B/propedia_4xoj_B_peptide.pdb,propedia_long
propedia_2ktb_A,/home/igem/unknown_software/datasets/propedia_formatted/propedia_2ktb_A/propedia_2ktb_A_protein_pocket.pdb,/home/igem/unknown_software/datasets/propedia_formatted/propedia_2ktb_A/propedia_2ktb_A_peptide.pdb,propedia_long
propedia_2rsy_B,/home/igem/unknown_software/datasets/propedia_formatted/propedia_2rsy_B/propedia_2rsy_B_protein_pocket.pdb,/home/igem/unknown_software/datasets/propedia_formatted/propedia_2rsy_B/propedia_2rsy_B_peptide.pdb,propedia_long
propedia_2m0j_B,/home/igem/unknown_software/datasets/propedia_formatted/propedia_2m0j_B/propedia_2m0j_B_protein_pocket.pdb,/home/igem/unknown_software/datasets/propedia_formatted/propedia_2m0j_B/propedia_2m0j_B_peptide.pdb,propedia_long
propedia_6co4_B,/home/igem/unknown_software/datasets/propedia_formatted/propedia_6co4_B/propedia_6co4_B_protein_pocket.pdb,/home/igem/unknown_software/datasets/propedia_formatted/propedia_6co4_B/propedia_6co4_B_peptide.pdb,propedia_long
propedia_4mdj_C,/home/igem/unknown_software/datasets/propedia_formatted/propedia_4mdj_C/propedia_4mdj_C_protein_pocket.pdb,/home/igem/unknown_software/datasets/propedia_formatted/propedia_4mdj_C/propedia_4mdj_C_peptide.pdb,propedia_long
propedia_2b3g_B,/home/igem/unknown_software/datasets/propedia_formatted/propedia_2b3g_B/propedia_2b3g_B_protein_pocket.pdb,/home/igem/unknown_software/datasets/propedia_formatted/propedia_2b3g_B/propedia_2b3g_B_peptide.pdb,propedia_long
propedia_2gs0_B,/home/igem/unknown_software/datasets/propedia_formatted/propedia_2gs0_B/propedia_2gs0_B_protein_pocket.pdb,/home/igem/unknown_software/datasets/propedia_formatted/propedia_2gs0_B/propedia_2gs0_B_peptide.pdb,propedia_long
8fub,/home/igem/unknown_software/datasets/RefPepDB-RecentSet/8fub/8fub_protein_pocket.pdb,/home/igem/unknown_software/datasets/RefPepDB-RecentSet/8fub/8fub_peptide.pdb,recentset_replay
propedia_5jbt_X,/home/igem/unknown_software/datasets/propedia_formatted/propedia_5jbt_X/propedia_5jbt_X_protein_pocket.pdb,/home/igem/unknown_software/datasets/propedia_formatted/propedia_5jbt_X/propedia_5jbt_X_peptide.pdb,propedia_long
propedia_1jdp_H,/home/igem/unknown_software/datasets/propedia_formatted/propedia_1jdp_H/propedia_1jdp_H_protein_pocket.pdb,/home/igem/unknown_software/datasets/propedia_formatted/propedia_1jdp_H/propedia_1jdp_H_peptide.pdb,propedia_long
7x70,/home/igem/unknown_software/datasets/RefPepDB-RecentSet/7x70/7x70_protein_pocket.pdb,/home/igem/unknown_software/datasets/RefPepDB-RecentSet/7x70/7x70_peptide.pdb,recentset_replay
7smc,/home/igem/unknown_software/datasets/RefPepDB-RecentSet/7smc/7smc_protein_pocket.pdb,/home/igem/unknown_software/datasets/RefPepDB-RecentSet/7smc/7smc_peptide.pdb,recentset_replay
propedia_3mn7_S,/home/igem/unknown_software/datasets/propedia_formatted/propedia_3mn7_S/propedia_3mn7_S_protein_pocket.pdb,/home/igem/unknown_software/datasets/propedia_formatted/propedia_3mn7_S/propedia_3mn7_S_peptide.pdb,propedia_long
propedia_3bl2_C,/home/igem/unknown_software/datasets/propedia_formatted/propedia_3bl2_C/propedia_3bl2_C_protein_pocket.pdb,/home/igem/unknown_software/datasets/propedia_formatted/propedia_3bl2_C/propedia_3bl2_C_peptide.pdb,propedia_long
propedia_1mox_C,/home/igem/unknown_software/datasets/propedia_formatted/propedia_1mox_C/propedia_1mox_C_protein_pocket.pdb,/home/igem/unknown_software/datasets/propedia_formatted/propedia_1mox_C/propedia_1mox_C_peptide.pdb,propedia_long
7lg0,/home/igem/unknown_software/datasets/RefPepDB-RecentSet/7lg0/7lg0_protein_pocket.pdb,/home/igem/unknown_software/datasets/RefPepDB-RecentSet/7lg0/7lg0_peptide.pdb,recentset_replay
propedia_2vzg_A,/home/igem/unknown_software/datasets/propedia_formatted/propedia_2vzg_A/propedia_2vzg_A_protein_pocket.pdb,/home/igem/unknown_software/datasets/propedia_formatted/propedia_2vzg_A/propedia_2vzg_A_peptide.pdb,propedia_long
propedia_2llo_B,/home/igem/unknown_software/datasets/propedia_formatted/propedia_2llo_B/propedia_2llo_B_protein_pocket.pdb,/home/igem/unknown_software/datasets/propedia_formatted/propedia_2llo_B/propedia_2llo_B_peptide.pdb,propedia_long
7rlz,/home/igem/unknown_software/datasets/RefPepDB-RecentSet/7rlz/7rlz_protein_pocket.pdb,/home/igem/unknown_software/datasets/RefPepDB-RecentSet/7rlz/7rlz_peptide.pdb,recentset_replay
propedia_4g91_A,/home/igem/unknown_software/datasets/propedia_formatted/propedia_4g91_A/propedia_4g91_A_protein_pocket.pdb,/home/igem/unknown_software/datasets/propedia_formatted/propedia_4g91_A/propedia_4g91_A_peptide.pdb,propedia_long
propedia_4ak4_B,/home/igem/unknown_software/datasets/propedia_formatted/propedia_4ak4_B/propedia_4ak4_B_protein_pocket.pdb,/home/igem/unknown_software/datasets/propedia_formatted/propedia_4ak4_B/propedia_4ak4_B_peptide.pdb,propedia_long
propedia_4v1t_C,/home/igem/unknown_software/datasets/propedia_formatted/propedia_4v1t_C/propedia_4v1t_C_protein_pocket.pdb,/home/igem/unknown_software/datasets/propedia_formatted/propedia_4v1t_C/propedia_4v1t_C_peptide.pdb,propedia_long
propedia_3iol_B,/home/igem/unknown_software/datasets/propedia_formatted/propedia_3iol_B/propedia_3iol_B_protein_pocket.pdb,/home/igem/unknown_software/datasets/propedia_formatted/propedia_3iol_B/propedia_3iol_B_peptide.pdb,propedia_long
propedia_2uwj_F,/home/igem/unknown_software/datasets/propedia_formatted/propedia_2uwj_F/propedia_2uwj_F_protein_pocket.pdb,/home/igem/unknown_software/datasets/propedia_formatted/propedia_2uwj_F/propedia_2uwj_F_peptide.pdb,propedia_long
7uxo,/home/igem/unknown_software/datasets/RefPepDB-RecentSet/7uxo/7uxo_protein_pocket.pdb,/home/igem/unknown_software/datasets/RefPepDB-RecentSet/7uxo/7uxo_peptide.pdb,recentset_replay
propedia_6qg8_B,/home/igem/unknown_software/datasets/propedia_formatted/propedia_6qg8_B/propedia_6qg8_B_protein_pocket.pdb,/home/igem/unknown_software/datasets/propedia_formatted/propedia_6qg8_B/propedia_6qg8_B_peptide.pdb,propedia_long
propedia_2kwn_B,/home/igem/unknown_software/datasets/propedia_formatted/propedia_2kwn_B/propedia_2kwn_B_protein_pocket.pdb,/home/igem/unknown_software/datasets/propedia_formatted/propedia_2kwn_B/propedia_2kwn_B_peptide.pdb,propedia_long
propedia_2krd_I,/home/igem/unknown_software/datasets/propedia_formatted/propedia_2krd_I/propedia_2krd_I_protein_pocket.pdb,/home/igem/unknown_software/datasets/propedia_formatted/propedia_2krd_I/propedia_2krd_I_peptide.pdb,propedia_long
propedia_3bu8_C,/home/igem/unknown_software/datasets/propedia_formatted/propedia_3bu8_C/propedia_3bu8_C_protein_pocket.pdb,/home/igem/unknown_software/datasets/propedia_formatted/propedia_3bu8_C/propedia_3bu8_C_peptide.pdb,propedia_long
propedia_4rwf_B,/home/igem/unknown_software/datasets/propedia_formatted/propedia_4rwf_B/propedia_4rwf_B_protein_pocket.pdb,/home/igem/unknown_software/datasets/propedia_formatted/propedia_4rwf_B/propedia_4rwf_B_peptide.pdb,propedia_long
propedia_4f27_Q,/home/igem/unknown_software/datasets/propedia_formatted/propedia_4f27_Q/propedia_4f27_Q_protein_pocket.pdb,/home/igem/unknown_software/datasets/propedia_formatted/propedia_4f27_Q/propedia_4f27_Q_peptide.pdb,propedia_long
propedia_2kup_B,/home/igem/unknown_software/datasets/propedia_formatted/propedia_2kup_B/propedia_2kup_B_protein_pocket.pdb,/home/igem/unknown_software/datasets/propedia_formatted/propedia_2kup_B/propedia_2kup_B_peptide.pdb,propedia_long
propedia_1ehk_C,/home/igem/unknown_software/datasets/propedia_formatted/propedia_1ehk_C/propedia_1ehk_C_protein_pocket.pdb,/home/igem/unknown_software/datasets/propedia_formatted/propedia_1ehk_C/propedia_1ehk_C_peptide.pdb,propedia_long
propedia_5sxp_F,/home/igem/unknown_software/datasets/propedia_formatted/propedia_5sxp_F/propedia_5sxp_F_protein_pocket.pdb,/home/igem/unknown_software/datasets/propedia_formatted/propedia_5sxp_F/propedia_5sxp_F_peptide.pdb,propedia_long
propedia_3l6x_B,/home/igem/unknown_software/datasets/propedia_formatted/propedia_3l6x_B/propedia_3l6x_B_protein_pocket.pdb,/home/igem/unknown_software/datasets/propedia_formatted/propedia_3l6x_B/propedia_3l6x_B_peptide.pdb,propedia_long
propedia_4mit_E,/home/igem/unknown_software/datasets/propedia_formatted/propedia_4mit_E/propedia_4mit_E_protein_pocket.pdb,/home/igem/unknown_software/datasets/propedia_formatted/propedia_4mit_E/propedia_4mit_E_peptide.pdb,propedia_long
propedia_6mue_B,/home/igem/unknown_software/datasets/propedia_formatted/propedia_6mue_B/propedia_6mue_B_protein_pocket.pdb,/home/igem/unknown_software/datasets/propedia_formatted/propedia_6mue_B/propedia_6mue_B_peptide.pdb,propedia_long
propedia_6r8i_B,/home/igem/unknown_software/datasets/propedia_formatted/propedia_6r8i_B/propedia_6r8i_B_protein_pocket.pdb,/home/igem/unknown_software/datasets/propedia_formatted/propedia_6r8i_B/propedia_6r8i_B_peptide.pdb,propedia_long
propedia_6bwa_B,/home/igem/unknown_software/datasets/propedia_formatted/propedia_6bwa_B/propedia_6bwa_B_protein_pocket.pdb,/home/igem/unknown_software/datasets/propedia_formatted/propedia_6bwa_B/propedia_6bwa_B_peptide.pdb,propedia_long
7rzd,/home/igem/unknown_software/datasets/RefPepDB-RecentSet/7rzd/7rzd_protein_pocket.pdb,/home/igem/unknown_software/datasets/RefPepDB-RecentSet/7rzd/7rzd_peptide.pdb,recentset_replay
propedia_5jwp_B,/home/igem/unknown_software/datasets/propedia_formatted/propedia_5jwp_B/propedia_5jwp_B_protein_pocket.pdb,/home/igem/unknown_software/datasets/propedia_formatted/propedia_5jwp_B/propedia_5jwp_B_peptide.pdb,propedia_long
propedia_2nb1_B,/home/igem/unknown_software/datasets/propedia_formatted/propedia_2nb1_B/propedia_2nb1_B_protein_pocket.pdb,/home/igem/unknown_software/datasets/propedia_formatted/propedia_2nb1_B/propedia_2nb1_B_peptide.pdb,propedia_long
propedia_1ejh_E,/home/igem/unknown_software/datasets/propedia_formatted/propedia_1ejh_E/propedia_1ejh_E_protein_pocket.pdb,/home/igem/unknown_software/datasets/propedia_formatted/propedia_1ejh_E/propedia_1ejh_E_peptide.pdb,propedia_long
propedia_1m56_D,/home/igem/unknown_software/datasets/propedia_formatted/propedia_1m56_D/propedia_1m56_D_protein_pocket.pdb,/home/igem/unknown_software/datasets/propedia_formatted/propedia_1m56_D/propedia_1m56_D_peptide.pdb,propedia_long
propedia_5tzq_C,/home/igem/unknown_software/datasets/propedia_formatted/propedia_5tzq_C/propedia_5tzq_C_protein_pocket.pdb,/home/igem/unknown_software/datasets/propedia_formatted/propedia_5tzq_C/propedia_5tzq_C_peptide.pdb,propedia_long
propedia_2leh_B,/home/igem/unknown_software/datasets/propedia_formatted/propedia_2leh_B/propedia_2leh_B_protein_pocket.pdb,/home/igem/unknown_software/datasets/propedia_formatted/propedia_2leh_B/propedia_2leh_B_peptide.pdb,propedia_long
7tbt,/home/igem/unknown_software/datasets/RefPepDB-RecentSet/7tbt/7tbt_protein_pocket.pdb,/home/igem/unknown_software/datasets/RefPepDB-RecentSet/7tbt/7tbt_peptide.pdb,recentset_replay
propedia_4zif_B,/home/igem/unknown_software/datasets/propedia_formatted/propedia_4zif_B/propedia_4zif_B_protein_pocket.pdb,/home/igem/unknown_software/datasets/propedia_formatted/propedia_4zif_B/propedia_4zif_B_peptide.pdb,propedia_long
propedia_2j4w_D,/home/igem/unknown_software/datasets/propedia_formatted/propedia_2j4w_D/propedia_2j4w_D_protein_pocket.pdb,/home/igem/unknown_software/datasets/propedia_formatted/propedia_2j4w_D/propedia_2j4w_D_peptide.pdb,propedia_long
propedia_4mvi_B,/home/igem/unknown_software/datasets/propedia_formatted/propedia_4mvi_B/propedia_4mvi_B_protein_pocket.pdb,/home/igem/unknown_software/datasets/propedia_formatted/propedia_4mvi_B/propedia_4mvi_B_peptide.pdb,propedia_long
propedia_1eoj_B,/home/igem/unknown_software/datasets/propedia_formatted/propedia_1eoj_B/propedia_1eoj_B_protein_pocket.pdb,/home/igem/unknown_software/datasets/propedia_formatted/propedia_1eoj_B/propedia_1eoj_B_peptide.pdb,propedia_long
propedia_5o90_B,/home/igem/unknown_software/datasets/propedia_formatted/propedia_5o90_B/propedia_5o90_B_protein_pocket.pdb,/home/igem/unknown_software/datasets/propedia_formatted/propedia_5o90_B/propedia_5o90_B_peptide.pdb,propedia_long
propedia_2kxc_B,/home/igem/unknown_software/datasets/propedia_formatted/propedia_2kxc_B/propedia_2kxc_B_protein_pocket.pdb,/home/igem/unknown_software/datasets/propedia_formatted/propedia_2kxc_B/propedia_2kxc_B_peptide.pdb,propedia_long
propedia_6v4e_C,/home/igem/unknown_software/datasets/propedia_formatted/propedia_6v4e_C/propedia_6v4e_C_protein_pocket.pdb,/home/igem/unknown_software/datasets/propedia_formatted/propedia_6v4e_C/propedia_6v4e_C_peptide.pdb,propedia_long
propedia_3vux_E,/home/igem/unknown_software/datasets/propedia_formatted/propedia_3vux_E/propedia_3vux_E_protein_pocket.pdb,/home/igem/unknown_software/datasets/propedia_formatted/propedia_3vux_E/propedia_3vux_E_peptide.pdb,propedia_long
propedia_6rm8_C,/home/igem/unknown_software/datasets/propedia_formatted/propedia_6rm8_C/propedia_6rm8_C_protein_pocket.pdb,/home/igem/unknown_software/datasets/propedia_formatted/propedia_6rm8_C/propedia_6rm8_C_peptide.pdb,propedia_long
propedia_2ybf_B,/home/igem/unknown_software/datasets/propedia_formatted/propedia_2ybf_B/propedia_2ybf_B_protein_pocket.pdb,/home/igem/unknown_software/datasets/propedia_formatted/propedia_2ybf_B/propedia_2ybf_B_peptide.pdb,propedia_long
7sg0,/home/igem/unknown_software/datasets/RefPepDB-RecentSet/7sg0/7sg0_protein_pocket.pdb,/home/igem/unknown_software/datasets/RefPepDB-RecentSet/7sg0/7sg0_peptide.pdb,recentset_replay
propedia_2kxw_B,/home/igem/unknown_software/datasets/propedia_formatted/propedia_2kxw_B/propedia_2kxw_B_protein_pocket.pdb,/home/igem/unknown_software/datasets/propedia_formatted/propedia_2kxw_B/propedia_2kxw_B_peptide.pdb,propedia_long
propedia_1m2z_B,/home/igem/unknown_software/datasets/propedia_formatted/propedia_1m2z_B/propedia_1m2z_B_protein_pocket.pdb,/home/igem/unknown_software/datasets/propedia_formatted/propedia_1m2z_B/propedia_1m2z_B_peptide.pdb,propedia_long
7etv,/home/igem/unknown_software/datasets/RefPepDB-RecentSet/7etv/7etv_protein_pocket.pdb,/home/igem/unknown_software/datasets/RefPepDB-RecentSet/7etv/7etv_peptide.pdb,recentset_replay
propedia_1tq7_A,/home/igem/unknown_software/datasets/propedia_formatted/propedia_1tq7_A/propedia_1tq7_A_protein_pocket.pdb,/home/igem/unknown_software/datasets/propedia_formatted/propedia_1tq7_A/propedia_1tq7_A_peptide.pdb,propedia_long
propedia_3uji_P,/home/igem/unknown_software/datasets/propedia_formatted/propedia_3uji_P/propedia_3uji_P_protein_pocket.pdb,/home/igem/unknown_software/datasets/propedia_formatted/propedia_3uji_P/propedia_3uji_P_peptide.pdb,propedia_long
7sig,/home/igem/unknown_software/datasets/RefPepDB-RecentSet/7sig/7sig_protein_pocket.pdb,/home/igem/unknown_software/datasets/RefPepDB-RecentSet/7sig/7sig_peptide.pdb,recentset_replay
propedia_2czy_B,/home/igem/unknown_software/datasets/propedia_formatted/propedia_2czy_B/propedia_2czy_B_protein_pocket.pdb,/home/igem/unknown_software/datasets/propedia_formatted/propedia_2czy_B/propedia_2czy_B_peptide.pdb,propedia_long
propedia_4lzf_B,/home/igem/unknown_software/datasets/propedia_formatted/propedia_4lzf_B/propedia_4lzf_B_protein_pocket.pdb,/home/igem/unknown_software/datasets/propedia_formatted/propedia_4lzf_B/propedia_4lzf_B_peptide.pdb,propedia_long
propedia_3pdo_C,/home/igem/unknown_software/datasets/propedia_formatted/propedia_3pdo_C/propedia_3pdo_C_protein_pocket.pdb,/home/igem/unknown_software/datasets/propedia_formatted/propedia_3pdo_C/propedia_3pdo_C_peptide.pdb,propedia_long
propedia_1ihs_I,/home/igem/unknown_software/datasets/propedia_formatted/propedia_1ihs_I/propedia_1ihs_I_protein_pocket.pdb,/home/igem/unknown_software/datasets/propedia_formatted/propedia_1ihs_I/propedia_1ihs_I_peptide.pdb,propedia_long
propedia_4co6_D,/home/igem/unknown_software/datasets/propedia_formatted/propedia_4co6_D/propedia_4co6_D_protein_pocket.pdb,/home/igem/unknown_software/datasets/propedia_formatted/propedia_4co6_D/propedia_4co6_D_peptide.pdb,propedia_long
propedia_1cff_B,/home/igem/unknown_software/datasets/propedia_formatted/propedia_1cff_B/propedia_1cff_B_protein_pocket.pdb,/home/igem/unknown_software/datasets/propedia_formatted/propedia_1cff_B/propedia_1cff_B_peptide.pdb,propedia_long
propedia_3bzl_A,/home/igem/unknown_software/datasets/propedia_formatted/propedia_3bzl_A/propedia_3bzl_A_protein_pocket.pdb,/home/igem/unknown_software/datasets/propedia_formatted/propedia_3bzl_A/propedia_3bzl_A_peptide.pdb,propedia_long
propedia_1tji_P,/home/igem/unknown_software/datasets/propedia_formatted/propedia_1tji_P/propedia_1tji_P_protein_pocket.pdb,/home/igem/unknown_software/datasets/propedia_formatted/propedia_1tji_P/propedia_1tji_P_peptide.pdb,propedia_long
propedia_4if6_B,/home/igem/unknown_software/datasets/propedia_formatted/propedia_4if6_B/propedia_4if6_B_protein_pocket.pdb,/home/igem/unknown_software/datasets/propedia_formatted/propedia_4if6_B/propedia_4if6_B_peptide.pdb,propedia_long
propedia_5oh8_C,/home/igem/unknown_software/datasets/propedia_formatted/propedia_5oh8_C/propedia_5oh8_C_protein_pocket.pdb,/home/igem/unknown_software/datasets/propedia_formatted/propedia_5oh8_C/propedia_5oh8_C_peptide.pdb,propedia_long
propedia_5hkz_B,/home/igem/unknown_software/datasets/propedia_formatted/propedia_5hkz_B/propedia_5hkz_B_protein_pocket.pdb,/home/igem/unknown_software/datasets/propedia_formatted/propedia_5hkz_B/propedia_5hkz_B_peptide.pdb,propedia_long
propedia_2eeo_A,/home/igem/unknown_software/datasets/propedia_formatted/propedia_2eeo_A/propedia_2eeo_A_protein_pocket.pdb,/home/igem/unknown_software/datasets/propedia_formatted/propedia_2eeo_A/propedia_2eeo_A_peptide.pdb,propedia_long
propedia_3tiw_C,/home/igem/unknown_software/datasets/propedia_formatted/propedia_3tiw_C/propedia_3tiw_C_protein_pocket.pdb,/home/igem/unknown_software/datasets/propedia_formatted/propedia_3tiw_C/propedia_3tiw_C_peptide.pdb,propedia_long
propedia_3dcg_E,/home/igem/unknown_software/datasets/propedia_formatted/propedia_3dcg_E/propedia_3dcg_E_protein_pocket.pdb,/home/igem/unknown_software/datasets/propedia_formatted/propedia_3dcg_E/propedia_3dcg_E_peptide.pdb,propedia_long
propedia_4u7e_A,/home/igem/unknown_software/datasets/propedia_formatted/propedia_4u7e_A/propedia_4u7e_A_protein_pocket.pdb,/home/igem/unknown_software/datasets/propedia_formatted/propedia_4u7e_A/propedia_4u7e_A_peptide.pdb,propedia_long
propedia_1mxe_E,/home/igem/unknown_software/datasets/propedia_formatted/propedia_1mxe_E/propedia_1mxe_E_protein_pocket.pdb,/home/igem/unknown_software/datasets/propedia_formatted/propedia_1mxe_E/propedia_1mxe_E_peptide.pdb,propedia_long
propedia_5gk9_B,/home/igem/unknown_software/datasets/propedia_formatted/propedia_5gk9_B/propedia_5gk9_B_protein_pocket.pdb,/home/igem/unknown_software/datasets/propedia_formatted/propedia_5gk9_B/propedia_5gk9_B_peptide.pdb,propedia_long
propedia_5zk7_C,/home/igem/unknown_software/datasets/propedia_formatted/propedia_5zk7_C/propedia_5zk7_C_protein_pocket.pdb,/home/igem/unknown_software/datasets/propedia_formatted/propedia_5zk7_C/propedia_5zk7_C_peptide.pdb,propedia_long
propedia_1cf4_B,/home/igem/unknown_software/datasets/propedia_formatted/propedia_1cf4_B/propedia_1cf4_B_protein_pocket.pdb,/home/igem/unknown_software/datasets/propedia_formatted/propedia_1cf4_B/propedia_1cf4_B_peptide.pdb,propedia_long
propedia_4tqe_A,/home/igem/unknown_software/datasets/propedia_formatted/propedia_4tqe_A/propedia_4tqe_A_protein_pocket.pdb,/home/igem/unknown_software/datasets/propedia_formatted/propedia_4tqe_A/propedia_4tqe_A_peptide.pdb,propedia_long
propedia_3ssb_C,/home/igem/unknown_software/datasets/propedia_formatted/propedia_3ssb_C/propedia_3ssb_C_protein_pocket.pdb,/home/igem/unknown_software/datasets/propedia_formatted/propedia_3ssb_C/propedia_3ssb_C_peptide.pdb,propedia_long
propedia_1lq8_B,/home/igem/unknown_software/datasets/propedia_formatted/propedia_1lq8_B/propedia_1lq8_B_protein_pocket.pdb,/home/igem/unknown_software/datasets/propedia_formatted/propedia_1lq8_B/propedia_1lq8_B_peptide.pdb,propedia_long
propedia_3c4m_C,/home/igem/unknown_software/datasets/propedia_formatted/propedia_3c4m_C/propedia_3c4m_C_protein_pocket.pdb,/home/igem/unknown_software/datasets/propedia_formatted/propedia_3c4m_C/propedia_3c4m_C_peptide.pdb,propedia_long
propedia_2vay_B,/home/igem/unknown_software/datasets/propedia_formatted/propedia_2vay_B/propedia_2vay_B_protein_pocket.pdb,/home/igem/unknown_software/datasets/propedia_formatted/propedia_2vay_B/propedia_2vay_B_peptide.pdb,propedia_long
propedia_3tdu_E,/home/igem/unknown_software/datasets/propedia_formatted/propedia_3tdu_E/propedia_3tdu_E_protein_pocket.pdb,/home/igem/unknown_software/datasets/propedia_formatted/propedia_3tdu_E/propedia_3tdu_E_peptide.pdb,propedia_long
propedia_4geq_E,/home/igem/unknown_software/datasets/propedia_formatted/propedia_4geq_E/propedia_4geq_E_protein_pocket.pdb,/home/igem/unknown_software/datasets/propedia_formatted/propedia_4geq_E/propedia_4geq_E_peptide.pdb,propedia_long
propedia_2l2i_B,/home/igem/unknown_software/datasets/propedia_formatted/propedia_2l2i_B/propedia_2l2i_B_protein_pocket.pdb,/home/igem/unknown_software/datasets/propedia_formatted/propedia_2l2i_B/propedia_2l2i_B_peptide.pdb,propedia_long
propedia_6q00_B,/home/igem/unknown_software/datasets/propedia_formatted/propedia_6q00_B/propedia_6q00_B_protein_pocket.pdb,/home/igem/unknown_software/datasets/propedia_formatted/propedia_6q00_B/propedia_6q00_B_peptide.pdb,propedia_long
propedia_3wp0_B,/home/igem/unknown_software/datasets/propedia_formatted/propedia_3wp0_B/propedia_3wp0_B_protein_pocket.pdb,/home/igem/unknown_software/datasets/propedia_formatted/propedia_3wp0_B/propedia_3wp0_B_peptide.pdb,propedia_long
propedia_1yym_M,/home/igem/unknown_software/datasets/propedia_formatted/propedia_1yym_M/propedia_1yym_M_protein_pocket.pdb,/home/igem/unknown_software/datasets/propedia_formatted/propedia_1yym_M/propedia_1yym_M_peptide.pdb,propedia_long
propedia_4js0_B,/home/igem/unknown_software/datasets/propedia_formatted/propedia_4js0_B/propedia_4js0_B_protein_pocket.pdb,/home/igem/unknown_software/datasets/propedia_formatted/propedia_4js0_B/propedia_4js0_B_peptide.pdb,propedia_long
propedia_4m1l_B,/home/igem/unknown_software/datasets/propedia_formatted/propedia_4m1l_B/propedia_4m1l_B_protein_pocket.pdb,/home/igem/unknown_software/datasets/propedia_formatted/propedia_4m1l_B/propedia_4m1l_B_peptide.pdb,propedia_long
propedia_4c5g_B,/home/igem/unknown_software/datasets/propedia_formatted/propedia_4c5g_B/propedia_4c5g_B_protein_pocket.pdb,/home/igem/unknown_software/datasets/propedia_formatted/propedia_4c5g_B/propedia_4c5g_B_peptide.pdb,propedia_long
propedia_2x04_C,/home/igem/unknown_software/datasets/propedia_formatted/propedia_2x04_C/propedia_2x04_C_protein_pocket.pdb,/home/igem/unknown_software/datasets/propedia_formatted/propedia_2x04_C/propedia_2x04_C_peptide.pdb,propedia_long
7qcs,/home/igem/unknown_software/datasets/RefPepDB-RecentSet/7qcs/7qcs_protein_pocket.pdb,/home/igem/unknown_software/datasets/RefPepDB-RecentSet/7qcs/7qcs_peptide.pdb,recentset_replay
propedia_4ihl_P,/home/igem/unknown_software/datasets/propedia_formatted/propedia_4ihl_P/propedia_4ihl_P_protein_pocket.pdb,/home/igem/unknown_software/datasets/propedia_formatted/propedia_4ihl_P/propedia_4ihl_P_peptide.pdb,propedia_long
propedia_1dd4_C,/home/igem/unknown_software/datasets/propedia_formatted/propedia_1dd4_C/propedia_1dd4_C_protein_pocket.pdb,/home/igem/unknown_software/datasets/propedia_formatted/propedia_1dd4_C/propedia_1dd4_C_peptide.pdb,propedia_long
propedia_3gxv_C,/home/igem/unknown_software/datasets/propedia_formatted/propedia_3gxv_C/propedia_3gxv_C_protein_pocket.pdb,/home/igem/unknown_software/datasets/propedia_formatted/propedia_3gxv_C/propedia_3gxv_C_peptide.pdb,propedia_long
propedia_6s3f_B,/home/igem/unknown_software/datasets/propedia_formatted/propedia_6s3f_B/propedia_6s3f_B_protein_pocket.pdb,/home/igem/unknown_software/datasets/propedia_formatted/propedia_6s3f_B/propedia_6s3f_B_peptide.pdb,propedia_long
propedia_5u3o_A,/home/igem/unknown_software/datasets/propedia_formatted/propedia_5u3o_A/propedia_5u3o_A_protein_pocket.pdb,/home/igem/unknown_software/datasets/propedia_formatted/propedia_5u3o_A/propedia_5u3o_A_peptide.pdb,propedia_long
propedia_2j0s_T,/home/igem/unknown_software/datasets/propedia_formatted/propedia_2j0s_T/propedia_2j0s_T_protein_pocket.pdb,/home/igem/unknown_software/datasets/propedia_formatted/propedia_2j0s_T/propedia_2j0s_T_peptide.pdb,propedia_long
propedia_6s07_C,/home/igem/unknown_software/datasets/propedia_formatted/propedia_6s07_C/propedia_6s07_C_protein_pocket.pdb,/home/igem/unknown_software/datasets/propedia_formatted/propedia_6s07_C/propedia_6s07_C_peptide.pdb,propedia_long
propedia_4po6_B,/home/igem/unknown_software/datasets/propedia_formatted/propedia_4po6_B/propedia_4po6_B_protein_pocket.pdb,/home/igem/unknown_software/datasets/propedia_formatted/propedia_4po6_B/propedia_4po6_B_peptide.pdb,propedia_long
propedia_3b0z_A,/home/igem/unknown_software/datasets/propedia_formatted/propedia_3b0z_A/propedia_3b0z_A_protein_pocket.pdb,/home/igem/unknown_software/datasets/propedia_formatted/propedia_3b0z_A/propedia_3b0z_A_peptide.pdb,propedia_long
propedia_2vp7_B,/home/igem/unknown_software/datasets/propedia_formatted/propedia_2vp7_B/propedia_2vp7_B_protein_pocket.pdb,/home/igem/unknown_software/datasets/propedia_formatted/propedia_2vp7_B/propedia_2vp7_B_peptide.pdb,propedia_long
propedia_6f0y_B,/home/igem/unknown_software/datasets/propedia_formatted/propedia_6f0y_B/propedia_6f0y_B_protein_pocket.pdb,/home/igem/unknown_software/datasets/propedia_formatted/propedia_6f0y_B/propedia_6f0y_B_peptide.pdb,propedia_long
propedia_5xxe_C,/home/igem/unknown_software/datasets/propedia_formatted/propedia_5xxe_C/propedia_5xxe_C_protein_pocket.pdb,/home/igem/unknown_software/datasets/propedia_formatted/propedia_5xxe_C/propedia_5xxe_C_peptide.pdb,propedia_long
7n9j,/home/igem/unknown_software/datasets/RefPepDB-RecentSet/7n9j/7n9j_protein_pocket.pdb,/home/igem/unknown_software/datasets/RefPepDB-RecentSet/7n9j/7n9j_peptide.pdb,recentset_replay
7kgo,/home/igem/unknown_software/datasets/RefPepDB-RecentSet/7kgo/7kgo_protein_pocket.pdb,/home/igem/unknown_software/datasets/RefPepDB-RecentSet/7kgo/7kgo_peptide.pdb,recentset_replay
propedia_1rbh_S,/home/igem/unknown_software/datasets/propedia_formatted/propedia_1rbh_S/propedia_1rbh_S_protein_pocket.pdb,/home/igem/unknown_software/datasets/propedia_formatted/propedia_1rbh_S/propedia_1rbh_S_peptide.pdb,propedia_long
propedia_2xbx_L,/home/igem/unknown_software/datasets/propedia_formatted/propedia_2xbx_L/propedia_2xbx_L_protein_pocket.pdb,/home/igem/unknown_software/datasets/propedia_formatted/propedia_2xbx_L/propedia_2xbx_L_peptide.pdb,propedia_long
7l1c,/home/igem/unknown_software/datasets/RefPepDB-RecentSet/7l1c/7l1c_protein_pocket.pdb,/home/igem/unknown_software/datasets/RefPepDB-RecentSet/7l1c/7l1c_peptide.pdb,recentset_replay
propedia_6hqu_I,/home/igem/unknown_software/datasets/propedia_formatted/propedia_6hqu_I/propedia_6hqu_I_protein_pocket.pdb,/home/igem/unknown_software/datasets/propedia_formatted/propedia_6hqu_I/propedia_6hqu_I_peptide.pdb,propedia_long
propedia_2zxe_G,/home/igem/unknown_software/datasets/propedia_formatted/propedia_2zxe_G/propedia_2zxe_G_protein_pocket.pdb,/home/igem/unknown_software/datasets/propedia_formatted/propedia_2zxe_G/propedia_2zxe_G_peptide.pdb,propedia_long
propedia_5t46_B,/home/igem/unknown_software/datasets/propedia_formatted/propedia_5t46_B/propedia_5t46_B_protein_pocket.pdb,/home/igem/unknown_software/datasets/propedia_formatted/propedia_5t46_B/propedia_5t46_B_peptide.pdb,propedia_long
propedia_4uz3_C,/home/igem/unknown_software/datasets/propedia_formatted/propedia_4uz3_C/propedia_4uz3_C_protein_pocket.pdb,/home/igem/unknown_software/datasets/propedia_formatted/propedia_4uz3_C/propedia_4uz3_C_peptide.pdb,propedia_long
7evs,/home/igem/unknown_software/datasets/RefPepDB-RecentSet/7evs/7evs_protein_pocket.pdb,/home/igem/unknown_software/datasets/RefPepDB-RecentSet/7evs/7evs_peptide.pdb,recentset_replay
propedia_5vb9_C,/home/igem/unknown_software/datasets/propedia_formatted/propedia_5vb9_C/propedia_5vb9_C_protein_pocket.pdb,/home/igem/unknown_software/datasets/propedia_formatted/propedia_5vb9_C/propedia_5vb9_C_peptide.pdb,propedia_long
7wgo,/home/igem/unknown_software/datasets/RefPepDB-RecentSet/7wgo/7wgo_protein_pocket.pdb,/home/igem/unknown_software/datasets/RefPepDB-RecentSet/7wgo/7wgo_peptide.pdb,recentset_replay
propedia_2flw_B,/home/igem/unknown_software/datasets/propedia_formatted/propedia_2flw_B/propedia_2flw_B_protein_pocket.pdb,/home/igem/unknown_software/datasets/propedia_formatted/propedia_2flw_B/propedia_2flw_B_peptide.pdb,propedia_long
propedia_3na0_C,/home/igem/unknown_software/datasets/propedia_formatted/propedia_3na0_C/propedia_3na0_C_protein_pocket.pdb,/home/igem/unknown_software/datasets/propedia_formatted/propedia_3na0_C/propedia_3na0_C_peptide.pdb,propedia_long
propedia_1qtx_B,/home/igem/unknown_software/datasets/propedia_formatted/propedia_1qtx_B/propedia_1qtx_B_protein_pocket.pdb,/home/igem/unknown_software/datasets/propedia_formatted/propedia_1qtx_B/propedia_1qtx_B_peptide.pdb,propedia_long
propedia_5inb_B,/home/igem/unknown_software/datasets/propedia_formatted/propedia_5inb_B/propedia_5inb_B_protein_pocket.pdb,/home/igem/unknown_software/datasets/propedia_formatted/propedia_5inb_B/propedia_5inb_B_peptide.pdb,propedia_long
propedia_4xzr_A,/home/igem/unknown_software/datasets/propedia_formatted/propedia_4xzr_A/propedia_4xzr_A_protein_pocket.pdb,/home/igem/unknown_software/datasets/propedia_formatted/propedia_4xzr_A/propedia_4xzr_A_peptide.pdb,propedia_long
propedia_3zdm_B,/home/igem/unknown_software/datasets/propedia_formatted/propedia_3zdm_B/propedia_3zdm_B_protein_pocket.pdb,/home/igem/unknown_software/datasets/propedia_formatted/propedia_3zdm_B/propedia_3zdm_B_peptide.pdb,propedia_long
propedia_1htr_P,/home/igem/unknown_software/datasets/propedia_formatted/propedia_1htr_P/propedia_1htr_P_protein_pocket.pdb,/home/igem/unknown_software/datasets/propedia_formatted/propedia_1htr_P/propedia_1htr_P_peptide.pdb,propedia_long
propedia_5vax_E,/home/igem/unknown_software/datasets/propedia_formatted/propedia_5vax_E/propedia_5vax_E_protein_pocket.pdb,/home/igem/unknown_software/datasets/propedia_formatted/propedia_5vax_E/propedia_5vax_E_peptide.pdb,propedia_long
propedia_5epp_B,/home/igem/unknown_software/datasets/propedia_formatted/propedia_5epp_B/propedia_5epp_B_protein_pocket.pdb,/home/igem/unknown_software/datasets/propedia_formatted/propedia_5epp_B/propedia_5epp_B_peptide.pdb,propedia_long
propedia_5me5_B,/home/igem/unknown_software/datasets/propedia_formatted/propedia_5me5_B/propedia_5me5_B_protein_pocket.pdb,/home/igem/unknown_software/datasets/propedia_formatted/propedia_5me5_B/propedia_5me5_B_peptide.pdb,propedia_long
propedia_6hmv_B,/home/igem/unknown_software/datasets/propedia_formatted/propedia_6hmv_B/propedia_6hmv_B_protein_pocket.pdb,/home/igem/unknown_software/datasets/propedia_formatted/propedia_6hmv_B/propedia_6hmv_B_peptide.pdb,propedia_long
propedia_4dj9_B,/home/igem/unknown_software/datasets/propedia_formatted/propedia_4dj9_B/propedia_4dj9_B_protein_pocket.pdb,/home/igem/unknown_software/datasets/propedia_formatted/propedia_4dj9_B/propedia_4dj9_B_peptide.pdb,propedia_long
propedia_2flk_B,/home/igem/unknown_software/datasets/propedia_formatted/propedia_2flk_B/propedia_2flk_B_protein_pocket.pdb,/home/igem/unknown_software/datasets/propedia_formatted/propedia_2flk_B/propedia_2flk_B_peptide.pdb,propedia_long
propedia_4aza_B,/home/igem/unknown_software/datasets/propedia_formatted/propedia_4aza_B/propedia_4aza_B_protein_pocket.pdb,/home/igem/unknown_software/datasets/propedia_formatted/propedia_4aza_B/propedia_4aza_B_peptide.pdb,propedia_long
propedia_2msr_A,/home/igem/unknown_software/datasets/propedia_formatted/propedia_2msr_A/propedia_2msr_A_protein_pocket.pdb,/home/igem/unknown_software/datasets/propedia_formatted/propedia_2msr_A/propedia_2msr_A_peptide.pdb,propedia_long
propedia_2vm6_B,/home/igem/unknown_software/datasets/propedia_formatted/propedia_2vm6_B/propedia_2vm6_B_protein_pocket.pdb,/home/igem/unknown_software/datasets/propedia_formatted/propedia_2vm6_B/propedia_2vm6_B_peptide.pdb,propedia_long
propedia_1npq_B,/home/igem/unknown_software/datasets/propedia_formatted/propedia_1npq_B/propedia_1npq_B_protein_pocket.pdb,/home/igem/unknown_software/datasets/propedia_formatted/propedia_1npq_B/propedia_1npq_B_peptide.pdb,propedia_long
propedia_1h2k_S,/home/igem/unknown_software/datasets/propedia_formatted/propedia_1h2k_S/propedia_1h2k_S_protein_pocket.pdb,/home/igem/unknown_software/datasets/propedia_formatted/propedia_1h2k_S/propedia_1h2k_S_peptide.pdb,propedia_long
7u1r,/home/igem/unknown_software/datasets/RefPepDB-RecentSet/7u1r/7u1r_protein_pocket.pdb,/home/igem/unknown_software/datasets/RefPepDB-RecentSet/7u1r/7u1r_peptide.pdb,recentset_replay
propedia_2co1_B,/home/igem/unknown_software/datasets/propedia_formatted/propedia_2co1_B/propedia_2co1_B_protein_pocket.pdb,/home/igem/unknown_software/datasets/propedia_formatted/propedia_2co1_B/propedia_2co1_B_peptide.pdb,propedia_long
propedia_4r8t_A,/home/igem/unknown_software/datasets/propedia_formatted/propedia_4r8t_A/propedia_4r8t_A_protein_pocket.pdb,/home/igem/unknown_software/datasets/propedia_formatted/propedia_4r8t_A/propedia_4r8t_A_peptide.pdb,propedia_long
propedia_4f0z_C,/home/igem/unknown_software/datasets/propedia_formatted/propedia_4f0z_C/propedia_4f0z_C_protein_pocket.pdb,/home/igem/unknown_software/datasets/propedia_formatted/propedia_4f0z_C/propedia_4f0z_C_peptide.pdb,propedia_long
7oxh,/home/igem/unknown_software/datasets/RefPepDB-RecentSet/7oxh/7oxh_protein_pocket.pdb,/home/igem/unknown_software/datasets/RefPepDB-RecentSet/7oxh/7oxh_peptide.pdb,recentset_replay
propedia_3mjh_B,/home/igem/unknown_software/datasets/propedia_formatted/propedia_3mjh_B/propedia_3mjh_B_protein_pocket.pdb,/home/igem/unknown_software/datasets/propedia_formatted/propedia_3mjh_B/propedia_3mjh_B_peptide.pdb,propedia_long
propedia_2h7d_B,/home/igem/unknown_software/datasets/propedia_formatted/propedia_2h7d_B/propedia_2h7d_B_protein_pocket.pdb,/home/igem/unknown_software/datasets/propedia_formatted/propedia_2h7d_B/propedia_2h7d_B_peptide.pdb,propedia_long
propedia_2o60_B,/home/igem/unknown_software/datasets/propedia_formatted/propedia_2o60_B/propedia_2o60_B_protein_pocket.pdb,/home/igem/unknown_software/datasets/propedia_formatted/propedia_2o60_B/propedia_2o60_B_peptide.pdb,propedia_long
propedia_1k4u_P,/home/igem/unknown_software/datasets/propedia_formatted/propedia_1k4u_P/propedia_1k4u_P_protein_pocket.pdb,/home/igem/unknown_software/datasets/propedia_formatted/propedia_1k4u_P/propedia_1k4u_P_peptide.pdb,propedia_long
propedia_2hcj_A,/home/igem/unknown_software/datasets/propedia_formatted/propedia_2hcj_A/propedia_2hcj_A_protein_pocket.pdb,/home/igem/unknown_software/datasets/propedia_formatted/propedia_2hcj_A/propedia_2hcj_A_peptide.pdb,propedia_long
propedia_1zuz_B,/home/igem/unknown_software/datasets/propedia_formatted/propedia_1zuz_B/propedia_1zuz_B_protein_pocket.pdb,/home/igem/unknown_software/datasets/propedia_formatted/propedia_1zuz_B/propedia_1zuz_B_peptide.pdb,propedia_long
7xvy,/home/igem/unknown_software/datasets/RefPepDB-RecentSet/7xvy/7xvy_protein_pocket.pdb,/home/igem/unknown_software/datasets/RefPepDB-RecentSet/7xvy/7xvy_peptide.pdb,recentset_replay
