n_variants,rmsd_spread,feat_diversity,cross_var_feat_dist,intra_var_feat_dist,feat_dist_ratio,tau
1,2.517926960784313,19.0946102142334,,,,0.16491228070175437
2,3.2766539215686277,20.35186195373535,368.110313174057,400.61851101112364,0.9188549781311428,0.23081871345029237
4,3.8913710784313724,22.413354873657227,397.30520770861307,413.1012778491974,0.9617622336516938,0.2672514619883041
