frac,n_complexes_mean,tau_mean,tau_std,tau_ci95,tau_min,tau_max
0.25,63,0.21929824561403505,0.045968409015395825,0.02849151508896231,0.12923976608187135,0.28976608187134506
0.5,126,0.22880116959064328,0.034493816321973146,0.021379488854709708,0.1719298245614035,0.278654970760234
0.75,189,0.24526315789473685,0.02307490001207705,0.014301971200486822,0.214327485380117,0.2807017543859649
1.0,253,0.2647076023391813,0.035282124698560305,0.021868087448556325,0.18713450292397663,0.30409356725146197
